transaction_id,transaction_datetime,branch_id,member_id,member_tier,channel,product_category,quantity,unit_price,discount_amount,total_amount,payment_method,satisfaction_score
T000001,2025-10-01 08:06,B02,M0101,Gold,In-store,Merchandise,3,870,0.00,2610.00,QR PromptPay,4
T000002,2025-10-01 08:19,B03,,,In-store,Coffee,3,70,0.00,210.00,QR PromptPay,
T000003,2025-10-01 08:20,B06,M0220,Platinum,In-store,Coffee,2,70,0.00,140.00,QR PromptPay,4
T000004,2025-10-01 10:15,B08,M0250,Bronze,In-store,Coffee,1,120,0.00,120.00,QR PromptPay,
T000005,2025-10-01 11:07,B03,M0153,Silver,Delivery,Coffee,2,110,0.00,220.00,Credit Card,3
T000006,2025-10-01 12:12,B01,M9723,Silver,App,Bakery,2,55,16.50,93.50,Credit Card,4
T000007,2025-10-01 12:37,B07,,,In-store,Bakery,2,45,0.00,90.00,QR PromptPay,
T000008,2025-10-01 13:13,B08,M0109,Platinum,In-store,Merchandise,3,725,0.00,2175.00,Cash,4
T000009,2025-10-01 13:47,B04,M0119,Bronze,Delivery,Tea,4,95,0.00,380.00,QR PromptPay,
T000010,2025-10-01 13:54,B01,M0034,Silver,App,Coffee,3,95,0.00,285.00,Credit Card,3
T000011,2025-10-01 14:52,B03,M0158,Silver,In-store,Bakery,2,105,0.00,210.00,Cash,
T000012,2025-10-01 15:29,B01,M0011,Bronze,In-store,Bakery,2,110,0.00,220.00,QR PromptPay,
T000013,2025-10-01 16:24,B06,M0029,Silver,In-store,Coffee,1,60,6.00,54.00,Cash,3
T000014,2025-10-01 17:28,B01,M0151,Platinum,In-store,Coffee,2,120,12.00,228.00,QR PromptPay,
T000015,2025-10-01 19:44,B03,M0013,Bronze,App,Coffee,1,75,7.50,67.50,App Wallet,4
T000016,2025-10-02 07:45,B02,M0068,Gold,In-store,Coffee,1,100,0.00,100.00,Cash,
T000017,2025-10-02 07:59,B03,,,In-store,Coffee,2,95,0.00,190.00,Credit Card,3
T000018,2025-10-02 08:43,B04,,,App,Bakery,2,70,0.00,140.00,App Wallet,4
T000019,2025-10-02 11:27,B04,M0264,Silver,In-store,Coffee,1,85,0.00,85.00,Cash,
T000020,2025-10-02 11:32,B03,,,Delivery,Bakery,4,80,0.00,320.00,Credit Card,
T000021,2025-10-02 11:35,B06,M0262,Silver,In-store,Coffee,4,120,0.00,480.00,QR PromptPay,
T000022,2025-10-02 12:05,B08,,,In-store,Tea,2,90,0.00,180.00,Credit Card,
T000023,2025-10-02 12:07,B03,M0003,Bronze,In-store,Tea,3,65,0.00,195.00,QR PromptPay,
T000024,2025-10-02 12:09,B01,M0151,Platinum,Delivery,Coffee,1,55,8.25,46.75,Cash,4
T000025,2025-10-02 12:16,B01,M0151,Platinum,In-store,Coffee,2,115,46.00,184.00,Credit Card,4
T000026,2025-10-02 12:24,B07,M0192,Bronze,In-store,Coffee,1,100,0.00,100.00,Credit Card,
T000027,2025-10-02 12:57,B06,M9723,Bronze,In-store,Bakery,1,100,0.00,100.00,Cash,
T000028,2025-10-02 12:59,B07,,,App,Coffee,2,105,0.00,210.00,App Wallet,
T000029,2025-10-02 13:38,B06,M0140,Silver,App,Bakery,1,60,0.00,60.00,App Wallet,
T000030,2025-10-02 13:57,B04,M0158,Silver,In-store,Coffee,2,60,0.00,120.00,QR PromptPay,2
T000031,2025-10-02 14:28,B06,M0020,Bronze,In-store,Bakery,1,80,0.00,80.00,QR PromptPay,
T000032,2025-10-02 15:18,B01,M0048,Silver,Mobile App,Coffee,3,95,0.00,285.00,Credit Card,
T000033,2025-10-02 16:10,B06,M0020,Bronze,Delivery,Coffee,3,120,0.00,360.00,QR PromptPay,
T000034,2025-10-02 16:44,B01,,,App,Merchandise,3,520,0.00,1560.00,Credit Card,3
T000035,2025-10-02 17:18,B03,M9268,platinum,Delivery,Tea,1,95,0.00,95.00,QR PromptPay,
T000036,2025-10-02 18:53,B08,M0109,Platinum,In-store,Merchandise,2,805,161.00,1449.00,Credit Card,3
T000037,2025-10-02 19:13,B05,,,In-store,Coffee,1,85,0.00,85.00,Cash,
T000038,2025-10-02 19:16,B01,M0151,Platinum,App,Tea,1,65,6.50,58.50,Credit Card,
T000039,2025-10-03 08:17,B03,M0054,Bronze,In-store,Coffee,4,95,19.00,361.00,Cash,3
T000040,2025-10-03 08:26,B08,M0210,Bronze,In-store,Coffee,4,85,34.00,306.00,Cash,
T000041,2025-10-03 08:30,B08,M9700,Platinum,In-store,Coffee,2,80,16.00,144.00,QR PromptPay,
T000042,2025-10-03 08:36,B08,,,In-store,Tea,1,90,0.00,90.00,Credit Card,
T000043,2025-10-03 08:55,B06,,,App,Bakery,3,100,0.00,300.00,Credit Card,
T000044,2025-10-03 10:15,B08,M0065,Platinum,App,Bakery,1,75,7.50,67.50,App Wallet,4
T000045,2025-10-03 10:43,B08,M0119,Bronze,Delivery,Merchandise,1,295,0.00,295.00,Credit Card,
T000046,2025-10-03 12:01,B03,,,In-store,Coffee,1,85,0.00,85.00,QR PromptPay,
T000047,2025-10-03 12:29,B08,,,In-store,Bakery,3,90,0.00,270.00,QR PromptPay,
T000048,2025-10-03 13:49,B01,M0048,Silver,In-store,Coffee,2,75,22.50,127.50,Credit Card,
T000049,2025-10-03 16:03,B01,M0135,Gold,In-store,Coffee,1,70,0.00,70.00,Credit Card,3
T000050,2025-10-03 16:15,B02,M0244,Silver,In-store,Bakery,1,65,0.00,65.00,QR PromptPay,
T000050,2025-10-03 16:15,B02,M0244,Silver,In-store,Bakery,1,65,0.00,65.00,QR PromptPay,
T000051,2025-10-03 16:26,B07,M0021,Gold,App,Coffee,1,60,0.00,60.00,Credit Card,
T000052,2025-10-03 16:29,B04,,,App,Merchandise,1,420,0.00,420.00,Credit Card,
T000053,2025-10-03 17:08,B01,M0062,Gold,App,Tea,1,70,3.50,66.50,App Wallet,
T000054,2025-10-03 17:36,B06,,,App,Merchandise,1,555,0.00,555.00,Credit Card,
T000055,2025-10-03 18:34,B02,,,In-store,Coffee,3,105,0.00,315.00,QR PromptPay,4
T000056,2025-10-03 19:10,B05,,,In-store,Tea,1,95,0.00,95.00,Cash,4
T000057,2025-10-03 19:57,B08,M0072,Bronze,App,Bakery,2,55,16.50,93.50,Credit Card,4
T000058,2025-10-03 19:59,B05,,,In-store,Coffee,1,100,0.00,100.00,Cash,
T000059,2025-10-04 07:25,B03,,,In-store,Merchandise,2,545,0.00,1090.00,Credit Card,
T000060,2025-10-04 07:45,B01,M0151,PLATINUM,In-store,Coffee,1,110,5.50,104.50,QR PromptPay,
T000061,2025-10-04 08:00,B04,M0039,Silver,In-store,Coffee,1,95,4.75,90.25,QR PromptPay,5
T000062,2025-10-04 08:15,B06,M0020,Bronze,In-store,Bakery,2,100,0.00,200.00,QR PromptPay,
T000063,2025-10-04 08:18,B01,M0048,Silver,App,Tea,2,80,16.00,144.00,Credit Card,
T000064,2025-10-04 08:24,B02,M0244,Silver,In-store,Coffee,4,105,42.00,378.00,Credit Card,4
T000065,2025-10-04 08:45,B02,M0040,Silver,In-store,Tea,1,80,0.00,80.00,Credit Card,4
T000066,2025-10-04 08:53,B08,M0065,Platinum,delivery,Bakery,1,60,0.00,60.00,Cash,
T000067,2025-10-04 10:24,B08,M0248,Bronze,App,Coffee,2,100,30.00,170.00,App Wallet,5
T000068,2025-10-04 12:45,B01,M0277,Bronze,In-store,Coffee,1,85,0.00,85.00,QR PromptPay,2
T000069,2025-10-04 13:28,B03,,,In-store,Coffee,1,105,0.00,105.00,Credit Card,
T000070,2025-10-04 13:32,B01,M0151,Platinum,App,Bakery,2,55,11.00,99.00,Credit Card,
T000071,2025-10-04 13:57,B06,M0089,Platinum,In-store,Merchandise,1,615,0.00,615.00,QR PromptPay,
T000072,2025-10-04 15:14,B05,,,In-store,Coffee,3,90,0.00,270.00,QR PromptPay,
T000073,2025-10-04 15:14,B01,,,Deliv.,Coffee,2,65,0.00,130.00,QR PromptPay,
T000074,2025-10-04 18:39,B02,,,In-store,Coffee,3,70,0.00,210.00,QR PromptPay,
T000075,2025-10-04 19:41,B04,M0192,Bronze,In-store,Coffee,1,95,0.00,95.00,QR PromptPay,
T000076,2025-10-04 19:47,B06,M0132,Silver,App,Coffee,3,60,0.00,180.00,Credit Card,4
T000077,2025-10-05 07:28,B02,M0127,Silver,In-store,Bakery,3,110,0.00,330.00,Credit Card,4
T000078,2025-10-05 07:31,B06,,,Delivery,Coffee,2,65,0.00,130.00,Cash,3
T000079,2025-10-05 07:33,B01,M0135,Gold,In-store,Coffee,1,80,12.00,68.00,Credit Card,3
T000080,2025-10-05 08:17,B08,M0070,Platinum,In-store,Coffee,1,60,0.00,60.00,Credit Card,4
T000081,2025-10-05 08:33,B08,M0068,Gold,In-store,Bakery,2,80,24.00,136.00,Cash,
T000082,2025-10-05 08:52,B02,M0089,Platinum,App,Coffee,1,60,0.00,60.00,Credit Card,
T000083,2025-10-05 09:48,B03,M0065,Platinum,App,Coffee,2,95,28.50,161.50,Credit Card,
T000084,2025-10-05 10:24,B06,M0029,Silver,App,Coffee,4,90,0.00,360.00,App Wallet,
T000085,2025-10-05 11:02,B07,M0222,Silver,In-store,Coffee,4,90,0.00,360.00,Cash,
T000086,2025-10-05 11:34,B01,,,In-store,Bakery,1,50,0.00,50.00,Cash,
T000087,2025-10-05 11:35,B05,M0052,Silver,App,Coffee,1,110,0.00,110.00,Credit Card,
T000088,2025-10-05 11:42,B08,M0174,Silver,In-store,Coffee,1,110,0.00,110.00,Cash,
T000089,2025-10-05 11:46,B08,M0065,platinum,In-store,Bakery,2,50,20.00,80.00,QR PromptPay,
T000090,2025-10-05 13:40,B03,,,Delivery,Bakery,1,90,0.00,90.00,QR PromptPay,
T000091,2025-10-05 16:23,B03,M0262,Silver,App,Tea,3,70,0.00,210.00,App Wallet,3
T000092,2025-10-05 16:26,B03,M0250,Bronze,In-store,Merchandise,1,755,0.00,755.00,Cash,4
T000093,2025-10-05 18:04,B06,,,In-store,Coffee,1,120,0.00,120.00,Credit Card,
T000094,2025-10-05 18:08,B08,,,Deliv.,Coffee,1,65,0.00,65.00,QR PromptPay,
T000095,2025-10-05 18:27,B04,,,In-store,Bakery,1,105,0.00,105.00,QR PromptPay,
T000096,2025-10-06 08:25,B03,,,Delivery,Coffee,1,120,0.00,120.00,Credit Card,
T000097,2025-10-06 08:54,B08,,,App,Tea,3,65,0.00,195.00,App Wallet,5
T000098,2025-10-06 10:09,B04,M9362,Bronze,In-store,Tea,2,95,0.00,190.00,QR PromptPay,3
T000099,2025-10-06 10:16,B02,M0101,Gold,App,Coffee,3,75,0.00,225.00,App Wallet,
T000100,2025-10-06 10:29,B08,,,App,Coffee,1,75,0.00,75.00,Credit Card,3
T000101,2025-10-06 12:58,B07,M0051,Bronze,In-store,Coffee,1,105,0.00,105.00,Cash,
T000102,2025-10-06 13:02,B05,M0016,Gold,In-store,Tea,4,70,0.00,280.00,QR PromptPay,3
T000103,2025-10-06 13:04,B04,M0125,Silver,Delivery,Coffee,1,55,0.00,55.00,Cash,
T000104,2025-10-06 13:51,B07,M0118,Bronze,In-store,Coffee,2,80,0.00,160.00,Credit Card,
T000105,2025-10-06 14:29,B04,M0244,Silver,In-store,Coffee,1,80,16.00,64.00,QR PromptPay,
T000106,2025-10-06 15:38,B01,M0151,Plat.,In-store,Tea,1,80,4.00,76.00,Cash,
T000107,2025-10-06 16:38,B03,M0140,silver,App,Bakery,2,110,0.00,220.00,Credit Card,
T000108,2025-10-06 16:47,B06,M0268,Gold,In-store,Coffee,1,80,0.00,80.00,QR PromptPay,4
T000109,2025-10-06 16:52,B06,M0206,Bronze,In-store,Coffee,1,120,0.00,120.00,Credit Card,
T000110,2025-10-06 17:06,B03,M0078,Silver,In-store,Tea,1,65,9.75,55.25,Credit Card,
T000111,2025-10-06 17:19,B08,,,In-store,Tea,1,65,0.00,65.00,Cash,
T000112,2025-10-06 18:06,B04,M0059,Bronze,Delivery,Coffee,1,75,7.50,67.50,QR PromptPay,
T000113,2025-10-06 19:45,B05,,,In-store,Coffee,1,65,0.00,65.00,Credit Card,
T000114,2025-10-07 07:05,B07,,,Instore,Tea,2,80,0.00,160.00,Credit Card,4
T000115,2025-10-07 08:16,B02,,,In-store,Coffee,3,55,0.00,165.00,Cash,
T000116,2025-10-07 08:59,B07,M0176,silver,In-store,Coffee,1,55,0.00,55.00,Credit Card,
T000117,2025-10-07 11:59,B05,M0176,Silver,In-store,Bakery,4,100,0.00,400.00,Credit Card,5
T000118,2025-10-07 12:15,B04,M0065,Platinum,In-store,Merchandise,1,625,0.00,625.00,Cash,
T000119,2025-10-07 12:26,B04,M0039,Silver,App,Coffee,2,60,0.00,120.00,App Wallet,5
T000120,2025-10-07 16:25,B06,M0240,Silver,Delivery,Coffee,2,110,11.00,209.00,QR PromptPay,
T000121,2025-10-07 16:42,B07,M0185,Bronze,In-store,Tea,1,75,3.75,71.25,QR PromptPay,
T000122,2025-10-07 16:43,B06,M0123,Gold,In-store,Coffee,4,80,32.00,288.00,QR PromptPay,
T000123,2025-10-07 17:20,B06,M0089,Platinum,In-store,Coffee,1,105,10.50,94.50,Credit Card,
T000124,2025-10-07 18:18,B07,,,In-store,Coffee,1,70,0.00,70.00,QR PromptPay,
T000125,2025-10-07 18:58,B06,M0240,Silver,Delivery,Bakery,2,65,0.00,130.00,Cash,
T000126,2025-10-07 19:39,B05,M0016,Gold,In-store,Coffee,3,115,34.50,310.50,Cash,
T000127,2025-10-08 07:22,B05,M0202,Bronze,In-store,Coffee,3,80,0.00,240.00,Credit Card,5
T000128,2025-10-08 08:12,B02,,,App,Coffee,4,100,0.00,400.00,App Wallet,5
T000129,2025-10-08 09:31,B06,M0132,Silver,In-store,Bakery,1,100,20.00,80.00,Credit Card,5
T000130,2025-10-08 09:43,B04,M0109,Platinum,Delivery,Bakery,4,60,36.00,204.00,Cash,
T000130,2025-10-08 09:43,B04,M0109,Platinum,Delivery,Bakery,4,60,36.00,204.00,Cash,
T000131,2025-10-08 10:11,B04,M0192,Bronze,In-store,Merchandise,4,520,0.00,2080.00,Credit Card,
T000132,2025-10-08 12:08,B02,M0244,SILVER,In-store,Coffee,4,85,0.00,340.00,Cash,4
T000133,2025-10-08 12:15,B02,,,delivery,Coffee,1,60,0.00,60.00,QR PromptPay,3
T000134,2025-10-08 12:16,B05,,,In-store,Bakery,2,60,0.00,120.00,QR PromptPay,3
T000135,2025-10-08 12:43,B07,M0271,Bronze,In-store,Coffee,2,115,0.00,230.00,Cash,
T000136,2025-10-08 13:00,B03,,,In-store,Bakery,1,105,0.00,105.00,Cash,
T000137,2025-10-08 13:00,B03,M0041,platinum,In-store,Coffee,1,95,19.00,76.00,Credit Card,
T000138,2025-10-08 13:09,B04,,,In store,Coffee,1,115,0.00,115.00,Cash,
T000139,2025-10-08 13:39,B08,,,app,Coffee,1,110,0.00,110.00,App Wallet,
T000140,2025-10-08 13:55,b08,M0109,Platinum,App,Bakery,1,55,2.75,52.25,Credit Card,
T000141,2025-10-08 16:14,B07,,,In-store,Coffee,3,120,0.00,360.00,Cash,5
T000142,2025-10-08 16:33,B02,M0193,Bronze,App,Coffee,2,105,31.50,178.50,Credit Card,4
T000143,2025-10-08 16:34,B01,,,In-store,Bakery,1,105,0.00,105.00,Credit Card,
T000144,2025-10-08 17:59,B03,M0250,Bronze,App,Bakery,2,80,0.00,160.00,App Wallet,
T000145,2025-10-08 18:35,B06,M0209,Bronze,In-store,Tea,1,75,0.00,75.00,Credit Card,
T000146,2025-10-08 18:43,B05,,,In-store,Tea,1,95,0.00,95.00,QR PromptPay,3
T000147,2025-10-09 08:16,B05,,,In-store,Bakery,2,110,0.00,220.00,Credit Card,
T000148,2025-10-09 09:04,B02,,,In-store,Coffee,1,95,0.00,95.00,QR PromptPay,
T000149,2025-10-09 09:22,B02,M0244,Silver,In-store,Merchandise,2,695,0.00,1390.00,Credit Card,5
T000150,2025-10-09 10:25,B01,M0028,Bronze,App,Coffee,4,55,0.00,220.00,App Wallet,
T000151,2025-10-09 11:36,B06,M0020,Bronze,App,Coffee,2,55,0.00,110.00,Credit Card,3
T000152,2025-10-09 12:45,B06,M0209,Bronze,In-store,Bakery,4,70,0.00,280.00,QR PromptPay,5
T000153,2025-10-09 13:32,B07,M0272,Silver,In-store,Coffee,1,80,0.00,80.00,Credit Card,
T000154,2025-10-09 13:41,B07,M0021,Gld,In-store,Coffee,2,95,0.00,190.00,Cash,
T000155,2025-10-09 14:04,B03,M0038,Silver,In-store,Coffee,2,100,0.00,200.00,QR PromptPay,
T000156,2025-10-09 15:33,B06,M0240,Silver,In-store,Coffee,1,110,22.00,88.00,Credit Card,
T000157,2025-10-09 16:58,B07,M0272,Silver,Delivery,Coffee,1,80,0.00,80.00,Cash,
T000158,2025-10-09 18:10,B08,,,In-store,Merchandise,1,255,0.00,255.00,Credit Card,
T000159,2025-10-09 18:20,B04,M0192,Bronze,App,Bakery,2,110,0.00,220.00,App Wallet,
T000160,2025-10-09 18:47,b08,,,In-store,Bakery,3,45,0.00,135.00,Cash,4
T000161,2025-10-10 08:33,B04,,,App,Coffee,1,120,0.00,120.00,Credit Card,
T000162,2025-10-10 08:40,B01,,,In-store,Coffee,4,75,0.00,300.00,Credit Card,4
T000163,2025-10-10 08:53,B06,M0056,Silver,Delivery,Coffee,2,60,0.00,120.00,QR PromptPay,5
T000164,2025-10-10 09:15,B05,,,App,Coffee,4,115,0.00,460.00,App Wallet,5
T000165,2025-10-10 09:58,B07,M0004,Bronze,In-store,Coffee,3,115,0.00,345.00,Cash,5
T000166,2025-10-10 10:04,B06,M0132,Silver,In-store,Coffee,3,65,0.00,195.00,QR PromptPay,
T000167,2025-10-10 10:43,B06,M0262,Silver,In-store,Coffee,4,55,0.00,220.00,Credit Card,3
T000168,2025-10-10 12:24,B07,M0021,Gold,Delivery,Coffee,2,55,16.50,93.50,Cash,3
T000169,2025-10-10 12:53,B08,M0065,Platinum,In-store,Coffee,1,100,20.00,80.00,Credit Card,
T000170,2025-10-10 12:55,B07,M0272,Silver,Delivery,Coffee,4,75,0.00,300.00,Cash,
T000171,2025-10-10 13:27,B01,M0174,Silver,In-store,Coffee,1,70,0.00,70.00,Cash,
T000172,2025-10-10 13:27,B02,M0101,Gold,In-store,Tea,1,85,0.00,85.00,Cash,
T000173,2025-10-10 13:54,B02,M0228,Platinum,In-store,Coffee,3,60,0.00,180.00,Cash,
T000174,2025-10-10 13:54,B06,,,In-store,Coffee,3,60,0.00,180.00,Credit Card,
T000175,2025-10-10 15:16,B07,,,In-store,Coffee,1,60,0.00,60.00,Credit Card,
T000176,2025-10-10 18:08,B02,M0101,Gold,In-store,Coffee,1,110,0.00,110.00,QR PromptPay,1
T000177,2025-10-10 19:39,B04,M0059,Bronze,App,Bakery,2,90,0.00,180.00,Credit Card,3
T000178,2025-10-11 07:43,B01,M0269,Platinum,In-store,Coffee,1,80,12.00,68.00,Credit Card,
T000179,2025-10-11 08:08,B07,,,In-store,Bakery,1,60,0.00,60.00,Cash,
T000180,2025-10-11 08:27,B04,M0232,Silver,Delivery,Merchandise,1,330,0.00,330.00,Credit Card,4
T000181,2025-10-11 08:33,B06,M0089,Platinum,App,Coffee,1,110,0.00,110.00,App Wallet,
T000182,2025-10-11 10:07,B07,,,In-store,Coffee,1,65,0.00,65.00,Cash,2
T000183,2025-10-11 10:21,B08,,,In-store,Coffee,2,60,0.00,120.00,Cash,
T000184,2025-10-11 11:14,B05,,,In-store,Bakery,1,80,0.00,80.00,Credit Card,
T000185,2025-10-11 11:16,B01,M0135,Gld,Delivery,Bakery,3,85,0.00,255.00,Credit Card,5
T000186,2025-10-11 11:55,B02,M0244,Silver,In-store,Tea,1,85,0.00,85.00,Credit Card,4
T000187,2025-10-11 12:00,B02,M0161,Silver,In-store,Coffee,3,70,42.00,168.00,Cash,4
T000188,2025-10-11 12:45,B06,M0089,Platinum,App,Coffee,1,70,7.00,63.00,App Wallet,4
T000189,2025-10-11 13:25,B02,,,In-store,Coffee,1,70,0.00,70.00,QR PromptPay,
T000190,2025-10-11 13:55,B02,M0200,Gold,In-store,Tea,2,90,0.00,190.00,QR PromptPay,4
T000191,2025-10-11 14:18,B05,,,Delivery,Coffee,2,65,0.00,130.00,QR PromptPay,4
T000192,2025-10-11 15:20,B04,M0039,Silver,In-store,Bakery,2,65,0.00,130.00,Credit Card,
T000193,2025-10-11 15:49,B02,,,In-store,Coffee,1,115,0.00,115.00,Cash,
T000194,2025-10-11 16:28,B07,M0021,Gold,App,Tea,1,60,9.00,51.00,App Wallet,5
T000195,2025-10-11 17:27,B06,M0269,Platinum,Delivery,Tea,3,70,0.00,210.00,QR PromptPay,
T000196,2025-10-11 19:09,B04,,,Delivery,Bakery,3,110,0.00,330.00,Credit Card,3
T000197,2025-10-12 07:14,B06,M0051,Bronze,In-store,Coffee,3,85,0.00,255.00,Cash,
T000198,2025-10-12 10:30,B02,M0275,Bronze,Delivery,Coffee,3,105,31.50,283.50,QR PromptPay,4
T000199,2025-10-12 11:10,B05,M0016,Gold,In-store,Bakery,2,80,16.00,144.00,QR PromptPay,
T000200,2025-10-12 11:16,B05,M0016,Gold,Delivery,Merchandise,1,595,59.50,535.50,Cash,3
T000201,2025-10-12 11:34, B06,M0058,Bronze,In-store,Coffee,1,100,0.00,100.00,QR PromptPay,2
T000202,2025-10-12 12:02,B06,,,In-store,Coffee,1,80,0.00,80.00,Credit Card,
T000203,2025-10-12 12:22,B07,,,App,Coffee,1,60,0.00,60.00,App Wallet,
T000204,2025-10-12 12:48,B6,M0262,Silver,In-store,Bakery,1,90,0.00,90.00,Credit Card,1
T000205,2025-10-12 13:07,B03,M0140,Silver,In-store,Coffee,3,90,40.50,229.50,Cash,
T000206,2025-10-12 13:10,B04,,,In-store,Coffee,3,65,0.00,195.00,Credit Card,4
T000207,2025-10-12 13:19,B01,,,Mobile App,Merchandise,1,785,0.00,785.00,Credit Card,
T000208,2025-10-12 14:03,B03,,,Delivery,Bakery,2,105,0.00,210.00,QR PromptPay,4
T000209,2025-10-12 15:04,B08,M0126,Bronze,In-store,Coffee,1,85,0.00,85.00,Cash,
T000210,2025-10-12 15:05,B08,M0058,Bronze,In-store,Coffee,2,100,20.00,180.00,Credit Card,
T000211,2025-10-12 15:21,B05,,,App,Coffee,4,60,0.00,240.00,App Wallet,
T000212,2025-10-12 15:40,B01,M0062,Gold,In-store,Merchandise,2,505,0.00,1010.00,QR PromptPay,5
T000213,2025-10-12 15:43,B02,M0106,Bronze,In-store,Bakery,1,90,0.00,90.00,Cash,3
T000214,2025-10-12 16:09,B08,M0072,Bronze,In-store,Merchandise,1,695,0.00,695.00,QR PromptPay,
T000215,2025-10-12 17:16,B06,M0066,BRONZE,In-store,Coffee,2,55,0.00,110.00,QR PromptPay,
T000216,2025-10-12 19:32,B05,,,In-store,Bakery,2,60,0.00,120.00,QR PromptPay,5
T000217,2025-10-13 08:42,b02,,,App,Bakery,3,70,0.00,210.00,Credit Card,
T000218,2025-10-13 10:20,B06,M0048,Silver,In-store,Coffee,1,95,9.50,85.50,Credit Card,
T000218,2025-10-13 10:33,B06,M0048,Silver,In-store,Coffee,-1,95,-9.50,-85.50,Credit Card,
T000219,2025-10-13 12:22,B01,M0008,Bronze,In-store,Coffee,1,100,0.00,100.00,QR PromptPay,
T000220,2025-10-13 12:45,B06,M0262,Silver,In-store,Merchandise,1,475,0.00,475.00,Credit Card,
T000221,2025-10-13 13:33,B05,M0264,Silver,Delivery,Coffee,2,115,0.00,230.00,Credit Card,3
T000222,2025-10-13 13:55,B08,M0072,Bronze,In-store,Coffee,1,55,0.00,55.00,QR PromptPay,
T000223,2025-10-13 14:46,B03,M9677,Bronze,App,Merchandise,3,425,0.00,1275.00,Credit Card,
T000224,2025-10-13 16:24,B07,,,Delivery,Tea,1,85,0.00,85.00,Credit Card,3
T000225,2025-10-13 16:58,B05,,,In-store,Coffee,2,70,0.00,140.00,QR PromptPay,
T000226,2025-10-13 17:09,B05,,,In-store,Coffee,2,100,0.00,200.00,QR PromptPay,
T000227,2025-10-13 18:55,B06,M0151,Platinum,In-store,Coffee,1,90,4.50,85.50,QR PromptPay,5
T000228,2025-10-14 07:25,B01,M0151,Platinum,In-store,Coffee,1,65,9.75,55.25,QR PromptPay,4
T000229,2025-10-14 07:51,B06,M0089,Platinum,App,Coffee,1,90,9.00,81.00,App Wallet,
T000230,2025-10-14 08:19,B08,,,In-store,Coffee,1,65,0.00,65.00,QR PromptPay,3
T000231,2025-10-14 08:32,B04,M0192,Bronze,Instore,Coffee,4,85,0.00,340.00,QR PromptPay,5
T000229,2025-10-14 08:56,B06,M0089,Platinum,App,Coffee,-1,90,-9.00,-81.00,App Wallet,
T000232,2025-10-14 09:07,B07,,,Delivery,Coffee,1,85,0.00,85.00,QR PromptPay,
T000233,2025-10-14 09:13,B05,M0244,Silver,In-store,Tea,3,85,0.00,255.00,Cash,4
T000234,2025-10-14 10:08,B01,M0029,Silver,in-store,Coffee,1,95,0.00,95.00,QR PromptPay,3
T000235,2025-10-14 10:08,B02,M0227,Bronze,In-store,Tea,4,85,0.00,340.00,Credit Card,
T000236,2025-10-14 11:20,B03,M0238,Bronze,In-store,Coffee,3,55,33.00,132.00,Credit Card,2
T000237,2025-10-14 12:42,B08,M0065,Platinum,In-store,Bakery,1,50,5.00,45.00,Cash,
T000238,2025-10-14 13:14,B07,M0065,Platinum,Instore,Coffee,3,70,10.50,199.50,Cash,
T000239,2025-10-14 13:14,B03,,,App,Coffee,1,75,0.00,75.00,App Wallet,3
T000237,2025-10-14 13:28,B08,M0065,Platinum,In-store,Bakery,-1,50,-5.00,-45.00,Cash,
T000240,2025-10-14 13:51,B02,M0161,SILVER,In-store,Tea,1,85,0.00,85.00,Cash,
T000241,2025-10-14 14:46,B04,,,Delivery,Tea,4,80,0.00,320.00,Credit Card,
T000242,2025-10-14 15:02,B02,,,In-store,Coffee,3,90,0.00,270.00,Credit Card,
T000243,2025-10-14 15:26,B1,,,In-store,Coffee,2,90,0.00,180.00,Cash,
T000244,2025-10-14 16:05,B02,M0107,Silver,Delivery,Coffee,4,120,0.00,480.00,Credit Card,
T000245,2025-10-14 16:09,B05,M9468,Gold,In-store,Tea,1,60,3.00,57.00,Credit Card,5
T000246,2025-10-14 18:18,B04,,,In-store,Coffee,1,85,0.00,85.00,QR PromptPay,
T000247,2025-10-14 18:43,B04,M0059,Bronze,app,Coffee,1,55,0.00,55.00,App Wallet,4
T000248,2025-10-15 07:01,B03,M0238,Bronze,Delivery,Coffee,2,105,0.00,210.00,Cash,
T000249,2025-10-15 08:03,B08,M0119,Bronze,In-store,Coffee,1,85,0.00,85.00,Credit Card,
T000250,2025-10-15 08:55,B04,M0264,Silver,In-store,Coffee,1,100,5.00,95.00,QR PromptPay,
T000251,2025-10-15 08:58,B08,,,App,Coffee,2,65,0.00,130.00,Credit Card,4
T000252,2025-10-15 09:23,B04,M0087,Silver,In-store,Bakery,1,50,2.50,47.50,QR PromptPay,
T000253,2025-10-15 10:01,B08,M0264,Silver,Delivery,Tea,2,95,0.00,190.00,Credit Card,
T000254,2025-10-15 12:55,B04,M0141,Silver,In-store,Coffee,1,95,0.00,95.00,QR PromptPay,
T000255,2025-10-15 13:07,B02,M0265,Bronze,In-store,Merchandise,1,785,0.00,785.00,Credit Card,
T000256,2025-10-15 13:29,B06,M0058,Bronze,App,Tea,1,80,0.00,80.00,Credit Card,
T000257,2025-10-15 14:29,B01,M0135,Gold,In-store,Tea,3,85,0.00,255.00,Cash,
T000258,2025-10-15 15:19,B01,M0011,Bronze,App,Bakery,2,60,0.00,120.00,App Wallet,
T000259,2025-10-15 15:22,B01,M0011,Bronze,App,Bakery,1,45,0.00,45.00,App Wallet,3
T000260,2025-10-15 16:16,B01,,,In-store,Merchandise,4,655,0.00,2620.00,Cash,4
T000261,2025-10-15 16:25,B06,M0002,Bronze,In-store,Tea,2,70,0.00,140.00,Cash,
T000262,2025-10-15 16:25,B04,M0154,Platinum,In-store,Bakery,2,45,4.50,85.50,Credit Card,
T000263,2025-10-15 16:43,B06,M0009,Gold,In-store,Tea,4,฿65,0.00,260.00,Credit Card,
T000264,2025-10-15 17:29,B02,M0214,Gold,In-store,Coffee,2,105,10.50,199.50,Cash,3
T000265,2025-10-16 08:00,B01,M0062,gold,In-store,Bakery,2,105,0.00,210.00,QR PromptPay,
T000266,2025-10-16 08:00,B02,M0244,Silver,In-store,Coffee,4,65,0.00,260.00,Cash,
T000267,2025-10-16 08:14,B01,M0179,Silver,In-store,Coffee,1,110,0.00,110.00,Cash,
T000268,2025-10-16 08:49,B01,,,In-store,Coffee,1,100,0.00,100.00,Cash,
T000269,2025-10-16 09:02,B03,,,App,Tea,1,55,0.00,55.00,App Wallet,
T000270,2025-10-16 09:12,B07,,,in-store,Coffee,1,120,0.00,120.00,Cash,5
T000271,2025-10-16 09:17,B04,M0151,Platinum,In-store,Coffee,1,105,21.00,84.00,Cash,4
T000272,2025-10-16 10:23,B03,M0109,Platinum,In-store,Bakery,3,70,0.00,210.00,Cash,2
T000273,2025-10-16 11:06,B02,M0275,Bronze,In-store,Coffee,2,70,0.00,140.00,QR PromptPay,
T000274,2025-10-16 12:13,B07,M0021,Gold,In-store,Tea,2,90,0.00,180.00,QR PromptPay,3
T000275,2025-10-16 12:49,B02,M0068,Gold,App,Coffee,1,95,0.00,95.00,App Wallet,5
T000276,2025-10-16 13:39,B03,M0158,Silver,Delivery,Coffee,4,70,0.00,280.00,QR PromptPay,2
T000277,2025-10-16 13:49,B06,M0132,Silver,In-store,Merchandise,1,575,0.00,575.00,Cash,4
T000278,2025-10-16 14:26,B01,M0011,Brz,App,Coffee,1,80,0.00,80.00,Credit Card,
T000279,2025-10-16 14:30,B03,M0211,platinum,App,Coffee,1,100,15.00,85.00,Credit Card,
T000280,2025-10-16 14:52,B05,,,In-store,Bakery,2,100,0.00,200.00,QR PromptPay,
T000281,2025-10-16 16:34,B04,M0180,bronze,In-store,Coffee,1,75,0.00,75.00,QR PromptPay,4
T000282,2025-10-16 17:40,B02,M0244,Silver,App,Coffee,4,55,0.00,220.00,Credit Card,
T000283,2025-10-16 17:58,B03,M0248,Bronze,In-store,Coffee,4,90,0.00,360.00,QR PromptPay,
T000284,2025-10-16 19:40,B03,M0154,Platinum,In-store,Coffee,2,60,6.00,114.00,Cash,
T000285,2025-10-17 07:16,B01,M0062,Gold,In-store,Bakery,2,65,13.00,167.00,Cash,
T000286,2025-10-17 07:29,B01,M0012,Bronze,In-store,Bakery,4,110,0.00,440.00,QR PromptPay,
T000286,2025-10-17 07:29,B01,M0012,Bronze,In-store,Bakery,4,110,0.00,440.00,QR PromptPay,
T000287,2025-10-17 07:49,B02,M0244,Silver,in-store,Tea,1,55,0.00,55.00,QR PromptPay,
T000288,2025-10-17 07:52,B01,,,In-store,Tea,4,55,0.00,220.00,QR PromptPay,5
T000289,2025-10-17 07:53,B02,M0068,Gold,Delivery,Merchandise,2,315,0.00,630.00,QR PromptPay,
T000290,2025-10-17 08:39,B07,M0219,Bronze,In-store,Bakery,2,105,0.00,210.00,Cash,3
T000291,2025-10-17 08:58,B05,M0080,Bronze,In-store,Coffee,4,105,0.00,420.00,QR PromptPay,4
T000292,2025-10-17 09:33,B01,M0092,Bronze,In-store,Coffee,2,100,0.00,200.00,QR PromptPay,
T000293,2025-10-17 10:41,B07,M0271,Bronze,In-store,Merchandise,1,255,38.25,216.75,QR PromptPay,
T000294,2025-10-17 11:33,B02,,,Delivery,Coffee,1,85,0.00,85.00,Credit Card,
T000295,2025-10-17 12:02,B03,,,In-store,Coffee,1,120,0.00,120.00,QR PromptPay,
T000296,2025-10-17 13:39,B01,,,In-store,Coffee,1,110,0.00,110.00,QR PromptPay,
T000297,2025-10-17 13:48,B06,M0132,Silver,App,Coffee,4,75,30.00,270.00,App Wallet,
T000298,2025-10-17 15:21,B05,,,Delivery,Coffee,2,70,0.00,140.00,QR PromptPay,
T000299,2025-10-17 16:07,B01,M0269,Platinum,In-store,Bakery,4,60,0.00,240.00,Cash,4
T000300,2025-10-17 16:57,B06,M0089,Platinum,In-store,Coffee,1,55,0.00,55.00,Credit Card,5
T000301,2025-10-17 17:11,B07,M0222,Silver,App,Tea,3,50,0.00,150.00,Credit Card,4
T000302,2025-10-17 17:13,B03,M0096,Gold,In-store,Coffee,2,70,0.00,140.00,Credit Card,
T000303,2025-10-17 17:39,B06,M0222,Silver,In-store,Bakery,1,105,0.00,105.00,Cash,5
T000304,2025-10-17 18:51,B07,M0229,Bronze,in-store,Coffee,1,70,0.00,70.00,Credit Card,4
T000305,2025-10-17 19:31,B01,M0135,Gold,In-store,Bakery,1,55,0.00,55.00,QR PromptPay,
T000306,2025-10-18 08:09,B03,M0158,Silver,In-store,Bakery,2,95,0.00,190.00,Cash,
T000307,2025-10-18 09:27,B07,,,App,Bakery,1,95,0.00,95.00,Credit Card,
T000308,2025-10-18 10:13,B01,M0232,Silver,App,Coffee,1,85,0.00,85.00,Credit Card,
T000309,2025-10-18 10:21, B04,M0171,Gold,App,Merchandise,4,625,0.00,2500.00,App Wallet,
T000310,2025-10-18 10:53,B08,M0059,Bronze,In-store,Tea,1,95,0.00,95.00,Credit Card,
T000311,2025-10-18 11:45,B01,M0262,Silver,In-store,Tea,3,95,42.75,242.25,QR PromptPay,
T000312,2025-10-18 11:53,B05,M0235,Bronze,Delivery,Tea,3,65,0.00,195.00,Credit Card,
T000313,2025-10-18 12:56,B04,M0192,Bronze,In-store,Coffee,1,95,0.00,95.00,QR PromptPay,3
T000314,2025-10-18 16:13,B03,,,App,Coffee,1,85,0.00,85.00,Credit Card,4
T000315,2025-10-18 17:20,B01,M0135,Gold,In-store,Coffee,3,80,0.00,240.00,QR PromptPay,4
T000316,2025-10-18 17:40,B05,M0192,Bronze,In-store,Coffee,3,110,0.00,330.00,Cash,
T000317,2025-10-18 17:50,B03,,,Delivery,Tea,2,90,0.00,180.00,QR PromptPay,
T000318,2025-10-18 18:36,B08,,,In-store,Coffee,3,70,0.00,210.00,Credit Card,
T000319,2025-10-18 18:53,B01,,,Delivery,Tea,1,90,0.00,90.00,Credit Card,
T000320,2025-10-18 19:45,B08,M0119,Bronze,In-store,Coffee,2,65,0.00,130.00,Credit Card,
T000321,2025-10-19 07:03,B08,M0255,Bronze,App,Bakery,1,85,0.00,85.00,App Wallet,
T000322,2025-10-19 08:19,B03,,,In-store,Coffee,1,55,0.00,55.00,Cash,4
T000323,2025-10-19 08:31,B04,M0250,Bronze,Delivery,Coffee,1,100,10.00,90.00,QR PromptPay,2
T000324,2025-10-19 09:05,B08,M0119,Brz,In-store,Tea,2,85,0.00,170.00,Cash,4
T000325,2025-10-19 11:13,B01,M0189,Silver,In-store,Merchandise,1,700,0.00,700.00,Cash,2
T000325,2025-10-19 11:13,B01,M0189,Silver,In-store,Merchandise,1,700,0.00,700.00,Cash,2
T000326,2025-10-19 11:20,B01,M0090,SILVER,In-store,Coffee,1,65,0.00,65.00,Cash,
T000327,2025-10-19 12:28,B01,,,In-store,Tea,1,70,0.00,70.00,Credit Card,3
T000328,2025-10-19 12:38,B01,M0135,GOLD,App,Coffee,1,105,5.25,99.75,App Wallet,
T000329,2025-10-19 13:09,B03,,,In-store,Merchandise,2,540,0.00,1080.00,Credit Card,5
T000330,2025-10-19 13:21,B03,M0239,Gold,Delivery,Bakery,2,60,0.00,120.00,QR PromptPay,
T000331,2025-10-19 13:48,B03,M0199,Bronze,Delivery,Coffee,1,80,0.00,170.00,Cash,
T000332,2025-10-19 14:01,B04,M9080,Bronze,App,Tea,3,60,0.00,180.00,App Wallet,4
T000333,2025-10-19 14:19,B02,M0222,Silver,App,Coffee,1,95,0.00,95.00,App Wallet,5
T000334,2025-10-19 14:55,B04,M0264,Silver,In-store,Bakery,4,75,0.00,300.00,QR PromptPay,3
T000335,2025-10-19 15:06,B03,M0225,Bronze,In-store,Coffee,1,70,0.00,70.00,Cash,3
T000336,2025-10-19 15:06,B03,M0146,Bronze,App,Coffee,4,105,0.00,420.00,Credit Card,
T000337,2025-10-19 15:29,B06,M0009,Gold,In-store,Coffee,2,85,34.00,136.00,Cash,4
T000338,2025-10-19 15:30, B04,M0264,Silver,Delivery,Coffee,1,105,10.50,94.50,QR PromptPay,
T000339,2025-10-19 15:50,B05,M0130,Gold,Delivery,Coffee,2,70,0.00,140.00,Cash,
T000340,2025-10-19 16:05,B05,M0130,Gold,In-store,Coffee,1,90,0.00,90.00,Cash,4
T000341,2025-10-19 16:14,B07,,,Delivery,Bakery,1,75,0.00,75.00,QR PromptPay,
T000342,2025-10-19 16:28,B07,,,App,Coffee,1,70,0.00,70.00,Credit Card,
T000343,2025-10-19 16:32,B02,M0068,Gold,App,Tea,1,55,11.00,44.00,App Wallet,
T000343,2025-10-19 16:32,B02,M0068,Gold,App,Tea,1,55,11.00,44.00,App Wallet,
T000344,2025-10-19 16:37,B08,,,In-store,Merchandise,2,885,0.00,1770.00,QR PromptPay,
T000345,2025-10-19 16:44,B06,,,APP,Bakery,4,60,0.00,240.00,Credit Card,
T000346,2025-10-19 19:43,B03,M0089,Platinum,In-store,Coffee,2,100,30.00,170.00,QR PromptPay,
T000347,2025-10-19 19:46,B05,,,Delivery,Coffee,4,85,0.00,340.00,QR PromptPay,
T000348,2025-10-20 08:19,B02,,,App,Tea,2,85,0.00,170.00,App Wallet,
T000349,2025-10-20 08:46,B04,,,App,Coffee,1,70,0.00,70.00,Credit Card,
T000350,2025-10-20 09:48,B03,M0013,Bronze,App,Coffee,1,70,0.00,70.00,Credit Card,
T000351,2025-10-20 10:10,B06,M0268,Gold,In store,Tea,1,55,0.00,55.00,Cash,3
T000352,2025-10-20 11:19,B02,M0130,Gold,App,Coffee,1,120,0.00,120.00,App Wallet,
T000353,2025-10-20 13:12,B01,M9043,Bronze,In-store,Coffee,4,85,0.00,340.00,Credit Card,4
T000354,2025-10-20 13:33,B08,M0035,Gold,In-store,Coffee,1,70,0.00,70.00,Cash,3
T000355,2025-10-20 13:49,B07,M0133,Brz,In-store,Coffee,3,120,0.00,360.00,Credit Card,
T000356,2025-10-20 16:02,B03,,,Delivery,Tea,2,90,0.00,180.00,QR PromptPay,4
T000357,2025-10-20 17:12,B07,M0271,Bronze,In-store,Bakery,2,45,0.00,90.00,QR PromptPay,4
T000358,2025-10-20 17:51,B04,M0039,silver,App,Bakery,4,90,0.00,360.00,App Wallet,
T000359,2025-10-20 18:00,B01,M0012,Bronze,Delivery,Bakery,1,55,2.75,52.25,QR PromptPay,
T000360,2025-10-20 18:13,B01,M0151,Platinum,In-store,Merchandise,1,875,131.25,743.75,QR PromptPay,4
T000361,2025-10-20 19:37,B01,M0008,Bronze,App,Coffee,4,115,0.00,460.00,Credit Card,
T000362,2025-10-21 07:13,B07,,,In-store,Bakery,2,65,0.00,130.00,QR PromptPay,
T000363,2025-10-21 08:00,B07,M0030,Bronze,In-store,Tea,1,65,3.25,61.75,Credit Card,
T000364,2025-10-21 08:08,B08,M0109,Platinum,App,Bakery,1,85,0.00,85.00,App Wallet,
T000365,2025-10-21 08:16,B03,M0064,Bronze,App,Bakery,2,50,5.00,95.00,App Wallet,
T000366,2025-10-21 08:35,B05,M0262,Silver,In store,Coffee,2,95,0.00,190.00,Credit Card,
T000366,2025-10-21 08:35,B05,M0262,Silver,In store,Coffee,2,95,0.00,190.00,Credit Card,
T000367,2025-10-21 08:40,B06,,,In-store,Coffee,4,80,0.00,320.00,Cash,
T000367,2025-10-21 08:40,B06,,,In-store,Coffee,4,80,0.00,320.00,Cash,
T000368,2025-10-21 08:42,B02,M0240,Silver,In-store,Coffee,1,90,0.00,90.00,QR PromptPay,4
T000369,2025-10-21 09:14,B08,,,Delivery,Coffee,1,90,0.00,90.00,Cash,3
T000370,2025-10-21 10:06,B07,,,App,Tea,1,55,0.00,55.00,App Wallet,3
T000371,2025-10-21 12:32,B02,M0101,Gold,App,Coffee,1,95,0.00,95.00,App Wallet,4
T000372,2025-10-21 13:42,B01,M0028,Bronze,In-store,Merchandise,2,780,234.00,1326.00,QR PromptPay,
T000372,2025-10-21 13:42,B01,M0028,Bronze,In-store,Merchandise,2,780,234.00,1326.00,QR PromptPay,
T000373,2025-10-21 14:18,B02,M0244,Silver,In-store,Bakery,3,110,66.00,264.00,Cash,
T000374,2025-10-21 14:44,B04,M0052,Silver,In-store,Tea,1,90,0.00,90.00,Cash,2
T000375,2025-10-21 16:18,B05,,,App,Coffee,2,110,0.00,220.00,App Wallet,
T000376,2025-10-21 16:25,B08,M0058,Bronze,App,Tea,3,60,0.00,180.00,App Wallet,
T000377,2025-10-21 17:52,B04,,,delivery,Coffee,4,65,0.00,260.00,Credit Card,
T000378,2025-10-21 18:13,B04,M0192,Bronze,App,Coffee,2,75,0.00,150.00,App Wallet,
T000379,2025-10-22 07:37,B01,M0232,Silver,App,Coffee,1,60,0.00,60.00,Credit Card,4
T000380,2025-10-22 07:49,B06,M0220,Platinum,App,Coffee,1,100,0.00,100.00,Credit Card,
T000381,2025-10-22 08:17,B05,M9458,Brz,App,Tea,2,80,0.00,160.00,Credit Card,5
T000382,2025-10-22 08:32,B08,M0072,Brz,In-store,Tea,2,85,0.00,170.00,Credit Card,2
T000382,2025-10-22 08:32,B08,M0072,Brz,In-store,Tea,2,85,0.00,170.00,Credit Card,2
T000383,2025-10-22 08:34,B04,,,In-store,Bakery,1,70,0.00,70.00,QR PromptPay,
T000384,2025-10-22 10:12,B04,,,In-store,Merchandise,2,835,0.00,1670.00,Credit Card,
T000385,2025-10-22 12:33,B03,M0185,Bronze,In-store,Bakery,1,70,0.00,70.00,Credit Card,5
T000386,2025-10-22 12:35,B07,M0004,Bronze,In-store,Coffee,3,110,0.00,330.00,QR PromptPay,4
T000387,2025-10-22 12:41,B02,,,App,Coffee,4,120,0.00,480.00,App Wallet,
T000388,2025-10-22 13:07,B02,M0195,Silver,Delivery,Coffee,1,95,0.00,95.00,Credit Card,3
T000389,2025-10-22 13:29,B01,M0151,Platinum,In-store,Bakery,1,105,0.00,105.00,QR PromptPay,3
T000390,2025-10-22 14:49,B05,M0130,Gold,Delivery,Coffee,1,60,0.00,60.00,QR PromptPay,4
T000391,2025-10-22 15:04,B04,M0039,Silver,In-store,Coffee,2,105,31.50,178.50,Credit Card,
T000392,2025-10-22 16:08,B08,M0109,Platinum,In-store,Coffee,1,60,12.00,48.00,Credit Card,
T000393,2025-10-22 16:14,B07,,,App,Coffee,4,100,0.00,400.00,App Wallet,5
T000394,2025-10-22 16:31,B06,M0206,Bronze,In-store,Coffee,1,75,0.00,75.00,QR PromptPay,4
T000395,2025-10-22 18:16,B01,M0062,GOLD,In-store,Coffee,2,110,0.00,220.00,Credit Card,
T000396,2025-10-22 18:52,B05,M0222,Silver,App,Bakery,2,45,0.00,90.00,Credit Card,
T000397,2025-10-22 19:00,B01,M0062,Gold,In-store,Merchandise,1,870,0.00,870.00,Cash,4
T000398,2025-10-22 19:44,B04,M0039,Silver,App,Bakery,3,100,0.00,380.00,App Wallet,5
T000399,2025-10-22 19:45,B03,M0219,Bronze,In-store,Bakery,1,70,0.00,70.00,Cash,4
T000400,2025-10-23 08:26,B06,M0222,Silver,In-store,Coffee,2,115,0.00,230.00,QR PromptPay,
T000401,2025-10-23 08:49,B07,M0051,Brz,In-store,Coffee,3,70,31.50,178.50,Cash,
T000402,2025-10-23 10:36,B04,M0264,Silver,In-store,Tea,1,50,0.00,50.00,Credit Card,1
T000403,2025-10-23 10:36,B07,M0110,Gold,In-store,Bakery,2,100,10.00,190.00,Cash,
T000404,2025-10-23 11:45,B03,M0140,Silver,App,Bakery,1,60,0.00,60.00,App Wallet,
T000405,2025-10-23 12:35,B02,,,Delivery,Bakery,1,90,0.00,90.00,Credit Card,4
T000406,2025-10-23 14:05,B04,M0036,Gold,App,Tea,2,70,0.00,140.00,App Wallet,
T000407,2025-10-23 14:22,B04,,,In-store,Merchandise,1,800,0.00,800.00,Cash,
T000408,2025-10-23 15:41,B08,,,In-store,Coffee,3,105,0.00,315.00,QR PromptPay,3
T000409,2025-10-23 16:11, B06,M0020,Bronze,App,Coffee,3,55,0.00,165.00,App Wallet,
T000410,2025-10-23 16:50,B04,,,In-store,Coffee,4,110,0.00,440.00,Credit Card,
T000411,2025-10-23 17:35,B05,M0147,Bronze,App,Bakery,1,105,0.00,105.00,Credit Card,
T000412,2025-10-23 18:35,B08,M0109,Platinum,In-store,Coffee,1,100,20.00,80.00,Cash,3
T000413,2025-10-23 18:50,B03,M0041,Platinum,App,Coffee,4,55,0.00,220.00,App Wallet,
T000414,2025-10-23 19:23,B05,M0217,Bronze,App,Bakery,3,65,0.00,195.00,App Wallet,
T000415,2025-10-23 19:34,B04,M0039,Silver,In-store,Coffee,3,85,0.00,255.00,Cash,
T000416,2025-10-24 08:00,B04,,,Delivery,Coffee,4,100,0.00,400.00,QR PromptPay,
T000417,2025-10-24 08:03,B03,,,In-store,Tea,3,60,0.00,180.00,Credit Card,
T000418,2025-10-24 08:34,B03,M0158,Silver,Delivery,Coffee,1,85,0.00,85.00,QR PromptPay,
T000419,2025-10-24 08:42,B08,,,Delivery,Coffee,2,100,0.00,200.00,QR PromptPay,3
T000420,2025-10-24 08:47,B03,M0064,Bronze,App,Coffee,1,120,0.00,120.00,App Wallet,
T000421,2025-10-24 10:16,B06,M0002,Bronze,In-store,Bakery,1,75,0.00,75.00,Credit Card,
T000422,2025-10-24 10:40,B02,M0244,Silver,App,Coffee,2,75,15.00,135.00,Credit Card,3
T000423,2025-10-24 11:13,B01,M0034,Silver,App,Bakery,2,45,4.50,85.50,Credit Card,3
T000424,2025-10-24 11:23,B05,M0264,Silver,Delivery,Coffee,2,55,0.00,110.00,Cash,
T000425,2025-10-24 12:16,B01,M0189,Silver,In-store,Coffee,2,105,31.50,178.50,Credit Card,
T000426,2025-10-24 12:38,B01,M0189,silver,In-store,Bakery,1,45,9.00,36.00,Credit Card,
T000427,2025-10-24 13:17,B06,,,In-store,Tea,1,฿55.00,0.00,55.00,QR PromptPay,3
T000428,2025-10-24 13:21,B03,M0159,Bronze,APP,Merchandise,2,740,0.00,1480.00,Credit Card,
T000429,2025-10-24 14:02,B01,M0107,Silver,App,Merchandise,1,570,0.00,570.00,App Wallet,4
T000430,2025-10-24 18:30,B04,,,In-store,Merchandise,3,650,0.00,1950.00,Credit Card,3
T000431,2025-10-24 18:58,B03,M0053,Platinum,In-store,Coffee,2,105,21.00,189.00,Cash,
T000432,2025-10-25 07:11,B06,M0262,silver,In-store,Coffee,4,60,0.00,240.00,Cash,
T000433,2025-10-25 07:38,B08,M0072,Brz,App,Bakery,1,55,0.00,55.00,Credit Card,3
T000434,2025-10-25 08:14,B01,M0151,Platinum,Delivery,Coffee,1,85,8.50,76.50,QR PromptPay,2
T000435,2025-10-25 08:21,B02,M0244,Slvr,In-store,Tea,3,85,0.00,255.00,Cash,
T000436,2025-10-25 08:25,B07,,,Delivery,Coffee,2,95,0.00,190.00,Cash,
T000437,2025-10-25 08:34,B01,M0034,Silver,App,Coffee,4,95,0.00,380.00,Credit Card,
T000438,2025-10-25 09:22,B08,M0272,SILVER,In-store,Bakery,3,85,0.00,255.00,Cash,
T000439,2025-10-25 09:25,B01,M0151,Platinum,In-store,Bakery,1,50,0.00,50.00,QR PromptPay,
T000440,2025-10-25 09:39,B08,,,In-store,Tea,3,65,0.00,195.00,Credit Card,
T000441,2025-10-25 11:45,B05,,,In-store,Bakery,2,100,0.00,200.00,QR PromptPay,
T000442,2025-10-25 11:47,B08,M0035,GOLD,In-store,Bakery,1,85,0.00,85.00,Cash,3
T000443,2025-10-25 11:55,B04,,,App,Tea,3,95,0.00,285.00,App Wallet,3
T000444,2025-10-25 12:45,B07,,,In-store,Coffee,1,95,0.00,95.00,Credit Card,
T000445,2025-10-25 13:08,B02,M0101,Gold,Delivery,Tea,1,฿85,0.00,85.00,QR PromptPay,
T000446,2025-10-25 13:40,B03,M0133,Bronze,In-store,Coffee,2,95,0.00,190.00,Credit Card,
T000447,2025-10-25 14:02,B08,M0174,Silver,In-store,Coffee,2,90,27.00,153.00,QR PromptPay,
T000448,2025-10-25 14:10,B06,,,In-store,Bakery,1,95,0.00,95.00,Credit Card,5
T000449,2025-10-25 16:03,B3,M0133,Bronze,Delivery,Coffee,3,70,31.50,178.50,Credit Card,5
T000450,2025-10-25 16:04,B02,,,In-store,Tea,2,70,0.00,140.00,Cash,3
T000451,2025-10-25 16:14,B06,M0262,Silver,Delivery,Bakery,2,45,0.00,90.00,Credit Card,4
T000452,2025-10-25 17:36,B02,M0068,Gold,In-store,Coffee,1,115,0.00,115.00,QR PromptPay,
T000453,2025-10-25 17:38,B03,M0158,Silver,In-store,Coffee,4,115,0.00,460.00,Credit Card,2
T000454,2025-10-25 17:55,B01,M0048,Silver,App,Tea,3,95,0.00,285.00,Credit Card,
T000455,2025-10-26 08:52,B02,M0228,Platinum,In-store,Coffee,4,115,92.00,378.00,Credit Card,
T000456,2025-10-26 10:10,B04,M0039,SILVER,In-store,Coffee,1,105,5.25,99.75,Cash,
T000457,2025-10-26 10:27,B04,M0264,Silver,In-store,Bakery,1,110,0.00,110.00,Credit Card,
T000458,2025-10-26 10:38,b08,,,In-store,Coffee,1,55,0.00,55.00,Credit Card,
T000459,2025-10-26 12:41,B07,M0209,Bronze,Delivery,Bakery,4,100,0.00,400.00,Credit Card,5
T000460,2025-10-26 12:50,B03,M0054,Bronze,In-store,Coffee,2,90,0.00,180.00,Cash,4
T000461,2025-10-26 13:15,B03,M0158,Silver,Delivery,Coffee,1,70,0.00,70.00,QR PromptPay,
T000462,2025-10-26 13:19,B03,M0239,GOLD,In-store,Bakery,1,65,0.00,65.00,QR PromptPay,5
T000463,2025-10-26 13:44,B06,M0136,Silver,In-store,Coffee,1,105,0.00,105.00,QR PromptPay,4
T000464,2025-10-26 14:27,B05,,,In-store,Coffee,1,90,0.00,90.00,Credit Card,5
T000465,2025-10-26 14:43,B03,M0047,Gold,In-store,Merchandise,1,735,110.25,624.75,Credit Card,
T000466,2025-10-26 15:02,B06,M9320,Platinum,Delivery,Coffee,2,100,0.00,200.00,Credit Card,4
T000467,2025-10-26 18:44,B06,,,App,Coffee,1,105,0.00,105.00,App Wallet,5
T000468,2025-10-27 08:11,B01,,,In-store,Coffee,1,60,0.00,60.00,QR PromptPay,
T000469,2025-10-27 08:21,B08,M0065,Platinum,In-store,Coffee,1,100,15.00,85.00,QR PromptPay,3
T000470,2025-10-27 09:32,B01,M0048,Silver,In-store,Bakery,1,100,0.00,100.00,QR PromptPay,
T000471,2025-10-27 09:45,B03,M0109,Platinum,Delivery,Coffee,4,80,64.00,256.00,Cash,
T000472,2025-10-27 09:52,B04,M0059,Bronze,In-store,Coffee,1,60,0.00,60.00,Credit Card,
T000473,2025-10-27 10:22,B05,M0130,Gold,App,Coffee,2,95,0.00,190.00,App Wallet,2
T000474,2025-10-27 11:50,B08,M0079,Bronze,In-store,Bakery,1,105,0.00,105.00,QR PromptPay,
T000475,2025-10-27 12:22,B06,M0002,Bronze,In-store,Coffee,2,120,0.00,240.00,QR PromptPay,
T000476,2025-10-27 13:52,B01,M0048,Silver,In-store,Coffee,1,105,15.75,89.25,Credit Card,
T000477,2025-10-27 16:47,B06,M0222,silver,Delivery,Merchandise,1,580,0.00,580.00,QR PromptPay,
T000478,2025-10-27 16:56,b01,M0034,Silver,In-store,Coffee,2,100,0.00,200.00,Credit Card,
T000479,2025-10-27 17:54,B05,M0176,Silver,In-store,Coffee,4,60,0.00,240.00,Cash,
T000480,2025-10-27 18:59,B06,M0020,bronze,In-store,Coffee,4,55,33.00,187.00,QR PromptPay,
T000481,2025-10-27 19:14,B07,M0021,Gold,App,Tea,3,80,48.00,192.00,Credit Card,
T000482,2025-10-27 19:17,B04,,,In-store,Coffee,1,60,0.00,60.00,Credit Card,2
T000482,2025-10-27 19:17,B04,,,In-store,Coffee,1,60,0.00,60.00,Credit Card,2
T000483,2025-10-27 19:29,B03,,,Delivery,Bakery,42,95,0.00,3990.00,Credit Card,4
T000484,2025-10-28 08:20,B8,,,In-store,Tea,1,65,0.00,65.00,Cash,4
T000485,2025-10-28 08:29,B05,M0176,Silver,App,Coffee,1,110,11.00,99.00,App Wallet,
T000486,2025-10-28 09:02,B01,M0135,Gold,In-store,Coffee,1,110,0.00,110.00,QR PromptPay,
T000487,2025-10-28 09:04,B06,,,In-store,Coffee,1,105,0.00,105.00,Credit Card,5
T000488,2025-10-28 11:21,B02,M0153,Silver,In-store,Tea,1,60,0.00,60.00,Cash,
T000489,2025-10-28 11:24,B01,,,App,Bakery,1,45,0.00,45.00,Credit Card,
T000490,2025-10-28 11:58,B06,M0029,Silver,In-store,Coffee,2,75,15.00,135.00,Cash,
T000491,2025-10-28 12:14,B04,,,Delivery,Coffee,1,85,0.00,85.00,QR PromptPay,3
T000492,2025-10-28 12:18,B03,M0167,Gold,App,Coffee,3,120,36.00,324.00,Credit Card,
T000493,2025-10-28 13:51,B07,M0219,Bronze,In-store,Coffee,1,60,0.00,60.00,Credit Card,3
T000494,2025-10-28 15:11,B05,M0016,Gold,In-store,Tea,2,65,0.00,130.00,QR PromptPay,3
T000495,2025-10-28 15:35,B07,,,In-store,Bakery,1,75,0.00,75.00,QR PromptPay,4
T000496,2025-10-28 16:08,B04,M0039,Silver,In-store,Bakery,2,45,0.00,90.00,QR PromptPay,
T000497,2025-10-29 08:01,B06,M9320,Platinum,in-store,Merchandise,1,700,35.00,665.00,QR PromptPay,
T000498,2025-10-29 08:01,B01,M0048,Silver,In-store,Merchandise,2,350,0.00,700.00,QR PromptPay,3
T000499,2025-10-29 08:23,B06,M0222,Silver,App,Tea,2,75,7.50,142.50,Credit Card,4
T000500,2025-10-29 08:24,B04,M0249,bronze,In-store,Tea,1,85,0.00,85.00,QR PromptPay,
T000501,2025-10-29 08:51,B07,,,Delivery,Merchandise,1,480,0.00,480.00,Credit Card,4
T000502,2025-10-29 10:20,B03,M0154,Platinum,In-store,Bakery,3,110,0.00,330.00,QR PromptPay,3
T000503,2025-10-29 10:35,B02,M0090,Silver,Delivery,Merchandise,2,305,61.00,549.00,Credit Card,
T000504,2025-10-29 10:50,B04,,,In-store,Tea,1,95,0.00,95.00,Credit Card,
T000505,2025-10-29 11:12,B06,,,App,Coffee,3,70,0.00,210.00,Credit Card,
T000506,2025-10-29 12:03,B06,,,In-store,Coffee,2,110,0.00,220.00,QR PromptPay,
T000507,2025-10-29 13:37,B08,,,In-store,Merchandise,1,855,0.00,855.00,Cash,4
T000508,2025-10-29 13:49,B02,,,In-store,Bakery,1,95,0.00,95.00,Cash,
T000509,2025-10-29 14:38,B06,M0154,Platinum,In-store,Bakery,1,50,0.00,50.00,Cash,
T000510,2025-10-29 14:45,B07,M0229,Bronze,In-store,Tea,3,50,22.50,127.50,Credit Card,
T000511,2025-10-29 14:51,B03,M0158,Silver,App,Coffee,1,90,0.00,90.00,Credit Card,
T000512,2025-10-29 14:57,B06,,,In-store,Merchandise,1,455,0.00,455.00,QR PromptPay,
T000513,2025-10-29 15:08,B04,,,App,Coffee,2,70,0.00,140.00,App Wallet,
T000514,2025-10-29 15:45,B02,,,In-store,Coffee,2,70,0.00,140.00,Credit Card,4
T000515,2025-10-29 16:23,B02,,,App,Coffee,1,70,0.00,70.00,App Wallet,
T000516,2025-10-29 16:58,b02,,,App,Bakery,2,50,0.00,100.00,Credit Card,
T000517,2025-10-29 17:02,B07,M0209,Bronze,In-store,Tea,2,50,0.00,100.00,Credit Card,
T000518,2025-10-29 17:35,B08,M0092,Bronze,In-store,Tea,1,60,0.00,60.00,Cash,2
T000519,2025-10-30 08:51,B01,M0189,Silver,In-store,Coffee,3,110,0.00,330.00,QR PromptPay,
T000520,2025-10-30 09:39,B06,M0259,Silver,Delivery,Coffee,3,85,0.00,255.00,QR PromptPay,
T000521,2025-10-30 10:58,B03,M0211,Platinum,In-store,Merchandise,1,840,42.00,798.00,QR PromptPay,
T000522,2025-10-30 11:34,B08,M0065,Platinum,In-store,Coffee,3,120,18.00,342.00,QR PromptPay,
T000523,2025-10-30 12:00,B06,M0259,Silver,In-store,Coffee,1,55,0.00,55.00,Credit Card,4
T000524,2025-10-30 12:08,B03,M0132,Silver,App,Coffee,1,75,7.50,67.50,App Wallet,4
T000525,2025-10-30 12:11,B08,M0065,Platinum,in-store,Coffee,1,115,0.00,115.00,QR PromptPay,3
T000526,2025-10-30 12:43,B04,,,In-store,Coffee,3,60,0.00,180.00,Cash,
T000527,2025-10-30 13:00,B08,M0119,Bronze,Delivery,Bakery,1,50,0.00,50.00,Credit Card,
T000528,2025-10-30 13:31,b08,M0065,Platinum,In-store,Coffee,4,90,18.00,342.00,QR PromptPay,3
T000529,2025-10-30 14:29,B07,M0229,Bronze,In-store,Bakery,4,50,0.00,200.00,QR PromptPay,5
T000530,2025-10-30 15:11,B01,M0144,Bronze,Delivery ,Bakery,1,105,0.00,105.00,Credit Card,
T000531,2025-10-30 16:15,B04,M0059,Bronze,App,Coffee,1,70,0.00,70.00,App Wallet,
T000532,2025-10-30 16:55,B02,M0088,Gold,In-store,Coffee,2,85,0.00,170.00,Cash,
T000533,2025-10-30 17:10,B03,M0122,Bronze,Delivery,Coffee,3,90,0.00,270.00,QR PromptPay,
T000534,2025-10-30 19:12,B08,,,App,Coffee,1,110,0.00,110.00,Credit Card,
T000535,2025-10-31 07:04,B05,M0016,Gold,APP,Coffee,3,85,0.00,255.00,Credit Card,
T000536,2025-10-31 08:05,B04,M0059,Bronze,App,Bakery,1,65,0.00,65.00,Credit Card,
T000537,2025-10-31 08:30,B05,,,App,Coffee,1,60,0.00,60.00,Credit Card,
T000538,2025-10-31 08:55,B01,M0151,Platinum,In-store,Merchandise,3,855,256.50,2308.50,QR PromptPay,5
T000539,2025-10-31 08:56,B04,,,In-store,Bakery,1,100,0.00,100.00,Cash,
T000540,2025-10-31 09:56,B01,,,App,Tea,3,65,0.00,195.00,Credit Card,4
T000541,2025-10-31 11:11,B08,M0174,Silver,In-store,Coffee,1,55,2.75,22.25,QR PromptPay,4
T000542,2025-10-31 12:06,B08,M0072,Bronze,App,Coffee,2,65,0.00,130.00,Credit Card,
T000543,2025-10-31 12:32,B08,M0065,Platinum,In-store,Tea,3,50,0.00,150.00,QR PromptPay,4
T000544,2025-10-31 13:36,B06,M0222,Silver,App,Merchandise,1,730,73.00,657.00,Credit Card,5
T000545,2025-10-31 14:36,B08,M0065,Platinum,In-store,Bakery,3,55,16.50,148.50,QR PromptPay,5
T000546,2025-10-31 14:46,B02,M0106,Bronze,App,Coffee,2,100,0.00,200.00,App Wallet,
T000547,2025-10-31 16:15,B03,M0239,Gold,In-store,Bakery,2,85,0.00,170.00,QR PromptPay,
T000548,2025-10-31 16:25,B07,,,App,Coffee,3,60,0.00,180.00,Credit Card,
T000549,2025-10-31 16:53,B08,M0158,Silver,App,Tea,2,90,0.00,180.00,App Wallet,
T000550,2025-10-31 17:30,B04,M0176,Silver,In-store,Tea,1,85,12.75,72.25,Cash,
T000551,2025-10-31 19:17,B04,,,In-store,Coffee,1,55,0.00,55.00,Credit Card,
T000552,2025-11-01 08:45,B08,,,In-store,Merchandise,1,280,0.00,280.00,Credit Card,
T000553,2025-11-01 09:39,B01,,,In-store,Coffee,4,55,0.00,220.00,Cash,
T000554,2025-11-01 10:23,B06,M0089,Platinum,App,Tea,2,65,13.00,117.00,App Wallet,3
T000555,2025-11-01 10:44,B03,,,App,Tea,2,95,0.00,190.00,App Wallet,
T000556,2025-11-01 12:07,B06,M0089,PLATINUM,App,Coffee,2,60,0.00,120.00,Credit Card,
T000557,2025-11-01 12:30,B06,M0262,Silver,App,Bakery,3,85,0.00,255.00,App Wallet,2
T000558,2025-11-01 12:34,B08,M0065,Platinum,In-store,Coffee,1,85,12.75,72.25,QR PromptPay,5
T000559,2025-11-01 13:24,B06,M0002,Bronze,In-store,Merchandise,4,฿855,0.00,3420.00,QR PromptPay,
T000560,2025-11-01 13:32,B3,,,In-store,Coffee,1,80,0.00,80.00,QR PromptPay,
T000561,2025-11-01 13:46,B06,M0066,Bronze,Delivery,Bakery,1,50,0.00,50.00,QR PromptPay,5
T000562,2025-11-01 14:22,B06,M0029,Silver,In-store,Coffee,4,110,0.00,440.00,QR PromptPay,
T000563,2025-11-01 16:14,B06,,,In-store,Bakery,3,90,0.00,270.00,QR PromptPay,4
T000564,2025-11-01 17:01,B06,M0009,Gold,In-store,Merchandise,2,655,0.00,1310.00,QR PromptPay,
T000565,2025-11-01 17:17,B05,M0217,Bronze,App,Coffee,3,70,0.00,210.00,App Wallet,5
T000566,2025-11-01 19:39,B01,,,In-store,Bakery,2,55,0.00,110.00,Cash,
T000567,2025-11-02 08:13,B06,M0223,Bronze,In-store,Coffee,1,70,0.00,70.00,QR PromptPay,
T000568,2025-11-02 08:49,B07,M0272,Silver,Delivery,Coffee,2,90,0.00,180.00,QR PromptPay,4
T000569,2025-11-02 08:52,B05,,,Deliv.,Coffee,4,80,0.00,320.00,QR PromptPay,4
T000570,2025-11-02 09:05,B07,,,Delivery,Merchandise,1,360,0.00,360.00,Cash,
T000571,2025-11-02 09:09,B08,M0035,Gold,App,Coffee,3,55,0.00,165.00,Credit Card,
T000572,2025-11-02 09:49,B07,M0209,Bronze,In-store,Tea,2,60,0.00,120.00,Cash,3
T000573,2025-11-02 10:12,B08,M0158,Silver,In-store,Coffee,1,60,0.00,60.00,Cash,
T000572,2025-11-02 10:36,B07,M0209,Bronze,In-store,Tea,-2,60,-0.00,-120.00,Cash,
T000574,2025-11-02 12:38,B02,M0068,Gold,In-store,Bakery,2,55,16.50,93.50,Cash,
T000575,2025-11-02 13:30,B08,M0174,Silver,Delivery,Bakery,3,105,0.00,315.00,QR PromptPay,
T000576,2025-11-02 13:41,b08,M0065,Platinum,App,Tea,2,85,0.00,170.00,App Wallet,4
T000577,2025-11-02 13:49,B08,,,Delivery,Coffee,1,90,0.00,90.00,Cash,
T000578,2025-11-02 13:57,B04,,,Delivery,Tea,2,80,0.00,160.00,QR PromptPay,
T000579,2025-11-02 14:43,B04,M0038,Silver,App,Tea,1,50,0.00,50.00,App Wallet,
T000580,2025-11-02 15:47,B02,M9458,Gold,In-store,Bakery,1,110,11.00,99.00,Cash,4
T000581,2025-11-02 15:48,B06,M0089,Platinum,In-store,Merchandise,2,885,265.50,1504.50,QR PromptPay,
T000582,2025-11-02 15:55,B06,M0222,Silver,Delivery,Coffee,1,55,0.00,55.00,QR PromptPay,5
T000583,2025-11-02 16:30,B05,M0089,Platinum,In-store,Bakery,1,55,2.75,52.25,Credit Card,
T000584,2025-11-02 17:32,B06,M0028,Bronze,In-store,Coffee,2,80,0.00,160.00,Cash,
T000585,2025-11-02 17:54,B03,M0154,Platinum,In-store,Coffee,1,100,0.00,100.00,Cash,
T000586,2025-11-02 18:18,B04,M0176,Silver,App,Bakery,1,฿45.00,0.00,45.00,Credit Card,
T000587,2025-11-02 19:48,B01,M0269,Platinum,Delivery,Coffee,4,115,0.00,460.00,QR PromptPay,
T000588,2025-11-03 07:14,B02,M0244,Silver,In-store,Merchandise,2,890,0.00,1780.00,QR PromptPay,5
T000589,2025-11-03 09:01,B07,,,In-store,Tea,2,65,0.00,130.00,Cash,
T000590,2025-11-03 10:38,B08,,,In-store,Coffee,1,55,0.00,55.00,QR PromptPay,
T000591,2025-11-03 10:57,B06,M0070,Platinum,App,Coffee,1,120,6.00,114.00,App Wallet,4
T000592,2025-11-03 11:22,B08,M0010,Silver,In-store,Merchandise,1,430,21.50,408.50,QR PromptPay,
T000593,2025-11-03 12:01,B01,,,App,Coffee,2,75,0.00,150.00,App Wallet,
T000594,2025-11-03 12:30,B06,M0222,Silver,App,Bakery,3,65,0.00,195.00,Credit Card,2
T000595,2025-11-03 12:37,B03,M0239,Gold,In-store,Tea,2,55,11.00,99.00,QR PromptPay,5
T000596,2025-11-03 12:56,B02,,,App,Bakery,1,65,0.00,65.00,App Wallet,
T000597,2025-11-03 13:06,B02,,,In-store,Coffee,2,95,0.00,190.00,Cash,
T000598,2025-11-03 13:14,B01,,,In-store,Coffee,2,100,0.00,200.00,Credit Card,
T000599,2025-11-03 15:56,B01,,,in-store,Coffee,2,120,0.00,240.00,Credit Card,
T000600,2025-11-03 16:49,B01,M0008,Bronze,In-store,Merchandise,2,425,85.00,765.00,Cash,5
T000601,2025-11-03 16:52,B06,M0066,Bronze,In-store,Tea,1,75,7.50,67.50,Credit Card,
T000602,2025-11-03 17:05,B02,M0244,Silver,In-store,Bakery,4,65,0.00,260.00,Credit Card,
T000603,2025-11-03 17:31,B03,M0133,Bronze,App,Bakery,3,105,0.00,315.00,App Wallet,4
T000604,2025-11-04 07:22,B05,M0016,Gold,In-store,Coffee,3,65,39.00,156.00,QR PromptPay,
T000605,2025-11-04 07:47,B06,M0020,Bronze,In-store,Coffee,3,70,0.00,210.00,Cash,3
T000606,2025-11-04 07:54,B07,,,In-store,Tea,1,65,0.00,65.00,QR PromptPay,
T000607,2025-11-04 08:33,B07,M0160,Bronze,In-store,Bakery,2,45,0.00,90.00,Cash,
T000608,2025-11-04 08:59,B01,,,App,Bakery,2,95,0.00,190.00,Credit Card,3
T000609,2025-11-04 09:24,B02,M0244,Silver,In-store,Coffee,1,95,0.00,95.00,Credit Card,
T000610,2025-11-04 09:55,B06,M0222,Silver,Delivery,Coffee,1,70,0.00,70.00,QR PromptPay,3
T000611,2025-11-04 09:55,B02,M0101,Gold,App,Coffee,1,55,0.00,55.00,App Wallet,
T000612,2025-11-04 10:20,B07,M0209,Bronze,In-store,Coffee,1,85,0.00,85.00,Credit Card,
T000613,2025-11-04 10:26,B08,M0065,Platinum,App,Tea,1,75,0.00,75.00,App Wallet,5
T000614,2025-11-04 10:39,B04,,,Delivery,Coffee,3,70,0.00,210.00,Cash,3
T000615,2025-11-04 12:42,B04,M0245,Bronze,Delivery,Tea,4,95,0.00,380.00,QR PromptPay,
T000616,2025-11-04 13:29,B04,M0142,Bronze,In-store,Bakery,4,95,57.00,323.00,Cash,
T000617,2025-11-04 13:34,B03,M0225,Bronze,Delivery,Tea,1,90,0.00,90.00,Credit Card,
T000618,2025-11-04 14:08,B3,M0250,Bronze,In-store,Tea,1,80,0.00,80.00,Credit Card,
T000619,2025-11-04 14:30,B01,,,In-store,Coffee,1,120,0.00,120.00,QR PromptPay,3
T000620,2025-11-04 14:49,B08,M0070,PLATINUM,App,Coffee,1,105,10.50,94.50,App Wallet,
T000620,2025-11-04 15:17,B08,M0070,Platinum,APP,Coffee,-1,105,-10.50,-94.50,App Wallet,
T000618,2025-11-04 15:27,B03,M0250,Bronze,In-store,Tea,-1,80,-0.00,-80.00,Credit Card,
T000621,2025-11-04 15:59,B06,M0009,Gold,In-store,Merchandise,3,705,0.00,2115.00,Credit Card,
T000622,2025-11-04 18:13,B08,M0065,Platinum,In store,Bakery,2,85,34.00,136.00,Cash,3
T000623,2025-11-04 18:30,B02,,,In-store,Merchandise,1,655,0.00,655.00,Cash,
T000624,2025-11-04 19:01,B05,M0020,Bronze,In-store,Merchandise,2,530,0.00,1060.00,Cash,
T000625,2025-11-05 07:05,B02,M0161,Silver,App,Bakery,1,60,9.00,51.00,Credit Card,
T000626,2025-11-05 08:00,B02,M0185,Bronze,In-store,Coffee,2,105,0.00,210.00,Cash,4
T000627,2025-11-05 08:10,B08,M0065,Platinum,Delivery,Coffee,1,80,0.00,80.00,Cash,
T000625,2025-11-05 08:17,B02,M0161,Silver,App,Bakery,-1,60,-9.00,-51.00,Credit Card,
T000628,2025-11-05 11:19,B02,,,In-store,Coffee,2,105,0.00,210.00,Cash,
T000629,2025-11-05 11:20,B07,,,App,Tea,1,70,0.00,70.00,Credit Card,
T000630,2025-11-05 11:56,B02,M0016,Gold,App,Tea,1,50,0.00,50.00,Credit Card,2
T000631,2025-11-05 12:12,B02,M0264,Silver,In-store,Tea,2,95,0.00,190.00,QR PromptPay,1
T000632,2025-11-05 12:18,B06,M0027,Bronze,App,Tea,2,80,0.00,160.00,Credit Card,5
T000633,2025-11-05 12:26,B08,,,App,Coffee,1,75,0.00,75.00,App Wallet,4
T000634,2025-11-05 14:25,B05,,,In-store,Coffee,3,55,0.00,165.00,Credit Card,
T000635,2025-11-05 14:31,B02,M0088,Gold,APP,Tea,1,85,0.00,85.00,Credit Card,5
T000636,2025-11-05 16:03,B07,,,Delivery,Bakery,1,100,0.00,100.00,QR PromptPay,
T000637,2025-11-05 16:06,B01,M0269,Platinum,Delivery,Tea,4,65,0.00,260.00,Credit Card,
T000638,2025-11-05 17:40,B06,M0020,Bronze,In-store,Bakery,1,105,0.00,105.00,Cash,
T000639,2025-11-05 17:50,B02,M0107,Silver,In-store,Tea,1,85,0.00,85.00,Cash,
T000640,2025-11-05 18:42,B05,M0080,Bronze,In-store,Coffee,1,100,0.00,100.00,Credit Card,
T000641,2025-11-05 19:54,B04,M0180,Bronze,In-store,Coffee,4,105,63.00,357.00,QR PromptPay,
T000642,2025-11-06 08:19,B04,M0192,Bronze,In-store,Coffee,2,120,0.00,240.00,QR PromptPay,4
T000643,2025-11-06 08:22,B08,,,Delivery,Coffee,2,55,0.00,110.00,QR PromptPay,
T000644,2025-11-06 09:18,B04,M0213,Silver,Delivery,Bakery,4,45,0.00,180.00,Credit Card,4
T000645,2025-11-06 10:30,B02,,,In-store,Coffee,4,80,0.00,320.00,QR PromptPay,3
T000646,2025-11-06 10:34,B07,,,App,Tea,1,70,0.00,70.00,Credit Card,
T000647,2025-11-06 12:17,B04,M0245,Bronze,App,Merchandise,4,590,0.00,2360.00,Credit Card,
T000648,2025-11-06 12:21,B04,M0115,Bronze,In-store,Merchandise,2,670,0.00,1340.00,Cash,
T000649,2025-11-06 12:32,B06,,,In-store,Coffee,2,70,0.00,140.00,QR PromptPay,
T000650,2025-11-06 13:31,B08,M0035,Gold,Delivery,Coffee,4,95,38.00,342.00,QR PromptPay,
T000651,2025-11-06 13:35,B04,M0180,Bronze,Delivery,Bakery,3,60,0.00,180.00,Credit Card,
T000652,2025-11-06 15:26,B02,M0047,Gold,In-store,Coffee,1,55,2.75,52.25,QR PromptPay,
T000653,2025-11-06 15:50,B01,,,In-store,Coffee,3,115,0.00,345.00,Credit Card,
T000654,2025-11-06 17:06,b03,M0158,Silver,In-store,Coffee,1,75,0.00,75.00,Credit Card,1
T000655,2025-11-06 18:16,B07,,,In-store,Coffee,1,70,0.00,70.00,Cash,
T000656,2025-11-06 19:21,B03,M0064,Bronze,App,Bakery,1,85,0.00,85.00,Credit Card,
T000657,2025-11-06 19:42,B05,,,In-store,Coffee,2,70,0.00,140.00,Cash,2
T000658,2025-11-06 19:50,B03,,,In-store,Coffee,4,60,0.00,240.00,Credit Card,4
T000659,2025-11-07 07:48,B08,M0222,Silver,Delivery,Bakery,3,100,0.00,300.00,Cash,
T000660,2025-11-07 08:09,B07,M0020,Bronze,In-store,Tea,1,50,0.00,50.00,Cash,
T000661,2025-11-07 08:22,B04,M0268,Gold,Delivery,Coffee,1,60,0.00,60.00,QR PromptPay,
T000662,2025-11-07 09:30,B03,,,In-store,Coffee,3,90,0.00,270.00,Credit Card,
T000663,2025-11-07 13:06,B06,M0222,Silver,Delivery,Coffee,3,75,33.75,191.25,QR PromptPay,5
T000664,2025-11-07 13:14,B07,M0160,Bronze,In-store,Bakery,2,85,0.00,170.00,Cash,
T000665,2025-11-07 13:14,B02,,,In-store,Merchandise,2,735,0.00,1470.00,QR PromptPay,3
T000666,2025-11-07 13:52,B03,M0225,Bronze,App,Bakery,2,฿100,0.00,200.00,Credit Card,
T000667,2025-11-07 13:54,B05,,,In-store,Coffee,1,55,0.00,55.00,QR PromptPay,
T000668,2025-11-07 13:57,B06,M0089,Platinum,Delivery,Tea,1,85,0.00,85.00,Cash,
T000669,2025-11-07 15:29,B07,,,Delivery,Coffee,1,95,0.00,95.00,Cash,3
T000670,2025-11-07 15:41,B02,M0068,Gold,In-store,Tea,3,65,0.00,195.00,Credit Card,4
T000671,2025-11-07 15:56,B06,M0066,Bronze,In-store,Tea,2,60,0.00,120.00,QR PromptPay,
T000672,2025-11-07 15:58,B07,,,In-store,Bakery,1,105,0.00,105.00,QR PromptPay,
T000673,2025-11-07 16:02,B07,M0004,Bronze,App,Coffee,1,80,0.00,80.00,App Wallet,
T000674,2025-11-07 16:34,B06,M0222,Silver,In-store,Bakery,1,65,0.00,65.00,Cash,
T000675,2025-11-07 16:57,B02,M0121,gold,In-store,Coffee,2,80,0.00,160.00,QR PromptPay,
T000676,2025-11-07 17:49,B04,M0121,Gold,In-store,Bakery,3,90,0.00,270.00,QR PromptPay,
T000677,2025-11-07 18:02,B07,M0004,Bronze,In-store,Coffee,4,90,18.00,342.00,Cash,4
T000678,2025-11-07 18:37,B01,M0135,Gold,In-store,Bakery,1,80,16.00,64.00,Cash,3
T000679,2025-11-07 18:43,B01,M0011,Bronze,Delivery,Tea,4,70,0.00,280.00,QR PromptPay,4
T000680,2025-11-07 19:26,B08,M0020,Bronze,In-store,Bakery,2,65,0.00,130.00,Cash,3
T000681,2025-11-07 19:37,B01,M0008,Bronze,Delivery,Bakery,2,110,0.00,220.00,Cash,
T000682,2025-11-07 19:40,B04,,,App,Coffee,1,100,0.00,100.00,App Wallet,4
T000683,2025-11-07 19:55,B06,M0089,Platinum,App,Coffee,4,100,0.00,400.00,App Wallet,
T000684,2025-11-08 07:56,B08,M0065,Platinum,In-store,Merchandise,1,320,0.00,320.00,QR PromptPay,
T000685,2025-11-08 08:04,B06,M0199,Bronze,In-store,Bakery,1,45,0.00,45.00,QR PromptPay,
T000686,2025-11-08 08:10,B06,,,Delivery,Bakery,1,70,0.00,70.00,QR PromptPay,
T000687,2025-11-08 08:23,B02,M0244,Silver,In-store,Coffee,3,110,49.50,280.50,Cash,
T000688,2025-11-08 08:29,B01,M0151,Platinum,Delivery,Bakery,1,60,0.00,60.00,Credit Card,4
T000689,2025-11-08 08:39,B03,M0064,Bronze,In-store,Coffee,2,65,19.50,110.50,QR PromptPay,3
T000690,2025-11-08 08:43,B01,M0144,Bronze,In-store,Bakery,2,75,0.00,150.00,QR PromptPay,
T000691,2025-11-08 09:13,B04,M0115,Bronze,App,Coffee,2,115,0.00,230.00,App Wallet,
T000692,2025-11-08 09:14,B07,,,In-store,Bakery,1,55,0.00,-25.00,Cash,
T000693,2025-11-08 09:52,B04,,,In-store,Bakery,3,110,0.00,240.00,Cash,
T000694,2025-11-08 10:58,B02,M0265,Bronze,App,Coffee,2,115,11.50,218.50,App Wallet,5
T000695,2025-11-08 11:11,B05,,,In-store,Coffee,1,85,0.00,85.00,Credit Card,4
T000696,2025-11-08 12:13,B07,,,App,Coffee,3,115,0.00,345.00,App Wallet,
T000697,2025-11-08 12:31,B04,,,App,Coffee,4,65,0.00,260.00,App Wallet,
T000698,2025-11-08 12:32,B06,,,In-store,Coffee,4,110,0.00,440.00,QR PromptPay,
T000699,2025-11-08 12:51,B6,M0268,Gold,App,Bakery,1,80,0.00,80.00,Credit Card,
T000700,2025-11-08 13:14,B02,,,Delivery,Merchandise,1,310,0.00,310.00,QR PromptPay,
T000701,2025-11-08 16:55,B08,M9158,Bronze,In-store,Coffee,1,100,0.00,100.00,QR PromptPay,
T000702,2025-11-08 17:09,B02,M0106,Bronze,In-store,Coffee,1,105,0.00,105.00,Credit Card,
T000703,2025-11-08 17:11,B07,,,In-store,Bakery,3,55,0.00,165.00,Credit Card,3
T000704,2025-11-08 17:36,B03,M9035,silver,In-store,Coffee,3,70,0.00,210.00,QR PromptPay,5
T000705,2025-11-08 17:42,B07,M0051,Bronze,In-store,Coffee,4,60,0.00,240.00,Cash,
T000706,2025-11-08 18:53,B08,M0109,Platinum,In-store,Coffee,2,85,0.00,170.00,Credit Card,
T000707,2025-11-08 18:59,B03,,,In-store,Tea,4,70,0.00,280.00,Credit Card,4
T000708,2025-11-08 19:37,B05,,,In-store,Coffee,1,80,0.00,80.00,QR PromptPay,
T000709,2025-11-09 08:25,B02,M0039,Silver,In-store,Tea,4,50,0.00,200.00,Cash,
T000710,2025-11-09 08:40,B07,M9043,Bronze,App,Bakery,2,45,9.00,81.00,Credit Card,3
T000711,2025-11-09 08:54,B01,M0034,Silver,Delivery,Coffee,1,70,0.00,70.00,Cash,
T000712,2025-11-09 09:16,B05,,,In-store,Coffee,2,110,0.00,220.00,Cash,
T000713,2025-11-09 10:26,B03,,,App,Coffee,1,100,0.00,100.00,App Wallet,
T000714,2025-11-09 10:33,B04,,,In-store,Coffee,1,100,0.00,100.00,Cash,3
T000715,2025-11-09 10:54,B07,,,In-store,Coffee,1,฿85.00,0.00,85.00,QR PromptPay,
T000716,2025-11-09 11:47,B8,,,In-store,Bakery,2,65,0.00,130.00,Cash,3
T000717,2025-11-09 11:55,B07,M0186,Platinum,In-store,Bakery,2,45,4.50,85.50,QR PromptPay,
T000718,2025-11-09 12:02,B02,M0111,Bronze,App,Coffee,1,80,4.00,76.00,Credit Card,4
T000719,2025-11-09 12:40,B06,M0132,Silver,Delivery,Merchandise,2,855,171.00,1539.00,Cash,5
T000720,2025-11-09 12:49,B01,M0048,Silver,In-store,Coffee,2,55,0.00,110.00,Cash,
T000721,2025-11-09 13:22,B06,M0262,Silver,Delivery,Merchandise,1,460,0.00,460.00,Cash,
T000722,2025-11-09 14:43,B04,M0142,Bronze,In-store,Bakery,1,105,0.00,105.00,Credit Card,2
T000722,2025-11-09 14:43,B04,M0142,Bronze,In-store,Bakery,1,105,0.00,105.00,Credit Card,2
T000723,2025-11-09 17:11,B07,,,Delivery,Coffee,1,55,0.00,55.00,Cash,4
T000724,2025-11-09 18:31,B04,M0031,Gold,In-store,Coffee,1,110,0.00,110.00,Cash,
T000725,2025-11-09 19:04,B05,M0199,Bronze,In-store,Coffee,2,120,0.00,240.00,Credit Card,
T000726,2025-11-10 07:50,B08,,,In-store,Merchandise,1,280,0.00,280.00,QR PromptPay,
T000727,2025-11-10 08:02,B07,M0219,Bronze,In-store,Coffee,1,75,0.00,75.00,QR PromptPay,
T000728,2025-11-10 08:03,B06,,,In-store,Merchandise,1,250,0.00,250.00,Cash,
T000729,2025-11-10 11:28,B02,M0101,Gold,App,Merchandise,3,505,303.00,1212.00,App Wallet,
T000730,2025-11-10 12:12,B06,M0089,Platinum,App,Merchandise,4,840,0.00,3360.00,Credit Card,5
T000731,2025-11-10 12:54,B03,,,In-store,Coffee,2,110,0.00,220.00,QR PromptPay,
T000732,2025-11-10 13:08,B05,M0199,Bronze,Delivery,Merchandise,2,655,0.00,1310.00,Cash,4
T000733,2025-11-10 13:39,B06,M0277,Bronze,Delivery,Coffee,1,70,0.00,70.00,Credit Card,
T000734,2025-11-10 15:09,B06,,,In-store,Coffee,2,80,0.00,160.00,QR PromptPay,
T000735,2025-11-10 17:53,B04,,,Mobile App,Coffee,1,65,0.00,65.00,App Wallet,
T000736,2025-11-10 19:06,B01,M0171,GOLD,App,Tea,1,60,0.00,60.00,Credit Card,4
T000737,2025-11-11 07:50,B06,M0089,Platinum,App,Tea,3,90,27.00,243.00,Credit Card,
T000738,2025-11-11 08:17,B03,,,In-store,Tea,3,85,0.00,255.00,Cash,
T000739,2025-11-11 09:03,B04,M0222,Silver,Delivery,Coffee,2,60,0.00,120.00,Credit Card,
T000739,2025-11-11 09:03,B04,M0222,Silver,Delivery,Coffee,2,60,0.00,120.00,Credit Card,
T000740,2025-11-11 09:39,B02,,,Delivery,Coffee,1,70,0.00,70.00,Cash,4
T000741,2025-11-11 09:54,B04,,,Delivery,Tea,2,75,0.00,150.00,Cash,4
T000742,2025-11-11 10:25,B08,M0065,Platinum,In-store,Bakery,3,85,25.50,229.50,QR PromptPay,
T000743,2025-11-11 11:46,B04,,,App,Tea,1,60,0.00,60.00,App Wallet,
T000744,2025-11-11 13:00,B03,,,App,Tea,2,60,0.00,120.00,Credit Card,
T000745,2025-11-11 13:42,B08,M0109,Platinum,In-store,Coffee,1,85,0.00,85.00,QR PromptPay,4
T000746,2025-11-11 14:11,B07,,,App,Coffee,4,80,0.00,320.00,App Wallet,
T000747,2025-11-11 16:09,B04,M0245,Bronze,In-store,Coffee,2,90,0.00,180.00,QR PromptPay,
T000748,2025-11-11 19:14,B07,,,Delivery,Coffee,2,60,0.00,120.00,Credit Card,
T000749,2025-11-12 08:06,B01,M0179,Silver,In-store,Coffee,4,70,0.00,280.00,Cash,
T000750,2025-11-12 08:07,B05,M0062,Gold,In-store,Coffee,1,80,16.00,64.00,QR PromptPay,4
T000751,2025-11-12 08:17,B02,,,In-store,Coffee,2,120,0.00,240.00,Credit Card,
T000752,2025-11-12 08:33,B05,M0154,Platinum,In-store,Coffee,2,95,0.00,190.00,Cash,
T000753,2025-11-12 08:34,B07,,,In-store,Coffee,2,90,0.00,180.00,Credit Card,
T000754,2025-11-12 08:39,B06,M0065,Platinum,App,Tea,2,80,16.00,144.00,App Wallet,5
T000755,2025-11-12 09:27,B07,M0089,Platinum,In-store,Coffee,4,80,32.00,288.00,Credit Card,
T000756,2025-11-12 10:07,B03,M0064,Bronze,In-store,Bakery,3,55,0.00,165.00,Cash,4
T000757,2025-11-12 11:53,B03,,,Delivery,Coffee,3,110,0.00,330.00,Cash,5
T000758,2025-11-12 12:34,B03,M0154,Platinum,In-store,Coffee,4,90,18.00,342.00,QR PromptPay,4
T000759,2025-11-12 12:58,B02,M0214,Gold,App,Tea,1,70,0.00,70.00,App Wallet,
T000760,2025-11-12 13:13,B04,M0083,Bronze,App,Tea,2,60,0.00,120.00,Credit Card,2
T000761,2025-11-12 15:48,B07,M0127,Silver,In-store,Coffee,1,85,0.00,85.00,Cash,4
T000762,2025-11-12 15:52,B06,M0132,Silver,Delivery,Merchandise,1,590,0.00,590.00,Credit Card,
T000763,2025-11-12 16:55,B07,M0277,Bronze,In-store,Coffee,1,55,0.00,55.00,QR PromptPay,4
T000764,2025-11-12 19:46,B06,M0070,Platinum,App,Bakery,4,105,0.00,420.00,App Wallet,
T000765,2025-11-12 19:52,B04,M0115,Bronze,In-store,Tea,1,55,0.00,55.00,Cash,3
T000766,2025-11-12 19:57,B06,M0268,Gold,In-store,Coffee,4,85,0.00,340.00,Cash,
T000767,2025-11-13 07:31,B02,M9468,Silver,In-store,Bakery,1,95,0.00,95.00,Credit Card,3
T000768,2025-11-13 07:40,B03,,,Delivery,Coffee,1,80,0.00,80.00,Credit Card,5
T000769,2025-11-13 07:56,B06,M9700,Platinum,App,Bakery,1,75,0.00,75.00,Credit Card,
T000770,2025-11-13 09:18,B05,M0065,Platinum,In-store,Tea,3,55,0.00,165.00,Cash,4
T000771,2025-11-13 09:46,B06,M0066,Bronze,In-store,Coffee,1,115,0.00,115.00,Credit Card,
T000771,2025-11-13 09:46,B06,M0066,Bronze,In-store,Coffee,1,115,0.00,115.00,Credit Card,
T000772,2025-11-13 11:49,B02,,,App,Coffee,2,105,0.00,210.00,Credit Card,4
T000773,2025-11-13 12:01,B03,,,In-store,Coffee,2,115,0.00,230.00,QR PromptPay,
T000774,2025-11-13 12:03,B04,M0192,Bronze,In-store,Coffee,2,75,0.00,150.00,Credit Card,5
T000775,2025-11-13 12:30,B03,,,In-store,Coffee,1,65,0.00,65.00,QR PromptPay,
T000776,2025-11-13 12:31,B08,M0065,Platinum,in-store,Bakery,2,85,25.50,144.50,Credit Card,
T000777,2025-11-13 12:37,B08,M0079,Bronze,In-store,Merchandise,2,480,144.00,816.00,Cash,3
T000778,2025-11-13 13:55,B07,M0124,Silver,App,Coffee,3,85,51.00,204.00,Credit Card,
T000779,2025-11-13 14:42,B08,M0065,Platinum,In-store,Coffee,2,90,0.00,180.00,Credit Card,5
T000780,2025-11-13 15:52,B03,M0041,Platinum,In-store,Coffee,1,105,15.75,89.25,QR PromptPay,
T000781,2025-11-13 16:53,B01,M0151,Platinum,In-store,Coffee,1,80,16.00,64.00,Cash,
T000782,2025-11-13 17:03,B07,,,In-store,Coffee,1,100,0.00,100.00,QR PromptPay,4
T000783,2025-11-13 18:59,B04,M9468,Silver,Delivery,Coffee,1,85,0.00,85.00,QR PromptPay,
T000784,2025-11-14 07:02,B06,M0211,Platinum,In-store,Bakery,1,100,0.00,100.00,Cash,
T000785,2025-11-14 07:32,B01,,,In-store,Coffee,4,115,0.00,460.00,QR PromptPay,
T000786,2025-11-14 10:14,B03,M0054,Bronze,In-store,Coffee,4,75,0.00,300.00,Cash,2
T000787,2025-11-14 10:29,B03,M0041,Platinum,App,Coffee,2,65,13.00,117.00,Credit Card,4
T000788,2025-11-14 10:38,B07,M0272,Silver,App,Tea,2,90,0.00,180.00,Credit Card,
T000789,2025-11-14 11:56,B05,M0199,Bronze,In-store,Bakery,2,85,0.00,170.00,Credit Card,
T000790,2025-11-14 12:24,B06,M0089,Platinum,In-store,Tea,2,85,0.00,170.00,Credit Card,
T000791,2025-11-14 13:12,B08,,,In-store,Bakery,4,85,0.00,340.00,Cash,4
T000792,2025-11-14 13:39,B03,,,In-store,Bakery,2,80,0.00,160.00,QR PromptPay,
T000793,2025-11-14 14:41,B02,M0264,Slvr,Delivery,Merchandise,2,315,0.00,630.00,Credit Card,2
T000794,2025-11-14 16:19,B01,M0007,Gold,in-store,Bakery,3,60,36.00,144.00,QR PromptPay,5
T000795,2025-11-14 16:44,B02,,,In-store,Coffee,1,75,0.00,75.00,Credit Card,
T000796,2025-11-14 16:59,B03,M0217,bronze,In-store,Coffee,1,115,0.00,115.00,Credit Card,
T000796,2025-11-14 16:59,B03,M0217,bronze,In-store,Coffee,1,115,0.00,115.00,Credit Card,
T000797,2025-11-15 08:23,B04,M0249,Bronze,In-store,Coffee,1,105,0.00,105.00,QR PromptPay,
T000798,2025-11-15 08:36,B02,M0250,Bronze,In-store,Coffee,1,120,6.00,114.00,QR PromptPay,5
T000799,2025-11-15 09:00,B02,M0047,Gold,In-store,Coffee,1,110,0.00,110.00,QR PromptPay,
T000800,2025-11-15 09:21,B08,,,In-store,Merchandise,2,680,0.00,1360.00,Cash,
T000801,2025-11-15 09:33,B07,M0021,Gold,In-store,Coffee,1,95,0.00,95.00,QR PromptPay,4
T000802,2025-11-15 10:19,B04,M0039,Silver,App,Bakery,1,95,0.00,95.00,App Wallet,
T000803,2025-11-15 11:48,B02,M0101,Gold,In-store,Tea,4,90,0.00,360.00,Credit Card,
T000804,2025-11-15 12:00,B07,M0247,Silver,In-store,Coffee,4,75,0.00,300.00,QR PromptPay,
T000805,2025-11-15 12:06,B07,M0247,Silver,In-store,Merchandise,2,345,0.00,690.00,Cash,
T000806,2025-11-15 12:32,B02,M9268,Gold,Delivery,Bakery,2,75,0.00,150.00,QR PromptPay,5
T000807,2025-11-15 14:19,B04,M0125,Silver,Delivery,Bakery,2,80,0.00,160.00,Credit Card,3
T000808,2025-11-15 14:48,B01,M0135,Gold,delivery,Coffee,2,55,0.00,110.00,QR PromptPay,3
T000809,2025-11-15 16:57,B07,M0209,Bronze,App,Coffee,3,110,16.50,313.50,Credit Card,
T000810,2025-11-15 19:01,B03,M0046,Bronze,App,Bakery,4,70,0.00,280.00,Credit Card,
T000811,2025-11-15 19:19,B01,M0112,Silver,App,Coffee,1,70,0.00,70.00,App Wallet,
T000812,2025-11-16 08:42,B01,M0116,Bronze,App,Coffee,1,95,14.25,80.75,Credit Card,
T000813,2025-11-16 09:21,B03,M0238,Bronze,In-store,Coffee,2,95,0.00,190.00,QR PromptPay,
T000814,2025-11-16 09:28,B02,M0097,Bronze,In-store,Coffee,1,85,0.00,85.00,Credit Card,
T000815,2025-11-16 09:39,B03,M0047,Gold,App,Bakery,2,65,0.00,130.00,App Wallet,3
T000816,2025-11-16 10:31,B04,,,In-store,Tea,1,75,0.00,75.00,Credit Card,
T000817,2025-11-16 11:30,B04,,,In-store,Coffee,4,85,0.00,340.00,Cash,
T000818,2025-11-16 11:53,B07,,,in-store,Coffee,1,105,0.00,105.00,QR PromptPay,
T000819,2025-11-16 12:08,B08,,,App,Coffee,1,60,0.00,60.00,Credit Card,
T000820,2025-11-16 12:27,B04,M0125,Silver,In-store,Merchandise,1,695,0.00,695.00,Cash,
T000820,2025-11-16 12:27,B04,M0125,Silver,In-store,Merchandise,1,695,0.00,695.00,Cash,
T000821,2025-11-16 13:33,B03,M0211,Platinum,In-store,Coffee,2,55,16.50,93.50,Credit Card,
T000822,2025-11-16 15:20,B03,M0239,Gold,In-store,Coffee,2,105,0.00,210.00,Cash,
T000823,2025-11-16 15:48,B06,,,In-store,Bakery,2,75,0.00,150.00,QR PromptPay,
T000824,2025-11-16 16:17,B02,,,In-store,Bakery,2,105,0.00,210.00,Credit Card,4
T000825,2025-11-16 17:21,B06,M0089,Platinum,In-store,Bakery,3,105,31.50,283.50,Credit Card,3
T000826,2025-11-16 17:37,b07,,,App,Coffee,1,60,0.00,60.00,Credit Card,
T000827,2025-11-17 07:26,B04,M0264,Silver,In-store,Coffee,4,115,0.00,460.00,Cash,4
T000828,2025-11-17 07:31,B04,,,In-store,Tea,2,80,0.00,160.00,Credit Card,3
T000829,2025-11-17 08:47,B06,M0268,Gold,In-store,Coffee,1,70,0.00,70.00,Cash,
T000830,2025-11-17 09:55,B01,M0012,Bronze,In-store,Coffee,1,60,0.00,60.00,Cash,
T000831,2025-11-17 09:59,B05,M0065,Platinum,Delivery,Coffee,1,70,10.50,59.50,QR PromptPay,
T000832,2025-11-17 10:10,B08,M0174,Silver,In-store,Tea,1,50,0.00,50.00,Cash,
T000833,2025-11-17 11:31,B06,M0020,Bronze,App,Bakery,1,100,0.00,100.00,Credit Card,
T000834,2025-11-17 11:47,B04,,,In-store,Coffee,4,105,0.00,420.00,Cash,
T000835,2025-11-17 12:31,B08,,,In-store,Coffee,3,75,0.00,225.00,Credit Card,3
T000836,2025-11-17 13:23,B06,M0061,Silver,In-store,Bakery,2,75,0.00,150.00,Cash,
T000837,2025-11-17 13:41,B04,,,In-store,Bakery,2,85,0.00,170.00,QR PromptPay,5
T000838,2025-11-17 13:50,B01,M0011,Bronze,App,Coffee,1,60,0.00,60.00,App Wallet,1
T000839,2025-11-17 14:10,B02,M0018,Bronze,App,Merchandise,3,390,0.00,1170.00,Credit Card,2
T000840,2025-11-17 14:56,B06,,,Delivery,Merchandise,1,625,0.00,625.00,QR PromptPay,5
T000841,2025-11-17 15:22,B05,,,In-store,Coffee,1,110,0.00,110.00,Credit Card,
T000842,2025-11-17 15:31,B08,M0097,Bronze,In-store,Bakery,4,80,0.00,320.00,Credit Card,
T000843,2025-11-17 16:01,B05,,,In-store,Tea,2,75,0.00,150.00,Credit Card,
T000844,2025-11-17 16:15,B03,M0239,Gold,In-store,Coffee,1,95,0.00,95.00,Cash,
T000845,2025-11-17 18:07,b03,,,In-store,Coffee,1,105,0.00,105.00,QR PromptPay,3
T000846,2025-11-17 18:40,B01,M0011,Bronze,In-store,Coffee,1,115,0.00,115.00,QR PromptPay,
T000847,2025-11-17 19:52,B02,,,In-store,Coffee,1,70,0.00,70.00,Credit Card,
T000848,2025-11-18 07:01,B07,M0051,Bronze,Delivery,Coffee,1,80,0.00,80.00,Cash,4
T000849,2025-11-18 08:26,B04,M0192,Bronze,App,Bakery,1,60,0.00,60.00,Credit Card,
T000850,2025-11-18 08:37,B06,M0222,Silver,App,Coffee,3,65,9.75,185.25,Credit Card,
T000851,2025-11-18 08:49,B04,M0115,Bronze,App,Bakery,1,105,15.75,89.25,App Wallet,
T000852,2025-11-18 10:17,B06,,,In-store,Coffee,3,70,0.00,210.00,Credit Card,
T000853,2025-11-18 11:34,B06,M0009,Gold,Delivery,Bakery,3,60,27.00,153.00,Credit Card,
T000854,2025-11-18 11:42,B01,,,In-store,Merchandise,2,320,0.00,640.00,Credit Card,
T000855,2025-11-18 12:21,B07,,,In-store,Bakery,1,45,0.00,45.00,Cash,
T000856,2025-11-18 12:26,B03,M0225,Bronze,In-store,Tea,2,90,0.00,180.00,Credit Card,
T000857,2025-11-18 12:44,B05,M0016,Gld,In-store,Bakery,2,80,0.00,160.00,QR PromptPay,
T000858,2025-11-18 13:09,B07,,,Delivery,Tea,2,80,0.00,160.00,Credit Card,
T000859,2025-11-18 13:57,B06,M0206,Bronze,In-store,Coffee,1,105,0.00,105.00,Credit Card,
T000860,2025-11-18 15:00,B07,,,In-store,Bakery,4,85,0.00,340.00,QR PromptPay,
T000861,2025-11-18 15:21,B06,M0220,Platinum,Delivery,Coffee,2,105,10.50,199.50,Credit Card,
T000862,2025-11-18 15:28,B01,M9468,Bronze,In-store,Bakery,1,105,10.50,94.50,Cash,
T000863,2025-11-18 15:31,B07,,,App,Coffee,2,105,0.00,210.00,App Wallet,5
T000864,2025-11-18 17:01,B01,,,In-store,Bakery,4,90,0.00,360.00,QR PromptPay,4
T000865,2025-11-18 19:32,B03,M0250,Bronze,App,Coffee,1,115,0.00,115.00,App Wallet,
T000866,2025-11-18 19:42,B06,M0262,Silver,In-store,Bakery,1,110,0.00,110.00,Credit Card,
T000867,2025-11-19 08:13,B08,,,In-store,Coffee,4,90,0.00,360.00,QR PromptPay,4
T000868,2025-11-19 08:14,B03,,,App,Bakery,4,70,0.00,280.00,App Wallet,
T000869,2025-11-19 09:50,B06,,,In-store,Coffee,1,80,0.00,80.00,QR PromptPay,
T000870,2025-11-19 12:05,B05,,,In-store,Bakery,1,85,0.00,85.00,Credit Card,
T000871,2025-11-19 12:19,B04,M0245,Bronze,In-store,Coffee,1,80,4.00,76.00,QR PromptPay,3
T000872,2025-11-19 13:33,B03,,,App,Coffee,1,75,0.00,75.00,App Wallet,
T000873,2025-11-19 16:21,B01,,,In-store,Merchandise,2,665,0.00,1330.00,Credit Card,
T000874,2025-11-19 16:52,B02,M0244,Slvr,In-store,Coffee,1,95,9.50,85.50,QR PromptPay,4
T000875,2025-11-19 18:59,B05,M0199,Bronze,In-store,Coffee,4,75,0.00,300.00,Credit Card,3
T000876,2025-11-19 18:59,B07,M0247,Silver,In-store,Bakery,1,65,0.00,65.00,QR PromptPay,
T000877,2025-11-19 19:29,B06,,,App,Bakery,1,70,0.00,70.00,App Wallet,
T000878,2025-11-19 19:54,B06,M0206,Bronze,In-store,Coffee,1,55,0.00,55.00,QR PromptPay,
T000879,2025-11-20 09:06,B07,,,App,Bakery,1,90,0.00,90.00,App Wallet,
T000880,2025-11-20 09:35,B07,M0219,Bronze,In-store,Coffee,2,90,18.00,162.00,Credit Card,3
T000881,2025-11-20 09:46,B05,M0211,Platinum,Delivery,Bakery,3,60,36.00,144.00,Cash,
T000882,2025-11-20 12:02,B01,,,App,Bakery,3,70,0.00,210.00,Credit Card,3
T000883,2025-11-20 12:10,B01,M0189,Silver,In-store,Tea,1,60,0.00,60.00,QR PromptPay,4
T000884,2025-11-20 12:30,B03,M0078,Silver,In-store,Bakery,4,80,0.00,320.00,Credit Card,4
T000885,2025-11-20 12:46,B02,,,Delivery,Coffee,4,120,0.00,480.00,Cash,
T000886,2025-11-20 12:54,B04,M0245,Bronze,Mobile App,Tea,4,75,0.00,300.00,Credit Card,
T000887,2025-11-20 13:02,B03,M0158,SILVER,In-store,Coffee,3,65,0.00,195.00,Cash,
T000888,2025-11-20 13:10,B03,,,App,Coffee,1,105,0.00,105.00,Credit Card,4
T000889,2025-11-20 16:13,B07,,,In-store,Coffee,1,95,0.00,95.00,Credit Card,3
T000890,2025-11-20 16:34,B02,M0106,Bronze,In-store,Coffee,1,85,0.00,85.00,QR PromptPay,5
T000891,2025-11-21 07:45,B06,M0262,Silver,App,Bakery,4,95,0.00,380.00,App Wallet,3
T000892,2025-11-21 08:37,B07,M0222,Silver,In-store,Coffee,1,80,0.00,80.00,Credit Card,5
T000893,2025-11-21 10:59,B07,M0209,Brz,Delivery,Coffee,1,80,8.00,72.00,Cash,
T000894,2025-11-21 11:28,B05,M0105,Silver,App,Tea,1,75,0.00,75.00,Credit Card,
T000895,2025-11-21 12:37,B06,M0222,Silver,App,Coffee,2,115,0.00,230.00,App Wallet,4
T000896,2025-11-21 12:43,B07,,,App,Coffee,1,110,0.00,110.00,Credit Card,4
T000897,2025-11-21 13:09,B02,M0040,Silver,In-store,Coffee,1,100,0.00,100.00,Cash,
T000898,2025-11-21 13:19,B07,M0272,Silver,In-store,Merchandise,4,500,100.00,1900.00,QR PromptPay,
T000899,2025-11-21 13:29,B07,M0222,Silver,In-store,Merchandise,1,0,0.00,0.00,Cash,5
T000900,2025-11-21 13:35,B03,M0158,silver,In-store,Bakery,1,55,0.00,55.00,Credit Card,
T000901,2025-11-21 14:48,B06,M0268,Gold,App,Merchandise,2,735,147.00,1323.00,App Wallet,
T000902,2025-11-21 16:27,B08,M0248,Bronze,App,Tea,3,75,33.75,191.25,Credit Card,5
T000903,2025-11-21 16:29,B03,M0202,Bronze,In-store,Coffee,3,120,0.00,360.00,Credit Card,
T000904,2025-11-21 17:00,B07,,,In-store,Coffee,1,55,0.00,55.00,Cash,4
T000905,2025-11-21 18:33,B06,M0062,gold,In-store,Coffee,3,60,0.00,180.00,Cash,
T000906,2025-11-22 08:01,B07,M0027,Bronze,In-store,Coffee,1,80,0.00,80.00,Credit Card,
T000907,2025-11-22 08:44,B02,M0118,Bronze,In-store,Tea,2,85,0.00,170.00,QR PromptPay,
T000908,2025-11-22 08:48,B06,,,App,Merchandise,1,665,0.00,665.00,Credit Card,
T000909,2025-11-22 12:00,B03,M0122,Bronze,App,Coffee,1,110,0.00,110.00,App Wallet,
T000910,2025-11-22 12:30,B03,M0159,Bronze,In-store,Coffee,2,105,0.00,210.00,Credit Card,4
T000911,2025-11-22 13:04,B03,M0223,Bronze,App,Bakery,1,100,0.00,100.00,Credit Card,
T000912,2025-11-22 13:20,B05,,,In-store,Coffee,2,80,0.00,160.00,QR PromptPay,
T000913,2025-11-22 13:44,B05,M0199,Bronze,Delivery,Tea,2,95,0.00,190.00,Credit Card,
T000914,2025-11-22 14:19,B03,M0140,Silver,Delivery,Coffee,1,65,0.00,65.00,QR PromptPay,4
T000915,2025-11-22 16:16,B01,M0048,Silver,In-store,Bakery,1,100,15.00,85.00,Credit Card,4
T000916,2025-11-22 18:02,B02,M0214,Gold,Delivery,Coffee,1,90,0.00,90.00,Credit Card,
T000917,2025-11-23 07:12,B02,,,In-store,Coffee,3,65,0.00,195.00,QR PromptPay,
T000918,2025-11-23 07:51,B06,M0028,Bronze,In-store,Coffee,1,80,0.00,80.00,QR PromptPay,
T000919,2025-11-23 08:06, B08,M0058,Bronze,App,Coffee,4,75,0.00,300.00,Credit Card,
T000920,2025-11-23 08:21,B02,M0107,Silver,In-store,Coffee,1,110,0.00,110.00,Credit Card,
T000921,2025-11-23 08:27,B1,M0041,Platinum,In-store,Coffee,1,75,15.00,60.00,QR PromptPay,
T000922,2025-11-23 09:37,B04,M0087,Slvr,In-store,Bakery,1,55,8.25,46.75,QR PromptPay,5
T000923,2025-11-23 10:03,B04,M0212,Bronze,In-store,Tea,2,55,0.00,110.00,Cash,
T000924,2025-11-23 10:09,B04,,,App,Bakery,1,105,0.00,105.00,Credit Card,
T000925,2025-11-23 10:39,B06,M0262,Silver,in-store,Coffee,2,65,0.00,130.00,QR PromptPay,
T000926,2025-11-23 11:03,B02,M0161,Silver,Delivery,Coffee,1,70,0.00,70.00,Cash,5
T000927,2025-11-23 13:06,B01,,,In-store,Coffee,2,100,0.00,200.00,QR PromptPay,3
T000928,2025-11-23 13:10,B03,M0054,Brz,In-store,Bakery,4,70,0.00,280.00,QR PromptPay,3
T000929,2025-11-23 13:35,B06,,,Delivery,Bakery,3,50,0.00,150.00,QR PromptPay,
T000930,2025-11-23 13:42,B04,M9080,Bronze,In-store,Coffee,3,100,0.00,300.00,QR PromptPay,
T000931,2025-11-23 13:44,B08,M0092,Bronze,In-store,Bakery,2,90,0.00,180.00,Credit Card,3
T000932,2025-11-23 13:54,B3,M0144,Bronze,In-store,Coffee,3,55,0.00,165.00,Cash,5
T000933,2025-11-23 15:59,B04,M0087,Silver,Delivery,Coffee,2,85,0.00,170.00,QR PromptPay,3
T000934,2025-11-23 16:00,B03,M0041,Platinum,In-store,Coffee,2,85,8.50,161.50,Cash,
T000935,2025-11-23 16:18,B08,M0036,Gold,In-store,Coffee,4,65,0.00,260.00,Cash,
T000936,2025-11-23 16:33,B05,M0262,Silver,Delivery,Coffee,3,70,0.00,210.00,Cash,
T000937,2025-11-23 16:37,B06,M0240,Silver,App,Coffee,3,85,38.25,216.75,Credit Card,4
T000938,2025-11-23 18:40,B01,,,In-store,Bakery,1,65,0.00,65.00,QR PromptPay,
T000939,2025-11-23 18:41,B01,M0256,Silver,APP,Bakery,4,80,0.00,320.00,Credit Card,
T000940,2025-11-23 19:20,B08,M0064,Bronze,In-store,Coffee,1,120,12.00,108.00,QR PromptPay,
T000941,2025-11-23 19:27,B06,M0020,Bronze,Delivery,Coffee,1,85,0.00,85.00,Credit Card,
T000942,2025-11-23 19:28,B03,,,Delivery,Coffee,1,65,0.00,65.00,Credit Card,3
T000943,2025-11-23 19:30,B03,M0064,Bronze,App,Merchandise,3,365,0.00,1095.00,Credit Card,4
T000944,2025-11-24 08:24,B02,M0007,GOLD,In-store,Merchandise,3,670,201.00,1809.00,QR PromptPay,4
T000945,2025-11-24 08:53,B05,,,In-store,Tea,2,55,0.00,110.00,Cash,
T000946,2025-11-24 10:05,B06,M0232,Silver,In-store,Tea,1,75,0.00,75.00,Cash,
T000947,2025-11-24 10:24,B07,,,In-store,Bakery,3,100,0.00,300.00,Credit Card,
T000948,2025-11-24 10:48,B08,,,In-store,Coffee,2,65,0.00,130.00,QR PromptPay,4
T000949,2025-11-24 11:00,B08,M0065,Platinum,In-store,Bakery,3,85,12.75,242.25,Cash,5
T000950,2025-11-24 12:36,B03,,,In-store,Coffee,2,70,0.00,140.00,Cash,5
T000951,2025-11-24 13:49,B06,M0222,Silver,Delivery,Bakery,2,105,0.00,210.00,Cash,4
T000952,2025-11-24 15:11,B02,M0088,Gold,App,Merchandise,4,410,82.00,1558.00,Credit Card,4
T000953,2025-11-24 15:22,B03,M0154,Platinum,Instore,Coffee,4,55,44.00,176.00,Credit Card,
T000954,2025-11-24 16:27,B02,M0046,Bronze,In-store,Bakery,2,105,0.00,210.00,Cash,
T000955,2025-11-24 16:41,B03,M0167,Gold,In-store,Coffee,1,55,5.50,49.50,Credit Card,4
T000956,2025-11-24 17:09,B03,M0153,Silver,In-store,Tea,2,50,0.00,100.00,Credit Card,
T000957,2025-11-24 19:03,B02,,,App,Coffee,1,80,0.00,80.00,App Wallet,3
T000958,2025-11-24 19:33,B08,M0186,Platinum,In-store,Coffee,2,110,44.00,176.00,Cash,2
T000959,2025-11-25 07:07,B04,,,In-store,Coffee,2,60,0.00,120.00,Credit Card,5
T000960,2025-11-25 07:34,B02,M0121,Gold,In-store,Bakery,2,100,10.00,190.00,QR PromptPay,
T000961,2025-11-25 07:42,B02,M0068,Gold,App,Coffee,1,85,0.00,85.00,App Wallet,
T000962,2025-11-25 08:11,B08,M0036,Gold,In-store,Coffee,1,100,0.00,100.00,QR PromptPay,4
T000963,2025-11-25 08:34,B01,M0232,Silver,App,Coffee,2,115,0.00,230.00,Credit Card,
T000964,2025-11-25 08:49,B05,,,In-store,Coffee,2,55,0.00,110.00,QR PromptPay,
T000965,2025-11-25 09:40,B01,M0038,Silver,In-store,Tea,1,65,0.00,65.00,QR PromptPay,
T000966,2025-11-25 12:11,B01,M0064,Bronze,In-store,Coffee,1,60,0.00,60.00,Cash,
T000967,2025-11-25 12:32,B02,,,In-store,Tea,3,80,0.00,240.00,Credit Card,
T000968,2025-11-25 12:41,B07,M0219,Bronze,Delivery,Coffee,1,120,0.00,120.00,Credit Card,4
T000969,2025-11-25 12:42,B07,,,App,Tea,2,70,0.00,140.00,App Wallet,
T000970,2025-11-25 13:25,B03,M0267,Gold,App,Coffee,1,95,9.50,85.50,App Wallet,
T000971,2025-11-25 13:28,B04,M0031,Gold,In-store,Bakery,4,70,0.00,280.00,QR PromptPay,5
T000972,2025-11-25 13:36,B01,M0028,Brz,In-store,Coffee,2,90,0.00,180.00,QR PromptPay,
T000973,2025-11-25 13:42,B05,M0092,Bronze,In-store,Bakery,1,95,9.50,85.50,Cash,4
T000974,2025-11-25 13:53,B06,M0229,Bronze,In-store,Coffee,1,65,3.25,61.75,QR PromptPay,5
T000975,2025-11-25 14:37,B05,,,In-store,Coffee,1,105,0.00,105.00,Cash,
T000976,2025-11-25 15:31,B07,M0048,Silver,In-store,Bakery,1,90,0.00,90.00,Credit Card,
T000977,2025-11-25 16:54,B01,,,App,Tea,1,90,0.00,90.00,Credit Card,4
T000978,2025-11-25 18:36,B03,M0027,Bronze,In-store,Coffee,2,100,0.00,200.00,Cash,5
T000979,2025-11-25 19:12,B08,M0109,Platinum,In-store,Bakery,3,85,51.00,204.00,QR PromptPay,
T000980,2025-11-25 19:12,B06,M0095,Bronze,Delivery,Coffee,1,120,0.00,120.00,QR PromptPay,5
T000981,2025-11-26 08:02,B07,M0272,Silver,App,Coffee,4,105,0.00,420.00,App Wallet,3
T000982,2025-11-26 08:13,B06,,,App,Coffee,2,55,0.00,110.00,Credit Card,3
T000983,2025-11-26 09:29,B01,M0090,Silver,App,Bakery,1,85,0.00,85.00,Credit Card,
T000984,2025-11-26 09:31,B04,,,In-store,Coffee,1,110,0.00,110.00,QR PromptPay,
T000985,2025-11-26 09:35,B03,M0159,Bronze,app,Coffee,2,80,0.00,160.00,Credit Card,
T000986,2025-11-26 10:33,B04,,,In-store,Coffee,1,85,0.00,85.00,Cash,5
T000987,2025-11-26 10:47,B07,M0051,Brz,In-store,Coffee,1,60,0.00,60.00,QR PromptPay,3
T000988,2025-11-26 12:59,B02,M0222,Silver,In-store,Tea,1,75,0.00,75.00,Cash,
T000989,2025-11-26 14:25,B01,M0189,Silver,App,Coffee,1,60,0.00,60.00,Credit Card,
T000990,2025-11-26 16:09,B04,M0064,Bronze,In-store,Coffee,2,80,0.00,160.00,QR PromptPay,
T000991,2025-11-26 16:11,B05,M0176,Silver,In-store,Tea,2,50,0.00,100.00,Cash,5
T000992,2025-11-26 16:43,B01,M0144,Bronze,App,Tea,3,80,36.00,204.00,Credit Card,
T000993,2025-11-26 16:51,B01,,,App,Bakery,4,60,0.00,240.00,Credit Card,5
T000994,2025-11-26 18:09,B06,M0089,Platinum,App,Coffee,2,100,10.00,190.00,Credit Card,4
T000995,2025-11-26 18:36,B07,M0095,Bronze,App,Bakery,1,55,5.50,49.50,App Wallet,
T000996,2025-11-26 19:37,B07,M0272,Silver,App,Merchandise,2,795,0.00,1590.00,App Wallet,4
T000997,2025-11-27 07:08,B06,M0020,Bronze,Delivery,Coffee,1,110,0.00,110.00,Cash,
T000998,2025-11-27 08:18,B06,M0089,Platinum,In-store,Coffee,1,110,16.50,93.50,QR PromptPay,
T000999,2025-11-27 08:36,B07,M0186,Platinum,In-store,Merchandise,3,350,210.00,840.00,QR PromptPay,3
T000999,2025-11-27 10:05,B07,M0186,Platinum,In-store,Merchandise,-3,350,-210.00,-840.00,QR PromptPay,
T001000,2025-11-27 12:01, B08,M0109,Platinum,In-store,Tea,2,75,22.50,127.50,Cash,
T001001,2025-11-27 12:37,B03,,,In-store,Bakery,1,85,0.00,85.00,Credit Card,
T001002,2025-11-27 12:51,B07,M0087,Silver,In-store,Coffee,1,80,4.00,76.00,Credit Card,
T001003,2025-11-27 13:39,B02,M0222,Silver,App,Bakery,1,105,5.25,99.75,App Wallet,
T001004,2025-11-27 13:52,B01,M0172,bronze,In-store,Tea,1,80,12.00,68.00,Credit Card,
T001005,2025-11-27 15:32,B01,M0269,Platinum,In-store,Merchandise,1,320,0.00,320.00,Cash,4
T001006,2025-11-27 15:32,B03,,,Delivery,Coffee,2,80,0.00,160.00,Credit Card,
T001007,2025-11-27 15:55,B03,M0193,Bronze,In-store,Coffee,1,70,0.00,70.00,Credit Card,
T001008,2025-11-27 16:07,B05,,,In-store,Coffee,1,70,0.00,70.00,QR PromptPay,
T001009,2025-11-27 16:37,B04,M0142,Bronze,App,Coffee,1,110,0.00,110.00,App Wallet,
T001010,2025-11-27 16:41,B06,M0206,Bronze,App,Merchandise,1,255,0.00,255.00,Credit Card,
T001010,2025-11-27 16:41,B06,M0206,Bronze,App,Merchandise,1,255,0.00,255.00,Credit Card,
T001011,2025-11-27 16:46,B04,M0024,Gold,In-store,Bakery,1,110,16.50,93.50,Credit Card,5
T001012,2025-11-27 17:36,B07,,,In-store,Tea,2,85,0.00,170.00,QR PromptPay,3
T001013,2025-11-27 18:04,B01,,,App,Coffee,1,90,0.00,90.00,App Wallet,
T001014,2025-11-27 18:34,B08,M0198,Bronze,Delivery,Tea,1,50,0.00,50.00,Cash,4
T001015,2025-11-27 19:55,B01,,,In-store,Tea,1,65,0.00,65.00,Cash,
T001016,2025-11-28 07:02,B03,M0097,Bronze,In-store,Tea,2,80,0.00,100.00,Credit Card,3
T001017,2025-11-28 07:51,B08,,,Delivery,Coffee,1,70,0.00,70.00,QR PromptPay,
T001018,2025-11-28 08:31,B04,M0059,Bronze,Delivery,Tea,1,60,0.00,60.00,Credit Card,5
T001019,2025-11-28 08:35,B05,,,Delivery,Coffee,4,105,0.00,420.00,Cash,
T001020,2025-11-28 10:02,B01,M0012,Bronze,In-store,Bakery,1,95,0.00,95.00,Cash,4
T001021,2025-11-28 11:29,B02,M0166,Bronze,In-store,Coffee,1,120,0.00,120.00,QR PromptPay,4
T001022,2025-11-28 11:35,B04,M0052,Silver,In-store,Bakery,4,45,0.00,180.00,Credit Card,3
T001023,2025-11-28 12:06,B03,,,In-store,Coffee,1,60,0.00,60.00,QR PromptPay,
T001024,2025-11-28 12:12,B01,M0195,Silver,In-store,Bakery,4,60,0.00,240.00,Cash,4
T001025,2025-11-28 12:17,B04,,,App,Coffee,2,80,0.00,160.00,Credit Card,
T001026,2025-11-28 13:05,B03,M0238,Bronze,In-store,Tea,3,80,0.00,240.00,QR PromptPay,4
T001027,2025-11-28 13:21,B01,,,In-store,Coffee,3,115,0.00,345.00,Cash,3
T001028,2025-11-28 16:47,B04,,,App,Coffee,2,70,0.00,140.00,Credit Card,
T001029,2025-11-28 19:50,B01,,,in-store,Tea,2,75,0.00,150.00,Cash,
T001030,2025-11-29 07:19,B08,M0119,Bronze,App,Coffee,3,100,0.00,300.00,Credit Card,
T001031,2025-11-29 07:35,B07,M0209,Bronze,In-store,Coffee,3,115,0.00,345.00,QR PromptPay,
T001032,2025-11-29 08:10,B08,M0271,Bronze,App,Merchandise,1,650,0.00,650.00,Credit Card,
T001033,2025-11-29 08:33,B08,,,In-store,Coffee,2,55,0.00,110.00,Cash,
T001034,2025-11-29 10:30,B01,M0097,Bronze,In-store,Coffee,2,65,0.00,130.00,Cash,4
T001035,2025-11-29 11:48,B01,M0135,Gold,In-store,Coffee,4,110,0.00,440.00,Credit Card,
T001036,2025-11-29 12:03,B05,,,In-store,Coffee,1,90,0.00,90.00,QR PromptPay,
T001037,2025-11-29 12:09,B01,M0090,Silver,Delivery,Coffee,2,75,15.00,135.00,Credit Card,4
T001038,2025-11-29 12:26,B06,M0020,Bronze,In-store,Bakery,2,85,0.00,170.00,Cash,4
T001039,2025-11-29 12:34,B04,M0223,Bronze,In-store,Coffee,1,110,0.00,110.00,Cash,
T001040,2025-11-29 12:40,B01,,,App,Merchandise,4,305,0.00,1220.00,App Wallet,
T001041,2025-11-29 14:37,B08,M0065,Platinum,In-store,Coffee,1,90,9.00,81.00,QR PromptPay,3
T001042,2025-11-29 16:32,B02,,,In-store,Coffee,1,95,0.00,95.00,QR PromptPay,3
T001043,2025-11-29 16:48,B08,M0072,Bronze,In-store,Coffee,3,100,0.00,300.00,Credit Card,
T001044,2025-11-29 16:59,B07,M0209,Bronze,In-store,Tea,1,55,0.00,55.00,Credit Card,
T001045,2025-11-29 17:56,B01,M0135,Gold,App,Coffee,1,80,12.00,68.00,Credit Card,3
T001046,2025-11-29 18:34,B02,,,In-store,Merchandise,1,695,0.00,695.00,Cash,
T001047,2025-11-29 19:04,B03,M0015,Silver,App,Merchandise,2,485,97.00,873.00,Credit Card,5
T001048,2025-11-29 19:13,B01,M0222,SILVER,Delivery,Tea,1,85,8.50,76.50,Credit Card,
T001049,2025-11-30 07:21,B07,,,In-store,Tea,4,75,0.00,300.00,QR PromptPay,
T001050,2025-11-30 07:47,B03,,,Delivery,Tea,1,75,0.00,75.00,QR PromptPay,5
T001051,2025-11-30 07:55,B05,,,App,Tea,3,70,0.00,210.00,App Wallet,4
T001052,2025-11-30 08:26,B07,M0272,Silver,App,Bakery,1,105,10.50,94.50,Credit Card,
T001053,2025-11-30 08:28,B05,M0016,Gold,App,Tea,4,85,34.00,306.00,App Wallet,3
T001054,2025-11-30 08:50,B07,M0272,Silver,App,Merchandise,1,875,0.00,875.00,Credit Card,
T001055,2025-11-30 09:38,B04,,,In-store,Bakery,4,95,0.00,380.00,Cash,5
T001056,2025-11-30 10:17,B02,,,In-store,Coffee,1,115,0.00,115.00,Credit Card,
T001057,2025-11-30 11:25,B01,M0232,Silver,Delivery,Coffee,3,100,0.00,300.00,QR PromptPay,
T001058,2025-11-30 11:41,B05,M0217,Bronze,Delivery,Coffee,1,60,0.00,60.00,QR PromptPay,
T001059,2025-11-30 12:50,B4,M9723,Silver,Delivery,Coffee,1,60,0.00,60.00,QR PromptPay,
T001060,2025-11-30 13:12,B05,,,App,Coffee,1,60,0.00,60.00,App Wallet,
T001061,2025-11-30 13:49,B04,M0230,bronze,In-store,Coffee,1,65,0.00,65.00,Cash,
T001062,2025-11-30 16:06,B07,M0004,Bronze,In-store,Coffee,1,90,0.00,90.00,Credit Card,
T001063,2025-11-30 18:17,B08,,,Delivery,Coffee,1,55,0.00,55.00,QR PromptPay,4
T001064,2025-11-30 19:41,B07,M0089,Platinum,In-store,Bakery,1,฿60.00,0.00,60.00,Credit Card,
T001065,2025-12-01 07:15,B01,M0011,Bronze,In-store,Coffee,4,60,48.00,192.00,Cash,
T001066,2025-12-01 08:08,B06,M0268,Gold,App,Coffee,3,55,0.00,165.00,Credit Card,
T001067,2025-12-01 08:18,B05,,,App,Coffee,2,110,0.00,220.00,App Wallet,
T001068,2025-12-01 08:49,B03,M0074,Silver,In-store,Coffee,1,115,5.75,109.25,Cash,3
T001069,2025-12-01 09:23,B06,M0089,Platinum,In-store,Coffee,3,60,0.00,180.00,Cash,3
T001070,2025-12-01 09:52,B04,,,In-store,Coffee,2,120,0.00,240.00,QR PromptPay,
T001071,2025-12-01 10:32,B02,M0189,Silver,Delivery ,Coffee,4,55,22.00,198.00,Cash,
T001072,2025-12-01 11:49,B07,M0033,Bronze,App,Coffee,2,70,0.00,140.00,App Wallet,
T001073,2025-12-01 12:28,B07,M0229,Brz,In-store,Bakery,1,65,0.00,65.00,Cash,5
T001074,2025-12-01 12:41,B07,,,App,Coffee,1,60,0.00,60.00,App Wallet,
T001075,2025-12-01 12:58, B08,,,App,Coffee,2,70,0.00,140.00,App Wallet,
T001076,2025-12-01 13:05,B05,,,App,Coffee,2,65,0.00,130.00,Credit Card,
T001077,2025-12-01 13:07,B01,M0090,Silver,In-store,Bakery,1,100,0.00,100.00,QR PromptPay,
T001078,2025-12-01 13:30,B06,M0105,Slvr,App,Coffee,1,85,0.00,85.00,App Wallet,
T001079,2025-12-01 13:53,B01,M0235,Bronze,App,Bakery,3,50,0.00,150.00,App Wallet,4
T001080,2025-12-01 14:01,B01,M0097,Bronze,In-store,Coffee,3,120,0.00,360.00,Credit Card,
T001081,2025-12-01 14:19,B04,,,In-store,Tea,1,75,0.00,75.00,QR PromptPay,4
T001082,2025-12-01 14:49,B03,M0133,Bronze,In-store,Coffee,3,95,0.00,285.00,QR PromptPay,
T001083,2025-12-01 15:00,B03,M0153,Silver,Delivery,Coffee,1,60,0.00,60.00,Cash,
T001084,2025-12-01 16:11,B03,,,In-store,Tea,1,60,0.00,140.00,QR PromptPay,3
T001085,2025-12-01 16:54,B08,,,In-store,Bakery,1,90,0.00,90.00,Credit Card,
T001086,2025-12-01 18:44,B05,M0145,Silver,App,Coffee,1,95,0.00,95.00,Credit Card,4
T001087,2025-12-01 19:06,B07,M0186,Platinum,In-store,Coffee,2,75,15.00,135.00,Credit Card,
T001088,2025-12-01 19:12,B03,M0064,Bronze,In-store,Coffee,2,75,0.00,150.00,Cash,
T001089,2025-12-01 19:20,B03,M0129,Silver,App,Coffee,1,105,0.00,105.00,App Wallet,4
T001090,2025-12-01 19:21,B03,M0250,Bronze,In-store,Bakery,1,50,0.00,50.00,Credit Card,4
T001091,2025-12-01 19:48,B02,,,In-store,Bakery,3,90,0.00,270.00,QR PromptPay,
T001092,2025-12-02 10:13,B08,M0058,Bronze,In-store,Coffee,3,90,0.00,270.00,Credit Card,
T001093,2025-12-02 10:15,B05,,,In-store,Coffee,1,90,0.00,90.00,Cash,
T001094,2025-12-02 12:13,B05,M0016,Gold,In-store,Bakery,1,65,0.00,65.00,QR PromptPay,
T001095,2025-12-02 12:27,B03,M0015,Silver,In-store,Coffee,1,120,24.00,96.00,Cash,
T001096,2025-12-02 12:48,B03,M0211,Plat.,Delivery,Tea,1,90,0.00,90.00,Cash,
T001097,2025-12-02 13:13,B06,M0136,Silver,In-store,Coffee,4,95,0.00,380.00,Cash,
T001098,2025-12-02 13:14,B06,,,App,Bakery,1,85,0.00,85.00,Credit Card,
T001099,2025-12-02 15:49,B01,M0189,Silver,In-store,Tea,1,90,0.00,90.00,Cash,4
T001100,2025-12-02 16:34,B02,M0068,Gold,Delivery,Bakery,2,45,9.00,81.00,Cash,
T001101,2025-12-02 16:37,B05,M0151,Platinum,Delivery,Tea,1,60,0.00,60.00,Credit Card,
T001102,2025-12-02 16:42,B08,M0058,Bronze,delivery,Coffee,1,55,11.00,44.00,Credit Card,3
T001103,2025-12-02 16:52,B02,M0244,Silver,App,Coffee,1,60,0.00,60.00,App Wallet,5
T001104,2025-12-02 16:53,B02,M0107,Silver,Deliv.,Bakery,3,105,0.00,315.00,QR PromptPay,
T001105,2025-12-02 17:23,B06,M0089,Platinum,In store,Tea,1,60,12.00,48.00,Cash,3
T001105,2025-12-02 18:05,B06,M0089,Platinum,In-store,Tea,-1,60,-12.00,-48.00,Cash,
T001106,2025-12-02 19:17,B05,,,Delivery,Coffee,3,60,0.00,180.00,Cash,
T001107,2025-12-03 07:15,B03,M0151,Platinum,In-store,Coffee,1,105,0.00,105.00,Cash,
T001108,2025-12-03 08:20,B06,,,In-store,Bakery,1,105,0.00,105.00,Credit Card,
T001109,2025-12-03 08:25,B03,M0054,Bronze,Delivery,Bakery,2,50,0.00,100.00,QR PromptPay,3
T001110,2025-12-03 09:07,B08,,,In-store,Coffee,2,100,0.00,200.00,QR PromptPay,
T001111,2025-12-03 10:26,B01,M0012,Bronze,In-store,Bakery,1,50,0.00,50.00,Credit Card,
T001112,2025-12-03 11:27,B02,M0161,Silver,In-store,Coffee,2,90,0.00,180.00,Credit Card,
T001113,2025-12-03 11:32,B05,,,In-store,Coffee,2,110,0.00,220.00,Cash,
T001114,2025-12-03 11:51,B01,M0097,Bronze,Delivery,Coffee,3,65,0.00,195.00,QR PromptPay,4
T001115,2025-12-03 12:05,B06,M0222,Silver,App,Coffee,1,60,0.00,60.00,App Wallet,5
T001116,2025-12-03 13:08,B04,M0039,Silver,App,Bakery,1,70,0.00,70.00,Credit Card,
T001117,2025-12-03 13:49,B07,,,In-store,Coffee,1,105,0.00,105.00,QR PromptPay,
T001118,2025-12-03 13:52,B07,M0160,Bronze,App,Tea,1,95,0.00,95.00,Credit Card,
T001119,2025-12-03 14:02,B01,M0112,Silver,Mobile App,Coffee,1,60,12.00,48.00,App Wallet,5
T001120,2025-12-03 14:48,B04,,,In-store,Coffee,1,115,0.00,115.00,Credit Card,4
T001121,2025-12-03 15:25,B01,,,In-store,Bakery,1,60,0.00,60.00,Cash,4
T001122,2025-12-03 16:37,B07,M0209,Bronze,In-store,Coffee,1,60,0.00,60.00,QR PromptPay,
T001123,2025-12-03 17:35,B05,M0105,SILVER,In-store,Coffee,1,105,5.25,99.75,QR PromptPay,
T001124,2025-12-03 18:05,B07,M0069,Bronze,Delivery,Coffee,1,75,0.00,75.00,Credit Card,5
T001125,2025-12-03 18:14,B03,,,App,Coffee,1,100,0.00,100.00,Credit Card,
T001126,2025-12-04 07:46,B01,M0135,Gold,Instore,Merchandise,1,815,40.75,774.25,QR PromptPay,
T001127,2025-12-04 07:47,B07,,,App,Coffee,3,60,0.00,180.00,Credit Card,
T001128,2025-12-04 07:50,B08,,,Delivery,Coffee,4,120,0.00,480.00,QR PromptPay,5
T001129,2025-12-04 08:03,B05,M0217,Bronze,Delivery,Coffee,3,55,0.00,165.00,Cash,
T001130,2025-12-04 09:47,B06,,,App,Coffee,4,80,0.00,320.00,Credit Card,
T001131,2025-12-04 10:16,B02,M0214,Gold,In-store,Coffee,4,80,0.00,320.00,Credit Card,
T001132,2025-12-04 11:04,B02,M0101,Gold,In-store,Tea,1,95,0.00,95.00,QR PromptPay,
T001133,2025-12-04 11:14,B01,M0062,Gold,In-store,Merchandise,1,685,0.00,685.00,Cash,3
T001134,2025-12-04 12:48,B03,,,delivery,Coffee,1,115,0.00,115.00,Cash,5
T001135,2025-12-04 13:43,B07,M0219,Bronze,In-store,Coffee,2,85,0.00,170.00,Cash,
T001136,2025-12-04 14:41,B06,,,In-store,Bakery,1,50,0.00,50.00,QR PromptPay,
T001137,2025-12-04 14:48,B02,M0244,Silver,App,Merchandise,2,325,0.00,650.00,Credit Card,
T001138,2025-12-04 16:08,B06,M9362,Silver,App,Tea,2,85,0.00,170.00,App Wallet,
T001139,2025-12-04 17:46,B06,M0222,Silver,In-store,Coffee,2,115,46.00,184.00,Credit Card,5
T001140,2025-12-04 18:28,B03,M0140,Silver,In-store,Coffee,2,115,0.00,230.00,Credit Card,
T001141,2025-12-04 18:56,B01,M0062,Gold,In-store,Merchandise,2,535,0.00,1070.00,Credit Card,
T001142,2025-12-04 19:24,B05,,,In-store,Merchandise,1,265,0.00,265.00,QR PromptPay,4
T001143,2025-12-05 08:12,B03,M0202,Bronze,In-store,Coffee,1,110,0.00,110.00,QR PromptPay,
T001144,2025-12-05 08:19,B07,,,In-store,Coffee,1,70,0.00,70.00,QR PromptPay,
T001145,2025-12-05 08:46,B02,,,In-store,Coffee,1,90,0.00,90.00,Cash,4
T001146,2025-12-05 08:56,B05,M0080,Bronze,In-store,Coffee,1,90,0.00,90.00,Credit Card,
T001147,2025-12-05 09:32,B08,,,In-store,Coffee,1,65,0.00,65.00,Credit Card,
T001148,2025-12-05 10:03,B06,M0062,Gold,App,Coffee,3,95,28.50,256.50,Credit Card,
T001149,2025-12-05 10:43,B08,M0058,Bronze,In-store,Coffee,3,55,0.00,165.00,QR PromptPay,4
T001150,2025-12-05 12:14,B06,M0070,Platinum,Delivery,Coffee,1,75,0.00,75.00,QR PromptPay,5
T001151,2025-12-05 12:37,B07,M0186,Platinum,In-store,Coffee,4,70,56.00,224.00,Credit Card,
T001152,2025-12-05 12:39,B02,M0039,Silver,App,Tea,2,60,0.00,120.00,Credit Card,
T001153,2025-12-05 13:31,B03,M0211,Platinum,In-store,Merchandise,1,750,150.00,600.00,Cash,
T001154,2025-12-05 14:12,B08,,,App,Coffee,4,115,0.00,460.00,App Wallet,
T001155,2025-12-05 14:29,B08,M0035,Gold,In-store,Bakery,2,100,0.00,200.00,QR PromptPay,
T001156,2025-12-05 14:51,B03,M0140,Silver,In-store,Coffee,1,105,0.00,105.00,Cash,
T001157,2025-12-05 16:06,B03,M0256,Silver,App,Coffee,4,120,0.00,480.00,Credit Card,
T001158,2025-12-05 16:15,B05,M0198,Bronze,In-store,Coffee,1,55,0.00,55.00,Credit Card,5
T001159,2025-12-05 16:24,B05,M0199,Bronze,In-store,Coffee,1,110,0.00,110.00,Credit Card,
T001160,2025-12-05 16:45,B07,M0004,Bronze,App,Coffee,4,80,0.00,320.00,Credit Card,
T001161,2025-12-05 16:53,B06,,,In-store,Bakery,2,80,0.00,160.00,QR PromptPay,
T001162,2025-12-05 17:49,B06,M0262,Silver,In-store,Merchandise,2,620,0.00,1240.00,Cash,3
T001163,2025-12-05 17:50,B01,M0021,Gold,In-store,Coffee,4,120,0.00,480.00,QR PromptPay,2
T001164,2025-12-05 18:15,B02,,,Delivery,Coffee,2,75,0.00,150.00,Credit Card,
T001165,2025-12-05 18:45,B01,M0004,Bronze,In-store,Tea,2,50,0.00,100.00,Credit Card,
T001166,2025-12-05 18:58,B02,M0088,Gold,App,Bakery,1,105,0.00,105.00,App Wallet,5
T001167,2025-12-05 19:20,B01,M0135,Gold,In-store,Coffee,2,80,24.00,136.00,Credit Card,
T001168,2025-12-05 19:55,B04,,,Delivery,Coffee,3,90,0.00,270.00,QR PromptPay,
T001169,2025-12-06 07:13,B07,M0185,Bronze,App,Coffee,4,120,0.00,480.00,Credit Card,
T001170,2025-12-06 07:50,B03,M9320,Bronze,In-store,Coffee,1,110,16.50,93.50,Credit Card,3
T001171,2025-12-06 08:02,B04,M0018,Bronze,In-store,Tea,3,75,0.00,225.00,Cash,4
T001172,2025-12-06 08:24,B07,M0118,Bronze,In-store,Coffee,1,55,0.00,55.00,Cash,4
T001173,2025-12-06 09:22,B04,,,Delivery,Coffee,1,75,0.00,75.00,Credit Card,4
T001174,2025-12-06 09:40,B08,,,In-store,Coffee,4,55,0.00,210.00,QR PromptPay,4
T001175,2025-12-06 11:08,B07,M0151,Platinum,In-store,Bakery,1,75,0.00,75.00,Credit Card,
T001176,2025-12-06 12:59,B07,M0219,Bronze,In store,Bakery,2,95,0.00,190.00,QR PromptPay,
T001176,2025-12-06 13:07,B07,M0219,Bronze,In-store,Bakery,-2,95,-0.00,-190.00,QR PromptPay,
T001177,2025-12-06 13:10,B07,,,In-store,Coffee,2,105,0.00,210.00,QR PromptPay,
T001178,2025-12-06 13:48,B08,M0065,Platinum,App,Tea,2,90,9.00,171.00,App Wallet,
T001179,2025-12-06 15:41,B01,M0189,Silver,In-store,Merchandise,4,480,0.00,1920.00,Cash,
T001180,2025-12-06 16:00,B01,M0090,Silver,In-store,Coffee,2,100,0.00,200.00,Cash,
T001181,2025-12-06 16:13,B03,M0089,Platinum,In-store,Merchandise,1,450,67.50,382.50,QR PromptPay,
T001182,2025-12-06 16:48,B04,M0264,Silver,App,Merchandise,2,790,0.00,1580.00,Credit Card,
T001183,2025-12-06 17:03,B01,M0216,Silver,In-store,Bakery,4,50,0.00,200.00,Cash,3
T001184,2025-12-06 18:51,B05,,,In-store,Bakery,2,95,0.00,190.00,QR PromptPay,3
T001185,2025-12-06 19:06,B06,M0089,Platinum,Delivery,Coffee,3,70,10.50,199.50,Credit Card,
T001186,2025-12-07 07:00,B06,M0070,Platinum,In-store,Coffee,1,95,9.50,85.50,QR PromptPay,
T001187,2025-12-07 07:52,B06,M0089,Platinum,In-store,Bakery,3,100,0.00,300.00,QR PromptPay,
T001188,2025-12-07 08:05,B01,,,App,Coffee,1,90,0.00,90.00,Credit Card,
T001189,2025-12-07 08:34,B01,M0151,Platinum,In-store,Coffee,3,120,18.00,342.00,Cash,
T001190,2025-12-07 09:13,B06,M0089,Platinum,In-store,Coffee,3,60,9.00,171.00,QR PromptPay,4
T001191,2025-12-07 09:20,B02,M0018,Bronze,In-store,Tea,3,90,0.00,270.00,Cash,
T001192,2025-12-07 11:48,B03,,,In-store,Tea,1,90,0.00,90.00,Cash,4
T001193,2025-12-07 12:53,B07,,,In-store,Coffee,4,85,0.00,340.00,Credit Card,
T001194,2025-12-07 13:10,B02,M0275,Bronze,In-store,Bakery,2,60,0.00,120.00,Credit Card,
T001195,2025-12-07 13:40,B08,,,In-store,Coffee,2,90,0.00,180.00,Credit Card,
T001196,2025-12-07 13:52,B04,,,App,Coffee,2,60,0.00,120.00,Credit Card,
T001197,2025-12-07 13:59,B08,,,In-store,Coffee,1,55,0.00,55.00,Cash,
T001198,2025-12-07 17:19,B01,,,In-store,Bakery,2,50,0.00,100.00,Credit Card,
T001199,2025-12-07 17:23,B07,M0271,Bronze,App,Tea,1,60,0.00,60.00,Credit Card,3
T001200,2025-12-07 18:46,b04,,,Delivery,Coffee,3,120,0.00,360.00,Credit Card,
T001201,2025-12-07 19:09,B01,M0151,Platinum,In-store,Bakery,1,110,5.50,104.50,Credit Card,
T001202,2025-12-08 07:20,B04,M0039,Silver,Delivery,Coffee,2,80,0.00,160.00,QR PromptPay,
T001203,2025-12-08 08:27,B05,M0164,Silver,App,Coffee,1,90,0.00,90.00,App Wallet,
T001204,2025-12-08 08:46,B02,M0264,Silver,In-store,Coffee,1,70,3.50,66.50,Credit Card,
T001205,2025-12-08 08:49,B06,M0064,Bronze,Delivery,Bakery,1,70,0.00,70.00,Credit Card,
T001206,2025-12-08 08:51,B03,,,In-store,Bakery,3,110,0.00,330.00,Credit Card,3
T001207,2025-12-08 10:11,B6,M0089,Platinum,Delivery,Coffee,1,90,0.00,90.00,Credit Card,
T001208,2025-12-08 11:21,B03,M0013,Bronze,In-store,Tea,1,70,0.00,70.00,Cash,
T001209,2025-12-08 11:27,B01,M0151,Platinum,In-store,Tea,1,80,0.00,80.00,QR PromptPay,
T001210,2025-12-08 11:49,B06,M0259,Silver,App,Coffee,1,60,0.00,60.00,Credit Card,4
T001211,2025-12-08 12:17,B06,M0240,Silver,In-store,Coffee,2,55,0.00,110.00,QR PromptPay,
T001212,2025-12-08 12:27,B04,,,App,Bakery,2,65,0.00,130.00,App Wallet,
T001212,2025-12-08 12:27,B04,,,App,Bakery,2,65,0.00,130.00,App Wallet,
T001213,2025-12-08 13:03,B02,M0166,Bronze,In-store,Bakery,1,80,0.00,80.00,Cash,
T001214,2025-12-08 13:09,B03,,,Delivery,Bakery,2,95,0.00,190.00,Cash,
T001215,2025-12-08 13:10,B07,M0004,Bronze,In-store,Coffee,1,75,0.00,75.00,Credit Card,3
T001216,2025-12-08 13:24,B02,,,Instore,Bakery,1,100,0.00,100.00,QR PromptPay,
T001217,2025-12-08 13:42,B6,M0089,Platinum,In-store,Coffee,1,120,12.00,108.00,Cash,
T001218,2025-12-08 13:55,B06,M0095,Bronze,Delivery,Coffee,1,85,0.00,85.00,Credit Card,5
T001219,2025-12-08 15:35,B01,M0048,Silver,In-store,Bakery,1,100,0.00,100.00,Credit Card,
T001220,2025-12-08 15:43,B06,M0244,Silver,In-store,Coffee,2,55,5.50,104.50,Cash,
T001221,2025-12-08 16:59,B07,M0160,Bronze,In-store,Coffee,1,85,0.00,85.00,Cash,
T001222,2025-12-08 17:33,B08,,,In-store,Tea,1,60,0.00,60.00,Cash,2
T001223,2025-12-08 17:43, B02,,,In-store,Coffee,1,120,0.00,120.00,Cash,
T001224,2025-12-08 18:21,B02,M0007,Gold,In-store,Coffee,1,70,7.00,63.00,Cash,5
T001225,2025-12-08 19:49,B04,M0039,Silver,App,Bakery,1,110,5.50,104.50,Credit Card,
T001226,2025-12-09 07:44,B05,M0130,Gold,App,Coffee,2,95,38.00,152.00,Credit Card,
T001227,2025-12-09 08:34,B06,M0066,Bronze,In-store,Bakery,1,65,0.00,65.00,QR PromptPay,5
T001228,2025-12-09 10:28,B07,M0229,Bronze,App,Coffee,2,55,0.00,110.00,Credit Card,
T001228,2025-12-09 10:46,B07,M0229,Bronze,App,Coffee,-2,55,-0.00,-110.00,Credit Card,
T001229,2025-12-09 11:55,B01,,,In-store,Coffee,1,120,0.00,120.00,Credit Card,5
T001230,2025-12-09 12:24,B01,M0151,Platinum,In-store,Tea,1,75,11.25,63.75,Cash,
T001231,2025-12-09 13:10,B08,M0065,Platinum,In-store,Coffee,3,70,10.50,199.50,QR PromptPay,
T001232,2025-12-09 13:53,B02,,,App,Coffee,1,75,0.00,75.00,Credit Card,
T001233,2025-12-09 15:00,B03,M0075,Bronze,App,Coffee,1,80,0.00,80.00,Credit Card,
T001234,2025-12-09 16:02,B03,M0250,Bronze,In-store,Coffee,4,65,0.00,260.00,QR PromptPay,
T001235,2025-12-09 16:43,B08,M0118,Bronze,Delivery,Bakery,2,85,17.00,153.00,QR PromptPay,
T001236,2025-12-09 16:49,B05,M0176,Silver,Delivery,Coffee,1,60,0.00,60.00,Credit Card,
T001237,2025-12-09 17:02,B06,M0268,Gold,In-store,Tea,1,80,0.00,80.00,Credit Card,5
T001238,2025-12-09 17:59,B02,M0214,Gold,In store,Coffee,1,90,0.00,180.00,Cash,
T001239,2025-12-09 18:37,B06,M0029,Silver,App,Coffee,1,70,0.00,70.00,App Wallet,
T001240,2025-12-09 19:53,B03,,,In-store,Coffee,1,80,0.00,80.00,Cash,
T001241,2025-12-10 08:23,B05,,,In-store,Coffee,3,75,0.00,225.00,Credit Card,
T001242,2025-12-10 08:32,B06,M0136,Silver,In-store,Coffee,1,80,4.00,76.00,Cash,
T001243,2025-12-10 08:47,B02,,,In-store,Merchandise,2,690,0.00,1380.00,Cash,
T001244,2025-12-10 09:33,B08,M0065,Platinum,In-store,Coffee,2,70,28.00,112.00,Cash,5
T001245,2025-12-10 10:37,B06,M0089,Platinum,App,Coffee,1,60,0.00,60.00,Credit Card,3
T001246,2025-12-10 11:24,B01,M0201,Silver,In-store,Coffee,1,110,11.00,99.00,Cash,
T001247,2025-12-10 11:54,B04,,,In-store,Tea,4,95,0.00,380.00,Credit Card,2
T001248,2025-12-10 12:41,B07,,,App,Bakery,1,50,0.00,50.00,Credit Card,
T001248,2025-12-10 12:41,B07,,,App,Bakery,1,50,0.00,50.00,Credit Card,
T001249,2025-12-10 14:11,B03,,,Delivery,Merchandise,1,885,0.00,885.00,QR PromptPay,
T001250,2025-12-10 15:03,B07,M0195,Silver,In-store,Coffee,2,95,28.50,161.50,QR PromptPay,5
T001251,2025-12-10 17:16,B03,M0015,Silver,In-store,Coffee,2,65,0.00,130.00,Cash,4
T001252,2025-12-10 19:04,B05,M0151,Platinum,App,Tea,2,90,36.00,144.00,Credit Card,
T001253,2025-12-10 19:14,B04,M0249,Bronze,App,Bakery,1,55,0.00,55.00,App Wallet,4
T001254,2025-12-11 07:05,B03,M0146,Bronze,In-store,Coffee,1,75,7.50,67.50,QR PromptPay,
T001255,2025-12-11 07:26,B03,M0064,Bronze,In-store,Tea,2,60,0.00,120.00,QR PromptPay,5
T001256,2025-12-11 07:28,B02,,,App,Bakery,4,55,0.00,220.00,Credit Card,5
T001257,2025-12-11 07:36,B02,M0065,Platinum,In-store,Coffee,2,95,38.00,152.00,Credit Card,
T001258,2025-12-11 08:04,B01,M0034,Silver,App,Coffee,3,100,0.00,300.00,Credit Card,4
T001259,2025-12-11 08:24,B06,M0250,Bronze,In-store,Bakery,3,110,0.00,330.00,Cash,4
T001260,2025-12-11 09:23,B05,M0244,Silver,App,Coffee,1,80,16.00,64.00,Credit Card,4
T001261,2025-12-11 10:12,B07,M0118,Bronze,App,Coffee,2,90,0.00,180.00,Credit Card,
T001262,2025-12-11 10:45,B03,M0241,Bronze,In-store,Coffee,2,55,0.00,100.00,Cash,
T001263,2025-12-11 11:27,B03,,,App,Coffee,1,70,0.00,70.00,Credit Card,
T001264,2025-12-11 12:06,B07,,,In-store,Tea,2,55,0.00,110.00,Credit Card,
T001265,2025-12-11 12:23,B06,M0220,platinum,App,Coffee,3,80,0.00,240.00,Credit Card,
T001266,2025-12-11 12:35,B07,M0042,Bronze,In-store,Coffee,1,65,0.00,65.00,Cash,3
T001267,2025-12-11 12:36,B02,,,In-store,Merchandise,1,475,0.00,475.00,Cash,
T001268,2025-12-11 12:53,B08,M0268,Gold,In-store,Bakery,2,100,0.00,200.00,Cash,
T001269,2025-12-11 13:22,B05,,,Instore,Tea,1,85,0.00,85.00,QR PromptPay,3
T001270,2025-12-11 13:58,B03,M0064,Bronze,Mobile App,Coffee,2,75,0.00,150.00,App Wallet,
T001271,2025-12-11 14:38,B03,M0238,Bronze,App,Coffee,1,55,0.00,55.00,Credit Card,3
T001272,2025-12-11 16:03,B08,M0010,Silver,In-store,Coffee,1,80,0.00,80.00,Cash,
T001273,2025-12-11 16:37,B07,M0021,Gold,In-store,Bakery,1,80,16.00,64.00,QR PromptPay,5
T001274,2025-12-11 19:32,B01,M0048,Silver,In-store,Tea,3,50,0.00,150.00,Credit Card,
T001275,2025-12-12 08:07,B07,M0209,Bronze,In-store,Coffee,1,110,0.00,110.00,QR PromptPay,
T001276,2025-12-12 08:09,B08,M0126,Bronze,In-store,Coffee,1,75,0.00,75.00,Credit Card,
T001277,2025-12-12 08:14,B01,,,App,Tea,4,50,0.00,200.00,Credit Card,
T001278,2025-12-12 09:09,B06,M0166,Bronze,In-store,Tea,2,75,0.00,150.00,QR PromptPay,4
T001279,2025-12-12 09:51,B01,M0034,Silver,App,Bakery,1,80,8.00,72.00,Credit Card,1
T001280,2025-12-12 10:28,B03,,,In-store,Bakery,2,65,0.00,130.00,Cash,5
T001281,2025-12-12 11:38,B05,M0217,Bronze,In-store,Bakery,1,95,0.00,95.00,QR PromptPay,
T001282,2025-12-12 12:59,B01,,,App,Tea,1,80,0.00,80.00,App Wallet,4
T001283,2025-12-12 14:03,B07,,,App,Coffee,1,85,0.00,85.00,App Wallet,4
T001284,2025-12-12 14:40,B04,,,In-store,Coffee,1,100,0.00,100.00,QR PromptPay,5
T001285,2025-12-12 15:04,B02,,,In-store,Coffee,2,70,0.00,140.00,Cash,3
T001286,2025-12-12 15:56,B04,M0192,Bronze,Delivery,Coffee,3,75,0.00,225.00,QR PromptPay,4
T001287,2025-12-12 16:18,B01,M0232,Silver,In-store,Merchandise,1,315,0.00,315.00,QR PromptPay,
T001288,2025-12-12 18:53,B01,,,In-store,Coffee,1,90,0.00,90.00,QR PromptPay,
T001289,2025-12-13 08:47,B02,M0265,Bronze,In-store,Merchandise,1,625,0.00,625.00,QR PromptPay,5
T001290,2025-12-13 09:07,B06,M0002,Bronze,In-store,Merchandise,3,545,81.75,1553.25,QR PromptPay,
T001291,2025-12-13 09:13,B04,,,In-store,Tea,4,80,0.00,320.00,Cash,
T001292,2025-12-13 09:15,B08,M0126,Bronze,Delivery,Coffee,2,105,0.00,210.00,QR PromptPay,4
T001293,2025-12-13 09:57,B07,,,App,Coffee,1,75,0.00,75.00,App Wallet,
T001294,2025-12-13 10:14,B05,M0164,Silver,Delivery,Bakery,2,75,0.00,150.00,Credit Card,
T001295,2025-12-13 10:35,B06,M0136,Silver,In-store,Coffee,2,105,0.00,210.00,QR PromptPay,4
T001296,2025-12-13 10:59,B03,M0252,Bronze,Delivery,Tea,1,75,0.00,75.00,Cash,
T001297,2025-12-13 11:15,B1,M0090,Silver,In-store,Coffee,2,120,24.00,216.00,Credit Card,2
T001298,2025-12-13 11:47,B06,M0240,Silver,In-store,Coffee,1,95,0.00,95.00,Cash,2
T001299,2025-12-13 12:37,B01,M0011,Bronze,App,Bakery,1,75,0.00,75.00,App Wallet,
T001300,2025-12-13 12:53,B06,M0264,Silver,App,Coffee,4,90,36.00,324.00,App Wallet,
T001301,2025-12-13 13:02,B07,M0004,Bronze,In-store,Coffee,4,90,54.00,306.00,Cash,4
T001302,2025-12-13 13:05,B06,M0066,Bronze,In-store,Coffee,2,75,22.50,127.50,QR PromptPay,
T001303,2025-12-13 16:07,B03,M0238,Bronze,App,Coffee,2,100,30.00,170.00,App Wallet,2
T001304,2025-12-13 16:11,B05,M0189,Silver,App,Tea,1,60,0.00,60.00,App Wallet,
T001305,2025-12-13 16:29,B08,M0255,Bronze,In-store,Coffee,2,55,0.00,110.00,Credit Card,
T001306,2025-12-13 16:51,B05,,,In-store,Merchandise,3,870,0.00,2610.00,Credit Card,5
T001307,2025-12-13 16:57,B03,M0053,Platinum,App,Coffee,2,110,22.00,198.00,App Wallet,
T001308,2025-12-13 17:12,B01,M0075,Bronze,In-store,Bakery,1,100,0.00,100.00,QR PromptPay,
T001309,2025-12-13 17:24,B03,M0027,Bronze,In-store,Coffee,2,95,0.00,190.00,QR PromptPay,
T001310,2025-12-13 17:28,B05,,,Delivery,Coffee,2,60,0.00,120.00,Cash,
T001311,2025-12-13 18:47,B05,M0202,Bronze,In-store,Tea,2,85,0.00,170.00,Credit Card,5
T001312,2025-12-13 18:54,B07,M0193,Bronze,App,Coffee,2,90,0.00,180.00,Credit Card,4
T001313,2025-12-14 07:39,B04,M0142,Bronze,In-store,Merchandise,1,450,0.00,450.00,Credit Card,4
T001314,2025-12-14 08:06,B01,M0048,Silver,In-store,Coffee,1,85,0.00,85.00,Credit Card,
T001315,2025-12-14 08:33,B06,M0029,SILVER,In-store,Bakery,3,95,0.00,285.00,Credit Card,
T001316,2025-12-14 08:35,B02,M0244,Silver,App,Bakery,3,90,0.00,270.00,App Wallet,3
T001317,2025-12-14 09:05,B03,,,In-store,Bakery,2,105,0.00,210.00,QR PromptPay,
T001318,2025-12-14 09:59,B04,,,App,Coffee,4,85,0.00,340.00,App Wallet,5
T001319,2025-12-14 11:21,B07,M0160,Brz,In-store,Tea,4,60,0.00,240.00,Cash,5
T001320,2025-12-14 11:21,B03,M0158,Silver,Delivery,Coffee,1,90,0.00,90.00,Credit Card,
T001321,2025-12-14 11:36,B06,M0240,Silver,In-store,Coffee,4,85,34.00,306.00,Credit Card,2
T001322,2025-12-14 12:09,B06,M0262,Silver,In-store,Bakery,1,100,0.00,100.00,Cash,
T001323,2025-12-14 12:39,B03,M0074,Silver,Delivery,Coffee,1,90,0.00,90.00,QR PromptPay,
T001324,2025-12-14 12:44,B02,,,In-store,Bakery,3,55,0.00,75.00,Cash,
T001325,2025-12-14 12:55,B04,M0115,Bronze,App,Bakery,2,60,0.00,120.00,Credit Card,2
T001326,2025-12-14 13:08,B02,M0244,Silver,Delivery,Coffee,1,100,0.00,100.00,QR PromptPay,4
T001327,2025-12-14 13:52,B03,M0015,Silver,Delivery,Bakery,3,75,0.00,225.00,QR PromptPay,
T001328,2025-12-14 16:05,B05,,,App,Tea,2,60,0.00,120.00,App Wallet,
T001329,2025-12-14 16:08,B04,,,app,Tea,4,75,0.00,300.00,Credit Card,
T001330,2025-12-14 16:11,B08,M0072,Bronze,Delivery,Coffee,4,85,0.00,340.00,Cash,
T001331,2025-12-14 16:14,B06,M0268,Gold,In-store,Coffee,1,55,11.00,44.00,QR PromptPay,
T001332,2025-12-14 16:23,B08,M0126,Bronze,App,Coffee,3,55,24.75,140.25,App Wallet,
T001333,2025-12-14 18:08,B02,M0244,Silver,In-store,Tea,1,60,0.00,60.00,QR PromptPay,
T001334,2025-12-14 18:23,B07,M0124,Silver,App,Merchandise,1,730,0.00,730.00,Credit Card,
T001335,2025-12-14 19:57,B04,,,App,Coffee,1,65,0.00,65.00,Credit Card,
T001336,2025-12-15 07:27,B03,,,In-store,Coffee,4,95,0.00,380.00,Credit Card,3
T001337,2025-12-15 08:04,B06,,,APP,Bakery,1,95,0.00,95.00,App Wallet,4
T001338,2025-12-15 08:55,B03,M0238,Bronze,App,Coffee,1,95,0.00,95.00,App Wallet,3
T001339,2025-12-15 09:37,B02,M0269,Platinum,In-store,Bakery,2,90,0.00,180.00,Cash,
T001340,2025-12-15 10:19,B06,M0198,Brz,In store,Bakery,2,50,0.00,100.00,Credit Card,
T001341,2025-12-15 11:00,B01,,,App,Coffee,3,100,0.00,300.00,Credit Card,3
T001342,2025-12-15 12:27,B07,M0247,Silver,In-store,Bakery,1,90,0.00,90.00,Cash,
T001343,2025-12-15 12:46,B02,,,In-store,Tea,1,60,0.00,60.00,Cash,3
T001344,2025-12-15 12:50,B01,M0221,Silver,In store,Tea,2,80,0.00,160.00,Cash,2
T001345,2025-12-15 14:26,B06,M0262,Silver,In-store,Coffee,2,65,0.00,130.00,Credit Card,
T001346,2025-12-15 14:47,B02,M0204,Silver,Delivery,Coffee,2,65,0.00,130.00,QR PromptPay,
T001347,2025-12-15 15:41,B07,M0021,Gold,In-store,Coffee,1,65,13.00,52.00,Cash,
T001348,2025-12-15 16:03,B08,M0024,gold,App,Coffee,3,110,0.00,330.00,Credit Card,
T001349,2025-12-15 16:42,B06,M0222,Silver,App,Coffee,1,80,4.00,76.00,App Wallet,3
T001350,2025-12-15 16:49,B6,,,App,Coffee,1,70,0.00,70.00,Credit Card,
T001351,2025-12-15 16:54,B08,M0092,Bronze,In-store,Coffee,1,60,0.00,60.00,Credit Card,
T001352,2025-12-15 16:57,B05,M0268,Gold,In-store,Coffee,1,100,0.00,100.00,QR PromptPay,
T001352,2025-12-15 17:09,B05,M0268,Gld,In-store,Coffee,-1,100,-0.00,-100.00,QR PromptPay,
T001353,2025-12-15 17:11,B02,,,In-store,Bakery,2,100,0.00,200.00,Cash,
T001354,2025-12-15 19:14,B3,M0259,Silver,App,Bakery,1,90,18.00,72.00,App Wallet,3
T001355,2025-12-15 19:23,B05,,,In-store,Bakery,1,55,0.00,55.00,Credit Card,
T001356,2025-12-16 08:36,B08,,,In-store,Coffee,1,75,0.00,75.00,Credit Card,
T001357,2025-12-16 08:41,B01,M0008,Bronze,In-store,Coffee,1,115,0.00,115.00,QR PromptPay,
T001358,2025-12-16 13:19,B08,,,In-store,Coffee,1,110,0.00,110.00,Cash,
T001359,2025-12-16 13:23,B03,M0027,Bronze,App,Tea,1,85,0.00,85.00,Credit Card,5
T001360,2025-12-16 13:41,B06,M0151,Platinum,In-store,Merchandise,3,490,0.00,1470.00,QR PromptPay,
T001361,2025-12-16 13:52,B03,M0250,Bronze,In-store,Tea,1,85,0.00,85.00,QR PromptPay,
T001362,2025-12-16 15:09,B05,M0016,Gold,In-store,Coffee,1,55,2.75,52.25,Cash,
T001362,2025-12-16 15:09,B05,M0016,Gold,In-store,Coffee,1,55,2.75,52.25,Cash,
T001363,2025-12-16 15:43,B07,,,In-store,Tea,3,55,0.00,165.00,QR PromptPay,4
T001362,2025-12-16 16:09,B05,M0016,Gold,In-store,Coffee,-1,55,-2.75,-52.25,Cash,
T001364,2025-12-16 17:18,B05,,,in-store,Coffee,1,115,0.00,115.00,Credit Card,5
T001365,2025-12-16 17:27,B07,M0185,Bronze,In-store,Bakery,3,75,22.50,202.50,QR PromptPay,5
T001366,2025-12-17 07:45,B02,M0228,Platinum,App,Bakery,1,55,11.00,44.00,Credit Card,
T001367,2025-12-17 08:10,B02,M0068,Gold,In-store,Coffee,1,105,0.00,105.00,Credit Card,5
T001368,2025-12-17 08:19,B08,M0109,Platinum,App,Coffee,1,70,14.00,56.00,App Wallet,
T001369,2025-12-17 08:27,B08,M0004,Bronze,In-store,Coffee,4,115,0.00,460.00,Credit Card,4
T001370,2025-12-17 08:42,B03,,,In-store,Coffee,1,60,0.00,60.00,QR PromptPay,
T001371,2025-12-17 08:50,B02,M0180,Bronze,App,Tea,2,85,0.00,170.00,App Wallet,
T001372,2025-12-17 08:57,B03,M0041,Platinum,in-store,Coffee,2,120,36.00,204.00,Cash,
T001373,2025-12-17 09:27,B04,,,App,Bakery,4,100,0.00,400.00,App Wallet,5
T001374,2025-12-17 09:33,B05,M0164,Silver,In-store,Tea,1,60,12.00,48.00,Credit Card,5
T001375,2025-12-17 09:43,B07,M0004,Bronze,App,Coffee,1,90,0.00,90.00,App Wallet,5
T001376,2025-12-17 10:17,B07,,,App,Coffee,1,70,0.00,140.00,App Wallet,
T001377,2025-12-17 12:15,B05,,,App,Tea,2,95,0.00,190.00,App Wallet,
T001378,2025-12-17 12:39,B02,,,In-store,Tea,4,55,0.00,220.00,Credit Card,
T001379,2025-12-17 13:03,B06,M0167,GOLD,In-store,Coffee,3,85,0.00,255.00,Credit Card,
T001380,2025-12-17 13:30,B06,M0222,Silver,In-store,Coffee,3,60,36.00,144.00,Credit Card,
T001381,2025-12-17 13:54,B06,,,In-store,Coffee,3,70,0.00,210.00,Cash,3
T001382,2025-12-17 14:23,B01,M0051,BRONZE,In store,Coffee,2,95,28.50,161.50,QR PromptPay,4
T001383,2025-12-17 15:42,B06,M0061,Silver,In-store,Tea,1,65,0.00,65.00,Cash,3
T001384,2025-12-17 15:58,B06,M0262,Silver,App,Tea,3,65,0.00,195.00,App Wallet,2
T001385,2025-12-17 16:23,B03,M0250,Bronze,In-store,Merchandise,2,780,0.00,1560.00,QR PromptPay,
T001386,2025-12-17 16:26,B04,M0230,Bronze,In-store,Coffee,1,55,0.00,55.00,QR PromptPay,
T001387,2025-12-17 17:26,B01,,,Instore,Coffee,1,55,0.00,55.00,QR PromptPay,5
T001388,2025-12-17 17:37,B03,M0074,Silver,App,Coffee,2,115,46.00,184.00,Credit Card,
T001389,2025-12-17 18:53,B03,,,App,Bakery,1,95,0.00,95.00,Credit Card,
T001390,2025-12-17 19:01,B06,M0089,Platinum,App,Tea,2,55,0.00,110.00,Credit Card,
T001391,2025-12-18 07:28,B08,M0036,Gold,App,Merchandise,1,470,0.00,470.00,Credit Card,
T001392,2025-12-18 09:00,B02,M0121,Gold,App,Coffee,2,95,0.00,190.00,Credit Card,
T001393,2025-12-18 09:48, B01,,,Delivery ,Bakery,4,90,0.00,360.00,QR PromptPay,3
T001394,2025-12-18 11:16,B08,M0065,Platinum,In-store,Coffee,3,105,47.25,267.75,Cash,3
T001395,2025-12-18 12:04,B06,M0066,Bronze,In-store,Bakery,1,75,0.00,75.00,Cash,4
T001396,2025-12-18 12:18,B06,,,In-store,Coffee,1,110,0.00,110.00,QR PromptPay,
T001397,2025-12-18 12:38,B08,M0210,Bronze,in-store,Coffee,1,100,10.00,90.00,QR PromptPay,
T001398,2025-12-18 12:41,B08,M0202,Bronze,In-store,Coffee,1,105,0.00,105.00,Cash,5
T001399,2025-12-18 12:44,B06,M0072,Bronze,In-store,Bakery,1,95,0.00,95.00,QR PromptPay,
T001400,2025-12-18 13:13,B04,M0142,Bronze,In-store,Coffee,1,120,0.00,120.00,Credit Card,4
T001401,2025-12-18 13:42,B04,,,Delivery,Merchandise,2,420,0.00,840.00,Cash,
T001402,2025-12-18 13:59,B01,M0201,Silver,Delivery,Coffee,1,90,13.50,76.50,Credit Card,3
T001403,2025-12-18 15:55,B02,M0062,Gold,In-store,Bakery,1,50,5.00,45.00,Credit Card,
T001404,2025-12-18 16:19,B07,M0160,Bronze,Delivery,Coffee,2,75,30.00,120.00,Credit Card,
T001405,2025-12-18 18:03,B02,M0272,Silver,Delivery,Coffee,1,120,0.00,120.00,QR PromptPay,
T001406,2025-12-18 18:22,B05,M0130,Gold,App,Coffee,2,70,0.00,140.00,App Wallet,
T001407,2025-12-18 18:28,B07,,,In-store,Coffee,1,105,0.00,105.00,Credit Card,4
T001408,2025-12-18 18:54,B01,M0151,Platinum,In-store,Coffee,3,105,0.00,315.00,Cash,
T001409,2025-12-18 19:15,B08,M0109,Platinum,Delivery,Bakery,2,85,34.00,136.00,Cash,2
T001410,2025-12-18 19:18,B08,,,In-store,Coffee,1,105,0.00,105.00,Cash,
T001411,2025-12-18 19:19,B07,M0124,Silver,App,Coffee,2,120,36.00,204.00,App Wallet,
T001412,2025-12-19 07:45,B06,M0034,SILVER,In-store,Tea,3,50,0.00,150.00,Credit Card,3
T001413,2025-12-19 08:31,B06,M0002,Bronze,In-store,Tea,1,80,0.00,80.00,Cash,4
T001414,2025-12-19 11:15,B02,,,In-store,Coffee,1,105,0.00,105.00,QR PromptPay,
T001415,2025-12-19 11:50,B02,,,In-store,Coffee,1,95,0.00,95.00,Credit Card,
T001416,2025-12-19 13:01,B07,,,In-store,Coffee,3,105,0.00,315.00,Credit Card,
T001417,2025-12-19 13:05,B06,M0198,Bronze,In-store,Coffee,1,85,0.00,85.00,Credit Card,
T001417,2025-12-19 13:05,B06,M0198,Bronze,In-store,Coffee,1,85,0.00,85.00,Credit Card,
T001418,2025-12-19 13:11,B07,M0229,Bronze,App,Bakery,1,100,0.00,100.00,Credit Card,
T001419,2025-12-19 13:38,B04,M0059,Bronze,In-store,Coffee,4,70,0.00,280.00,QR PromptPay,2
T001420,2025-12-19 14:29,B07,M0199,Bronze,In-store,Coffee,3,95,0.00,285.00,Cash,
T001421,2025-12-19 14:56,B05,M0110,Gold,Delivery,Coffee,3,95,42.75,242.25,QR PromptPay,4
T001422,2025-12-19 15:24,B01,M0062,Gold,In-store,Coffee,1,80,0.00,80.00,QR PromptPay,
T001423,2025-12-19 16:00,B02,M0244,Silver,App,Bakery,2,60,0.00,120.00,App Wallet,
T001424,2025-12-19 16:33,B05,M0016,Gold,In-store,Tea,4,55,0.00,220.00,Cash,5
T001425,2025-12-19 17:35,B01,M0221,Silver,App,Bakery,1,90,0.00,90.00,Credit Card,
T001426,2025-12-19 18:21,B04,M0125,Silver,App,Bakery,1,50,0.00,50.00,Credit Card,2
T001427,2025-12-19 19:03,B04,,,delivery,Coffee,2,65,0.00,130.00,QR PromptPay,
T001428,2025-12-19 19:09,B01,M0214,Gold,In store,Coffee,1,110,0.00,110.00,QR PromptPay,
T001429,2025-12-19 19:28,B08,M0166,Bronze,Delivery,Coffee,1,110,0.00,110.00,Cash,
T001430,2025-12-20 07:41,B06,M0132,Slvr,App,Tea,1,75,0.00,75.00,App Wallet,
T001431,2025-12-20 07:45,B04,,,App,Coffee,1,80,0.00,80.00,App Wallet,4
T001432,2025-12-20 08:04,B08,M0277,Bronze,App,Bakery,1,75,0.00,75.00,App Wallet,3
T001433,2025-12-20 08:49,B08,M0164,Silver,In-store,Coffee,2,110,33.00,187.00,QR PromptPay,
T001432,2025-12-20 08:54,B08,M0277,Bronze,App,Bakery,-1,75,-0.00,-75.00,App Wallet,
T001434,2025-12-20 09:01,B05,,,In-store,Coffee,1,70,0.00,70.00,QR PromptPay,
T001435,2025-12-20 09:03,B01,M0112,Silver,In-store,Coffee,2,120,0.00,240.00,QR PromptPay,
T001436,2025-12-20 09:11,B02,M0095,Bronze,In-store,Coffee,2,75,0.00,150.00,Credit Card,
T001437,2025-12-20 09:55,B05,M0130,Gold,In-store,Coffee,1,65,3.25,61.75,Cash,
T001438,2025-12-20 10:43, B05,,,In-store,Coffee,1,110,0.00,110.00,Credit Card,3
T001439,2025-12-20 11:23,B01,M0135,Gold,In-store,Bakery,3,110,66.00,264.00,Credit Card,3
T001440,2025-12-20 12:16,B08,M0065,platinum,In-store,Tea,1,75,0.00,75.00,Cash,
T001441,2025-12-20 12:34,B01,M0135,Gold,In-store,Coffee,1,110,5.50,104.50,Cash,
T001442,2025-12-20 13:04,B05,M0048,Silver,In-store,Coffee,2,95,0.00,190.00,Credit Card,
T001443,2025-12-20 13:13,B04,,,In-store,Coffee,2,55,0.00,110.00,QR PromptPay,4
T001444,2025-12-20 13:33,B04,M0115,Bronze,In-store,Coffee,4,120,0.00,480.00,Cash,
T001445,2025-12-20 14:14,B07,M0160,Bronze,Delivery,Coffee,3,55,0.00,165.00,Cash,4
T001446,2025-12-20 14:34,B05,M0217,Bronze,In-store,Coffee,2,115,0.00,230.00,QR PromptPay,
T001447,2025-12-20 14:39,B04,M0062,Gold,App,Tea,4,95,0.00,380.00,App Wallet,3
T001448,2025-12-20 14:42,B02,,,App,Coffee,1,110,0.00,110.00,App Wallet,4
T001449,2025-12-20 14:45,B02,M0151,Platinum,In-store,Coffee,2,105,0.00,210.00,Credit Card,4
T001450,2025-12-20 15:05,B01,M0171,Gold,In-store,Coffee,1,115,23.00,92.00,Credit Card,
T001451,2025-12-20 15:35,B03,,,In-store,Coffee,1,80,0.00,80.00,Credit Card,4
T001452,2025-12-20 16:13,B08,,,In-store,Coffee,4,55,0.00,220.00,QR PromptPay,
T001453,2025-12-20 17:22,B02,M0244,Silver,App,Coffee,1,80,0.00,80.00,App Wallet,3
T001454,2025-12-20 19:57,B03,,,In-store,Coffee,3,110,0.00,330.00,QR PromptPay,4
T001455,2025-12-21 07:32,B01,,,In-store,Bakery,3,65,0.00,195.00,Credit Card,3
T001455,2025-12-21 07:32,B01,,,In-store,Bakery,3,65,0.00,195.00,Credit Card,3
T001456,2025-12-21 08:30,B08,M0072,Bronze,In-store,Coffee,1,80,0.00,80.00,Cash,3
T001457,2025-12-21 08:50,B04,,,In-store,Bakery,1,110,0.00,110.00,Cash,
T001458,2025-12-21 10:28,B03,M9158,Gold,In-store,Coffee,2,80,8.00,152.00,Cash,3
T001459,2025-12-21 10:31,B07,M0030,Bronze,App,Tea,2,60,12.00,108.00,App Wallet,
T001460,2025-12-21 13:21,B08,M0072,Bronze,Deliv.,Coffee,2,85,0.00,170.00,QR PromptPay,
T001461,2025-12-21 13:24,B7,,,In-store,Coffee,3,115,0.00,345.00,Credit Card,
T001462,2025-12-21 14:36,B06,M0070,Platinum,App,Tea,1,90,4.50,85.50,Credit Card,5
T001463,2025-12-21 14:39,B01,,,In-store,Tea,1,50,0.00,50.00,Credit Card,4
T001464,2025-12-21 14:42,B06,M9035,Silver,In-store,Bakery,2,110,0.00,220.00,QR PromptPay,1
T001465,2025-12-21 15:20,B01,M0034,Silver,In-store,Coffee,1,100,0.00,100.00,QR PromptPay,4
T001466,2025-12-21 17:25,B01,M0008,Bronze,Delivery,Coffee,1,90,0.00,90.00,QR PromptPay,
T001467,2025-12-21 17:57,B01,M0151,Platinum,Delivery,Bakery,2,105,0.00,210.00,QR PromptPay,3
T001468,2025-12-22 07:30,B03,M0252,Bronze,In-store,Coffee,1,100,0.00,100.00,Credit Card,
T001469,2025-12-22 07:46,B06,M0029,Silver,In-store,Bakery,4,60,0.00,240.00,Cash,3
T001470,2025-12-22 08:46,b02,,,App,Coffee,1,90,0.00,90.00,Credit Card,
T001471,2025-12-22 08:57,B07,,,In-store,Bakery,4,90,0.00,360.00,QR PromptPay,
T001472,2025-12-22 10:08,B02,M0121,GOLD,In-store,Coffee,2,120,36.00,204.00,Credit Card,3
T001473,2025-12-22 10:41,B04,,,In-store,Bakery,1,฿45.00,0.00,45.00,Cash,
T001474,2025-12-22 11:45,B01,M0050,Gold,In-store,Bakery,1,55,0.00,55.00,Cash,3
T001475,2025-12-22 11:53,B07,M0213,Silver,In-store,Merchandise,1,560,0.00,560.00,Cash,4
T001476,2025-12-22 12:33,B07,,,In-store,Coffee,2,85,0.00,170.00,Cash,
T001477,2025-12-22 12:43,B02,,,Delivery,Merchandise,1,840,0.00,840.00,QR PromptPay,3
T001478,2025-12-22 12:54,B02,M0214,gold,In-store,Coffee,2,85,0.00,170.00,Credit Card,
T001479,2025-12-22 13:00,B04,M0115,Bronze,In-store,Coffee,1,110,16.50,93.50,Cash,
T001480,2025-12-22 13:14,B08,M0109,Platinum,App,Coffee,1,120,24.00,96.00,App Wallet,
T001481,2025-12-22 13:38,B02,M0007,Gold,In-store,Coffee,1,100,0.00,100.00,QR PromptPay,
T001482,2025-12-22 14:08,B01,M0151,Platinum,In-store,Bakery,2,60,18.00,102.00,QR PromptPay,4
T001483,2025-12-22 14:59, B07,M0095,Bronze,In-store,Tea,3,90,0.00,270.00,Credit Card,4
T001484,2025-12-22 15:36,B03,M0053,Platinum,App,Tea,2,65,0.00,130.00,App Wallet,
T001485,2025-12-22 15:55,B01,M0075,Bronze,Mobile App,Coffee,1,60,0.00,60.00,Credit Card,
T001486,2025-12-22 16:52,B07,,,In-store,Coffee,1,65,0.00,65.00,QR PromptPay,
T001485,2025-12-22 17:21,B01,M0075,Bronze,App,Coffee,-1,60,-0.00,-60.00,Credit Card,
T001487,2025-12-22 17:39,B08,M0065,Platinum,In-store,Bakery,1,110,0.00,110.00,Credit Card,
T001488,2025-12-22 17:41,B05,,,In-store,Bakery,4,60,0.00,240.00,Credit Card,
T001489,2025-12-22 18:14,B06,,,Delivery,Bakery,1,50,0.00,50.00,QR PromptPay,5
T001490,2025-12-22 18:16,B06,,,In-store,Bakery,1,105,0.00,105.00,QR PromptPay,
T001491,2025-12-22 19:11, B07,M0271,Bronze,In-store,Bakery,2,80,0.00,160.00,Credit Card,4
T001492,2025-12-23 07:31,B08,M0065,Platinum,In-store,Coffee,1,120,0.00,120.00,Cash,4
T001493,2025-12-23 07:31,B02,,,In-store,Bakery,2,60,0.00,120.00,QR PromptPay,4
T001494,2025-12-23 08:17,B03,M0068,Gold,App,Coffee,2,120,36.00,204.00,Credit Card,
T001495,2025-12-23 08:28,B01,M0151,Platinum,In-store,Coffee,1,115,23.00,92.00,Cash,
T001496,2025-12-23 08:34,B03,M0238,Bronze,In-store,Tea,2,80,0.00,160.00,Credit Card,4
T001497,2025-12-23 08:41,B04,M0215,Silver,In-store,Tea,1,50,10.00,40.00,Credit Card,
T001498,2025-12-23 08:44,B07,M0069,Bronze,In-store,Coffee,2,75,0.00,150.00,Cash,
T001499,2025-12-23 08:58,B05,M0249,Bronze,In-store,Tea,1,95,0.00,95.00,Cash,
T001500,2025-12-23 09:25,B07,M0095,Bronze,In-store,Bakery,1,100,0.00,100.00,QR PromptPay,
T001501,2025-12-23 09:35,B02,M0265,Bronze,In-store,Tea,1,50,0.00,50.00,Cash,
T001502,2025-12-23 10:30,B04,M0192,Bronze,In-store,Coffee,1,95,0.00,95.00,QR PromptPay,4
T001503,2025-12-23 11:25,B07,,,In-store,Coffee,4,100,0.00,400.00,QR PromptPay,
T001504,2025-12-23 11:26,B06,M0056,Silver,Delivery,Coffee,1,65,0.00,65.00,QR PromptPay,
T001505,2025-12-23 13:39,B02,,,In-store,Coffee,1,80,0.00,80.00,Cash,
T001506,2025-12-23 16:01,B08,,,App,Coffee,1,100,0.00,100.00,Credit Card,
T001507,2025-12-23 16:20,B03,M0158,Silver,In-store,Coffee,4,70,14.00,266.00,Credit Card,
T001508,2025-12-23 16:25,B08,M0059,Bronze,In-store,Tea,2,50,0.00,100.00,Credit Card,
T001509,2025-12-23 16:35,B03,M0250,Bronze,Delivery,Coffee,1,65,0.00,65.00,QR PromptPay,3
T001510,2025-12-23 17:11,B05,M0199,Bronze,In-store,Coffee,1,75,0.00,75.00,Cash,4
T001511,2025-12-23 17:41,B03,M0133,Bronze,In-store,Bakery,1,50,0.00,50.00,QR PromptPay,2
T001512,2025-12-23 18:03,B07,,,Delivery,Coffee,2,85,0.00,170.00,QR PromptPay,4
T001513,2025-12-23 19:22,B08,,,Delivery,Coffee,4,60,0.00,240.00,QR PromptPay,
T001514,2025-12-23 19:57,B07,,,App,Coffee,1,90,0.00,90.00,Credit Card,4
T001515,2025-12-23 19:57,B06,M0070,Platinum,Delivery,Tea,3,50,15.00,135.00,QR PromptPay,5
T001516,2025-12-24 07:27,B07,M0209,Bronze,In-store,Coffee,1,115,5.75,109.25,Credit Card,
T001517,2025-12-24 08:11,B01,M0221,Silver,In-store,Coffee,4,60,0.00,240.00,QR PromptPay,
T001518,2025-12-24 08:58,B02,M0244,Silver,In-store,Coffee,1,65,0.00,65.00,Credit Card,
T001519,2025-12-24 09:07,B04,,,App,Merchandise,2,355,0.00,710.00,Credit Card,
T001519,2025-12-24 09:07,B04,,,App,Merchandise,2,355,0.00,710.00,Credit Card,
T001520,2025-12-24 09:18,B07,M0209,Bronze,In-store,Bakery,2,85,0.00,170.00,QR PromptPay,
T001521,2025-12-24 09:46,B08,M0109,Platinum,Delivery,Tea,1,80,0.00,80.00,Cash,
T001522,2025-12-24 11:54,B07,,,In-store,Bakery,3,110,0.00,330.00,QR PromptPay,
T001523,2025-12-24 12:09,B01,M0011,Bronze,In-store,Coffee,1,60,0.00,60.00,Credit Card,
T001524,2025-12-24 12:23,B04,M0024,Gold,In-store,Bakery,4,55,33.00,187.00,QR PromptPay,
T001525,2025-12-24 12:50,B05,M0016,Gold,App,Bakery,3,55,0.00,165.00,App Wallet,
T001526,2025-12-24 12:55,B01,,,In-store,Coffee,1,90,0.00,90.00,Credit Card,4
T001527,2025-12-24 13:19,B03,M0166,Bronze,App,Bakery,1,65,0.00,65.00,App Wallet,
T001528,2025-12-24 13:20,B08,M0171,Gold,In-store,Coffee,4,105,0.00,420.00,Cash,
T001529,2025-12-24 13:41,B06,M0089,Platinum,In-store,Merchandise,2,425,127.50,722.50,QR PromptPay,4
T001530,2025-12-24 13:54,B04,M0039,Silver,App,Bakery,4,55,0.00,220.00,Credit Card,
T001531,2025-12-24 15:32,B07,M0069,Bronze,App,Coffee,1,120,18.00,102.00,App Wallet,4
T001532,2025-12-24 16:17,B07,M0004,Bronze,Delivery,Tea,1,55,0.00,55.00,QR PromptPay,
T001533,2025-12-24 16:21,B03,,,In-store,Coffee,2,100,0.00,200.00,Cash,
T001534,2025-12-24 17:23,B07,M0021,Gold,Delivery,Coffee,3,105,0.00,315.00,Cash,3
T001535,2025-12-24 19:50,B06,M0220,Platinum,In-store,Coffee,1,115,0.00,115.00,Credit Card,
T001536,2025-12-25 08:19,B08,,,In-store,Bakery,1,50,0.00,50.00,QR PromptPay,
T001537,2025-12-25 08:22,B06,M9362,Bronze,In-store,Merchandise,4,705,0.00,2820.00,Cash,
T001538,2025-12-25 08:35,B1,M0034,Silver,Delivery,Bakery,1,75,0.00,75.00,Cash,
T001539,2025-12-25 09:40,B06,M0079,Bronze,App,Coffee,1,110,0.00,110.00,App Wallet,4
T001540,2025-12-25 11:46,B08,M0166,Bronze,In-store,Coffee,4,70,28.00,252.00,Cash,
T001541,2025-12-25 12:37,B06,,,In-store,Coffee,3,85,0.00,255.00,Cash,
T001542,2025-12-25 12:59,B06,M0089,Platinum,In-store,Bakery,1,105,0.00,105.00,Cash,
T001543,2025-12-25 13:00,B06,,,App,Coffee,1,95,0.00,95.00,Credit Card,
T001544,2025-12-25 13:15,B04,M0059,Bronze,In-store,Tea,4,80,0.00,320.00,Credit Card,
T001545,2025-12-25 16:01,B05,,,In-store,Bakery,4,80,0.00,320.00,Credit Card,4
T001546,2025-12-25 16:12,B08,M0031,Gold,Delivery,Coffee,2,65,0.00,130.00,Credit Card,3
T001547,2025-12-25 16:30,B03,M0158,Silver,In-store,Bakery,1,100,5.00,95.00,Credit Card,
T001548,2025-12-25 16:45,B03,M0252,Bronze,In-store,Coffee,2,65,26.00,114.00,Cash,
T001549,2025-12-25 17:07,B01,M0034,Silver,App,Bakery,1,75,0.00,75.00,App Wallet,
T001550,2025-12-25 17:36,B02,M0200,Gold,App,Coffee,1,80,0.00,80.00,App Wallet,
T001551,2025-12-25 18:45,B07,M0115,Bronze,Delivery,Coffee,1,115,0.00,115.00,Cash,3
T001552,2025-12-25 18:57,B07,,,App,Coffee,3,85,0.00,255.00,App Wallet,
T001553,2025-12-25 19:24,B03,M0250,Bronze,In-store,Coffee,2,90,0.00,180.00,Cash,4
T001554,2025-12-25 19:44,B03,M0015,Silver,Delivery,Merchandise,2,305,0.00,610.00,QR PromptPay,
T001555,2025-12-25 19:46,B03,M0154,Platinum,In-store,Tea,3,65,9.75,185.25,Cash,
T001556,2025-12-25 19:48,B08,M0126,Bronze,App,Coffee,1,65,0.00,65.00,Credit Card,
T001557,2025-12-26 07:39,B08,M0109,Platinum,In-store,Bakery,1,80,0.00,80.00,QR PromptPay,4
T001558,2025-12-26 07:57,B02,,,In-store,Bakery,1,50,0.00,50.00,QR PromptPay,
T001559,2025-12-26 08:12,B06,M0262,Silver,App,Coffee,1,110,0.00,110.00,App Wallet,
T001560,2025-12-26 08:58,B01,,,In-store,Coffee,4,55,0.00,220.00,QR PromptPay,4
T001561,2025-12-26 09:05,B08,M0065,Platinum,Delivery,Coffee,1,105,0.00,105.00,Credit Card,
T001562,2025-12-26 10:10,B06,M0020,Bronze,App,Bakery,2,45,0.00,90.00,Credit Card,3
T001563,2025-12-26 10:41,B06,M0015,Silver,Delivery,Coffee,4,65,0.00,260.00,QR PromptPay,
T001564,2025-12-26 10:50,B02,M0166,Bronze,In store,Merchandise,3,685,0.00,2055.00,Cash,
T001565,2025-12-26 12:00,B06,M0020,Bronze,In-store,Bakery,1,80,0.00,80.00,Credit Card,5
T001566,2025-12-26 12:05,B01,M0115,Brz,App,Bakery,1,105,0.00,105.00,Credit Card,
T001567,2025-12-26 12:10,B07,M0042,Bronze,Delivery,Tea,2,80,0.00,160.00,Cash,
T001568,2025-12-26 12:36,B03,M0041,Platinum,App,Bakery,1,45,0.00,45.00,App Wallet,
T001569,2025-12-26 12:40,B03,M0015,Silver,App,Bakery,4,85,68.00,272.00,Credit Card,5
T001570,2025-12-26 13:29,B05,M0176,Silver,App,Coffee,3,85,0.00,255.00,Credit Card,5
T001571,2025-12-26 13:39,B08,M0093,Silver,App,Coffee,2,110,0.00,220.00,Credit Card,3
T001572,2025-12-26 14:52,B01,M0011,Bronze,App,Coffee,1,105,0.00,105.00,Credit Card,
T001573,2025-12-26 16:58,B08,,,App,Coffee,1,85,0.00,85.00,Credit Card,
T001574,2025-12-26 18:54,B05,,,Delivery,Coffee,2,105,0.00,210.00,QR PromptPay,5
T001575,2025-12-26 19:06,B06,M0198,Bronze,In-store,Bakery,2,65,0.00,130.00,Cash,
T001576,2025-12-26 19:16,B07,,,In-store,Coffee,1,65,0.00,65.00,Cash,
T001577,2025-12-27 07:36,B06,M0277,Bronze,Delivery,Merchandise,1,805,0.00,805.00,Credit Card,
T001578,2025-12-27 08:10,B07,,,App,Coffee,4,55,0.00,220.00,App Wallet,
T001579,2025-12-27 08:44,B01,M0020,Bronze,In-store,Coffee,1,120,0.00,120.00,Credit Card,4
T001580,2025-12-27 11:25,B03,M0126,Bronze,In-store,Coffee,2,70,0.00,140.00,QR PromptPay,
T001581,2025-12-27 11:43,B06,M0051,Bronze,In-store,Coffee,1,105,0.00,105.00,QR PromptPay,3
T001582,2025-12-27 12:42,B03,M0074,Silver,In-store,Coffee,2,70,14.00,126.00,Credit Card,
T001583,2025-12-27 12:44,B01,M0090,Silver,App,Coffee,2,90,0.00,180.00,App Wallet,1
T001584,2025-12-27 14:33,B01,M0221,Silver,In-store,Coffee,3,105,0.00,315.00,Credit Card,3
T001585,2025-12-27 15:36,B01,M0097,Bronze,in-store,Coffee,4,75,0.00,300.00,QR PromptPay,
T001586,2025-12-27 16:08,B01,M0066,Bronze,In-store,Bakery,2,45,0.00,90.00,Credit Card,3
T001587,2025-12-27 16:46,B05,,,App,Coffee,2,65,0.00,130.00,Credit Card,
T001588,2025-12-27 17:45,B03,M0167,Gold,App,Bakery,1,80,4.00,76.00,App Wallet,
T001589,2025-12-27 17:59,B01,M0034,Silver,In-store,Bakery,3,50,30.00,120.00,Cash,3
T001590,2025-12-27 18:41,B03,,,In-store,Coffee,1,55,0.00,55.00,Credit Card,
T001591,2025-12-27 19:32,B01,,,Delivery,Coffee,1,65,0.00,65.00,Credit Card,2
T001592,2025-12-28 08:03,B07,M0051,Bronze,In-store,Coffee,1,120,0.00,120.00,Credit Card,
T001593,2025-12-28 08:37,B07,M0185,Bronze,In-store,Coffee,1,85,0.00,85.00,QR PromptPay,
T001594,2025-12-28 08:58,B01,,,In-store,Coffee,1,55,0.00,55.00,QR PromptPay,
T001595,2025-12-28 09:16,B08,M0065,Platinum,In-store,Coffee,3,100,30.00,270.00,QR PromptPay,5
T001596,2025-12-28 09:31,B03,M0074,silver,Delivery,Coffee,2,110,0.00,220.00,Cash,
T001597,2025-12-28 10:03,B01,M0008,Bronze,App,Coffee,2,90,0.00,180.00,Credit Card,4
T001598,2025-12-28 10:51,B07,,,in-store,Merchandise,4,550,0.00,2200.00,Credit Card,4
T001599,2025-12-28 12:16,B02,M0265,Bronze,APP,Tea,1,60,0.00,60.00,Credit Card,
T001600,2025-12-28 15:17,B01,M0151,Platinum,In-store,Tea,1,70,14.00,56.00,Credit Card,3
T001601,2025-12-28 15:18,B04,M0039,Silver,In-store,Coffee,1,55,8.25,46.75,QR PromptPay,
T001601,2025-12-28 15:18,B04,M0039,Silver,In-store,Coffee,1,55,8.25,46.75,QR PromptPay,
T001602,2025-12-28 16:29,B6,M0066,Bronze,App,Merchandise,1,885,0.00,885.00,App Wallet,5
T001603,2025-12-28 16:34,B07,,,In-store,Coffee,2,100,0.00,200.00,QR PromptPay,
T001604,2025-12-28 17:44,B06,,,App,Bakery,4,75,0.00,300.00,Credit Card,4
T001605,2025-12-28 18:01,B02,M0040,Silver,App,Coffee,1,115,0.00,115.00,Credit Card,3
T001606,2025-12-28 19:18,B03,M0153,Silver,In-store,Bakery,4,60,0.00,240.00,QR PromptPay,
T001607,2025-12-28 19:22,B06,M0268,Gold,App,Coffee,1,110,22.00,88.00,App Wallet,
T001608,2025-12-29 10:00,B02,,,Instore,Coffee,1,80,0.00,80.00,Credit Card,
T001609,2025-12-29 12:08,B07,M0229,Bronze,In-store,Bakery,4,110,0.00,440.00,Cash,
T001610,2025-12-29 12:48,B01,M0151,Platinum,Delivery,Coffee,1,120,0.00,120.00,QR PromptPay,
T001611,2025-12-29 13:02,B08,,,In-store,Coffee,1,105,0.00,105.00,QR PromptPay,
T001612,2025-12-29 13:52,B04,M0245,Bronze,In-store,Coffee,1,105,0.00,105.00,Cash,3
T001613,2025-12-29 14:38,B01,M0151,Platinum,In-store,Bakery,1,85,4.25,80.75,Cash,4
T001614,2025-12-29 14:45,B06,M0123,Gold,Delivery,Coffee,2,105,21.00,189.00,Credit Card,
T001615,2025-12-29 19:01,B02,M0275,Bronze,App,Coffee,4,90,0.00,360.00,App Wallet,4
T001616,2025-12-29 19:13,B06,M0189,SILVER,In-store,Coffee,2,65,0.00,130.00,Credit Card,
T001617,2025-12-29 19:25,B02,M0039,Silver,In-store,Coffee,2,60,0.00,120.00,Credit Card,5
T001618,2025-12-29 19:30,B06,M0118,BRONZE,In-store,Coffee,1,95,0.00,95.00,QR PromptPay,
T001619,2025-12-29 19:32,B03,M0064,Bronze,App,Bakery,1,45,0.00,45.00,App Wallet,
T001620,2025-12-30 07:16,B04,M0065,PLATINUM,In-store,Coffee,3,75,11.25,213.75,QR PromptPay,3
T001621,2025-12-30 07:25,B01,M0089,Platinum,Delivery,Coffee,4,85,0.00,340.00,QR PromptPay,4
T001620,2025-12-30 07:56,B04,M0065,Platinum,In-store,Coffee,-3,75,-11.25,-213.75,QR PromptPay,
T001622,2025-12-30 08:03,B01,,,App,Coffee,4,65,0.00,260.00,Credit Card,5
T001623,2025-12-30 08:03,B06,M0259,Silver,In-store,Coffee,1,110,5.50,104.50,Cash,
T001624,2025-12-30 08:15,B06,M0089,Platinum,Delivery,Coffee,1,110,0.00,110.00,Cash,4
T001625,2025-12-30 08:30,B03,M0247,Silver,In-store,Coffee,1,80,0.00,80.00,Credit Card,2
T001626,2025-12-30 08:48,B03,M0167,Gold,In-store,Bakery,1,85,0.00,85.00,QR PromptPay,5
T001627,2025-12-30 08:48,B01,M0062,Gold,App,Coffee,2,110,22.00,198.00,App Wallet,
T001628,2025-12-30 09:42,B04,M0115,Bronze,In-store,Coffee,3,95,0.00,285.00,QR PromptPay,3
T001629,2025-12-30 11:38,B02,M0088,Gold,In-store,Tea,3,85,38.25,216.75,QR PromptPay,
T001630,2025-12-30 11:59,B01,M0151,Platinum,In-store,Tea,1,90,4.50,85.50,Credit Card,
T001631,2025-12-30 12:12,B05,M9362,Platinum,In-store,Tea,4,70,14.00,266.00,Cash,5
T001632,2025-12-30 12:43,B08,M0093,Silver,In-store,Merchandise,2,610,61.00,1159.00,Cash,
T001633,2025-12-30 13:16,B01,M0232,Silver,App,Coffee,1,85,0.00,85.00,App Wallet,4
T001634,2025-12-30 15:34,B06,,,In-store,Bakery,2,45,0.00,90.00,Credit Card,4
T001635,2025-12-30 16:48,B06,M0015,Silver,In-store,Coffee,1,95,0.00,95.00,Cash,
T001636,2025-12-30 18:03,B05,M0072,Bronze,App,Coffee,1,120,0.00,120.00,Credit Card,2
T001637,2025-12-30 19:06,B05,,,App,Bakery,4,55,0.00,220.00,Credit Card,4
T001638,2025-12-30 19:50,B03,,,In-store,Bakery,1,75,0.00,75.00,QR PromptPay,2
T001639,2025-12-30 19:57,B01,,,In-store,Bakery,1,75,0.00,75.00,QR PromptPay,3
T001640,2025-12-31 08:05,B01,,,In-store,Coffee,2,115,0.00,230.00,QR PromptPay,
T001641,2025-12-31 08:20,B04,M0175,Bronze,In-store,Coffee,1,60,0.00,60.00,Cash,3
T001642,2025-12-31 08:57,B01,,,In-store,Coffee,1,90,0.00,90.00,Cash,
T001643,2025-12-31 09:05,B06,M0259,Silver,Delivery,Coffee,1,90,13.50,76.50,Cash,
T001644,2025-12-31 11:19,B03,M0059,Bronze,In-store,Coffee,4,105,0.00,420.00,QR PromptPay,
T001645,2025-12-31 12:05,B04,M0115,Brz,In-store,Bakery,1,105,0.00,105.00,Cash,3
T001646,2025-12-31 12:19,B08,M0174,Silver,Instore,Tea,2,50,0.00,100.00,Cash,
T001647,2025-12-31 12:30,B03,M0027,Bronze,In-store,Tea,3,80,24.00,216.00,Credit Card,3
T001648,2025-12-31 14:02,B03,M0041,Platinum,In-store,Bakery,1,฿80,0.00,80.00,QR PromptPay,
T001649,2025-12-31 15:12,B04,M0192,Bronze,Delivery,Coffee,1,100,0.00,100.00,Credit Card,
T001650,2025-12-31 15:35,B03,,,In-store,Merchandise,4,820,0.00,3280.00,Cash,4
T001651,2025-12-31 15:55,B04,M0039,Silver,App,Bakery,1,90,0.00,90.00,App Wallet,
T001652,2025-12-31 16:33,B04,M0245,Bronze,In-store,Bakery,1,75,0.00,75.00,Credit Card,
T001653,2025-12-31 17:01,B07,M0126,Bronze,In-store,Coffee,4,70,0.00,280.00,Cash,
T001654,2025-12-31 17:28,B01,M0189,Silver,App,Coffee,1,120,0.00,120.00,Credit Card,3
T001655,2025-12-31 17:40,B06,M0002,Bronze,App,Coffee,4,115,0.00,460.00,App Wallet,3
T001656,2025-12-31 18:07,B03,M0215,Silver,App,Bakery,2,85,0.00,170.00,Credit Card,5
T001657,2025-12-31 18:11,B08,M0255,Bronze,In-store,Merchandise,2,780,234.00,1326.00,Cash,4
T001658,2025-12-31 18:26,B06,M9268,Silver,In-store,Coffee,1,80,0.00,80.00,QR PromptPay,2
T001659,2025-12-31 18:54,B07,M0069,Bronze,Delivery,Bakery,4,85,0.00,340.00,QR PromptPay,
T001660,2026-01-01 07:00,B01,M0097,bronze,App,Coffee,2,90,0.00,180.00,App Wallet,3
T001661,2026-01-01 07:07,B06,M0198,Bronze,APP,Bakery,3,75,0.00,225.00,App Wallet,5
T001662,2026-01-01 07:11,B03,,,Instore,Coffee,1,65,0.00,65.00,Credit Card,
T001663,2026-01-01 07:22,B01,M0068,Gold,In-store,Merchandise,2,585,0.00,1170.00,QR PromptPay,
T001664,2026-01-01 08:01,B02,M0195,Silver,In-store,Tea,4,55,0.00,220.00,QR PromptPay,
T001661,2026-01-01 08:35,B06,M0198,Bronze,App,Bakery,-3,75,-0.00,-225.00,App Wallet,
T001665,2026-01-01 08:41,B07,M0004,Bronze,App,Coffee,1,฿70,3.50,66.50,App Wallet,
T001666,2026-01-01 09:16,B03,M0158,Silver,App,Tea,1,90,0.00,90.00,Credit Card,
T001667,2026-01-01 09:19,B7,M0118,Bronze,In-store,Coffee,1,80,0.00,80.00,QR PromptPay,
T001668,2026-01-01 09:20,B01,,,In-store,Tea,1,65,0.00,65.00,QR PromptPay,
T001669,2026-01-01 09:31,B01,M0008,Brz,In-store,Tea,4,95,0.00,380.00,QR PromptPay,
T001670,2026-01-01 10:16,B03,,,In-store,Coffee,3,95,0.00,285.00,QR PromptPay,
T001671,2026-01-01 10:54,B01,M0130,Gold,Delivery,Coffee,1,90,0.00,90.00,Credit Card,
T001672,2026-01-01 11:35,B06,M0002,Bronze,In-store,Coffee,1,70,0.00,70.00,QR PromptPay,3
T001673,2026-01-01 11:36,B06,M0089,Platinum,In-store,Coffee,1,100,5.00,95.00,Cash,
T001674,2026-01-01 11:44,B08,M0036,Gold,App,Coffee,3,90,0.00,270.00,Credit Card,4
T001675,2026-01-01 12:18,B07,,,App,Coffee,1,70,0.00,70.00,App Wallet,3
T001676,2026-01-01 12:23,B06,,,In-store,Coffee,2,85,0.00,170.00,Credit Card,4
T001677,2026-01-01 12:36,B02,M0007,Gold,App,Coffee,1,65,9.75,55.25,Credit Card,
T001678,2026-01-01 12:43,B04,,,In-store,Coffee,1,80,0.00,80.00,QR PromptPay,3
T001679,2026-01-01 13:53, B04,,,In-store,Coffee,3,85,0.00,255.00,Credit Card,
T001680,2026-01-01 13:58,B05,M0095,Bronze,In-store,Bakery,2,85,0.00,170.00,QR PromptPay,4
T001681,2026-01-01 14:55,B07,,,Delivery,Coffee,1,55,0.00,55.00,QR PromptPay,
T001682,2026-01-01 15:11,B02,M0101,Platinum,In-store,Tea,4,90,0.00,360.00,QR PromptPay,4
T001683,2026-01-01 15:42,B05,M0176,Silver,App,Bakery,1,85,0.00,85.00,App Wallet,
T001684,2026-01-01 16:16,B03,M9268,Silver,In-store,Coffee,1,95,0.00,95.00,Cash,
T001685,2026-01-01 16:49,B08,,,In-store,Bakery,1,70,0.00,70.00,QR PromptPay,
T001686,2026-01-01 17:38,B05,M0217,Bronze,In-store,Bakery,4,80,0.00,320.00,Credit Card,
T001687,2026-01-01 18:59,B06,M0105,Silver,In-store,Coffee,2,120,0.00,240.00,QR PromptPay,
T001688,2026-01-01 19:27,B07,,,Delivery,Coffee,3,90,0.00,270.00,Credit Card,4
T001689,2026-01-01 19:56,B04,,,In-store,Merchandise,4,755,0.00,3020.00,Credit Card,4
T001690,2026-01-02 07:41,B07,M0124,Silver,In-store,Bakery,3,55,0.00,165.00,QR PromptPay,
T001691,2026-01-02 08:08,B03,M0070,Platinum,Delivery,Coffee,4,70,0.00,280.00,QR PromptPay,
T001692,2026-01-02 08:49,B02,,,App,Coffee,1,75,0.00,75.00,App Wallet,
T001693,2026-01-02 08:54,B07,,,In-store,Coffee,4,65,0.00,260.00,Credit Card,
T001694,2026-01-02 08:58,B07,,,In-store,Coffee,1,80,0.00,80.00,Cash,
T001695,2026-01-02 09:14,B08,,,In-store,Coffee,1,95,0.00,95.00,Credit Card,
T001696,2026-01-02 10:12,B01,M0135,Gold,Delivery,Bakery,3,75,0.00,225.00,Cash,3
T001697,2026-01-02 10:21,B08,M0174,Silver,In-store,Coffee,1,60,0.00,60.00,Credit Card,4
T001698,2026-01-02 10:31,B08,,,In-store,Tea,2,95,0.00,190.00,Cash,
T001699,2026-01-02 10:42,B08,,,In-store,Bakery,2,110,0.00,220.00,QR PromptPay,
T001700,2026-01-02 11:28,B08,M0035,Gold,In-store,Coffee,4,55,0.00,220.00,Cash,
T001701,2026-01-02 11:43,B02,,,Delivery,Bakery,1,75,0.00,75.00,Credit Card,4
T001702,2026-01-02 11:46,B01,,,App,Coffee,1,120,0.00,120.00,Credit Card,4
T001703,2026-01-02 12:16,B01,M0122,Bronze,App,Coffee,4,65,0.00,260.00,Credit Card,4
T001704,2026-01-02 12:24,B01,M0048,Slvr,In-store,Coffee,1,85,4.25,80.75,Cash,3
T001705,2026-01-02 12:26,B04,M0166,Bronze,In-store,Bakery,1,60,0.00,60.00,QR PromptPay,3
T001706,2026-01-02 12:35,B06,M0089,Platinum,In-store,Coffee,1,80,8.00,72.00,Cash,
T001707,2026-01-02 13:16,B06,M0268,Gold,In-store,Tea,3,85,0.00,255.00,Credit Card,
T001708,2026-01-02 13:38,B01,,,In-store,Tea,2,90,0.00,180.00,Cash,3
T001709,2026-01-02 13:54,B07,,,App,Coffee,1,70,0.00,70.00,Credit Card,4
T001710,2026-01-02 15:10,B08,M0224,Bronze,In-store,Bakery,1,80,0.00,80.00,Cash,4
T001711,2026-01-02 15:38,B06,M0135,Gold,App,Bakery,3,50,0.00,150.00,App Wallet,3
T001712,2026-01-02 16:14,B03,M0209,Bronze,In-store,Coffee,2,80,32.00,128.00,Credit Card,5
T001713,2026-01-02 16:23,B03,M0211,Platinum,In-store,Coffee,3,90,54.00,216.00,QR PromptPay,3
T001714,2026-01-02 18:25,B06,M0268,Gold,App,Coffee,4,105,63.00,357.00,App Wallet,
T001715,2026-01-02 19:03,B07,,,Delivery,Coffee,1,฿85.00,0.00,85.00,QR PromptPay,
T001716,2026-01-02 19:34,B03,M0159,Bronze,In-store,Coffee,1,60,0.00,60.00,Credit Card,5
T001717,2026-01-02 19:38,B06,M0223,Bronze,App,Bakery,3,75,45.00,180.00,Credit Card,
T001716,2026-01-02 19:49,B03,M0159,Bronze,In-store,Coffee,-1,60,-0.00,-60.00,Credit Card,
T001718,2026-01-03 08:39,B05,,,In-store,Coffee,3,60,0.00,180.00,Credit Card,
T001718,2026-01-03 08:39,B05,,,In-store,Coffee,3,60,0.00,180.00,Credit Card,
T001719,2026-01-03 08:39,B01,M0008,bronze,App,Merchandise,2,775,232.50,1317.50,Credit Card,
T001720,2026-01-03 08:56,B05,M0264,Slvr,Delivery,Coffee,1,65,0.00,65.00,Credit Card,
T001721,2026-01-03 09:14,B05,M0107,Silver,In-store,Bakery,1,45,2.25,42.75,QR PromptPay,
T001722,2026-01-03 09:40,B04,M0215,Silver,In-store,Coffee,2,70,0.00,140.00,QR PromptPay,
T001723,2026-01-03 09:41,B03,M0027,Bronze,App,Bakery,1,55,0.00,55.00,App Wallet,
T001724,2026-01-03 11:49,B03,,,In store,Coffee,2,100,0.00,200.00,Cash,
T001725,2026-01-03 11:56,B05,M0064,Bronze,App,Tea,4,95,0.00,380.00,App Wallet,4
T001726,2026-01-03 11:57,B08,,,In-store,Bakery,1,45,0.00,45.00,Credit Card,
T001727,2026-01-03 11:57,B08,M0093,Silver,App,Merchandise,1,265,0.00,265.00,App Wallet,3
T001728,2026-01-03 12:04,B08,,,In-store,Tea,2,75,0.00,150.00,Credit Card,
T001729,2026-01-03 12:15,B07,,,in-store,Tea,1,80,0.00,80.00,Credit Card,3
T001730,2026-01-03 12:58,B02,M0088,Gold,App,Bakery,1,85,0.00,85.00,App Wallet,3
T001731,2026-01-03 13:27,B05,M0130,Gold,In-store,Coffee,1,55,0.00,55.00,Credit Card,2
T001732,2026-01-03 13:47,B05,,,App,Coffee,2,100,0.00,200.00,Credit Card,3
T001733,2026-01-03 13:57,B07,M0035,Gold,In-store,Coffee,1,115,17.25,97.75,QR PromptPay,3
T001734,2026-01-03 14:10,B03,M0154,Platinum,In-store,Coffee,1,95,14.25,80.75,QR PromptPay,
T001735,2026-01-03 14:31,B08,M0174,Silver,In-store,Bakery,1,65,9.75,55.25,Cash,
T001736,2026-01-03 15:16,B03,M0135,Gold,In-store,Coffee,4,85,51.00,289.00,QR PromptPay,
T001737,2026-01-03 15:50,B07,,,Delivery,Merchandise,3,795,0.00,2385.00,Cash,
T001738,2026-01-03 16:05,B04,,,In-store,Coffee,2,70,0.00,140.00,Cash,5
T001739,2026-01-03 16:31,B08,M0189,Silver,App,Coffee,4,55,22.00,198.00,App Wallet,3
T001740,2026-01-03 16:57,B04,,,In-store,Coffee,1,105,0.00,105.00,Cash,3
T001741,2026-01-03 19:04,B04,,,App,Coffee,1,65,0.00,65.00,App Wallet,
T001742,2026-01-04 07:46,B04,M0051,Bronze,In-store,Coffee,1,60,12.00,48.00,Cash,2
T001742,2026-01-04 08:15,B04,M0051,Bronze,In-store,Coffee,-1,60,-12.00,-48.00,Cash,
T001743,2026-01-04 08:40,B02,M9677,Bronze,In-store,Coffee,4,55,0.00,220.00,QR PromptPay,
T001744,2026-01-04 11:09,B05,,,App,Bakery,1,80,0.00,80.00,Credit Card,
T001745,2026-01-04 12:28,B02,M0244,Silver,APP,Bakery,1,105,21.00,84.00,Credit Card,4
T001746,2026-01-04 12:40,B06,M0018,Bronze,In-store,Coffee,3,70,0.00,210.00,Cash,4
T001747,2026-01-04 12:48,B08,,,Delivery,Merchandise,2,490,0.00,980.00,QR PromptPay,
T001748,2026-01-04 13:05,B05,M0202,Bronze,Delivery,Tea,1,75,0.00,75.00,Cash,
T001749,2026-01-04 13:15,B07,M0160,Bronze,Delivery,Bakery,3,110,0.00,330.00,Credit Card,
T001750,2026-01-04 13:18,B08,,,In-store,Bakery,4,65,0.00,260.00,Credit Card,4
T001751,2026-01-04 13:19,B03,M0074,Silver,In-store,Bakery,4,65,39.00,221.00,Credit Card,
T001752,2026-01-04 14:02,B06,M0268,gold,In-store,Merchandise,1,450,0.00,450.00,Cash,
T001753,2026-01-04 14:29,B02,M0166,Bronze,Delivery,Bakery,4,110,0.00,440.00,Cash,3
T001754,2026-01-04 15:03,B03,M0054,Bronze,App,Bakery,1,70,0.00,70.00,App Wallet,
T001755,2026-01-04 15:27,B08,M0065,Platinum,Delivery,Coffee,1,120,0.00,120.00,Credit Card,4
T001756,2026-01-04 16:32,B01,M0074,Silver,Delivery,Coffee,2,65,0.00,130.00,Credit Card,5
T001757,2026-01-04 17:49,B08,M0065,Platinum,App,Coffee,3,70,10.50,199.50,App Wallet,
T001758,2026-01-04 17:51,B07,M0004,Bronze,App,Bakery,2,90,0.00,180.00,Credit Card,
T001759,2026-01-04 18:02,B01,M0012,Bronze,In-store,Coffee,2,115,0.00,230.00,Cash,
T001760,2026-01-04 18:16,B03,M0020,Bronze,In store,Coffee,1,75,0.00,75.00,QR PromptPay,4
T001761,2026-01-04 19:50,B08,,,App,Coffee,3,110,0.00,330.00,App Wallet,5
T001762,2026-01-05 07:59,B05,M0217,Bronze,In-store,Bakery,4,65,0.00,260.00,Cash,4
T001763,2026-01-05 08:06,B02,,,App,Coffee,2,80,0.00,160.00,App Wallet,
T001764,2026-01-05 08:10,B08,M0109,Platinum,APP,Coffee,2,100,0.00,200.00,App Wallet,2
T001765,2026-01-05 09:37,B08,,,In-store,Coffee,3,105,0.00,315.00,Credit Card,4
T001766,2026-01-05 09:54,B03,M0239,Gold,App,Coffee,3,100,0.00,300.00,App Wallet,
T001767,2026-01-05 10:21,B08,M0186,Platinum,In-store,Coffee,3,100,0.00,300.00,Credit Card,4
T001768,2026-01-05 11:05,B02,M0244,Silver,App,Coffee,2,70,0.00,140.00,Credit Card,5
T001769,2026-01-05 12:10,B08,M0065,Platinum,App,Coffee,1,65,9.75,55.25,Credit Card,4
T001770,2026-01-05 12:56,B05,,,In-store,Coffee,1,60,0.00,60.00,Cash,3
T001771,2026-01-05 12:57,B01,M0223,Bronze,In-store,Coffee,1,0,0.00,0.00,QR PromptPay,3
T001772,2026-01-05 16:23,B06,,,In-store,Coffee,1,120,0.00,120.00,Cash,3
T001773,2026-01-05 16:33,B06,M0259,Silver,In-store,Coffee,2,85,0.00,170.00,Cash,4
T001774,2026-01-05 18:21,B08,M0065,Platinum,In-store,Coffee,1,80,16.00,64.00,Credit Card,
T001775,2026-01-06 07:34,B08,M0065,Platinum,In-store,Coffee,1,60,0.00,60.00,Credit Card,5
T001776,2026-01-06 08:46,B08,M0174,Silver,In-store,Tea,1,85,8.50,76.50,QR PromptPay,
T001777,2026-01-06 10:14,B04,M0215,Silver,app,Bakery,2,100,0.00,200.00,Credit Card,4
T001778,2026-01-06 10:29,B04,,,Delivery,Coffee,2,120,0.00,240.00,Credit Card,
T001779,2026-01-06 10:56,B01,M0171,Gold,App,Coffee,2,90,9.00,171.00,Credit Card,
T001780,2026-01-06 13:11,B02,M0101,Platinum,In-store,Coffee,1,120,0.00,120.00,QR PromptPay,
T001781,2026-01-06 14:10,B01,,,In-store,Coffee,2,95,0.00,190.00,QR PromptPay,
T001782,2026-01-06 15:33,B06,M0070,Platinum,In-store,Coffee,2,120,24.00,286.00,Credit Card,
T001783,2026-01-06 15:55,B08,,,Delivery,Bakery,4,45,0.00,180.00,QR PromptPay,
T001784,2026-01-06 16:06,B03,,,In-store,Coffee,1,110,0.00,110.00,QR PromptPay,
T001785,2026-01-06 16:07,B01,M0151,Platinum,In-store,Coffee,1,65,0.00,65.00,Cash,3
T001786,2026-01-06 16:32,B01,M0011,Bronze,In-store,Bakery,2,70,0.00,140.00,QR PromptPay,5
T001787,2026-01-06 17:06,B04,M0146,Bronze,In store,Bakery,1,105,0.00,105.00,Credit Card,
T001788,2026-01-06 17:13,B06,M0029,Silver,In-store,Bakery,3,60,36.00,144.00,QR PromptPay,4
T001789,2026-01-07 07:46,B06,M0240,Silver,In-store,Coffee,1,110,0.00,110.00,QR PromptPay,
T001790,2026-01-07 08:29,B07,M0185,Bronze,In-store,Coffee,1,75,0.00,75.00,Cash,3
T001791,2026-01-07 08:54,B02,M0252,Bronze,In-store,Coffee,1,75,0.00,75.00,QR PromptPay,
T001789,2026-01-07 09:11,B06,M0240,Silver,In-store,Coffee,-1,110,-0.00,-110.00,QR PromptPay,
T001792,2026-01-07 10:16,B07,M0185,Bronze,In-store,Tea,2,80,24.00,136.00,QR PromptPay,
T001793,2026-01-07 10:47,B04,M0052,Silver,In store,Coffee,3,65,0.00,195.00,Credit Card,4
T001794,2026-01-07 11:05,B06,M0132,Silver,In-store,Coffee,2,60,0.00,120.00,QR PromptPay,5
T001795,2026-01-07 12:40,B06,,,In-store,Merchandise,1,525,0.00,525.00,Cash,
T001796,2026-01-07 12:41,B08,M0065,Platinum,App,Coffee,2,90,27.00,153.00,App Wallet,
T001797,2026-01-07 14:13,B03,,,In-store,Coffee,2,70,0.00,140.00,Cash,
T001798,2026-01-07 15:40,B08,,,In-store,Coffee,1,70,0.00,70.00,Cash,4
T001799,2026-01-07 16:44,B08,,,In-store,Coffee,2,70,0.00,140.00,Cash,3
T001800,2026-01-07 16:48,B05,M0202,Bronze,Delivery,Bakery,3,70,0.00,210.00,Cash,
T001801,2026-01-07 16:50,B07,M0239,Gold,App,Coffee,2,75,22.50,127.50,App Wallet,
T001802,2026-01-07 17:40,B04,,,In-store,Coffee,1,80,0.00,80.00,Cash,
T001803,2026-01-08 08:13,B06,,,In-store,Bakery,3,50,0.00,150.00,Cash,
T001804,2026-01-08 08:24,B03,M0262,Silver,App,Coffee,3,70,0.00,210.00,App Wallet,
T001805,2026-01-08 08:55,B02,M0244,Silver,Instore,Bakery,1,55,2.75,52.25,QR PromptPay,
T001806,2026-01-08 09:12,B02,,,In-store,Bakery,2,55,0.00,110.00,Cash,
T001807,2026-01-08 10:28,B02,M0068,Gold,In-store,Bakery,1,85,0.00,85.00,Credit Card,
T001808,2026-01-08 10:46,B08,M0119,Bronze,App,Coffee,1,60,3.00,57.00,Credit Card,
T001809,2026-01-08 12:40,B04,,,App,Bakery,1,50,0.00,50.00,App Wallet,4
T001810,2026-01-08 12:50,B04,,,Delivery,Merchandise,1,795,0.00,795.00,Credit Card,
T001811,2026-01-08 13:24,B02,M0042,Bronze,In-store,Coffee,4,60,0.00,240.00,Cash,4
T001812,2026-01-08 13:57,B03,M0003,Bronze,In-store,Coffee,3,100,0.00,300.00,QR PromptPay,5
T001813,2026-01-08 14:09,B01,,,Delivery,Coffee,1,80,0.00,80.00,QR PromptPay,4
T001814,2026-01-08 14:14,B07,M0124,Silver,In-store,Tea,1,95,9.50,85.50,Cash,
T001815,2026-01-08 14:32,B05,M0105,Silver,App,Bakery,1,85,0.00,85.00,App Wallet,
T001816,2026-01-08 15:59,B03,M0055,Gold,In-store,Coffee,1,120,0.00,120.00,QR PromptPay,2
T001817,2026-01-08 16:14,B06,,,In-store,Bakery,2,50,0.00,100.00,QR PromptPay,
T001818,2026-01-08 16:24,B03,M0238,Bronze,In-store,Coffee,1,65,0.00,65.00,Credit Card,
T001819,2026-01-08 16:41,B06,M0136,Silver,In-store,Coffee,1,55,0.00,55.00,Cash,
T001820,2026-01-08 16:57,B07,,,In-store,Coffee,1,110,0.00,110.00,Cash,4
T001821,2026-01-08 17:26,B02,M0127,Silver,In-store,Coffee,1,95,19.00,76.00,Credit Card,
T001822,2026-01-08 18:13,B01,M0232,Silver,In-store,Coffee,2,100,0.00,200.00,QR PromptPay,
T001823,2026-01-08 18:20,B06,M0089,Platinum,In-store,Coffee,4,60,0.00,240.00,QR PromptPay,5
T001824,2026-01-09 08:15,B03,,,In-store,Coffee,3,95,0.00,285.00,Cash,
T001825,2026-01-09 08:28,B05,M0217,Bronze,In-store,Coffee,1,55,0.00,55.00,Credit Card,4
T001826,2026-01-09 09:51,B06,M0089,Platinum,Delivery ,Bakery,1,95,14.25,80.75,Credit Card,
T001827,2026-01-09 10:50,B07,M0042,bronze,In-store,Bakery,3,80,0.00,240.00,QR PromptPay,
T001828,2026-01-09 12:10,B01,M0151,Platinum,App,Merchandise,1,385,0.00,385.00,Credit Card,
T001829,2026-01-09 12:11,B05,M0220,Platinum,In-store,Tea,3,55,8.25,156.75,QR PromptPay,3
T001830,2026-01-09 12:19,b05,M0092,Bronze,Delivery,Merchandise,1,505,0.00,505.00,Cash,
T001831,2026-01-09 12:22,B03,M0129,Silver,Delivery,Tea,1,70,0.00,70.00,Cash,
T001832,2026-01-09 12:34,B03,M0046,Bronze,Delivery,Tea,2,60,0.00,120.00,QR PromptPay,5
T001833,2026-01-09 12:43,B04,M0164,Silver,Delivery,Coffee,3,120,0.00,360.00,Cash,
T001834,2026-01-09 12:43,B05,M0105,Silver,In-store,Coffee,1,80,0.00,80.00,QR PromptPay,
T001835,2026-01-09 12:51,B07,M0172,Bronze,In-store,Coffee,4,115,0.00,460.00,QR PromptPay,
T001836,2026-01-09 12:52,B03,M0015,Silver,App,Coffee,4,110,44.00,396.00,Credit Card,
T001837,2026-01-09 13:11,B05,,,Delivery,Bakery,4,65,0.00,260.00,Cash,
T001838,2026-01-09 13:32,B05,M0202,Bronze,In-store,Coffee,1,120,0.00,120.00,Credit Card,5
T001839,2026-01-09 13:38,B03,M0129,Silver,In-store,Coffee,4,70,0.00,280.00,QR PromptPay,4
T001840,2026-01-09 13:41,B02,M0068,Gold,In-store,Bakery,1,55,0.00,55.00,Cash,4
T001841,2026-01-09 14:05,B01,M0097,Bronze,In-store,Coffee,1,65,0.00,65.00,Credit Card,5
T001842,2026-01-09 14:06,B08,M0093,Silver,Delivery,Merchandise,1,590,0.00,590.00,QR PromptPay,
T001843,2026-01-09 15:02,B06,M0030,Bronze,App,Bakery,2,45,0.00,90.00,App Wallet,
T001844,2026-01-09 15:55,B04,,,App,Coffee,2,120,0.00,240.00,Credit Card,3
T001845,2026-01-09 16:22,B02,M0068,Gold,In-store,Merchandise,1,630,126.00,504.00,Cash,
T001846,2026-01-09 16:22,B07,M0185,Bronze,In-store,Bakery,1,110,0.00,110.00,QR PromptPay,
T001847,2026-01-09 17:26,B03,M0133,Bronze,Delivery,Tea,1,95,9.50,85.50,Credit Card,3
T001848,2026-01-09 18:09,B05,,,In-store,Coffee,2,100,0.00,200.00,Credit Card,
T001849,2026-01-10 07:43,B01,M0208,Bronze,In-store,Coffee,2,55,0.00,110.00,QR PromptPay,
T001850,2026-01-10 07:46,B01,M0008,Bronze,In-store,Coffee,3,85,38.25,216.75,QR PromptPay,
T001851,2026-01-10 08:18,B04,M0060,Bronze,Delivery,Merchandise,1,500,0.00,500.00,Credit Card,
T001852,2026-01-10 08:56,B07,,,App,Coffee,1,70,0.00,70.00,Credit Card,
T001853,2026-01-10 10:05,B01,,,APP,Tea,2,50,0.00,100.00,App Wallet,
T001854,2026-01-10 12:15,B04,M0215,Silver,App,Merchandise,1,365,36.50,328.50,Credit Card,4
T001855,2026-01-10 12:26,B08,M0058,Bronze,In-store,Tea,1,70,0.00,70.00,Credit Card,4
T001856,2026-01-10 13:16,B04,M0212,Bronze,App,Bakery,2,70,0.00,140.00,Credit Card,
T001857,2026-01-10 14:04,b05,M0199,Bronze,In-store,Bakery,4,65,0.00,260.00,QR PromptPay,
T001858,2026-01-10 14:21,B03,,,In-store,Tea,1,90,0.00,90.00,Credit Card,
T001856,2026-01-10 14:27,B04,M0212,Bronze,App,Bakery,-2,70,-0.00,-140.00,Credit Card,
T001859,2026-01-10 14:38,B06,M0089,Platinum,Delivery,Bakery,1,45,2.25,42.75,QR PromptPay,3
T001860,2026-01-10 14:59,B06,M0262,Slvr,In-store,Coffee,1,70,0.00,70.00,QR PromptPay,
T001861,2026-01-10 15:06,B08,M0035,Gold,In-store,Coffee,1,110,5.50,104.50,Credit Card,
T001862,2026-01-10 16:08,B04,M0048,SILVER,Delivery,Coffee,3,105,15.75,299.25,QR PromptPay,1
T001863,2026-01-10 16:23,B01,M0151,Platinum,In-store,Tea,2,85,0.00,170.00,Credit Card,5
T001864,2026-01-10 16:23,B07,M0021,Gold,In-store,Coffee,4,115,0.00,460.00,QR PromptPay,
T001865,2026-01-10 16:39,B07,M0089,Platinum,App,Bakery,3,110,0.00,330.00,Credit Card,
T001866,2026-01-10 16:48,B02,,,In-store,Coffee,1,95,0.00,95.00,QR PromptPay,3
T001867,2026-01-10 17:00,B05,M0016,Gold,App,Coffee,1,120,6.00,114.00,App Wallet,4
T001868,2026-01-10 18:20,B01,M9268,Bronze,Delivery,Coffee,1,60,0.00,60.00,QR PromptPay,4
T001869,2026-01-10 19:28,B03,M0133,Bronze,Delivery,Coffee,2,115,11.50,218.50,Cash,
T001870,2026-01-11 07:49,B06,M0240,Silver,In-store,Merchandise,1,635,0.00,635.00,QR PromptPay,3
T001871,2026-01-11 08:20,B07,M0021,Gold,In-store,Coffee,4,100,0.00,400.00,Cash,
T001872,2026-01-11 08:22,B06,,,In-store,Tea,1,85,0.00,85.00,QR PromptPay,
T001873,2026-01-11 08:29,B01,M0151,Platinum,In-store,Bakery,2,45,13.50,76.50,QR PromptPay,
T001874,2026-01-11 08:40,B08,M0065,Platinum,In-store,Tea,1,60,0.00,60.00,QR PromptPay,
T001875,2026-01-11 08:57,B03,M0074,Silver,App,Coffee,2,65,26.00,104.00,Credit Card,
T001876,2026-01-11 09:53,B03,M0041,Platinum,In-store,Bakery,1,80,0.00,80.00,Cash,2
T001876,2026-01-11 09:53,B03,M0041,Platinum,In-store,Bakery,1,80,0.00,80.00,Cash,2
T001877,2026-01-11 10:06,B01,M0269,Platinum,Delivery,Merchandise,4,740,296.00,2664.00,Cash,4
T001878,2026-01-11 13:51,B06,M0029,Silver,In-store,Coffee,2,100,0.00,200.00,QR PromptPay,
T001879,2026-01-11 14:14,B03,M0238,Bronze,Delivery,Coffee,3,60,0.00,180.00,QR PromptPay,
T001880,2026-01-11 14:49,B03,M0154,Platinum,App,Coffee,2,95,9.50,180.50,App Wallet,
T001881,2026-01-11 15:12,B03,M0239,Gold,App,Coffee,4,105,0.00,490.00,Credit Card,
T001882,2026-01-11 16:03,B06,M0132,Silver,Delivery,Coffee,1,115,0.00,115.00,Credit Card,5
T001883,2026-01-11 16:20,B07,M0042,Bronze,In-store,Coffee,4,80,0.00,320.00,Cash,
T001884,2026-01-11 16:39,B06,M0089,Platinum,Delivery,Tea,1,95,0.00,95.00,Cash,
T001885,2026-01-12 07:15,B05,M0018,Bronze,In-store,Merchandise,4,545,0.00,2180.00,Cash,3
T001886,2026-01-12 07:18,B06,M0132,Silver,App,Coffee,1,100,0.00,100.00,Credit Card,
T001887,2026-01-12 07:54,B06,M0048,Silver,In-store,Coffee,1,55,0.00,55.00,QR PromptPay,
T001888,2026-01-12 08:09,B07,M0209,Bronze,In-store,Coffee,2,75,0.00,150.00,Cash,
T001889,2026-01-12 08:21,B2,M0244,Silver,Delivery,Bakery,1,50,5.00,45.00,Credit Card,
T001890,2026-01-12 08:27,B02,M0244,Silver,In-store,Bakery,1,50,0.00,50.00,QR PromptPay,
T001891,2026-01-12 08:50,B06,M0126,Bronze,Delivery,Tea,4,60,0.00,240.00,Credit Card,
T001892,2026-01-12 09:19,B08,,,In-store,Bakery,1,90,0.00,90.00,Credit Card,3
T001893,2026-01-12 10:08,B04,M0215,Silver,In-store,Coffee,3,60,36.00,144.00,QR PromptPay,
T001894,2026-01-12 10:34, B04,M0215,Silver,Delivery,Merchandise,4,650,0.00,2600.00,Credit Card,4
T001895,2026-01-12 12:17,B08,M0224,Bronze,APP,Coffee,1,85,0.00,85.00,App Wallet,
T001896,2026-01-12 13:13,B01,M0172,Bronze,In-store,Coffee,3,60,0.00,180.00,Cash,4
T001897,2026-01-12 13:24,B08,M0072,Bronze,In-store,Coffee,1,85,0.00,85.00,Cash,3
T001898,2026-01-12 13:37,B03,M0007,Gold,Delivery,Bakery,1,65,9.75,55.25,Credit Card,
T001899,2026-01-12 13:45,B07,M0219,Bronze,App,Bakery,1,80,0.00,80.00,App Wallet,
T001900,2026-01-12 13:51,B05,,,App,Coffee,1,55,0.00,55.00,App Wallet,
T001901,2026-01-12 16:38,B01,M0151,Platinum,Delivery,Tea,2,55,11.00,99.00,QR PromptPay,3
T001902,2026-01-12 17:31,B05,,,in-store,Coffee,4,55,0.00,220.00,QR PromptPay,
T001903,2026-01-12 17:54,B04,,,app,Tea,2,50,0.00,100.00,Credit Card,
T001904,2026-01-12 18:15,B07,M0042,Bronze,In-store,Coffee,1,115,17.25,97.75,Credit Card,
T001905,2026-01-12 19:46,B07,,,In-store,Bakery,1,60,0.00,60.00,Credit Card,5
T001906,2026-01-13 07:49,B08,M0065,Platinum,Delivery,Coffee,1,120,18.00,102.00,QR PromptPay,5
T001907,2026-01-13 08:00,B01,,,In-store,Coffee,4,90,0.00,360.00,Credit Card,
T001908,2026-01-13 08:08,B08,,,Delivery,Bakery,2,105,0.00,210.00,QR PromptPay,4
T001909,2026-01-13 09:57,B08,M0065,PLATINUM,In-store,Coffee,1,60,6.00,54.00,QR PromptPay,
T001910,2026-01-13 10:04,B05,M0130,Gold,In-store,Bakery,2,95,28.50,161.50,Credit Card,
T001911,2026-01-13 11:00,B06,M0198,Bronze,In-store,Coffee,1,65,0.00,65.00,QR PromptPay,
T001912,2026-01-13 12:18,B06,M0029,Silver,Delivery,Coffee,1,80,4.00,76.00,Credit Card,
T001913,2026-01-13 12:20,B02,M0101,Platinum,App,Coffee,1,100,20.00,80.00,Credit Card,2
T001914,2026-01-13 12:31,b04,M0039,Silver,Delivery,Tea,1,95,4.75,90.25,QR PromptPay,5
T001915,2026-01-13 14:29,B08,M0264,Silver,App,Tea,2,70,0.00,140.00,Credit Card,
T001916,2026-01-13 14:39,B08,M0210,Bronze,In-store,Tea,2,55,0.00,110.00,Credit Card,
T001917,2026-01-13 15:25,B08,,,In-store,Coffee,4,60,0.00,240.00,QR PromptPay,4
T001918,2026-01-13 15:29,B03,M0015,Silver,App,Bakery,1,60,0.00,60.00,Credit Card,4
T001919,2026-01-13 15:45,B04,M0065,Platinum,Delivery,Coffee,3,100,0.00,300.00,Credit Card,
T001920,2026-01-13 16:05,B03,M0054,Bronze,Delivery,Merchandise,2,730,0.00,1460.00,Cash,
T001921,2026-01-13 16:51,B05,,,In-store,Coffee,1,100,0.00,100.00,QR PromptPay,3
T001922,2026-01-13 17:16,B03,M0272,silver,App,Coffee,2,60,0.00,120.00,App Wallet,4
T001923,2026-01-13 17:40,B03,M0108,Silver,In-store,Coffee,1,115,5.75,109.25,Credit Card,
T001924,2026-01-13 18:15,B01,M0050,GOLD,In-store,Coffee,2,65,13.00,117.00,Cash,
T001925,2026-01-14 07:37,B04,,,In-store,Coffee,1,105,0.00,105.00,Cash,3
T001926,2026-01-14 08:06,B03,M0244,Silver,App,Coffee,2,110,22.00,198.00,App Wallet,
T001927,2026-01-14 08:18,B01,,,In-store,Tea,1,75,0.00,75.00,QR PromptPay,
T001928,2026-01-14 08:29,B05,,,In-store,Coffee,1,120,0.00,120.00,Credit Card,
T001929,2026-01-14 10:05,B05,M0164,Silver,Delivery,Coffee,1,90,0.00,90.00,Cash,5
T001930,2026-01-14 10:11,B06,M0070,Platinum,In-store,Coffee,2,55,11.00,99.00,Credit Card,
T001931,2026-01-14 10:34,B1,M0151,Platinum,In-store,Bakery,2,85,34.00,136.00,Credit Card,4
T001932,2026-01-14 11:33,B06,M0262,Silver,In-store,Merchandise,1,820,0.00,820.00,Cash,
T001933,2026-01-14 12:05,B03,M9320,Silver,App,Coffee,2,90,0.00,180.00,Credit Card,
T001934,2026-01-14 13:26,b05,M0238,Bronze,In-store,Bakery,2,95,0.00,190.00,QR PromptPay,3
T001935,2026-01-14 13:47,B07,M0209,Bronze,In-store,Coffee,1,80,0.00,80.00,QR PromptPay,5
T001936,2026-01-14 14:19,B05,,,In-store,Coffee,1,90,0.00,90.00,Credit Card,
T001937,2026-01-14 14:29,B05,M0105,Silver,In-store,Merchandise,2,555,0.00,1110.00,Cash,4
T001938,2026-01-14 14:29,B03,M0053,Platinum,In-store,Coffee,3,60,9.00,171.00,Cash,4
T001939,2026-01-14 14:58,B03,M0129,Silver,In-store,Tea,1,80,0.00,80.00,Credit Card,
T001940,2026-01-14 15:13,B08,M0035,Gold,App,Bakery,1,55,2.75,52.25,App Wallet,3
T001941,2026-01-14 16:14,B07,M0208,Bronze,In-store,Coffee,2,80,24.00,136.00,QR PromptPay,
T001942,2026-01-14 16:28,B01,,,In-store,Coffee,1,55,0.00,55.00,Cash,
T001943,2026-01-14 16:34,B06,M0223,Bronze,App,Coffee,1,70,0.00,70.00,App Wallet,4
T001944,2026-01-14 16:38,B01,M0012,Bronze,App,Coffee,4,฿80,0.00,320.00,Credit Card,
T001945,2026-01-14 16:51,B04,M0192,Bronze,Delivery,Coffee,1,75,0.00,75.00,Cash,5
T001946,2026-01-14 17:37,B07,,,In-store,Merchandise,1,870,0.00,870.00,Credit Card,5
T001947,2026-01-14 18:12,B07,,,In-store,Coffee,1,85,0.00,85.00,QR PromptPay,
T001948,2026-01-14 18:54,B07,,,in-store,Coffee,1,80,0.00,80.00,QR PromptPay,
T001949,2026-01-14 19:05,B02,M0107,Silver,In-store,Tea,1,75,0.00,75.00,Cash,3
T001950,2026-01-14 19:29,b01,M0151,Platinum,In-store,Tea,3,95,0.00,285.00,QR PromptPay,
T001951,2026-01-15 07:08,B07,,,In-store,Merchandise,1,260,0.00,260.00,QR PromptPay,4
T001952,2026-01-15 08:09,B02,,,In-store,Coffee,4,70,0.00,280.00,QR PromptPay,2
T001953,2026-01-15 08:16,B03,M0054,Bronze,Delivery,Coffee,2,105,0.00,210.00,Credit Card,
T001954,2026-01-15 08:42,B07,M0004,Bronze,Delivery,Coffee,2,65,0.00,130.00,Credit Card,5
T001955,2026-01-15 08:49,B07,M0127,SILVER,In-store,Tea,4,50,0.00,200.00,QR PromptPay,
T001956,2026-01-15 09:09,B03,M0172,Bronze,Delivery,Coffee,1,90,0.00,90.00,QR PromptPay,
T001957,2026-01-15 09:13,B01,,,App,Coffee,2,110,0.00,220.00,App Wallet,
T001958,2026-01-15 09:25,B05,,,App,Coffee,1,95,0.00,95.00,App Wallet,
T001959,2026-01-15 09:55,B06,M0129,Silver,In-store,Coffee,2,105,0.00,210.00,Cash,
T001960,2026-01-15 09:59,B08,M0189,Silver,Delivery,Merchandise,1,800,0.00,800.00,Cash,
T001961,2026-01-15 11:28,B01,M0090,Silver,App,Coffee,3,60,0.00,180.00,App Wallet,
T001962,2026-01-15 12:10,B03,M0239,Gold,App,Coffee,2,65,0.00,130.00,App Wallet,
T001963,2026-01-15 12:24,B01,M9677,Bronze,In-store,Coffee,3,115,69.00,276.00,Credit Card,3
T001964,2026-01-15 12:57,B01,M0097,BRONZE,App,Coffee,2,120,0.00,240.00,Credit Card,
T001965,2026-01-15 13:22,B04,M0039,Silver,In-store,Coffee,2,70,0.00,140.00,Cash,
T001966,2026-01-15 13:22,B08,,,Delivery,Coffee,44,75,0.00,3300.00,Credit Card,
T001967,2026-01-15 13:41,B01,M0112,Silver,App,Coffee,2,65,0.00,130.00,App Wallet,5
T001968,2026-01-15 13:47,B06,M0002,Bronze,In-store,Tea,1,80,0.00,80.00,Cash,2
T001969,2026-01-15 14:07,B06,M0029,Silver,App,Coffee,4,85,17.00,323.00,App Wallet,4
T001970,2026-01-15 16:33,B03,M0096,Gold,In-store,Tea,1,55,8.25,46.75,Cash,
T001971,2026-01-15 16:48,B03,M0089,Platinum,In-store,Merchandise,4,335,268.00,1072.00,Cash,
T001972,2026-01-15 16:52,B08,M0065,Platinum,App,Coffee,1,60,12.00,48.00,App Wallet,
T001973,2026-01-15 16:53,B01,M0074,Silver,In-store,Coffee,1,75,11.25,63.75,Credit Card,
T001974,2026-01-15 17:24,B04,,,In-store,Tea,1,55,0.00,55.00,Credit Card,
T001975,2026-01-15 17:31,B03,M0074,Silver,In-store,Tea,1,65,0.00,65.00,Cash,
T001976,2026-01-15 18:26,B01,M0151,Platinum,In-store,Coffee,1,55,0.00,55.00,Cash,
T001977,2026-01-16 07:24,B02,M0068,Gold,In-store,Coffee,3,120,0.00,360.00,QR PromptPay,
T001977,2026-01-16 07:24,B02,M0068,Gold,In-store,Coffee,3,120,0.00,360.00,QR PromptPay,
T001978,2026-01-16 07:37,B08,,,App,Coffee,1,70,0.00,70.00,Credit Card,3
T001979,2026-01-16 08:18,B07,,,App,Tea,3,0,0.00,0.00,Credit Card,5
T001980,2026-01-16 08:20,B01,M0011,Bronze,In-store,Coffee,4,55,0.00,220.00,Cash,
T001981,2026-01-16 08:20,B06,M0066,BRONZE,In-store,Bakery,2,75,0.00,150.00,QR PromptPay,
T001982,2026-01-16 08:59,B06,,,Mobile App,Merchandise,2,360,0.00,720.00,App Wallet,
T001983,2026-01-16 10:26,B03,M0015,Silver,In-store,Tea,2,95,0.00,190.00,QR PromptPay,
T001984,2026-01-16 10:50,B08,M0093,Silver,In-store,Coffee,1,120,24.00,96.00,Credit Card,2
T001985,2026-01-16 11:44,B06,,,App,Merchandise,2,400,0.00,800.00,App Wallet,4
T001986,2026-01-16 12:47,B04,M0157,Bronze,In-store,Tea,2,80,0.00,160.00,Cash,
T001987,2026-01-16 13:16,B06,,,Delivery,Coffee,1,55,0.00,55.00,Cash,4
T001988,2026-01-16 13:27,B07,,,Delivery,Bakery,78,95,0.00,7410.00,Credit Card,
T001989,2026-01-16 13:56,B05,M0199,Bronze,App,Bakery,2,100,40.00,160.00,App Wallet,4
T001990,2026-01-16 15:01,B08,,,In-store,Coffee,2,115,0.00,230.00,QR PromptPay,
T001991,2026-01-16 15:20,B06,M0009,Gold,App,Tea,1,55,11.00,44.00,App Wallet,
T001992,2026-01-16 15:35,B05,,,Delivery,Coffee,3,105,0.00,315.00,Cash,
T001993,2026-01-16 16:24,B02,M0068,Gold,In-store,Coffee,1,85,0.00,85.00,QR PromptPay,
T001994,2026-01-16 16:32,B07,M0260,Bronze,In-store,Coffee,1,70,0.00,70.00,QR PromptPay,
T001995,2026-01-16 16:38,B03,M0206,Bronze,In-store,Coffee,4,55,0.00,220.00,QR PromptPay,
T001996,2026-01-16 16:44,B08,,,In-store,Coffee,1,55,0.00,55.00,Credit Card,3
T001997,2026-01-16 18:05,B02,M0101,Platinum,Delivery,Coffee,1,85,17.00,68.00,Cash,
T001998,2026-01-16 18:14,B01,M0097,Bronze,App,Coffee,1,60,0.00,60.00,App Wallet,5
T001999,2026-01-16 18:57,B06,M0268,Gold,In-store,Tea,2,60,24.00,96.00,Credit Card,3
T001998,2026-01-16 19:37,B01,M0097,Bronze,App,Coffee,-1,60,-0.00,-60.00,App Wallet,
T002000,2026-01-17 07:12,B06,M0262,Silver,In-store,Bakery,1,105,5.25,99.75,Credit Card,3
T002001,2026-01-17 08:33,B04,M0264,Silver,App,Coffee,2,110,0.00,220.00,Credit Card,4
T002002,2026-01-17 09:25,B07,M0185,Bronze,In-store,Coffee,1,115,0.00,115.00,QR PromptPay,
T002003,2026-01-17 09:49,B04,M0059,Bronze,In-store,Coffee,2,70,0.00,230.00,Credit Card,3
T002001,2026-01-17 09:54,B04,M0264,Silver,App,Coffee,-2,110,-0.00,-220.00,Credit Card,
T002004,2026-01-17 10:02,B06,,,In-store,Coffee,1,60,0.00,60.00,QR PromptPay,4
T002005,2026-01-17 10:50,B03,M0065,Platinum,Delivery,Coffee,1,60,12.00,48.00,QR PromptPay,
T002006,2026-01-17 11:00,B06,M0029,Silver,In-store,Tea,1,90,0.00,90.00,Cash,
T002007,2026-01-17 11:48,B03,M0208,Bronze,In-store,Bakery,3,95,0.00,285.00,Credit Card,
T002008,2026-01-17 13:04,B07,,,In-store,Coffee,1,80,0.00,80.00,QR PromptPay,
T002009,2026-01-17 13:35,B02,M0101,Platinum,Delivery,Bakery,4,50,20.00,180.00,Cash,4
T002010,2026-01-17 13:47,B01,M0237,Silver,App,Coffee,1,70,0.00,70.00,Credit Card,4
T002011,2026-01-17 14:21,B02,M0106,Bronze,In-store,Coffee,1,120,0.00,120.00,QR PromptPay,
T002012,2026-01-17 15:36,B01,M0135,Gold,In-store,Coffee,1,115,11.50,103.50,Credit Card,
T002013,2026-01-17 16:09,B01,M0016,Gold,In-store,Bakery,2,90,36.00,144.00,Cash,
T002014,2026-01-17 16:09,B01,M0074,Silver,In-store,Coffee,1,60,12.00,48.00,Credit Card,
T002015,2026-01-17 16:28,B01,M0048,Silver,In-store,Coffee,1,80,8.00,72.00,QR PromptPay,
T002016,2026-01-17 16:36,B05,,,In-store,Coffee,1,70,0.00,70.00,Cash,3
T002017,2026-01-17 16:38,B03,,,In store,Tea,4,85,0.00,340.00,Cash,
T002018,2026-01-17 17:03,B01,,,App,Coffee,1,90,0.00,90.00,Credit Card,
T002019,2026-01-17 17:48,B05,M0199,Bronze,In-store,Coffee,2,120,0.00,240.00,Credit Card,
T002020,2026-01-17 18:43,B07,,,In-store,Coffee,1,105,0.00,105.00,Cash,
T002021,2026-01-17 19:18,B07,,,In-store,Coffee,1,75,0.00,75.00,QR PromptPay,
T002022,2026-01-17 19:48,B01,M0097,Bronze,App,Coffee,1,85,0.00,85.00,App Wallet,5
T002023,2026-01-18 07:25,B04,M0230,Bronze,In-store,Bakery,2,50,15.00,85.00,Cash,
T002024,2026-01-18 08:18,B04,M0065,Platinum,In-store,Coffee,4,85,51.00,289.00,QR PromptPay,
T002025,2026-01-18 08:42,B05,M0176,Silver,Delivery,Bakery,4,55,0.00,220.00,QR PromptPay,
T002026,2026-01-18 09:50,B02,,,In-store,Bakery,1,90,0.00,90.00,Credit Card,5
T002027,2026-01-18 10:14,B04,M0039,Silver,App,Coffee,1,65,9.75,55.25,App Wallet,4
T002028,2026-01-18 10:35,B07,,,In-store,Coffee,3,75,0.00,225.00,Credit Card,
T002029,2026-01-18 11:27,B05,M0130,Gold,Delivery,Coffee,2,70,0.00,140.00,Cash,
T002030,2026-01-18 13:33,B04,M0065,Platinum,In store,Coffee,1,70,0.00,70.00,Cash,5
T002031,2026-01-18 13:40,B08,M0109,Platinum,In-store,Bakery,1,50,5.00,45.00,Credit Card,3
T002032,2026-01-18 14:38,B03,M0154,Platinum,In-store,Coffee,1,55,0.00,55.00,Credit Card,
T002033,2026-01-18 16:20,B04,M0192,Bronze,In-store,Coffee,2,105,0.00,210.00,Cash,
T002034,2026-01-18 18:28,B07,M0229,Bronze,App,Coffee,1,105,0.00,105.00,App Wallet,
T002035,2026-01-18 19:00,B02,M0018,Bronze,In-store,Coffee,2,110,0.00,220.00,Credit Card,
T002036,2026-01-18 19:12,B08,,,In-store,Merchandise,3,780,0.00,2340.00,Credit Card,3
T002037,2026-01-18 19:53,B06,M0132,Silver,In-store,Merchandise,4,680,272.00,2448.00,Credit Card,5
T002038,2026-01-19 07:00,B06,M0009,Gold,In-store,Coffee,1,95,0.00,95.00,QR PromptPay,5
T002039,2026-01-19 07:00,B06,M0029,SILVER,App,Tea,1,70,0.00,70.00,Credit Card,4
T002040,2026-01-19 07:25,B01,M0151,Platinum,App,Coffee,1,110,0.00,110.00,App Wallet,
T002039,2026-01-19 07:57,B06,M0029,Silver,App,Tea,-1,70,-0.00,-70.00,Credit Card,
T002041,2026-01-19 08:10,B05,M0231,Platinum,Delivery,Coffee,1,110,0.00,110.00,QR PromptPay,2
T002042,2026-01-19 08:16,B01,M0151,Platinum,In-store,Tea,4,55,22.00,198.00,QR PromptPay,4
T002043,2026-01-19 08:52,B06,,,In-store,Coffee,1,85,0.00,85.00,Credit Card,
T002044,2026-01-19 10:49,B04,M0213,Silver,App,Coffee,1,70,0.00,70.00,Credit Card,
T002045,2026-01-19 11:11,B03,M0015,Silver,In-store,Coffee,1,100,0.00,100.00,Cash,4
T002046,2026-01-19 12:07,B01,M0221,Silver,APP,Bakery,4,70,42.00,238.00,Credit Card,5
T002045,2026-01-19 12:11,B03,M0015,Silver,In-store,Coffee,-1,100,-0.00,-100.00,Cash,
T002047,2026-01-19 12:25,B06,M9035,BRONZE,App,Merchandise,4,685,0.00,2740.00,App Wallet,4
T002048,2026-01-19 14:36,B01,,,In-store,Coffee,1,70,0.00,70.00,Cash,4
T002049,2026-01-19 15:06,B08,M0065,Platinum,App,Merchandise,4,635,0.00,2540.00,Credit Card,
T002050,2026-01-19 16:21,B03,M0096,Gold,Delivery,Bakery,1,85,0.00,85.00,Cash,5
T002051,2026-01-19 16:24,B04,M0215,Silver,In-store,Coffee,1,120,0.00,120.00,Cash,4
T002052,2026-01-19 16:35,B04,M0191,Bronze,In-store,Tea,2,55,0.00,110.00,Credit Card,
T002053,2026-01-19 17:37,B08,M0089,Platinum,Delivery,Bakery,2,60,24.00,96.00,Credit Card,
T002054,2026-01-19 18:54,B08,M0058,Bronze,App,Bakery,1,95,19.00,76.00,App Wallet,
T002055,2026-01-19 19:35,B02,M0107,Silver,App,Coffee,2,70,0.00,140.00,App Wallet,
T002056,2026-01-19 19:37,B06,,,App,Merchandise,1,430,0.00,430.00,Credit Card,
T002057,2026-01-20 09:01,B02,M0115,Bronze,App,Coffee,1,90,0.00,90.00,Credit Card,
T002058,2026-01-20 10:40,B06,,,In-store,Coffee,4,70,0.00,280.00,Credit Card,5
T002059,2026-01-20 10:41,B01,,,In-store,Coffee,1,120,0.00,120.00,QR PromptPay,
T002060,2026-01-20 12:08,B07,M0021,Gold,In-store,Tea,4,95,0.00,380.00,QR PromptPay,
T002061,2026-01-20 12:42,B02,M0215,Silver,In-store,Coffee,1,70,3.50,66.50,Cash,
T002062,2026-01-20 13:11,B03,,,App,Coffee,1,115,0.00,115.00,App Wallet,4
T002063,2026-01-20 14:15,B03,M0038,Silver,App,Coffee,3,110,0.00,330.00,App Wallet,
T002064,2026-01-20 16:13,B05,M0016,Gold,App,Bakery,1,70,14.00,56.00,App Wallet,
T002065,2026-01-20 16:14,B01,M0028,Bronze,In-store,Tea,1,50,0.00,50.00,QR PromptPay,
T002066,2026-01-20 16:26,B02,,,App,Bakery,1,45,0.00,45.00,Credit Card,
T002067,2026-01-20 16:32,B04,M0213,Silver,In-store,Coffee,1,85,0.00,85.00,Credit Card,
T002068,2026-01-20 17:49,B05,,,In-store,Coffee,4,70,0.00,280.00,Cash,
T002069,2026-01-20 18:30,B02,M0040,Silver,In-store,Bakery,2,75,0.00,150.00,Credit Card,
T002070,2026-01-20 19:22,B02,M0101,Platinum,Delivery,Tea,4,80,64.00,256.00,QR PromptPay,3
T002071,2026-01-20 19:31, B08,,,Instore,Coffee,2,60,0.00,120.00,QR PromptPay,
T002072,2026-01-21 08:04,B03,M9080,Bronze,Instore,Coffee,1,80,0.00,80.00,QR PromptPay,
T002073,2026-01-21 08:17,B04,M0089,Platinum,App,Bakery,1,45,0.00,45.00,App Wallet,
T002074,2026-01-21 08:41,b05,M0164,silver,In-store,Coffee,2,75,0.00,150.00,QR PromptPay,
T002075,2026-01-21 08:55,B06,,,In-store,Coffee,2,115,0.00,230.00,Cash,
T002076,2026-01-21 08:56,B01,M0105,Silver,In-store,Coffee,1,120,0.00,120.00,QR PromptPay,3
T002077,2026-01-21 11:41,B04,M0020,Bronze,In-store,Coffee,3,105,0.00,315.00,QR PromptPay,4
T002078,2026-01-21 12:38,B03,M0200,Gold,App,Coffee,1,55,2.75,52.25,Credit Card,
T002079,2026-01-21 12:39,B02,M0161,Silver,In-store,Merchandise,2,565,113.00,1017.00,QR PromptPay,4
T002080,2026-01-21 13:24,B03,,,In-store,Coffee,2,90,0.00,180.00,Cash,
T002081,2026-01-21 13:45,B05,M0097,Bronze,App,Merchandise,1,350,0.00,350.00,Credit Card,4
T002082,2026-01-21 14:21,B02,M9158,Bronze,App,Coffee,3,115,0.00,345.00,App Wallet,
T002083,2026-01-21 14:51,B07,M0053,Platinum,App,Merchandise,4,650,390.00,2210.00,Credit Card,
T002084,2026-01-21 15:07,B01,M0151,Platinum,App,Bakery,1,95,0.00,95.00,Credit Card,4
T002085,2026-01-21 16:45,B05,,,In-store,Bakery,1,75,0.00,75.00,Cash,4
T002086,2026-01-21 17:00,B07,M0229,Bronze,In-store,Tea,2,55,0.00,110.00,QR PromptPay,5
T002087,2026-01-21 18:28,B02,M0106,Bronze,App,Coffee,1,120,0.00,120.00,Credit Card,
T002088,2026-01-21 18:28,B07,M0069,Bronze,In-store,Merchandise,3,860,0.00,2580.00,Credit Card,5
T002089,2026-01-22 07:07,B01,,,Delivery,Tea,1,70,0.00,70.00,Cash,4
T002090,2026-01-22 07:15,B04,,,In-store,Bakery,1,55,0.00,55.00,QR PromptPay,
T002091,2026-01-22 08:19,B06,M0191,Bronze,In-store,Bakery,1,75,0.00,75.00,Cash,
T002092,2026-01-22 09:37,B05,M0122,Bronze,In-store,Coffee,1,85,0.00,85.00,QR PromptPay,
T002093,2026-01-22 11:03,B01,M0269,Platinum,Delivery,Bakery,2,95,0.00,190.00,Cash,5
T002094,2026-01-22 11:37,B07,,,delivery,Coffee,4,80,0.00,320.00,Cash,3
T002095,2026-01-22 11:50,B01,M0151,Platinum,In-store,Bakery,1,100,5.00,95.00,Credit Card,
T002096,2026-01-22 14:19,B05,,,Delivery,Bakery,4,110,0.00,440.00,Cash,
T002097,2026-01-22 14:53,B04,,,in-store,Coffee,1,85,0.00,85.00,Cash,
T002098,2026-01-22 15:53,B06,M0029,Silver,In-store,Coffee,1,55,0.00,55.00,QR PromptPay,
T002099,2026-01-22 16:38,B02,M0151,Platinum,In-store,Tea,1,65,0.00,65.00,QR PromptPay,3
T002100,2026-01-22 17:08,B02,,,In-store,Coffee,1,60,0.00,60.00,Cash,
T002101,2026-01-22 18:18,B05,M0041,Platinum,App,Merchandise,3,290,0.00,870.00,App Wallet,4
T002102,2026-01-22 18:24,B02,,,In-store,Coffee,1,70,0.00,70.00,Credit Card,
T002103,2026-01-23 07:39,B01,M0151,Platinum,In-store,Coffee,1,80,0.00,80.00,QR PromptPay,
T002104,2026-01-23 07:59,B06,M0089,Platinum,In-store,Coffee,1,95,4.75,90.25,Credit Card,
T002105,2026-01-23 08:05,B08,,,In-store,Coffee,2,110,0.00,220.00,Credit Card,
T002106,2026-01-23 08:26,B04,M0039,Silver,In-store,Coffee,1,75,11.25,63.75,Cash,
T002107,2026-01-23 08:38,B06,M0020,Bronze,In-store,Coffee,2,95,0.00,190.00,Cash,
T002108,2026-01-23 08:57,B05,,,In-store,Bakery,2,45,0.00,20.00,QR PromptPay,
T002109,2026-01-23 09:22,B07,M0219,Bronze,In-store,Tea,3,50,0.00,150.00,Cash,3
T002110,2026-01-23 09:24,B03,,,APP,Merchandise,1,705,0.00,705.00,App Wallet,2
T002111,2026-01-23 09:34,B05,M0164,Silver,In-store,Merchandise,1,365,0.00,365.00,QR PromptPay,
T002112,2026-01-23 10:44,B07,,,In-store,Coffee,1,110,0.00,110.00,Credit Card,
T002113,2026-01-23 11:06,B04,,,App,Coffee,4,90,0.00,360.00,App Wallet,
T002114,2026-01-23 11:15,B02,M0244,Silver,In-store,Coffee,2,75,7.50,142.50,Credit Card,
T002115,2026-01-23 11:19,B02,M0018,bronze,In-store,Coffee,1,115,0.00,115.00,Credit Card,
T002116,2026-01-23 12:44,B07,M0124,Silver,App,Coffee,3,115,0.00,345.00,Credit Card,
T002117,2026-01-23 13:31,B05,M0202,Bronze,In-store,Bakery,1,70,0.00,70.00,QR PromptPay,4
T002118,2026-01-23 14:22,B05,M0231,Platinum,In-store,Coffee,1,70,7.00,63.00,QR PromptPay,
T002119,2026-01-23 15:11,B05,M0199,Bronze,Delivery,Coffee,3,65,0.00,195.00,Cash,4
T002120,2026-01-23 15:13,B05,M0199,Bronze,In-store,Bakery,4,110,0.00,440.00,QR PromptPay,5
T002121,2026-01-23 15:44,B04,M0012,Bronze,App,Coffee,2,115,34.50,195.50,Credit Card,
T002122,2026-01-23 16:06,B04,M0215,Silver,In-store,Coffee,1,65,0.00,65.00,QR PromptPay,
T002123,2026-01-23 16:41,B02,,,In-store,Coffee,1,65,0.00,65.00,Cash,
T002124,2026-01-23 16:59,B07,M0209,Bronze,App,Coffee,4,55,0.00,220.00,Credit Card,
T002125,2026-01-23 17:02,B01,M9468,Platinum,In-store,Tea,1,50,5.00,45.00,QR PromptPay,3
T002126,2026-01-23 17:02,B05,M0217,Bronze,In-store,Coffee,1,120,0.00,120.00,QR PromptPay,
T002127,2026-01-23 17:54,B06,M0245,Bronze,App,Bakery,1,95,0.00,95.00,App Wallet,2
T002128,2026-01-23 18:40,B08,M0093,Silver,App,Coffee,1,80,0.00,80.00,App Wallet,
T002129,2026-01-23 19:17,B05,,,Delivery,Coffee,2,55,0.00,110.00,Credit Card,
T002130,2026-01-23 19:47,B05,M0105,Silver,Delivery ,Coffee,1,55,0.00,55.00,Cash,
T002131,2026-01-24 07:04,B01,M0222,Slvr,Delivery,Tea,1,65,0.00,65.00,Cash,4
T002132,2026-01-24 07:24,B01,M0002,Bronze,In-store,Tea,1,95,19.00,76.00,Cash,
T002133,2026-01-24 08:12,B06,M0268,Gold,In-store,Coffee,4,85,51.00,289.00,Cash,
T002134,2026-01-24 08:16,b08,,,Delivery,Coffee,1,75,0.00,75.00,QR PromptPay,
T002135,2026-01-24 10:09,B03,,,App,Bakery,2,85,0.00,170.00,App Wallet,
T002136,2026-01-24 12:00,B05,,,App,Coffee,1,70,0.00,70.00,Credit Card,3
T002137,2026-01-24 12:32,B07,M0209,Bronze,In-store,Tea,1,60,0.00,60.00,QR PromptPay,5
T002138,2026-01-24 12:41,B03,M0074,Silver,App,Coffee,1,55,11.00,44.00,Credit Card,
T002139,2026-01-24 13:21,B05,,,In-store,Bakery,1,90,0.00,90.00,Cash,3
T002140,2026-01-24 13:35,B06,M0189,Silver,In-store,Tea,1,85,4.25,80.75,QR PromptPay,4
T002141,2026-01-24 13:58,B04,M0215,Silver,In-store,Coffee,1,65,6.50,58.50,QR PromptPay,4
T002142,2026-01-24 14:44,B01,M0034,Silver,In-store,Merchandise,3,570,0.00,1710.00,Cash,
T002143,2026-01-24 14:53,B01,M0268,Gold,In-store,Coffee,4,120,0.00,480.00,QR PromptPay,
T002144,2026-01-24 15:54,B04,M0039,Silver,In-store,Tea,1,75,0.00,75.00,Credit Card,
T002145,2026-01-24 16:45,B02,,,In-store,Coffee,1,60,0.00,60.00,Cash,
T002146,2026-01-24 16:58,B07,M9080,Bronze,In-store,Coffee,1,75,7.50,67.50,Credit Card,5
T002147,2026-01-24 17:56,B01,M0179,Silver,In-store,Bakery,3,100,0.00,300.00,QR PromptPay,
T002148,2026-01-24 18:23,B05,,,App,Coffee,1,80,0.00,80.00,Credit Card,
T002149,2026-01-24 19:02,B04,M0215,Silver,In-store,Bakery,1,90,0.00,90.00,Credit Card,
T002150,2026-01-24 19:13,B05,M0073,Silver,In-store,Coffee,1,100,0.00,100.00,Credit Card,2
T002151,2026-01-24 19:17,B07,M0135,Gold,Delivery,Coffee,2,115,34.50,195.50,QR PromptPay,4
T002152,2026-01-24 19:35,B02,M0106,Bronze,In-store,Bakery,2,70,0.00,140.00,QR PromptPay,
T002153,2026-01-24 19:45,B05,M0065,Platinum,In-store,Coffee,1,55,5.50,49.50,Credit Card,
T002154,2026-01-25 07:49,B05,,,In-store,Bakery,1,100,0.00,100.00,QR PromptPay,5
T002155,2026-01-25 08:14,B05,,,In-store,Coffee,1,80,0.00,80.00,Cash,
T002156,2026-01-25 08:50,B02,M0101,Platinum,In-store,Coffee,2,90,0.00,180.00,QR PromptPay,4
T002157,2026-01-25 08:51,B06,,,In-store,Coffee,3,85,0.00,255.00,Credit Card,4
T002158,2026-01-25 08:59,B04,,,In-store,Coffee,1,95,0.00,95.00,QR PromptPay,
T002159,2026-01-25 08:59,B04,M0264,Silver,In-store,Bakery,1,90,9.00,81.00,QR PromptPay,3
T002160,2026-01-25 09:14,B03,,,In-store,Bakery,2,50,0.00,100.00,Cash,
T002161,2026-01-25 10:20,B08,M0151,Platinum,In-store,Coffee,1,105,5.25,99.75,QR PromptPay,
T002162,2026-01-25 10:37,B02,M0214,Gold,In-store,Tea,1,60,0.00,60.00,QR PromptPay,
T002163,2026-01-25 11:24,B07,M9723,Bronze,App,Coffee,3,65,0.00,195.00,Credit Card,
T002164,2026-01-25 11:29,B02,,,In-store,Coffee,1,120,0.00,120.00,Credit Card,4
T002165,2026-01-25 12:09,B07,M0004,Bronze,App,Coffee,2,80,0.00,160.00,App Wallet,4
T002166,2026-01-25 12:26,B04,M0262,Silver,Delivery,Coffee,2,65,0.00,130.00,Credit Card,
T002167,2026-01-25 13:04,B07,M0185,Bronze,App,Coffee,1,110,0.00,110.00,App Wallet,3
T002168,2026-01-25 13:06,B05,,,Delivery,Coffee,2,105,0.00,210.00,QR PromptPay,3
T002169,2026-01-25 13:35,B05,,,In-store,Coffee,3,105,0.00,335.00,QR PromptPay,
T002170,2026-01-25 14:36,B07,,,App,Coffee,4,110,0.00,440.00,Credit Card,
T002171,2026-01-25 16:04,B05,M0264,Silver,App,Bakery,1,75,0.00,75.00,App Wallet,
T002172,2026-01-25 16:48,B06,,,In-store,Coffee,2,110,0.00,220.00,QR PromptPay,
T002173,2026-01-25 18:15,B06,M0029,Silver,App,Coffee,1,55,11.00,44.00,Credit Card,
T002174,2026-01-25 18:18,B07,,,Delivery,Tea,1,55,0.00,55.00,Cash,
T002175,2026-01-25 18:35,B02,M0264,Silver,In-store,Coffee,1,80,0.00,80.00,Credit Card,1
T002176,2026-01-25 19:15,B08,M0016,Gold,In-store,Merchandise,2,475,0.00,950.00,Cash,
T002177,2026-01-25 19:50,B06,M0206,Bronze,In-store,Coffee,2,80,0.00,160.00,Credit Card,
T002178,2026-01-26 08:39,B03,M0054,Bronze,Delivery,Coffee,2,110,0.00,220.00,Credit Card,
T002179,2026-01-26 08:48,B05,M0199,Bronze,In-store,Coffee,1,70,0.00,70.00,QR PromptPay,5
T002180,2026-01-26 08:54,B08,M0095,Bronze,In-store,Coffee,1,105,0.00,105.00,Credit Card,
T002181,2026-01-26 08:58,B06,,,In-store,Coffee,1,105,0.00,105.00,Cash,
T002182,2026-01-26 09:53,B04,M0041,Platinum,In-store,Merchandise,3,370,55.50,1054.50,Credit Card,3
T002183,2026-01-26 10:40,B04,M0115,Bronze,In-store,Coffee,3,85,0.00,255.00,Cash,
T002184,2026-01-26 12:08,B06,M0068,Gold,In-store,Coffee,1,115,23.00,92.00,Cash,5
T002185,2026-01-26 12:57,B04,M0039,Silver,App,Bakery,2,45,0.00,90.00,App Wallet,
T002186,2026-01-26 13:34,B02,M0244,Silver,In-store,Coffee,2,100,0.00,200.00,QR PromptPay,
T002187,2026-01-26 13:56,B05,M0202,Bronze,In-store,Merchandise,4,860,0.00,3440.00,Credit Card,5
T002188,2026-01-26 14:11,B04,,,In-store,Coffee,4,95,0.00,380.00,Cash,
T002189,2026-01-26 14:16,B03,M0208,Bronze,In-store,Coffee,1,65,0.00,65.00,Cash,3
T002190,2026-01-26 14:24,B02,M0121,Gold,In-store,Coffee,1,65,0.00,65.00,Credit Card,
T002191,2026-01-26 14:37,B02,M0068,Gold,In-store,Coffee,3,110,0.00,330.00,Cash,
T002192,2026-01-26 14:59,B02,M0161,Silver,In-store,Coffee,2,75,22.50,127.50,QR PromptPay,
T002193,2026-01-26 15:48,B07,,,In-store,Coffee,2,55,0.00,110.00,Credit Card,
T002194,2026-01-26 15:59,B02,,,In-store,Merchandise,2,385,0.00,770.00,Credit Card,
T002195,2026-01-26 16:08,B05,,,App,Coffee,1,65,0.00,65.00,Credit Card,
T002196,2026-01-26 16:09,B07,,,Delivery,Coffee,4,70,0.00,280.00,Cash,4
T002197,2026-01-26 16:24,B02,M0204,silver,In-store,Tea,3,75,0.00,225.00,QR PromptPay,
T002198,2026-01-26 16:31,B01,,,In-store,Tea,1,80,0.00,80.00,QR PromptPay,4
T002199,2026-01-26 16:39,B08,M0109,Platinum,Delivery,Merchandise,1,815,0.00,815.00,Cash,
T002200,2026-01-26 17:06,B07,,,In-store,Coffee,3,85,0.00,255.00,Cash,
T002200,2026-01-26 17:06,B07,,,In-store,Coffee,3,85,0.00,255.00,Cash,
T002201,2026-01-26 17:12,B06,,,In-store,Coffee,4,75,0.00,300.00,QR PromptPay,
T002202,2026-01-27 07:30,B07,M0229,Bronze,App,Coffee,3,105,0.00,315.00,Credit Card,
T002203,2026-01-27 08:26,B06,,,In store,Bakery,2,105,0.00,210.00,Credit Card,
T002204,2026-01-27 08:43,B07,M0272,Silver,App,Coffee,1,90,0.00,90.00,App Wallet,
T002205,2026-01-27 08:57,B07,M0042,Bronze,In-store,Merchandise,3,860,0.00,2580.00,QR PromptPay,
T002206,2026-01-27 09:00,B04,,,In-store,Coffee,4,120,0.00,480.00,QR PromptPay,
T002207,2026-01-27 09:15,B06,,,Instore,Coffee,1,75,0.00,75.00,QR PromptPay,
T002208,2026-01-27 12:08,B01,M0135,Gold,In-store,Coffee,4,95,0.00,380.00,QR PromptPay,
T002209,2026-01-27 12:25,B07,M0272,Silver,App,Coffee,1,65,0.00,65.00,App Wallet,
T002210,2026-01-27 12:53,B08,M0065,Platinum,In-store,Coffee,2,90,9.00,171.00,QR PromptPay,
T002211,2026-01-27 14:22,B03,,,App,Tea,1,50,0.00,50.00,App Wallet,4
T002212,2026-01-27 14:46,B03,M0222,Silver,In-store,Merchandise,2,730,0.00,1460.00,Cash,
T002213,2026-01-27 15:39,B04,,,In-store,Coffee,3,55,0.00,165.00,Cash,4
T002214,2026-01-27 16:03,B07,,,Delivery,Coffee,104,90,0.00,9360.00,Credit Card,3
T002215,2026-01-27 16:07,B08,M0109,Platinum,Delivery,Bakery,1,90,0.00,90.00,Cash,4
T002216,2026-01-27 16:22,B06,M0191,Bronze,Delivery,Coffee,1,100,0.00,100.00,QR PromptPay,5
T002217,2026-01-27 16:24,B03,M0078,Silver,In-store,Coffee,2,70,0.00,140.00,Cash,
T002218,2026-01-27 18:08,B04,,,In-store,Coffee,2,85,0.00,170.00,Credit Card,4
T002219,2026-01-28 07:04,B08,M0065,Platinum,In-store,Tea,1,65,0.00,65.00,QR PromptPay,
T002220,2026-01-28 08:27,B04,,,Delivery,Tea,4,65,0.00,260.00,Cash,
T002221,2026-01-28 08:53,B08,M0215,Silver,In-store,Bakery,1,50,5.00,45.00,QR PromptPay,
T002222,2026-01-28 09:12,B08,M0065,Platinum,Delivery,Merchandise,1,810,0.00,810.00,Cash,
T002223,2026-01-28 10:18,B06,M0198,Bronze,In-store,Coffee,1,110,0.00,110.00,QR PromptPay,
T002224,2026-01-28 12:09,B01,M0126,Bronze,In-store,Coffee,2,90,0.00,180.00,Credit Card,4
T002225,2026-01-28 12:11,B06,M0002,Brz,In-store,Coffee,2,65,0.00,130.00,QR PromptPay,
T002226,2026-01-28 12:15,B02,,,In-store,Tea,1,65,0.00,65.00,QR PromptPay,5
T002227,2026-01-28 13:06,B02,M0068,Gold,In-store,Bakery,2,45,0.00,90.00,Cash,
T002228,2026-01-28 14:23,B06,,,In-store,Coffee,1,65,0.00,65.00,QR PromptPay,
T002229,2026-01-28 15:28,B06,,,App,Bakery,3,85,0.00,255.00,App Wallet,
T002230,2026-01-28 15:39,B03,M0055,Gold,In-store,Coffee,1,85,0.00,85.00,Cash,
T002230,2026-01-28 16:11,B03,M0055,GOLD,In-store,Coffee,-1,85,-0.00,-85.00,Cash,
T002231,2026-01-28 17:13,B01,M0088,Gold,In-store,Bakery,1,45,4.50,40.50,QR PromptPay,
T002232,2026-01-28 17:42,B06,M0070,Platinum,App,Coffee,1,95,0.00,95.00,Credit Card,5
T002233,2026-01-28 18:50,B06,M0009,Gold,APP,Bakery,2,60,0.00,120.00,Credit Card,5
T002234,2026-01-29 07:20,B03,,,In-store,Coffee,1,65,0.00,65.00,Cash,3
T002235,2026-01-29 07:49,B07,M0272,Silver,In-store,Tea,4,75,0.00,300.00,QR PromptPay,
T002236,2026-01-29 08:02,B05,M0204,Silver,In-store,Tea,3,55,0.00,165.00,Cash,
T002237,2026-01-29 08:33,B07,M0030,Bronze,In-store,Merchandise,1,275,0.00,275.00,QR PromptPay,4
T002238,2026-01-29 09:44,B05,M0275,Bronze,In-store,Coffee,1,70,0.00,70.00,Credit Card,4
T002239,2026-01-29 10:08,B05,M0231,Platinum,Instore,Tea,1,75,11.25,63.75,QR PromptPay,
T002240,2026-01-29 10:52,B07,,,App,Bakery,1,75,0.00,75.00,App Wallet,
T002241,2026-01-29 11:21,B06,M0191,Bronze,In-store,Coffee,1,100,15.00,85.00,Credit Card,
T002242,2026-01-29 12:04,B04,M0109,Platinum,In-store,Coffee,1,80,0.00,80.00,QR PromptPay,
T002243,2026-01-29 12:40,B01,M0135,Gold,In-store,Coffee,1,85,0.00,85.00,Credit Card,
T002244,2026-01-29 13:15,B08,M0109,Platinum,In-store,Bakery,2,105,42.00,168.00,Cash,
T002245,2026-01-29 13:36,b04,M0192,Bronze,Delivery,Coffee,4,70,42.00,238.00,Credit Card,4
T002246,2026-01-29 13:40,B02,M0016,Gold,In-store,Coffee,2,115,11.50,218.50,Cash,
T002247,2026-01-29 13:49,B08,M0072,Bronze,App,Tea,1,60,0.00,60.00,App Wallet,
T002248,2026-01-29 14:10,B06,M0268,Gold,Instore,Bakery,1,80,12.00,68.00,Credit Card,
T002249,2026-01-29 15:58,B08,M0058,Bronze,In-store,Merchandise,2,835,83.50,1586.50,Cash,5
T002250,2026-01-29 16:04,B08,M0255,Bronze,In-store,Coffee,2,105,0.00,210.00,Credit Card,
T002251,2026-01-29 18:30,B05,M0189,GOLD,Delivery,Merchandise,4,฿250,0.00,1000.00,QR PromptPay,5
T002252,2026-01-30 07:14,B04,,,App,Bakery,1,65,0.00,65.00,App Wallet,5
T002253,2026-01-30 08:12,B01,M0151,Platinum,Delivery,Coffee,1,105,0.00,105.00,QR PromptPay,
T002254,2026-01-30 09:37,B08,M0101,Platinum,In-store,Tea,1,95,19.00,76.00,Cash,5
T002255,2026-01-30 12:01,B03,M0268,Gold,App,Merchandise,1,455,0.00,455.00,App Wallet,
T002256,2026-01-30 12:34,B06,M0222,Silver,Delivery,Coffee,2,85,0.00,170.00,Credit Card,
T002257,2026-01-30 12:38,B08,M0110,Gold,Delivery ,Bakery,2,110,33.00,187.00,Credit Card,
T002258,2026-01-30 12:59,B07,M0219,Bronze,In-store,Bakery,1,75,0.00,75.00,QR PromptPay,
T002259,2026-01-30 13:01,B08,M0277,Brz,In-store,Coffee,2,90,9.00,171.00,Credit Card,3
T002260,2026-01-30 13:03,B05,,,In-store,Tea,4,80,0.00,320.00,QR PromptPay,4
T002261,2026-01-30 13:08,B08,M0109,Platinum,In-store,Coffee,2,55,22.00,88.00,QR PromptPay,
T002262,2026-01-30 13:39,B08,M0072,Bronze,App,Coffee,1,65,9.75,55.25,App Wallet,2
T002263,2026-01-30 13:51,B07,M0118,Bronze,App,Coffee,2,100,0.00,200.00,Credit Card,
T002264,2026-01-30 13:54,B06,M0222,Silver,In-store,Bakery,1,70,14.00,56.00,Credit Card,
T002265,2026-01-30 14:10,B02,,,Delivery,Coffee,1,120,0.00,120.00,Cash,
T002266,2026-01-30 14:52,B04,,,In-store,Coffee,2,105,0.00,210.00,Credit Card,
T002267,2026-01-30 14:54,B02,,,In-store,Bakery,1,110,0.00,110.00,Credit Card,
T002268,2026-01-30 15:15,B07,M0219,bronze,App,Merchandise,3,580,0.00,1740.00,App Wallet,4
T002269,2026-01-30 15:27,B02,M0040,Silver,App,Merchandise,1,680,0.00,680.00,App Wallet,
T002270,2026-01-30 16:03,B05,,,In-store,Coffee,1,65,0.00,65.00,Cash,
T002271,2026-01-30 16:10,B06,,,In-store,Bakery,2,95,0.00,190.00,QR PromptPay,
T002272,2026-01-30 16:46,B07,M0214,Gold,APP,Coffee,2,75,0.00,150.00,App Wallet,
T002273,2026-01-30 17:30,B03,M0108,Silver,In-store,Coffee,2,65,0.00,130.00,QR PromptPay,
T002274,2026-01-30 18:57,B08,,,In-store,Coffee,3,90,0.00,270.00,Credit Card,5
T002275,2026-01-30 19:15,B01,M0151,Platinum,In-store,Coffee,2,95,0.00,190.00,Credit Card,
T002276,2026-01-31 08:37,B08,M0072,Bronze,In-store,Coffee,4,65,0.00,260.00,QR PromptPay,
T002277,2026-01-31 09:25,B03,M0054,Bronze,In-store,Bakery,1,105,0.00,105.00,QR PromptPay,
T002278,2026-01-31 11:06,B06,M0020,Bronze,In-store,Bakery,1,105,0.00,105.00,QR PromptPay,3
T002279,2026-01-31 11:17,B07,M0209,Bronze,Mobile App,Tea,1,80,0.00,80.00,App Wallet,
T002280,2026-01-31 11:43,B03,,,In-store,Tea,4,70,0.00,280.00,Credit Card,
T002281,2026-01-31 11:46,B05,,,Delivery,Bakery,1,60,0.00,60.00,QR PromptPay,
T002282,2026-01-31 12:43,B07,,,App,Bakery,1,70,0.00,70.00,App Wallet,
T002283,2026-01-31 13:15,B08,M0072,Bronze,app,Coffee,1,120,0.00,120.00,App Wallet,
T002284,2026-01-31 14:31,B05,M0231,Platinum,App,Coffee,1,80,0.00,80.00,Credit Card,3
T002285,2026-01-31 15:08,B06,M0240,Silver,App,Coffee,2,90,0.00,180.00,App Wallet,
T002286,2026-01-31 16:19,B01,M0208,Bronze,In-store,Bakery,3,105,0.00,315.00,QR PromptPay,3
T002287,2026-01-31 16:32,B01,M0216,Silver,Delivery,Coffee,1,55,0.00,55.00,QR PromptPay,
T002288,2026-01-31 16:37,B03,M0153,Slvr,In-store,Bakery,3,65,0.00,195.00,Cash,
T002289,2026-01-31 17:45,B08,M0072,Bronze,Delivery,Merchandise,1,705,0.00,705.00,Credit Card,
T002290,2026-01-31 19:37,B07,M0042,Bronze,app,Bakery,2,100,0.00,200.00,App Wallet,3
T002291,2026-02-01 08:05,B01,,,App,Coffee,1,75,0.00,75.00,Credit Card,4
T002292,2026-02-01 12:14,B06,M0020,Bronze,App,Tea,1,80,0.00,80.00,Credit Card,4
T002293,2026-02-01 12:21,B02,M0101,Platinum,In-store,Tea,2,75,30.00,120.00,QR PromptPay,4
T002294,2026-02-01 12:52,B08,M0111,Bronze,App,Bakery,4,75,0.00,300.00,Credit Card,
T002295,2026-02-01 12:52,B05,M0164,Silver,App,Coffee,4,95,0.00,380.00,App Wallet,
T002296,2026-02-01 13:14,B04,M0213,Silver,App,Tea,1,90,0.00,90.00,Credit Card,
T002297,2026-02-01 13:32,B06,M9362,Silver,Delivery,Merchandise,4,815,0.00,3260.00,Cash,
T002298,2026-02-01 15:16,B08,M0065,Platinum,In-store,Coffee,1,฿75,3.75,71.25,Cash,
T002299,2026-02-01 15:28,B08,M0065,Platinum,In-store,Bakery,1,80,0.00,80.00,Credit Card,
T002300,2026-02-01 16:20,B08,M0065,Platinum,In-store,Coffee,2,60,0.00,120.00,QR PromptPay,3
T002300,2026-02-01 16:47,B08,M0065,Platinum,in-store,Coffee,-2,60,-0.00,-120.00,QR PromptPay,
T002301,2026-02-01 16:47,B03,M0239,Gold,In-store,Coffee,4,110,44.00,396.00,Cash,
T002302,2026-02-01 16:51,B04,,,App,Coffee,1,55,0.00,55.00,App Wallet,4
T002303,2026-02-01 16:58,B05,M0062,GOLD,In-store,Coffee,3,0,0.00,0.00,Credit Card,
T002304,2026-02-01 17:15,B02,,,Delivery,Coffee,1,80,0.00,80.00,Credit Card,
T002305,2026-02-01 17:57,B02,M0068,Gold,Delivery,Tea,1,55,0.00,55.00,Credit Card,
T002306,2026-02-01 18:21,B01,M0151,platinum,In-store,Tea,2,85,0.00,170.00,QR PromptPay,4
T002307,2026-02-01 18:44,B02,M0007,Gold,In-store,Coffee,1,60,0.00,60.00,Credit Card,
T002308,2026-02-01 18:58,B08,,,In-store,Merchandise,1,570,0.00,570.00,Credit Card,
T002309,2026-02-02 07:20,B03,,,In-store,Coffee,3,105,0.00,315.00,QR PromptPay,
T002310,2026-02-02 08:12,B04,M0264,Silver,App,Coffee,2,55,0.00,110.00,App Wallet,2
T002311,2026-02-02 09:50,B02,M0018,Bronze,App,Coffee,3,115,0.00,345.00,Credit Card,3
T002312,2026-02-02 11:01,B07,M0272,Silver,In-store,Coffee,1,115,0.00,115.00,Cash,4
T002313,2026-02-02 12:19,B03,M0250,Bronze,In-store,Coffee,2,80,0.00,160.00,Cash,3
T002314,2026-02-02 13:00,B05,M0065,Platinum,In-store,Coffee,1,105,0.00,105.00,QR PromptPay,3
T002315,2026-02-02 13:20,B02,M0054,Bronze,App,Coffee,1,120,0.00,120.00,Credit Card,2
T002316,2026-02-02 13:22,B07,M0133,Bronze,Delivery,Bakery,1,70,0.00,70.00,Credit Card,
T002317,2026-02-02 13:59,B05,M0176,Slvr,In-store,Bakery,1,85,0.00,85.00,QR PromptPay,
T002318,2026-02-02 15:32,B01,,,In-store,Coffee,3,80,0.00,240.00,Credit Card,
T002319,2026-02-02 16:10,B01,M0028,Bronze,In-store,Coffee,2,110,0.00,220.00,Credit Card,3
T002320,2026-02-02 16:53,B06,M0066,Bronze,In-store,Tea,2,75,0.00,150.00,Credit Card,
T002321,2026-02-02 17:06,B06,,,App,Coffee,2,60,0.00,120.00,App Wallet,3
T002322,2026-02-02 17:45,B07,M0008,Bronze,In-store,Coffee,2,95,0.00,190.00,QR PromptPay,4
T002323,2026-02-02 18:16,B06,M0262,Silver,In-store,Coffee,1,55,0.00,55.00,Credit Card,
T002324,2026-02-02 19:38,B03,M0053,PLATINUM,In-store,Bakery,1,90,0.00,90.00,Credit Card,4
T002325,2026-02-02 19:59,B01,M0151,Platinum,App,Bakery,1,75,15.00,60.00,Credit Card,
T002326,2026-02-03 07:36,B05,M0269,Platinum,In store,Coffee,3,105,0.00,315.00,Credit Card,4
T002327,2026-02-03 07:50,B07,,,in-store,Coffee,2,110,0.00,210.00,Credit Card,
T002328,2026-02-03 08:51,B01,M0135,Gold,In-store,Merchandise,1,350,0.00,350.00,Credit Card,
T002329,2026-02-03 09:43,B03,M0129,Silver,In-store,Coffee,4,85,0.00,340.00,Cash,
T002329,2026-02-03 09:43,B03,M0129,Silver,In-store,Coffee,4,85,0.00,340.00,Cash,
T002330,2026-02-03 11:00,B03,M0038,Silver,App,Merchandise,1,795,0.00,795.00,App Wallet,
T002331,2026-02-03 11:08,B05,M0209,Bronze,Delivery,Coffee,3,60,27.00,153.00,Credit Card,
T002332,2026-02-03 12:14,B07,,,App,Coffee,2,120,0.00,240.00,App Wallet,
T002333,2026-02-03 12:22,B06,,,App,Bakery,1,60,0.00,60.00,App Wallet,3
T002334,2026-02-03 12:36,B07,M0185,Bronze,In-store,Bakery,1,75,0.00,75.00,QR PromptPay,
T002335,2026-02-03 13:02,B05,M0147,Bronze,Delivery,Coffee,1,85,0.00,85.00,Credit Card,
T002336,2026-02-03 13:30,B02,M0240,silver,In-store,Coffee,1,90,0.00,90.00,Credit Card,
T002337,2026-02-03 13:52,B07,M0260,Bronze,App,Coffee,1,60,0.00,60.00,Credit Card,3
T002338,2026-02-03 14:23,B07,M0004,Bronze,In-store,Tea,1,85,0.00,85.00,QR PromptPay,
T002337,2026-02-03 14:36,B07,M0260,Bronze,App,Coffee,-1,60,-0.00,-60.00,Credit Card,
T002339,2026-02-03 15:24,B05,M0176,Silver,App,Coffee,1,55,0.00,55.00,Credit Card,
T002340,2026-02-03 15:25,B08,M0216,Silver,in-store,Tea,3,65,0.00,195.00,Cash,3
T002341,2026-02-03 16:07,B07,,,In-store,Coffee,4,80,0.00,320.00,QR PromptPay,
T002342,2026-02-03 16:09,B07,M0021,Gold,In-store,Merchandise,2,830,0.00,1660.00,QR PromptPay,4
T002343,2026-02-03 16:12,B08,M0035,Gold,App,Coffee,1,115,17.25,97.75,App Wallet,
T002344,2026-02-03 16:24,B05,M0217,Bronze,In-store,Tea,2,55,0.00,110.00,QR PromptPay,4
T002345,2026-02-03 16:57,B05,,,In-store,Coffee,2,110,0.00,220.00,Cash,
T002346,2026-02-03 17:17,B04,M0264,Silver,App,Coffee,2,65,0.00,130.00,Credit Card,2
T002347,2026-02-03 17:48,B01,M0193,Bronze,Delivery,Merchandise,1,705,0.00,705.00,Credit Card,
T002348,2026-02-03 18:01,B06,M0191,Bronze,In-store,Tea,1,55,0.00,55.00,Cash,5
T002349,2026-02-03 18:07,B08,M0072,Bronze,In-store,Merchandise,1,780,0.00,780.00,Credit Card,
T002350,2026-02-03 18:47,B06,M0222,Silver,App,Coffee,1,100,10.00,90.00,Credit Card,4
T002351,2026-02-03 19:07,B06,,,In-store,Coffee,1,95,0.00,95.00,Cash,5
T002352,2026-02-03 19:50,B08,,,In-store,Coffee,2,90,0.00,180.00,Cash,
T002353,2026-02-04 08:23,B03,M0169,Bronze,In-store,Merchandise,2,455,0.00,910.00,Credit Card,
T002354,2026-02-04 08:36,B02,,,In-store,Coffee,2,80,0.00,160.00,Credit Card,
T002355,2026-02-04 09:04,B05,M0016,Gold,Instore,Coffee,2,80,0.00,160.00,Credit Card,4
T002356,2026-02-04 09:24,B04,M0264,Silver,In-store,Tea,3,80,0.00,240.00,Credit Card,1
T002357,2026-02-04 09:46,B02,M0140,Silver,In-store,Bakery,2,100,0.00,200.00,Credit Card,
T002358,2026-02-04 10:07,B06,M0068,Gold,Delivery,Tea,2,75,0.00,150.00,Credit Card,
T002359,2026-02-04 11:00,B07,,,In-store,Bakery,1,65,0.00,65.00,QR PromptPay,
T002360,2026-02-04 13:41,B04,M0245,Bronze,Delivery,Tea,1,95,0.00,95.00,QR PromptPay,3
T002361,2026-02-04 13:47,B01,M0151,Platinum,In-store,Coffee,4,100,20.00,380.00,Cash,
T002362,2026-02-04 13:51,B08,M0065,Platinum,In-store,Coffee,4,75,60.00,240.00,QR PromptPay,5
T002363,2026-02-04 14:00,B03,M0074,Silver,App,Bakery,1,45,0.00,45.00,App Wallet,
T002364,2026-02-04 14:56,B03,,,App,Merchandise,2,255,0.00,510.00,App Wallet,
T002365,2026-02-04 15:13,B02,M0249,Bronze,App,Coffee,2,55,0.00,110.00,Credit Card,
T002366,2026-02-04 15:15,B01,M0237,Silver,Delivery,Coffee,2,110,0.00,220.00,Credit Card,3
T002367,2026-02-04 15:24,B03,M0167,Gold,In-store,Bakery,2,60,0.00,120.00,Cash,
T002368,2026-02-04 16:02,B03,M0055,Gold,In-store,Coffee,3,75,33.75,191.25,QR PromptPay,
T002369,2026-02-04 16:24,B07,M0018,Bronze,App,Tea,1,95,0.00,95.00,Credit Card,
T002370,2026-02-04 16:27,B06,,,In-store,Coffee,1,120,0.00,120.00,Cash,
T002371,2026-02-04 16:36,B04,,,In-store,Bakery,3,65,0.00,195.00,Cash,4
T002372,2026-02-04 16:52,B08,M0126,Bronze,In-store,Coffee,2,100,10.00,190.00,QR PromptPay,5
T002373,2026-02-04 18:11,B05,M0130,Gold,In-store,Coffee,2,70,0.00,140.00,Cash,3
T002374,2026-02-04 18:25,B08,M0079,Bronze,in-store,Coffee,1,75,3.75,-18.75,Cash,
T002375,2026-02-04 19:18,B06,M0223,Bronze,in-store,Coffee,1,120,0.00,120.00,Cash,
T002376,2026-02-05 07:59,B04,,,App,Coffee,1,115,0.00,115.00,App Wallet,4
T002377,2026-02-05 08:34,B06,M0262,Silver,Delivery,Coffee,2,115,0.00,230.00,Cash,
T002378,2026-02-05 08:42,B06,M0222,Silver,In-store,Coffee,1,70,14.00,56.00,QR PromptPay,5
T002379,2026-02-05 08:50,B06,M0089,Platinum,In-store,Coffee,4,110,0.00,440.00,Cash,4
T002380,2026-02-05 08:51,B01,M0151,Platinum,Delivery,Merchandise,3,595,0.00,1785.00,QR PromptPay,
T002381,2026-02-05 08:57,B08,M0239,Gold,In-store,Coffee,2,65,6.50,123.50,Cash,
T002382,2026-02-05 12:55,B07,M0004,Bronze,In-store,Bakery,1,55,0.00,55.00,QR PromptPay,
T002383,2026-02-05 13:23,B05,,,In-store,Coffee,1,55,0.00,55.00,QR PromptPay,
T002384,2026-02-05 14:10,B04,M0064,BRONZE,In-store,Tea,2,55,0.00,110.00,Credit Card,5
T002385,2026-02-05 14:52,B05,M0231,Platinum,In-store,Coffee,2,75,30.00,120.00,Credit Card,
T002386,2026-02-05 15:10,B05,,,In-store,Coffee,1,115,0.00,115.00,Credit Card,
T002387,2026-02-05 15:32,b03,M0154,Platinum,App,Tea,1,80,16.00,64.00,App Wallet,4
T002388,2026-02-05 15:49,B05,,,Instore,Merchandise,1,735,0.00,735.00,QR PromptPay,
T002389,2026-02-05 16:34,B08,M0065,Platinum,App,Coffee,1,80,8.00,72.00,Credit Card,
T002390,2026-02-05 16:34,B03,,,In-store,Coffee,1,100,0.00,100.00,QR PromptPay,
T002391,2026-02-05 16:51,B08,M0065,Platinum,In-store,Coffee,4,60,48.00,192.00,Cash,5
T002392,2026-02-05 16:57,B04,M0115,Bronze,Delivery,Coffee,1,55,0.00,55.00,Cash,
T002393,2026-02-05 17:21,B05,,,App,Merchandise,1,315,0.00,315.00,Credit Card,4
T002394,2026-02-05 17:49,B03,M0041,Platinum,In-store,Coffee,3,75,45.00,180.00,QR PromptPay,
T002395,2026-02-05 18:53,B05,M0215,Silver,Delivery,Coffee,1,110,0.00,110.00,QR PromptPay,3
T002396,2026-02-05 19:27,B05,,,In-store,Coffee,1,55,0.00,55.00,Credit Card,4
T002397,2026-02-06 08:19,B05,M0231,Platinum,In-store,Bakery,1,65,9.75,55.25,Credit Card,
T002398,2026-02-06 08:27,B02,M0228,Platinum,In-store,Bakery,1,110,0.00,170.00,Credit Card,
T002399,2026-02-06 08:50,B03,M0074,Silver,In-store,Tea,3,60,0.00,180.00,QR PromptPay,4
T002400,2026-02-06 08:59,B08,M0224,Bronze,In-store,Coffee,1,80,0.00,80.00,Cash,
T002401,2026-02-06 10:31,B02,M0244,Silver,In store,Coffee,2,90,0.00,180.00,QR PromptPay,
T002402,2026-02-06 10:48,B03,M0129,Silver,In-store,Coffee,3,100,0.00,300.00,Credit Card,3
T002403,2026-02-06 12:12,B01,,,App,Coffee,2,55,0.00,110.00,Credit Card,
T002404,2026-02-06 12:13,B01,M0151,Platinum,App,Coffee,1,110,22.00,88.00,Credit Card,
T002405,2026-02-06 12:43,B07,,,App,Bakery,2,80,0.00,160.00,App Wallet,2
T002406,2026-02-06 12:44,B07,,,In-store,Coffee,1,80,0.00,80.00,Credit Card,2
T002407,2026-02-06 12:56,B06,M0029,Silver,In-store,Coffee,1,120,0.00,120.00,QR PromptPay,
T002408,2026-02-06 13:19,B01,M0062,Gold,In-store,Coffee,1,85,0.00,85.00,Credit Card,
T002409,2026-02-06 13:24,B01,M0107,Silver,App,Tea,1,90,0.00,90.00,App Wallet,4
T002410,2026-02-06 13:34,B04,M0237,Silver,App,Coffee,1,105,0.00,105.00,App Wallet,3
T002411,2026-02-06 13:37,B05,M0217,Bronze,In-store,Coffee,3,65,0.00,195.00,QR PromptPay,4
T002412,2026-02-06 14:45,B06,M0009,Gold,In-store,Tea,4,60,36.00,204.00,QR PromptPay,
T002413,2026-02-06 15:32,B07,,,Delivery,Tea,1,80,0.00,80.00,Credit Card,
T002414,2026-02-06 16:12,B05,,,App,Bakery,1,105,0.00,105.00,Credit Card,
T002415,2026-02-06 17:54,B05,M0202,Bronze,In-store,Coffee,2,75,0.00,150.00,Cash,
T002416,2026-02-06 17:59,B03,M0108,Silver,In-store,Bakery,1,60,0.00,60.00,Cash,
T002417,2026-02-07 07:33,B05,M0209,Bronze,In-store,Coffee,1,95,0.00,95.00,Credit Card,5
T002418,2026-02-07 08:22,B01,M0232,Silver,In-store,Bakery,2,50,5.00,95.00,Cash,
T002419,2026-02-07 08:56,B6,M0191,Bronze,In-store,Coffee,1,105,0.00,45.00,Credit Card,
T002420,2026-02-07 11:57,B01,M0151,platinum,App,Tea,2,85,34.00,136.00,Credit Card,3
T002421,2026-02-07 12:48,B06,M0070,Platinum,In-store,Bakery,1,50,10.00,40.00,QR PromptPay,4
T002422,2026-02-07 12:51,B07,M0093,Silver,Delivery,Tea,2,65,0.00,130.00,Credit Card,
T002423,2026-02-07 13:02,B08,M0109,Platinum,In-store,Tea,2,50,0.00,100.00,QR PromptPay,3
T002424,2026-02-07 13:13,B02,M0088,Gold,In-store,Coffee,1,85,0.00,85.00,Cash,4
T002425,2026-02-07 13:27,B05,M0199,Bronze,In-store,Coffee,1,115,0.00,115.00,Cash,
T002426,2026-02-07 13:51,B07,M0231,Platinum,In-store,Coffee,3,105,0.00,315.00,QR PromptPay,
T002427,2026-02-07 14:17,B05,,,In-store,Tea,2,80,0.00,160.00,QR PromptPay,
T002428,2026-02-07 14:20,B07,M0021,Gold,In-store,Bakery,1,105,0.00,105.00,Credit Card,
T002429,2026-02-07 16:08,B05,M0016,Gold,In-store,Tea,2,70,0.00,140.00,QR PromptPay,2
T002430,2026-02-07 17:47,B05,,,In-store,Bakery,3,95,0.00,285.00,Credit Card,
T002431,2026-02-07 17:58,B01,M0012,Bronze,App,Coffee,2,75,0.00,150.00,Credit Card,
T002432,2026-02-07 18:16,B06,M0132,Silver,In-store,Coffee,3,95,0.00,285.00,QR PromptPay,
T002433,2026-02-07 18:54,B01,M0250,Bronze,In-store,Coffee,1,85,4.25,80.75,Cash,
T002434,2026-02-07 19:06,B08,M0092,BRONZE,Delivery,Bakery,2,50,0.00,100.00,Cash,
T002435,2026-02-07 19:10,B03,M0176,Silver,In-store,Coffee,1,90,9.00,81.00,Credit Card,
T002436,2026-02-07 19:59,B08,,,In-store,Coffee,2,60,0.00,120.00,Credit Card,
T002437,2026-02-07 22:25,B01,M0065,Platinum,Delivery,Coffee,2,110,0.00,220.00,Credit Card,5
T002438,2026-02-08 07:03,b08,,,Delivery,Bakery,1,65,0.00,65.00,Cash,3
T002439,2026-02-08 07:54,B05,M0164,Slvr,In-store,Bakery,1,85,12.75,72.25,QR PromptPay,5
T002440,2026-02-08 07:56,B03,M0096,Gold,App,Bakery,2,70,0.00,140.00,Credit Card,5
T002441,2026-02-08 08:15,B06,M0223,Bronze,In-store,Coffee,2,105,0.00,210.00,Cash,
T002442,2026-02-08 08:17,B01,M0221,Silver,In-store,Coffee,2,75,0.00,150.00,Cash,
T002443,2026-02-08 08:27,B01,M0243,BRONZE,Instore,Tea,2,60,0.00,90.00,Credit Card,4
T002444,2026-02-08 11:07,B04,M0029,SILVER,App,Coffee,3,85,0.00,255.00,App Wallet,
T002445,2026-02-08 11:15,B03,M0140,Silver,In-store,Bakery,1,60,0.00,60.00,Credit Card,
T002446,2026-02-08 12:30,B07,M0042,bronze,App,Merchandise,3,640,0.00,1920.00,Credit Card,
T002447,2026-02-08 12:54,B06,,,In-store,Bakery,1,70,0.00,70.00,Cash,
T002448,2026-02-08 13:09,B4,M0264,Silver,Mobile App,Coffee,1,60,0.00,60.00,Credit Card,
T002449,2026-02-08 13:16,B04,M0016,Gold,App,Tea,2,95,0.00,190.00,App Wallet,
T002450,2026-02-08 13:46,B06,M0066,Bronze,Delivery,Tea,1,90,0.00,90.00,Cash,
T002451,2026-02-08 15:59,B02,,,In-store,Coffee,1,80,0.00,80.00,QR PromptPay,
T002452,2026-02-08 16:01,B03,M0146,Bronze,In-store,Bakery,1,95 THB,0.00,95.00,QR PromptPay,4
T002453,2026-02-08 16:36,B05,,,In-store,Bakery,2,45,0.00,90.00,Credit Card,
T002454,2026-02-08 16:43,B06,M0068,Gold,App,Merchandise,2,265,79.50,450.50,Credit Card,
T002455,2026-02-08 17:52,B03,,,In-store,Merchandise,4,360,0.00,1440.00,QR PromptPay,
T002456,2026-02-08 18:19,B04,,,In-store,Tea,1,75,0.00,75.00,Cash,
T002457,2026-02-08 18:43,B02,,,In-store,Coffee,2,120,0.00,240.00,Cash,
T002458,2026-02-08 19:21,B01,M0028,Bronze,In-store,Bakery,1,95,0.00,95.00,Cash,
T002458,2026-02-08 19:37,B01,M0028,Bronze,In-store,Bakery,-1,95,-0.00,-95.00,Cash,
T002459,2026-02-09 07:31,B01,M0097,Bronze,In-store,Coffee,1,60,0.00,60.00,Credit Card,4
T002460,2026-02-09 08:16,B05,M0199,Bronze,App,Coffee,3,115,0.00,345.00,Credit Card,
T002461,2026-02-09 08:19,B05,M0266,Gold,In-store,Tea,1,70,3.50,66.50,Cash,
T002462,2026-02-09 08:34,B06,M0139,Bronze,In-store,Tea,1,90,13.50,76.50,Cash,5
T002463,2026-02-09 08:58,B01,,,In-store,Bakery,4,85,0.00,340.00,Credit Card,3
T002464,2026-02-09 09:38,B03,M0095,Bronze,In-store,Coffee,3,95,0.00,285.00,Cash,
T002464,2026-02-09 09:38,B03,M0095,Bronze,In-store,Coffee,3,95,0.00,285.00,Cash,
T002465,2026-02-09 10:29,B01,M0151,Platinum,In-store,Coffee,3,95,0.00,285.00,QR PromptPay,
T002466,2026-02-09 10:43,B08,M9035,Silver,App,Tea,1,65,3.25,61.75,App Wallet,
T002467,2026-02-09 11:53,B01,M0151,Platinum,In-store,Bakery,1,70,0.00,70.00,QR PromptPay,
T002468,2026-02-09 12:10,B04,M0012,bronze,app,Merchandise,1,365,0.00,365.00,Credit Card,
T002469,2026-02-09 12:45,B08,,,App,Coffee,1,75,0.00,75.00,Credit Card,
T002470,2026-02-09 12:48,B08,M0255,Bronze,In-store,Merchandise,2,745,0.00,1490.00,QR PromptPay,
T002471,2026-02-09 12:51,B03,M0064,Bronze,In-store,Coffee,1,฿55,0.00,55.00,QR PromptPay,
T002472,2026-02-09 12:55,B01,M0144,Bronze,In-store,Coffee,4,60,0.00,240.00,QR PromptPay,5
T002473,2026-02-09 13:00,B06,M0020,Bronze,In-store,Coffee,2,90,0.00,180.00,Credit Card,4
T002474,2026-02-09 13:18,B07,M0229,Bronze,App,Coffee,2,120,0.00,240.00,App Wallet,4
T002475,2026-02-09 13:22,B03,M0159,Bronze,In-store,Coffee,1,100,0.00,100.00,QR PromptPay,
T002476,2026-02-09 13:31,B02,M0135,Gold,Delivery,Coffee,2,75,0.00,150.00,QR PromptPay,
T002477,2026-02-09 13:52,B04,,,In-store,Bakery,3,65,0.00,195.00,Credit Card,3
T002478,2026-02-09 15:12,B05,M0164,Silver,In-store,Coffee,4,90,0.00,360.00,QR PromptPay,
T002479,2026-02-09 16:01,B01,M0135,Gold,App,Merchandise,1,365,73.00,292.00,App Wallet,
T002480,2026-02-09 19:45,B05,M0107,Silver,App,Coffee,1,60,0.00,60.00,Credit Card,
T002481,2026-02-09 19:48,B03,M0266,Gold,Delivery,Coffee,2,90,0.00,180.00,Credit Card,
T002482,2026-02-09 19:51,B04,M0215,Silver,In-store,Bakery,4,60,24.00,216.00,Credit Card,
T002483,2026-02-10 00:04,B01,,,Delivery,Coffee,2,100,0.00,200.00,Credit Card,
T002484,2026-02-10 07:50,B08,M0065,Platinum,In-store,Bakery,1,95,0.00,95.00,QR PromptPay,5
T002485,2026-02-10 08:12,B02,M0244,Silver,App,Bakery,3,110,0.00,330.00,Credit Card,5
T002486,2026-02-10 08:31,B06,M0056,Silver,App,Bakery,2,55,0.00,110.00,Credit Card,
T002487,2026-02-10 11:16,B03,M0225,Bronze,In-store,Coffee,2,฿60.00,0.00,120.00,QR PromptPay,
T002488,2026-02-10 12:11,B08,M0092,Bronze,APP,Tea,4,55,0.00,220.00,App Wallet,
T002489,2026-02-10 12:50,B04,M0115,Bronze,App,Coffee,1,115,0.00,115.00,App Wallet,
T002490,2026-02-10 13:31,B06,M0020,Bronze,In-store,Coffee,2,65,0.00,130.00,QR PromptPay,4
T002491,2026-02-10 13:50,B06,M0020,Bronze,In-store,Bakery,4,65,0.00,260.00,QR PromptPay,4
T002492,2026-02-10 14:48,B02,M0171,Gold,App,Coffee,3,105,0.00,315.00,App Wallet,4
T002493,2026-02-10 15:14,B02,M9458,Bronze,App,Coffee,1,100,0.00,100.00,Credit Card,
T002494,2026-02-10 15:16,B05,M0217,Bronze,In-store,Merchandise,1,645,0.00,645.00,Credit Card,
T002495,2026-02-10 15:37,B07,M0118,Bronze,Delivery,Tea,4,55,0.00,220.00,QR PromptPay,
T002496,2026-02-10 16:03,B01,,,In-store,Coffee,1,95,0.00,5.00,Cash,
T002497,2026-02-10 16:50,B03,M0239,Gold,In-store,Coffee,1,85,0.00,85.00,Cash,
T002498,2026-02-10 16:50,B02,,,App,Tea,1,55,0.00,55.00,App Wallet,4
T002499,2026-02-10 18:16,B01,,,In-store,Coffee,4,110,0.00,440.00,QR PromptPay,4
T002500,2026-02-10 18:26,B02,,,App,Coffee,1,70,0.00,70.00,Credit Card,4
T002501,2026-02-10 18:30,B01,M0212,Bronze,In-store,Bakery,1,50,0.00,50.00,Credit Card,
T002502,2026-02-10 19:13,B08,M0224,Bronze,Instore,Coffee,1,75,0.00,75.00,QR PromptPay,
T002503,2026-02-10 19:29,B08,M0065,Platinum,Delivery,Coffee,1,90,0.00,90.00,Cash,3
T002504,2026-02-10 19:54,B01,M0175,bronze,Delivery,Tea,1,85,0.00,85.00,QR PromptPay,4
T002505,2026-02-10 19:58,B06,,,App,Coffee,1,65,0.00,65.00,App Wallet,5
T002506,2026-02-11 07:54,B02,M0040,Silver,In-store,Coffee,2,115,0.00,230.00,QR PromptPay,
T002507,2026-02-11 08:18,B07,M0011,Bronze,In-store,Coffee,1,110,0.00,110.00,QR PromptPay,
T002508,2026-02-11 08:28,B06,M0268,Gold,Delivery,Coffee,2,65,0.00,130.00,QR PromptPay,4
T002509,2026-02-11 08:34,B03,,,In-store,Coffee,1,80,0.00,80.00,Cash,
T002510,2026-02-11 08:40,B05,,,Delivery,Coffee,1,60,0.00,60.00,QR PromptPay,
T002511,2026-02-11 09:17,B07,,,In-store,Coffee,1,85,0.00,85.00,QR PromptPay,3
T002512,2026-02-11 09:23,B04,M0191,Bronze,In-store,Coffee,1,90,0.00,90.00,Credit Card,
T002513,2026-02-11 10:45,B07,M0229,Bronze,App,Bakery,2,95,0.00,190.00,App Wallet,
T002514,2026-02-11 10:47,B04,M0135,Gold,In-store,Bakery,4,95,0.00,380.00,QR PromptPay,
T002514,2026-02-11 10:47,B04,M0135,Gold,In-store,Bakery,4,95,0.00,380.00,QR PromptPay,
T002515,2026-02-11 11:02,B05,M0164,Silver,In-store,Merchandise,2,340,0.00,680.00,Cash,
T002516,2026-02-11 12:08,B06,,,In-store,Coffee,1,55,0.00,55.00,Credit Card,3
T002517,2026-02-11 12:09,B04,,,App,Bakery,2,45,0.00,90.00,Credit Card,
T002518,2026-02-11 12:45,B01,M0062,Gold,In-store,Bakery,2,105,0.00,210.00,QR PromptPay,
T002519,2026-02-11 13:00,B05,M0202,Bronze,Delivery,Bakery,1,110,0.00,110.00,Credit Card,4
T002520,2026-02-11 13:05,B02,M0018,Bronze,Delivery,Coffee,2,85,34.00,136.00,Cash,3
T002521,2026-02-11 14:19,B07,,,In-store,Coffee,4,105,0.00,420.00,Cash,
T002522,2026-02-11 14:49,B07,,,App,Coffee,4,95,0.00,380.00,App Wallet,
T002522,2026-02-11 14:49,B07,,,App,Coffee,4,95,0.00,380.00,App Wallet,
T002523,2026-02-11 15:02,B08,M0094,Platinum,Delivery,Coffee,1,80,8.00,72.00,QR PromptPay,
T002524,2026-02-11 15:34,B06,M0089,Platinum,Delivery,Coffee,1,60,0.00,60.00,QR PromptPay,
T002525,2026-02-11 16:23,B04,,,App,Bakery,3,105,0.00,315.00,App Wallet,
T002526,2026-02-11 16:25,B04,M0195,Silver,In-store,Bakery,1,50,0.00,50.00,Cash,3
T002527,2026-02-11 17:08,B01,M0211,platinum,In-store,Bakery,1,100,0.00,100.00,QR PromptPay,3
T002528,2026-02-11 18:18,B08,M0065,Platinum,In-store,Bakery,4,60,12.00,228.00,Credit Card,
T002529,2026-02-11 18:49,B06,,,Delivery,Coffee,120,65,0.00,7800.00,Credit Card,4
T002530,2026-02-11 18:50,B07,,,In-store,Coffee,1,90,0.00,90.00,QR PromptPay,3
T002531,2026-02-11 19:33,B02,M0214,Gold,In-store,Merchandise,2,880,352.00,1408.00,QR PromptPay,
T002532,2026-02-11 19:58,B04,,,In-store,Coffee,1,120,0.00,120.00,Cash,
T002533,2026-02-12 00:20,B01,,,Delivery,Coffee,1,80,0.00,80.00,QR PromptPay,
T002534,2026-02-12 07:13,B08,M0209,Bronze,App,Tea,1,55,5.50,49.50,App Wallet,
T002534,2026-02-12 07:13,B08,M0209,Bronze,App,Tea,1,55,5.50,49.50,App Wallet,
T002535,2026-02-12 07:15,B04,M0215,Silver,In-store,Tea,4,85,34.00,306.00,Credit Card,4
T002536,2026-02-12 07:33,B02,,,In-store,Coffee,4,115,0.00,460.00,Credit Card,4
T002537,2026-02-12 08:07,B07,M0095,Bronze,In-store,Merchandise,1,795,79.50,715.50,Cash,
T002538,2026-02-12 09:26,B07,,,In-store,Tea,1,50,0.00,50.00,Credit Card,4
T002539,2026-02-12 09:36,B06,M0089,Platinum,In-store,Coffee,1,120,0.00,120.00,QR PromptPay,4
T002540,2026-02-12 09:52,B01,M0048,Silver,app,Coffee,3,120,0.00,360.00,Credit Card,
T002541,2026-02-12 10:32,B03,M0095,BRONZE,App,Bakery,4,65,0.00,260.00,Credit Card,5
T002542,2026-02-12 11:21,B03,,,In-store,Tea,1,85,0.00,85.00,QR PromptPay,5
T002543,2026-02-12 11:30,B07,,,In-store,Coffee,1,115,0.00,115.00,QR PromptPay,
T002544,2026-02-12 11:54,B01,,,In-store,Tea,2,75,0.00,150.00,QR PromptPay,
T002545,2026-02-12 12:00,B03,,,Delivery,Merchandise,2,810,0.00,1620.00,QR PromptPay,
T002546,2026-02-12 13:47,B06,M0089,Platinum,In-store,Tea,3,80,0.00,240.00,Cash,
T002547,2026-02-12 14:58,B01,M0151,Platinum,In-store,Coffee,4,110,88.00,352.00,Credit Card,
T002548,2026-02-12 15:08,B02,M0121,Gold,In-store,Coffee,1,120,0.00,120.00,Credit Card,4
T002549,2026-02-12 15:24,B01,M0272,Silver,App,Coffee,4,90,18.00,342.00,Credit Card,
T002550,2026-02-12 16:35,B05,M0105,Silver,App,Tea,3,90,0.00,270.00,App Wallet,
T002551,2026-02-12 16:48,B07,M0160,Bronze,In-store,Coffee,2,75,0.00,150.00,Cash,
T002552,2026-02-12 16:55,B02,M0005,Bronze,Delivery,Coffee,1,95,0.00,95.00,Cash,3
T002553,2026-02-12 18:18,B01,M0011,Bronze,Delivery,Merchandise,1,415,0.00,415.00,Credit Card,
T002554,2026-02-13 07:03,B04,M0039,Silver,In-store,Coffee,1,70,0.00,70.00,Cash,
T002555,2026-02-13 08:04,B02,,,In-store,Coffee,3,80,0.00,240.00,Cash,5
T002556,2026-02-13 08:18,B01,M0221,SILVER,In-store,Bakery,2,45,0.00,90.00,QR PromptPay,
T002557,2026-02-13 08:30,B08,M0109,Platinum,In-store,Tea,3,65,39.00,156.00,QR PromptPay,
T002558,2026-02-13 09:55,B01,,,In-store,Coffee,1,70,0.00,70.00,QR PromptPay,
T002559,2026-02-13 09:58,B05,,,In-store,Coffee,1,60,0.00,60.00,Credit Card,
T002560,2026-02-13 12:10,B06,M0198,Bronze,In-store,Tea,1,75,11.25,63.75,Cash,
T002561,2026-02-13 12:15,B07,M0051,Bronze,In-store,Merchandise,0,435,0.00,0.00,Credit Card,
T002562,2026-02-13 12:20,B08,,,App,Coffee,1,95,0.00,95.00,App Wallet,4
T002562,2026-02-13 12:20,B08,,,App,Coffee,1,95,0.00,95.00,App Wallet,4
T002563,2026-02-13 12:28,B07,M0051,Brz,In-store,Bakery,1,70,0.00,70.00,QR PromptPay,
T002564,2026-02-13 12:44,B04,M0192,Bronze,In-store,Coffee,2,85,0.00,170.00,Cash,5
T002565,2026-02-13 13:45,B01,,,In-store,Coffee,3,95,0.00,285.00,Credit Card,
T002566,2026-02-13 13:59,B07,M0110,Gold,In-store,Coffee,4,90,0.00,360.00,Credit Card,4
T002567,2026-02-13 15:06,B06,M0089,platinum,In-store,Merchandise,1,645,129.00,516.00,QR PromptPay,
T002568,2026-02-13 16:31,B08,M0058,Bronze,Delivery,Tea,2,65,0.00,130.00,Credit Card,
T002569,2026-02-13 16:48,B01,,,In-store,Bakery,3,55,0.00,165.00,Credit Card,
T002570,2026-02-13 16:50,B02,,,In-store,Coffee,1,115,0.00,115.00,Credit Card,2
T002571,2026-02-13 16:58,B06,M0244,Slvr,In-store,Tea,1,75,0.00,75.00,Credit Card,
T002572,2026-02-13 17:31,B07,M0217,Bronze,App,Bakery,3,110,0.00,330.00,App Wallet,3
T002573,2026-02-13 18:14,B03,,,App,Coffee,2,85,0.00,170.00,App Wallet,
T002574,2026-02-13 18:30,B04,,,In-store,Coffee,2,90,0.00,180.00,Cash,
T002575,2026-02-13 19:19,B01,M0189,Gold,Delivery,Merchandise,2,685,137.00,1233.00,Credit Card,
T002576,2026-02-13 23:46,B01,M0249,Bronze,Delivery,Bakery,1,65,0.00,65.00,QR PromptPay,
T002577,2026-02-14 09:07,B02,M0060,Bronze,In-store,Coffee,1,95,0.00,95.00,Credit Card,
T002578,2026-02-14 10:08,B06,,,In-store,Merchandise,1,760,0.00,760.00,Cash,4
T002579,2026-02-14 10:35,B05,,,In-store,Coffee,1,105,0.00,105.00,Credit Card,
T002580,2026-02-14 10:43,B1,M0151,Platinum,App,Tea,1,75,0.00,75.00,App Wallet,
T002581,2026-02-14 11:56,B02,M0042,bronze,App,Tea,4,80,0.00,320.00,Credit Card,2
T002582,2026-02-14 12:32,B03,M9158,Gold,In-store,Coffee,4,105,42.00,378.00,Credit Card,
T002583,2026-02-14 13:45,B06,,,Delivery,Coffee,2,110,0.00,220.00,QR PromptPay,
T002584,2026-02-14 13:57,B01,M0028,Bronze,In-store,Coffee,2,115,0.00,230.00,Cash,
T002585,2026-02-14 14:02,B06,M0002,Bronze,App,Coffee,3,85,0.00,255.00,Credit Card,
T002586,2026-02-14 14:39,B03,M0095,Bronze,In-store,Coffee,4,110,0.00,440.00,Credit Card,
T002587,2026-02-14 14:48,B08,M0065,Platinum,App,Coffee,1,75,7.50,67.50,Credit Card,
T002588,2026-02-14 14:52,B06,M0262,Silver,In-store,Coffee,4,105,0.00,420.00,QR PromptPay,
T002589,2026-02-14 15:08,B01,M0097,Bronze,App,Bakery,1,100,0.00,100.00,App Wallet,
T002590,2026-02-14 17:49,B06,,,App,Coffee,2,90,0.00,180.00,App Wallet,
T002591,2026-02-14 18:36,B01,M0189,Gold,In-store,Bakery,2,105,10.50,199.50,Credit Card,
T002591,2026-02-14 18:36,B01,M0189,Gold,In-store,Bakery,2,105,10.50,199.50,Credit Card,
T002592,2026-02-14 18:47,B01,,,In-store,Coffee,1,55,0.00,55.00,QR PromptPay,
T002593,2026-02-14 19:07,B02,M0031,Gold,In-store,Merchandise,4,635,254.00,2286.00,QR PromptPay,2
T002594,2026-02-14 21:07,B01,,,Delivery,Coffee,3,90,0.00,270.00,QR PromptPay,5
T002595,2026-02-15 07:47,B05,,,In-store,Coffee,1,90,0.00,20.00,QR PromptPay,
T002596,2026-02-15 08:28,B01,M0151,Platinum,In-store,Merchandise,3,330,0.00,990.00,QR PromptPay,4
T002596,2026-02-15 08:28,B01,M0151,Platinum,In-store,Merchandise,3,330,0.00,990.00,QR PromptPay,4
T002597,2026-02-15 09:50,B07,M0095,Bronze,In-store,Tea,1,80,0.00,80.00,Cash,
T002598,2026-02-15 10:52,B01,M0189,Gold,In-store,Coffee,3,120,0.00,360.00,QR PromptPay,
T002599,2026-02-15 13:06,B07,M0209,Bronze,In-store,Tea,1,80,0.00,80.00,Cash,
T002600,2026-02-15 13:35,B07,M0004,Bronze,In-store,Coffee,3,120,72.00,288.00,Cash,
T002601,2026-02-15 13:38,B02,M0065,Platinum,In-store,Coffee,1,100,0.00,100.00,QR PromptPay,4
T002602,2026-02-15 13:40,B07,M0271,Bronze,In-store,Coffee,1,70,0.00,70.00,Cash,4
T002603,2026-02-15 16:29,B01,M0008,Bronze,In-store,Coffee,3,100,60.00,240.00,Cash,
T002604,2026-02-15 16:35,B06,M0009,Gold,In-store,Coffee,2,60,0.00,120.00,Credit Card,3
T002605,2026-02-15 16:39,B05,M0266,Gold,In-store,Bakery,2,65,13.00,117.00,QR PromptPay,5
T002606,2026-02-15 16:42,B03,M0140,Silver,Delivery,Coffee,2,60,6.00,114.00,QR PromptPay,
T002607,2026-02-15 17:21,B08,M0094,Plat.,In-store,Coffee,2,120,0.00,240.00,QR PromptPay,
T002608,2026-02-15 17:22,B02,M0193,Bronze,App,Merchandise,2,260,0.00,520.00,Credit Card,
T002609,2026-02-15 17:37,B06,M0262,Silver,app,Bakery,2,50,0.00,100.00,App Wallet,
T002606,2026-02-15 18:02,B03,M0140,Silver,Delivery,Coffee,-2,60,-6.00,-114.00,QR PromptPay,
T002610,2026-02-15 18:12,B04,M0059,Bronze,In-store,Coffee,2,105,0.00,210.00,QR PromptPay,
T002611,2026-02-15 18:58,B07,M0065,Platinum,App,Coffee,2,110,0.00,220.00,App Wallet,
T002612,2026-02-16 07:28,B08,M0119,Silver,App,Coffee,1,105,0.00,105.00,App Wallet,3
T002613,2026-02-16 07:30,B03,,,In-store,Bakery,3,110,0.00,330.00,Cash,3
T002614,2026-02-16 07:51,B02,,,Delivery,Bakery,1,65,0.00,65.00,Credit Card,4
T002615,2026-02-16 08:57,B01,,,App,Bakery,1,60,0.00,60.00,App Wallet,5
T002616,2026-02-16 09:02,B06,M0259,Silver,In-store,Coffee,1,60,12.00,48.00,Credit Card,
T002617,2026-02-16 11:03,B06,M0009,Gold,In-store,Coffee,2,80,24.00,136.00,Cash,
T002618,2026-02-16 11:39,B06,M0178,Bronze,In-store,Bakery,1,55,0.00,55.00,Credit Card,
T002619,2026-02-16 12:21,B07,M0209,Brz,App,Bakery,1,70,10.50,59.50,App Wallet,5
T002620,2026-02-16 12:21,B01,M0135,Gold,In-store,Coffee,2,120,0.00,240.00,Cash,3
T002621,2026-02-16 12:54,B08,,,In-store,Coffee,1,115,0.00,115.00,Cash,3
T002622,2026-02-16 13:00,B06,M0139,Bronze,In-store,Coffee,1,70,0.00,70.00,QR PromptPay,
T002623,2026-02-16 15:34,B06,,,In-store,Coffee,1,95,0.00,95.00,Cash,4
T002624,2026-02-16 16:13,B05,,,In-store,Tea,1,60,0.00,60.00,QR PromptPay,
T002625,2026-02-16 16:14,B02,M0101,Platinum,App,Coffee,3,90,0.00,270.00,Credit Card,
T002626,2026-02-16 16:59,B02,M0068,Gold,App,Coffee,3,90,0.00,270.00,App Wallet,
T002627,2026-02-16 17:48,B05,,,App,Coffee,3,100,0.00,300.00,App Wallet,
T002628,2026-02-16 18:57,B08,,,In-store,Coffee,2,120,0.00,240.00,QR PromptPay,5
T002629,2026-02-16 19:46,B05,,,In-store,Coffee,1,115,0.00,115.00,QR PromptPay,3
T002630,2026-02-16 19:53,B03,M0055,Gold,In-store,Bakery,3,85,0.00,255.00,Cash,3
T002631,2026-02-17 08:33,B07,,,In-store,Tea,4,50,0.00,200.00,Cash,5
T002632,2026-02-17 11:50,B03,M0054,Bronze,Delivery,Coffee,1,90,0.00,90.00,Credit Card,
T002632,2026-02-17 11:50,B03,M0054,Bronze,Delivery,Coffee,1,90,0.00,90.00,Credit Card,
T002633,2026-02-17 12:08,B06,,,In-store,Coffee,4,115,0.00,460.00,Cash,
T002634,2026-02-17 12:35,B03,M0146,Bronze,In-store,Coffee,2,75,0.00,150.00,Cash,5
T002635,2026-02-17 14:38,B08,M0153,Silver,App,Coffee,4,60,0.00,240.00,App Wallet,5
T002636,2026-02-17 15:05,B01,M0062,Gold,Delivery,Coffee,1,80,0.00,80.00,Credit Card,
T002637,2026-02-17 15:05,B06,M0070,Platinum,Delivery,Coffee,4,65,26.00,234.00,Credit Card,
T002638,2026-02-17 15:12,B06,M0139,Bronze,App,Coffee,1,105,10.50,94.50,Credit Card,
T002639,2026-02-17 15:37,B01,M0135,Gold,In-store,Coffee,4,80,0.00,320.00,Credit Card,
T002640,2026-02-17 16:25,B01,M0011,Bronze,App,Coffee,1,100,0.00,100.00,App Wallet,
T002641,2026-02-17 16:54,B08,,,App,Bakery,1,50,0.00,50.00,App Wallet,4
T002642,2026-02-17 17:05,B05,M0094,Platinum,In-store,Coffee,3,55,24.75,140.25,Cash,2
T002643,2026-02-17 19:24,B03,M0192,Bronze,In-store,Coffee,3,75,0.00,225.00,Cash,
T002644,2026-02-17 19:26,B07,M0095,Bronze,App,Bakery,1,110,0.00,110.00,Credit Card,
T002645,2026-02-18 07:27,B02,,,In-store,Bakery,4,105,0.00,420.00,Cash,
T002646,2026-02-18 08:06,B06,M0089,platinum,In-store,Bakery,3,60,0.00,180.00,QR PromptPay,
T002647,18/02/2026 08:45,B04,,,Delivery,Tea,2,95,0.00,190.00,Credit Card,1
T002648,2026-02-18 09:57,B01,M0171,Gold,In-store,Coffee,1,115,0.00,115.00,Credit Card,
T002649,2026-02-18 10:34,B03,M0225,Bronze,In-store,Coffee,1,75,11.25,63.75,Cash,5
T002650,2026-02-18 11:12,B06,M0056,Silver,In-store,Coffee,2,80,0.00,160.00,Credit Card,4
T002651,2026-02-18 11:47,B08,M0176,Silver,App,Bakery,2,105,0.00,210.00,App Wallet,
T002652,18/02/2026 11:56,B04,,,In-store,Coffee,1,105,0.00,105.00,Credit Card,1
T002653,18/02/2026 12:41,B04,M0115,Bronze,In-store,Coffee,1,105,0.00,105.00,QR PromptPay,1
T002654,2026-02-18 12:44,B08,,,App,Coffee,1,70,0.00,70.00,Credit Card,
T002655,2026-02-18 13:57,B05,,,App,Coffee,2,90,0.00,180.00,App Wallet,3
T002656,18/02/2026 14:27,B04,M0066,Bronze,In-store,Bakery,1,85,0.00,85.00,Cash,
T002657,2026-02-18 16:05,B07,,,In store,Coffee,1,95,0.00,95.00,QR PromptPay,
T002658,2026-02-18 16:07,B03,,,Mobile App,Tea,1,85,0.00,85.00,Credit Card,3
T002659,2026-02-18 16:34,B03,,,In-store,Coffee,1,115,0.00,115.00,Credit Card,
T002660,2026-02-18 19:19,B05,M0202,Bronze,App,Tea,1,65,0.00,65.00,App Wallet,
T002661,2026-02-18 19:41,B07,,,In-store,Coffee,3,115,0.00,345.00,Cash,
T002662,2026-02-18 23:18,B01,,,Delivery,Coffee,1,55,0.00,55.00,QR PromptPay,
T002663,2026-02-19 08:02,B07,M0021,Gold,In-store,Coffee,4,95,38.00,342.00,Credit Card,4
T002664,2026-02-19 08:58,B05,M0231,Platinum,App,Tea,3,55,0.00,165.00,App Wallet,
T002665,2026-02-19 09:32,B07,M0124,Silver,App,Bakery,4,80,0.00,320.00,App Wallet,4
T002666,2026-02-19 09:36,B03,M0159,Bronze,In-store,Coffee,1,110,0.00,110.00,QR PromptPay,
T002666,2026-02-19 09:36,B03,M0159,Bronze,In-store,Coffee,1,110,0.00,110.00,QR PromptPay,
T002667,2026-02-19 11:02,B07,M0030,Bronze,In-store,Tea,1,70,0.00,70.00,QR PromptPay,4
T002668,2026-02-19 11:21,B01,,,In-store,Bakery,1,110,0.00,110.00,Credit Card,
T002669,2026-02-19 12:03,B05,M0059,Bronze,App,Coffee,2,100,0.00,200.00,App Wallet,
T002670,2026-02-19 12:17,B03,M0129,Silver,In-store,Coffee,1,110,16.50,93.50,Credit Card,
T002671,2026-02-19 12:21,B01,M0051,Bronze,In-store,Coffee,2,115,0.00,230.00,QR PromptPay,3
T002672,2026-02-19 12:25,B05,,,Delivery,Tea,1,80,0.00,80.00,Credit Card,
T002673,2026-02-19 12:32,B08,M0052,Silver,App,Coffee,1,80,12.00,68.00,Credit Card,
T002674,2026-02-19 12:48,B05,M0229,Bronze,In-store,Coffee,3,110,0.00,330.00,Cash,
T002675,2026-02-19 13:02,B01,M0262,Silver,In store,Merchandise,2,860,258.00,1462.00,QR PromptPay,
T002676,2026-02-19 13:31,B03,,,App,Coffee,1,115,0.00,115.00,Credit Card,
T002677,2026-02-19 14:54,B02,M0195,Silver,App,Coffee,1,75,0.00,75.00,App Wallet,
T002678,2026-02-19 15:37,B01,M0189,Gold,Delivery,Coffee,3,95,0.00,285.00,QR PromptPay,
T002679,2026-02-19 16:11,B03,M0133,Bronze,In-store,Coffee,2,80,0.00,160.00,Cash,4
T002680,2026-02-19 16:26,B03,M0211,Platinum,In-store,Coffee,4,60,0.00,240.00,Cash,
T002681,2026-02-19 16:38,B02,M0121,Gold,In-store,Coffee,1,90,0.00,90.00,Credit Card,3
T002681,2026-02-19 16:44,B02,M0121,Gold,In-store,Coffee,-1,90,-0.00,-90.00,Credit Card,
T002682,2026-02-19 16:55,B02,M0161,Silver,App,Coffee,3,90,27.00,243.00,Credit Card,5
T002683,2026-02-19 17:56,B01,,,App,Coffee,2,80,0.00,160.00,Credit Card,
T002684,2026-02-19 19:19,B05,,,In-store,Merchandise,3,390,0.00,1170.00,QR PromptPay,
T002685,2026-02-20 00:59,B01,M0174,Silver,Delivery,Coffee,4,85,0.00,340.00,Credit Card,5
T002686,2026-02-20 07:55,B01,M0151,Platinum,In-store,Coffee,1,95,14.25,80.75,Cash,
T002687,2026-02-20 08:17,B01,M0172,Bronze,Delivery,Coffee,1,115,0.00,115.00,QR PromptPay,
T002688,2026-02-20 08:22,B07,M0095,Bronze,In-store,Tea,1,90,0.00,90.00,QR PromptPay,
T002689,2026-02-20 08:53,B05,,,In-store,Tea,1,65,0.00,65.00,Cash,5
T002690,2026-02-20 08:58,B01,M0237,Silver,App,Coffee,2,55,0.00,110.00,App Wallet,
T002691,2026-02-20 09:18,B05,,,App,Coffee,1,65,0.00,65.00,App Wallet,5
T002692,2026-02-20 09:31,B02,M0107,Silver,In-store,Bakery,4,75,0.00,300.00,QR PromptPay,4
T002693,2026-02-20 09:39,B07,M0110,Gold,In-store,Bakery,2,105,0.00,210.00,QR PromptPay,
T002688,2026-02-20 09:43,B07,M0095,Bronze,In-store,Tea,-1,90,-0.00,-90.00,QR PromptPay,
T002694,2026-02-20 10:15,B06,M0244,Silver,Delivery,Coffee,1,120,6.00,114.00,QR PromptPay,3
T002695,2026-02-20 10:15,B06,M0089,Platinum,In-store,Coffee,4,110,22.00,418.00,Cash,
T002696,2026-02-20 11:34,B08,M0065,Platinum,App,Coffee,3,55,0.00,165.00,Credit Card,4
T002697,20/02/2026 11:35,B04,M0013,Silver,Delivery,Tea,1,80,0.00,80.00,Credit Card,4
T002698,2026-02-20 11:38,B05,,,Delivery,Coffee,2,85,0.00,170.00,Cash,
T002698,2026-02-20 11:38,B05,,,Delivery,Coffee,2,85,0.00,170.00,Cash,
T002699,2026-02-20 11:54,B01,M0243,Bronze,In-store,Coffee,1,120,0.00,120.00,QR PromptPay,4
T002700,2026-02-20 12:18,B07,M0042,Bronze,App,Coffee,2,60,0.00,120.00,Credit Card,
T002701,2026-02-20 13:01,B08,M0010,Silver,In-store,Coffee,1,85,0.00,85.00,QR PromptPay,
T002701,2026-02-20 13:01,B08,M0010,Silver,In-store,Coffee,1,85,0.00,85.00,QR PromptPay,
T002702,2026-02-20 13:03,B06,M0132,Silver,In-store,Tea,1,75,0.00,75.00,Credit Card,
T002703,2026-02-20 14:58,B07,,,App,Bakery,1,100,0.00,100.00,Credit Card,5
T002704,2026-02-20 16:38,B07,,,In-store,Coffee,2,75,0.00,150.00,Cash,
T002705,20/02/2026 16:55,B04,,,App,Coffee,1,95,0.00,95.00,App Wallet,4
T002706,2026-02-20 17:30,B06,M0262,Silver,In-store,Coffee,4,75,0.00,300.00,Cash,
T002707,2026-02-20 18:22,B06,,,Delivery,Tea,3,90,0.00,270.00,Cash,3
T002707,2026-02-20 18:22,B06,,,Delivery,Tea,3,90,0.00,270.00,Cash,3
T002708,2026-02-20 18:22,B06,M0213,Silver,in-store,Coffee,4,60,0.00,240.00,Credit Card,4
T002709,2026-02-20 19:06,B05,M0202,Bronze,In-store,Coffee,2,75,0.00,150.00,QR PromptPay,
T002710,2026-02-20 19:08,B03,,,App,Coffee,1,65,0.00,65.00,Credit Card,2
T002711,2026-02-20 19:46,B02,M0107,Silver,App,Merchandise,1,765,0.00,765.00,App Wallet,
T002712,2026-02-21 08:04,B02,M0193,Bronze,App,Tea,1,75,0.00,75.00,App Wallet,
T002713,2026-02-21 08:39,B01,M0062,GOLD,Delivery,Tea,1,50,7.50,42.50,Credit Card,4
T002714,2026-02-21 08:49,B05,M0164,Silver,App,Tea,1,70,0.00,70.00,App Wallet,4
T002715,21/02/2026 08:52,B04,,,App,Coffee,2,65,0.00,130.00,App Wallet,
T002716,2026-02-21 09:55,B03,M0115,Bronze,In-store,Coffee,1,70,0.00,70.00,QR PromptPay,
T002717,2026-02-21 10:34,B01,M0075,Bronze,In-store,Merchandise,1,780,0.00,780.00,QR PromptPay,
T002718,2026-02-21 11:46,B01,M0235,Bronze,In-store,Merchandise,1,690,0.00,690.00,Cash,
T002719,21/02/2026 12:06,B04,M0073,Silver,App,Bakery,1,50,0.00,50.00,App Wallet,
T002720,2026-02-21 12:10,B08,,,In-store,Coffee,4,105,0.00,420.00,QR PromptPay,
T002721,2026-02-21 12:50,B06,M0222,Silver,Delivery,Coffee,3,60,0.00,180.00,Credit Card,4
T002722,2026-02-21 12:57,B05,M0016,Gld,In-store,Coffee,1,85,0.00,85.00,Cash,
T002723,2026-02-21 13:45,B08,M0094,Platinum,In-store,Coffee,1,95,0.00,95.00,Cash,3
T002724,2026-02-21 13:52,B08,,,In-store,Coffee,4,120,0.00,480.00,QR PromptPay,
T002725,2026-02-21 17:08,B07,M0177,Silver,In-store,Merchandise,1,600,0.00,600.00,Credit Card,
T002726,2026-02-21 18:03,B02,M0127,Silver,App,Coffee,3,75,0.00,225.00,Credit Card,
T002727,21/02/2026 18:08,B04,M0052,Silver,In-store,Coffee,1,60,9.00,51.00,Credit Card,5
T002728,2026-02-21 18:15,B01,M0062,Gold,In-store,Coffee,1,60,0.00,60.00,QR PromptPay,3
T002729,2026-02-22 08:22,B02,,,App,Coffee,2,120,0.00,240.00,Credit Card,
T002730,2026-02-22 08:31,B07,,,In-store,Bakery,3,105,0.00,315.00,QR PromptPay,4
T002731,2026-02-22 08:40,B06,M0009,Gold,App,Coffee,1,70,0.00,70.00,App Wallet,5
T002732,2026-02-22 08:59,B02,,,In-store,Coffee,4,65,0.00,260.00,Credit Card,5
T002733,2026-02-22 09:05,B06,M0009,Gold,App,Tea,1,55,0.00,55.00,Credit Card,
T002734,2026-02-22 09:23,B08,,,App,Coffee,1,60,0.00,60.00,Credit Card,
T002735,2026-02-22 12:54,B08,M0065,Platinum,In-store,Tea,1,80,16.00,64.00,Credit Card,
T002736,22/02/2026 15:29,B04,M0130,Gold,In-store,Tea,1,55,0.00,55.00,QR PromptPay,
T002737,22/02/2026 15:38,B04,,,App,Coffee,1,65,0.00,65.00,Credit Card,
T002738,2026-02-22 16:12,B05,M0012,Bronze,In-store,Coffee,1,75,0.00,75.00,Credit Card,
T002739,2026-02-22 16:21,B03,,,In-store,Tea,2,60,0.00,120.00,Credit Card,
T002740,2026-02-22 17:38,B06,M0222,Silver,Delivery,Coffee,1,75,0.00,75.00,QR PromptPay,
T002741,2026-02-22 18:26,B03,M0129,Silver,In-store,Coffee,2,95,0.00,190.00,Credit Card,
T002742,2026-02-22 18:39,B06,M0070,Platinum,App,Tea,1,85,0.00,85.00,Credit Card,5
T002743,2026-02-22 18:40,B03,M0108,Silver,Delivery,Coffee,1,85,0.00,85.00,QR PromptPay,
T002744,2026-02-22 19:07,B08,M0092,Bronze,Delivery,Bakery,1,65,0.00,65.00,Cash,
T002745,2026-02-22 19:42,B08,M0065,Platinum,App,Bakery,1,75,0.00,75.00,App Wallet,
T002746,2026-02-23 02:52,B01,,,Delivery,Tea,1,60,0.00,60.00,Credit Card,
T002747,2026-02-23 08:22,B03,M0211,Platinum,In-store,Bakery,3,80,460.51,-220.51,QR PromptPay,
T002748,2026-02-23 10:09,B03,,,In-store,Coffee,4,120,0.00,480.00,Credit Card,
T002749,2026-02-23 10:24,B03,M9362,Bronze,App,Coffee,4,75,0.00,300.00,App Wallet,
T002750,23/02/2026 10:50,B04,M0192,Bronze,In-store,Bakery,3,55,0.00,165.00,Cash,
T002751,2026-02-23 11:35,B01,M0062,Gold,In-store,Coffee,4,95,0.00,380.00,QR PromptPay,
T002752,2026-02-23 12:55,B05,M0115,bronze,In-store,Merchandise,1,270,0.00,270.00,Cash,
T002753,2026-02-23 12:57,B06,M0029,Silver,App,Bakery,2,105,0.00,210.00,App Wallet,4
T002754,2026-02-23 13:03,B03,M0140,Silver,In-store,Merchandise,1,670,0.00,670.00,QR PromptPay,
T002755,2026-02-23 14:47,B08,M0126,Bronze,In-store,Tea,2,50,0.00,100.00,QR PromptPay,5
T002756,2026-02-23 15:14,B05,M0164,Silver,In-store,Coffee,3,70,31.50,178.50,Cash,
T002757,2026-02-23 15:28,B05,M0164,Silver,Delivery,Tea,1,90,0.00,90.00,Credit Card,
T002758,2026-02-23 15:31,B01,M0256,Silver,In-store,Merchandise,1,675,101.25,573.75,Cash,
T002759,2026-02-23 16:22, B03,,,App,Bakery,1,95,0.00,95.00,Credit Card,
T002760,23/02/2026 16:25,B04,M0121,Gold,App,Coffee,1,110,5.50,104.50,App Wallet,3
T002761,23/02/2026 16:31,B04,M0065,Platinum,In-store,Bakery,2,70,14.00,126.00,QR PromptPay,
T002762,2026-02-23 17:13,B06,M0089,Platinum,App,Coffee,2,60,18.00,102.00,App Wallet,
T002763,2026-02-23 18:26,B08,M0093,Silver,App,Merchandise,3,595,0.00,1785.00,Credit Card,
T002764,2026-02-23 19:20,B05,,,In-store,Coffee,2,110,0.00,220.00,Cash,
T002765,2026-02-24 09:04,B05,,,In-store,Coffee,1,105,0.00,105.00,QR PromptPay,
T002766,24/02/2026 09:45,B04,M0039,Silver,App,Coffee,1,110,0.00,110.00,Credit Card,
T002767,24/02/2026 12:14,B04,M0024,Gold,Delivery,Coffee,2,95,9.50,180.50,Cash,5
T002768,2026-02-24 12:54,B03,,,In-store,Coffee,3,65,0.00,195.00,Cash,
T002769,2026-02-24 13:04,B01,,,In-store,Coffee,1,95,0.00,95.00,Credit Card,3
T002770,2026-02-24 14:17,B02,M0244,Silver,Delivery,Coffee,2,120,0.00,240.00,Cash,
T002771,2026-02-24 14:24,B01,M0208,Bronze,App,Coffee,1,115,0.00,115.00,App Wallet,
T002772,2026-02-24 15:30,B06,,,Delivery,Coffee,2,75,0.00,150.00,QR PromptPay,
T002773,2026-02-24 15:32,B02,M0160,Bronze,In-store,Coffee,4,90,0.00,360.00,QR PromptPay,4
T002774,2026-02-24 15:53,B01,M0269,Platinum,In-store,Coffee,1,100,15.00,85.00,QR PromptPay,4
T002775,2026-02-24 16:05,B06,M0089,Platinum,App,Bakery,1,110,16.50,93.50,Credit Card,
T002776,2026-02-24 16:17,B03,M0041,Platinum,Delivery,Bakery,3,100,45.00,255.00,QR PromptPay,
T002776,2026-02-24 16:17,B03,M0041,Platinum,Delivery,Bakery,3,100,45.00,255.00,QR PromptPay,
T002777,2026-02-24 16:25,B06,M0066,Bronze,App,Coffee,2,80,0.00,160.00,App Wallet,5
T002778,2026-02-24 16:31,B01,M0151,Platinum,Delivery,Merchandise,3,715,0.00,2145.00,Credit Card,
T002779,2026-02-24 16:51,B05,,,In-store,Bakery,1,80,0.00,80.00,Credit Card,4
T002780,2026-02-24 17:18,B03,M0053,Platinum,delivery,Coffee,2,115,34.50,195.50,Credit Card,
T002781,2026-02-24 18:01,B03,M0154,Platinum,App,Tea,4,75,0.00,300.00,App Wallet,
T002782,2026-02-24 18:07,B05,M0199,Bronze,In-store,Coffee,2,65,0.00,130.00,Credit Card,
T002783,25/02/2026 07:23,B04,M0264,Silver,In-store,Merchandise,1,770,0.00,770.00,QR PromptPay,
T002784,2026-02-25 07:49,B08,M0259,Silver,In-store,Bakery,2,75,0.00,150.00,QR PromptPay,
T002785,25/02/2026 08:02,B04,M0024,Gold,In-store,Merchandise,2,450,45.00,855.00,QR PromptPay,
T002786,2026-02-25 08:03,B07,M0095,Bronze,In-store,Coffee,1,95,4.75,90.25,Credit Card,
T002787,2026-02-25 08:16,B08,,,In-store,Bakery,1,95,0.00,95.00,Cash,
T002788,2026-02-25 08:33,B05,M0244,Silver,Delivery,Bakery,2,65,0.00,130.00,Credit Card,4
T002789,2026-02-25 10:39,B03,M0133,Silver,In-store,Coffee,4,105,0.00,420.00,Credit Card,
T002790,2026-02-25 12:46,B01,,,In-store,Tea,3,60,0.00,180.00,Cash,
T002791,2026-02-25 13:05,B08,M0210,Bronze,In-store,Coffee,1,60,0.00,60.00,Cash,
T002792,2026-02-25 13:35,B05,M0266,GOLD,In-store,Coffee,3,65,9.75,185.25,Credit Card,
T002791,2026-02-25 13:42,B08,M0210,Bronze,In-store,Coffee,-1,60,-0.00,-60.00,Cash,
T002793,2026-02-25 14:23,B06,M0191,Bronze,In-store,Tea,1,85,17.00,68.00,Cash,
T002794,2026-02-25 14:24,B02,M0265,Bronze,In-store,Bakery,1,100,0.00,100.00,QR PromptPay,3
T002795,2026-02-25 15:38,B03,M0038,Silver,In-store,Coffee,1,65,0.00,65.00,QR PromptPay,
T002796,2026-02-25 16:16,B03,M0250,Bronze,In-store,Coffee,2,110,0.00,220.00,QR PromptPay,
T002797,25/02/2026 17:16,B04,,,In-store,Coffee,1,90,0.00,90.00,Credit Card,1
T002798,2026-02-25 19:51,B05,,,App,Bakery,1,95,0.00,95.00,App Wallet,
T002799,2026-02-25 22:30,B01,,,Delivery,Bakery,1,45,0.00,45.00,Credit Card,4
T002800,2026-02-26 00:47,B01,M0183,Silver,delivery,Coffee,4,105,0.00,420.00,QR PromptPay,
T002801,2026-02-26 01:42,b01,M0220,Platinum,Delivery,Tea,1,95,0.00,95.00,Credit Card,4
T002802,2026-02-26 02:33,B01,,,Delivery,Coffee,1,80,0.00,80.00,QR PromptPay,
T002803,2026-02-26 07:02,B01,M0222,Silver,Delivery,Coffee,1,75,0.00,75.00,QR PromptPay,
T002804,2026-02-26 10:06,B07,M0185,BRONZE,In-store,Coffee,1,85,0.00,85.00,Credit Card,
T002805,2026-02-26 11:02,B02,M0244,Silver,In-store,Coffee,3,115,0.00,345.00,Cash,
T002806,2026-02-26 12:09,B06,,,In-store,Coffee,2,60,0.00,120.00,QR PromptPay,4
T002807,26/02/2026 12:28,B04,M0125,Silver,Delivery,Bakery,3,105,0.00,315.00,QR PromptPay,
T002808,2026-02-26 12:33,B02,,,App,Coffee,1,120,0.00,120.00,Credit Card,4
T002809,2026-02-26 12:36,B02,M0101,Platinum,In-store,Bakery,3,55,24.75,140.25,Cash,
T002810,2026-02-26 14:35,B01,M0112,Silver,App,Tea,2,80,0.00,160.00,Credit Card,5
T002811,2026-02-26 15:09,B07,M0042,Bronze,In-store,Bakery,2,100,0.00,200.00,QR PromptPay,
T002812,2026-02-26 16:49,B01,M0119,Silver,In-store,Tea,4,70,56.00,224.00,Cash,
T002813,2026-02-27 00:05,B01,,,Delivery,Bakery,2,55,0.00,110.00,QR PromptPay,
T002814,2026-02-27 07:14,B06,,,In-store,Coffee,4,55,0.00,220.00,Cash,3
T002815,2026-02-27 07:22,B02,,,In-store,Bakery,2,75,0.00,150.00,Cash,
T002816,2026-02-27 07:27,B06,,,In-store,Bakery,3,105,0.00,315.00,QR PromptPay,
T002817,2026-02-27 07:30,B05,,,App,Coffee,2,95,0.00,190.00,App Wallet,
T002818,2026-02-27 08:10,B06,,,In-store,Coffee,1,85,0.00,85.00,Cash,
T002819,2026-02-27 10:29,B02,M0018,Bronze,In-store,Coffee,4,75,0.00,300.00,Credit Card,
T002820,2026-02-27 11:07,B06,M0139,Bronze,In-store,Bakery,3,105,0.00,315.00,QR PromptPay,
T002821,2026-02-27 11:31,B07,M0095,Bronze,In-store,Merchandise,1,285,42.75,242.25,QR PromptPay,
T002822,2026-02-27 12:59,B03,,,App,Coffee,3,60,0.00,180.00,Credit Card,
T002823,2026-02-27 13:06,B03,M0167,Gold,App,Tea,2,70,0.00,140.00,Credit Card,
T002824,2026-02-27 13:44,B07,M0219,BRONZE,In-store,Coffee,3,60,0.00,180.00,Cash,
T002825,27/02/2026 15:22,B04,,,In-store,Coffee,1,90,0.00,90.00,Credit Card,
T002826,27/02/2026 16:08,B04,,,In-store,Bakery,1,65,0.00,65.00,Cash,1
T002827,2026-02-27 16:11,B02,M0040,Silver,In-store,Merchandise,1,580,58.00,522.00,Credit Card,4
T002828,27/02/2026 16:14,B04,M0115,Bronze,In-store,Bakery,1,110,0.00,110.00,Credit Card,
T002829,2026-02-27 17:07,B03,,,App,Coffee,2,95,0.00,190.00,App Wallet,3
T002830,2026-02-27 17:45,B07,M0130,Gold,App,Bakery,1,110,11.00,99.00,App Wallet,
T002831,2026-02-27 23:33,B01,,,Delivery,Coffee,1,60,0.00,60.00,QR PromptPay,3
T002832,2026-02-28 07:51,B01,M0012,Bronze,In store,Coffee,3,60,9.00,171.00,Cash,
T002833,2026-02-28 09:55,B03,M9723,Bronze,In-store,Coffee,1,70,0.00,70.00,Credit Card,2
T002834,2026-02-28 12:25,B03,,,In store,Coffee,4,110,0.00,440.00,Cash,4
T002835,28/02/2026 12:57,B04,M0125,Silver,App,Coffee,1,70,0.00,70.00,App Wallet,
T002836,2026-02-28 14:57,B08,,,App,Coffee,1,105,0.00,105.00,App Wallet,
T002837,2026-02-28 16:21,B03,M0064,Bronze,In-store,Coffee,2,100,0.00,200.00,Credit Card,3
T002838,2026-02-28 16:41,B07,,,App,Tea,4,95,0.00,380.00,App Wallet,
T002839,28/02/2026 17:24,B04,,,In-store,Coffee,3,115,0.00,345.00,Credit Card,2
T002840,2026-02-28 18:26,B02,,,Delivery,Merchandise,2,530,0.00,1060.00,QR PromptPay,4
T002841,2026-02-28 18:53,B05,M0016,Gold,In-store,Merchandise,1,440,0.00,440.00,QR PromptPay,
T002842,2026-02-28 19:24,B01,M0221,Silver,Delivery,Coffee,4,105,0.00,420.00,Cash,
T002843,2026-03-01 07:42,B03,M0064,Bronze,In-store,Tea,3,85,0.00,255.00,Cash,
T002844,2026-03-01 08:18,B06,M0268,Gold,In-store,Coffee,3,80,0.00,240.00,QR PromptPay,
T002845,2026-03-01 08:25,B05,M0231,Platinum,In-store,Coffee,2,110,0.00,220.00,QR PromptPay,
T002846,2026-03-01 11:21,B06,M0223,Bronze,In-store,Bakery,1,65,3.25,61.75,QR PromptPay,
T002847,2026-03-01 11:30,B03,,,App,Coffee,1,115,0.00,115.00,App Wallet,
T002848,2026-03-01 11:33,B02,,,In-store,Bakery,1,60,0.00,60.00,QR PromptPay,4
T002849,2026-03-01 13:25,B02,,,App,Coffee,3,80,0.00,240.00,Credit Card,
T002850,2026-03-01 13:42,B08,M0140,Silver,Delivery,Coffee,1,55,0.00,55.00,Credit Card,4
T002851,2026-03-01 13:46,B06,M0066,Bronze,Delivery,Coffee,1,80,0.00,80.00,QR PromptPay,
T002852,2026-03-01 14:24,B08,M0094,Platinum,In-store,Bakery,4,80,0.00,320.00,QR PromptPay,5
T002853,2026-03-01 16:56,B01,M0144,Bronze,App,Coffee,4,75,0.00,300.00,App Wallet,5
T002854,01/03/2026 17:19,B04,M0264,Silver,In-store,Coffee,3,60,0.00,180.00,QR PromptPay,5
T002855,2026-03-01 18:58,B03,M0140,Silver,In-store,Tea,1,80,0.00,80.00,QR PromptPay,5
T002856,2026-03-01 19:16,B01,M0112,Silver,In-store,Coffee,2,100,0.00,200.00,QR PromptPay,
T002857,2026-03-01 19:25,B06,M0222,Slvr,App,Coffee,1,110,0.00,110.00,App Wallet,5
T002858,2026-03-01 19:45,B02,M0244,Silver,In-store,Bakery,4,95,0.00,380.00,QR PromptPay,
T002859,2026-03-02 00:24,B01,M0074,Silver,Delivery,Coffee,3,60,0.00,180.00,Credit Card,
T002860,2026-03-02 02:51,B01,,,Delivery,Merchandise,2,630,0.00,1260.00,Credit Card,4
T002861,2026-03-02 08:27,B01,M0151,Platinum,Delivery,Bakery,1,60,9.00,51.00,Cash,5
T002862,2026-03-02 08:45,B08,M0065,Platinum,In-store,Tea,1,85,0.00,85.00,Credit Card,4
T002863,02/03/2026 09:25,B04,,,App,Coffee,2,105,0.00,210.00,Credit Card,
T002864,2026-03-02 10:26,B08,M0093,Silver,In-store,Bakery,1,50,0.00,50.00,QR PromptPay,2
T002865,2026-03-02 10:36,B02,,,App,Bakery,4,85,0.00,340.00,Credit Card,
T002866,2026-03-02 10:54,B08,,,In-store,Coffee,1,90,0.00,90.00,QR PromptPay,
T002867,2026-03-02 11:05,B02,,,App,Coffee,1,80,0.00,80.00,App Wallet,
T002868,2026-03-02 11:08,B06,M0262,Silver,Delivery,Merchandise,1,795,0.00,795.00,QR PromptPay,
T002869,2026-03-02 11:26,B03,M0250,Bronze,App,Coffee,3,115,0.00,345.00,App Wallet,3
T002870,2026-03-02 12:53,B05,M0210,Bronze,Delivery,Coffee,1,100,0.00,100.00,QR PromptPay,
T002871,2026-03-02 14:49,B01,M0151,Platinum,In-store,Coffee,4,105,84.00,336.00,Credit Card,
T002872,02/03/2026 15:30,B04,M0215,Silver,App,Coffee,3,65,0.00,195.00,App Wallet,5
T002873,2026-03-02 16:42,B03,M0140,Silver,In-store,Coffee,3,110,16.50,313.50,Cash,
T002874,02/03/2026 17:19,B04,M0264,Silver,In-store,Coffee,3,55,0.00,165.00,Cash,5
T002875,2026-03-02 17:29,B03,M0041,Platinum,App,Coffee,1,90,18.00,72.00,Credit Card,4
T002876,02/03/2026 19:04,B04,,,App,Coffee,2,95,0.00,190.00,App Wallet,5
T002877,2026-03-02 23:58,B01,,,Delivery,Bakery,3,55,0.00,165.00,Credit Card,
T002878,2026-03-03 07:12,B03,M0238,Bronze,In-store,Coffee,1,105,10.50,94.50,QR PromptPay,
T002879,2026-03-03 07:17,B07,,,In-store,Bakery,3,90,0.00,270.00,Credit Card,
T002880,2026-03-03 07:28,B07,M9677,Gold,In-store,Coffee,4,60,12.00,228.00,QR PromptPay,
T002881,03/03/2026 08:36,B4,,,In-store,Bakery,2,90,0.00,180.00,Cash,
T002882,2026-03-03 08:50,B07,,,In-store,Tea,3,70,0.00,210.00,Cash,3
T002883,2026-03-03 09:11,B08,M0109,Platinum,In-store,Coffee,2,110,22.00,198.00,QR PromptPay,3
T002884,2026-03-03 09:20,B08,M0065,Platinum,In-store,Coffee,2,80,32.00,128.00,QR PromptPay,
T002885,2026-03-03 10:22,B05,,,Delivery,Tea,2,95,0.00,190.00,Credit Card,
T002886,2026-03-03 10:55,B07,M0219,Bronze,In-store,Coffee,1,70,0.00,70.00,QR PromptPay,
T002886,2026-03-03 10:55,B07,M0219,Bronze,In-store,Coffee,1,70,0.00,70.00,QR PromptPay,
T002887,2026-03-03 11:31,B05,,,In-store,Bakery,1,90,0.00,90.00,Cash,3
T002888,2026-03-03 12:33,B05,M0105,Silver,In-store,Coffee,1,110,0.00,110.00,QR PromptPay,
T002889,2026-03-03 13:08,B01,M0232,SILVER,Delivery,Tea,1,90,0.00,90.00,QR PromptPay,3
T002890,2026-03-03 13:24,B02,M0209,Bronze,App,Coffee,4,55,0.00,220.00,Credit Card,
T002891,2026-03-03 13:33,B03,M0074,Silver,In store,Coffee,2,90,0.00,180.00,QR PromptPay,
T002892,03/03/2026 15:19,B04,,,In-store,Tea,1,80,0.00,80.00,QR PromptPay,4
T002893,2026-03-03 15:59,B02,M0088,Gold,In-store,Coffee,3,55,0.00,165.00,QR PromptPay,
T002894,2026-03-03 16:00,B03,M0118,Bronze,Delivery,Merchandise,4,535,0.00,2140.00,Cash,3
T002895,2026-03-03 16:23,B03,M0211,Platinum,Delivery,Bakery,4,70,14.00,266.00,QR PromptPay,
T002896,2026-03-03 17:07,B05,,,App,Coffee,2,80,0.00,160.00,Credit Card,
T002897,03/03/2026 18:59,B04,M0101,PLATINUM,App,Coffee,2,60,0.00,120.00,Credit Card,
T002898,2026-03-03 19:15,B06,M0222,Silver,In-store,Coffee,2,65,0.00,130.00,QR PromptPay,
T002899,2026-03-03 19:21,B05,,,App,Bakery,1,95,0.00,95.00,Credit Card,
T002900,2026-03-03 19:52,B01,M0189,Gold,In-store,Coffee,3,110,16.50,313.50,QR PromptPay,4
T002901,2026-03-04 01:55,B01,M0068,gold,Delivery,Bakery,2,45,9.00,81.00,Credit Card,
T002902,2026-03-04 08:02,B08,M0109,Platinum,App,Coffee,3,95,42.75,242.25,App Wallet,
T002903,2026-03-04 09:15,B06,M0262,Silver,App,Coffee,3,60,0.00,180.00,App Wallet,3
T002903,2026-03-04 09:15,B06,M0262,Silver,App,Coffee,3,60,0.00,180.00,App Wallet,3
T002904,2026-03-04 09:25,B01,,,In-store,Bakery,2,90,0.00,180.00,QR PromptPay,
T002905,2026-03-04 11:19,B07,M0192,Bronze,App,Bakery,3,75,0.00,225.00,Credit Card,
T002906,2026-03-04 12:20,B01,,,App,Bakery,2,85,0.00,170.00,Credit Card,
T002907,2026-03-04 12:25,B06,M0268,Gold,In store,Coffee,1,65,3.25,61.75,QR PromptPay,
T002908,2026-03-04 12:32,B03,M0211,Platinum,Delivery,Coffee,2,105,31.50,178.50,QR PromptPay,
T002909,2026-03-04 12:36,B01,,,In-store,Coffee,1,55,0.00,55.00,Cash,
T002910,2026-03-04 13:13,B08,M0065,Platinum,In-store,Merchandise,4,815,0.00,3260.00,QR PromptPay,
T002911,2026-03-04 13:19,B03,M0089,Platinum,App,Merchandise,2,480,96.00,864.00,App Wallet,5
T002912,04/03/2026 13:23,B04,M0180,Silver,Delivery,Coffee,1,65,0.00,65.00,Cash,5
T002913,2026-03-04 13:37,B07,M0033,Bronze,In-store,Bakery,1,60,9.00,51.00,QR PromptPay,5
T002910,2026-03-04 13:52,B08,M0065,Platinum,In-store,Merchandise,-4,815,-0.00,-3260.00,QR PromptPay,
T002914,2026-03-04 14:50,B08,M0199,Bronze,In-store,Coffee,4,95,0.00,380.00,QR PromptPay,5
T002915,2026-03-04 14:57,B03,M0064,Bronze,App,Merchandise,2,820,0.00,1640.00,Credit Card,
T002916,2026-03-04 15:04,B06,M0020,Bronze,App,Bakery,4,45,27.00,153.00,App Wallet,
T002917,2026-03-04 16:26,B08,M0017,Platinum,App,Coffee,1,120,18.00,102.00,Credit Card,4
T002918,2026-03-04 19:17,B06,M0041,Platinum,In-store,Coffee,3,70,0.00,210.00,Credit Card,5
T002919,2026-03-04 19:37,B06,M0089,Platinum,In-store,Tea,1,90,0.00,90.00,Credit Card,
T002920,2026-03-04 22:28,B01,,,Delivery,Bakery,1,85,0.00,85.00,QR PromptPay,
T002921,2026-03-05 08:02,B01,,,In-store,Coffee,4,60,0.00,240.00,QR PromptPay,
T002922,2026-03-05 08:14,B02,M0244,Silver,In-store,Bakery,2,60,0.00,120.00,Cash,
T002923,2026-03-05 09:36,B01,M0151,platinum,App,Coffee,4,55,22.00,198.00,App Wallet,
T002924,2026-03-05 10:38,B08,M0224,Bronze,Delivery,Coffee,1,70,0.00,70.00,Credit Card,
T002925,2026-03-05 11:05,B07,M0021,Gold,In-store,Tea,1,85,17.00,68.00,QR PromptPay,
T002926,2026-03-05 12:17,B07,M0070,Platinum,App,Coffee,3,65,9.75,185.25,Credit Card,
T002927,2026-03-05 12:22,B01,M0201,Gold,App,Merchandise,1,405,20.25,384.75,App Wallet,3
T002928,2026-03-05 12:23,B05,M0266,Gold,In-store,Coffee,1,80,0.00,80.00,Cash,5
T002929,2569-03-05 12:30,B03,,,In-store,Merchandise,1,420,0.00,420.00,QR PromptPay,3
T002930,2569-03-05 12:39,B03,M0079,Bronze,Instore,Coffee,2,115,0.00,230.00,Cash,4
T002931,2026-03-05 13:17,B06,M0268,Gold,in-store,Tea,1,80,4.00,76.00,Credit Card,
T002932,2026-03-05 13:18,B06,,,In-store,Tea,2,50,0.00,100.00,Cash,
T002933,2026-03-05 14:16,B05,M0121,Gold,In-store,Coffee,2,105,31.50,178.50,QR PromptPay,
T002934,2026-03-05 14:20,B01,M0237,Silver,App,Coffee,1,120,18.00,102.00,Credit Card,
T002935,2569-03-05 14:56,B03,,,App,Tea,4,80,0.00,320.00,Credit Card,4
T002936,2026-03-05 15:23,B01,,,In-store,Merchandise,1,715,0.00,715.00,QR PromptPay,
T002937,2569-03-05 16:04,B03,,,In-store,Bakery,2,100,0.00,200.00,QR PromptPay,3
T002938,05/03/2026 16:21,B04,M0052,Silver,In-store,Coffee,1,60,0.00,60.00,Credit Card,1
T002939,2026-03-05 16:26,B01,,,In-store,Tea,1,90,0.00,90.00,Credit Card,5
T002940,2026-03-05 16:55,B06,M0139,Bronze,Delivery,Tea,1,60,0.00,60.00,Credit Card,
T002941,2026-03-05 17:18,B06,,,In-store,Merchandise,3,885,0.00,2655.00,Credit Card,5
T002942,2026-03-05 17:48,B05,M0138,Platinum,Delivery,Coffee,1,70,0.00,70.00,QR PromptPay,
T002943,2026-03-05 19:16,B01,M0151,Platinum,App,Coffee,2,100,30.00,170.00,Credit Card,
T002944,2026-03-06 07:18,B01,M0212,Bronze,App,Coffee,1,55,0.00,55.00,Credit Card,3
T002945,06/03/2026 07:20,B04,M0164,Silver,In-store,Tea,1,55,0.00,55.00,QR PromptPay,
T002946,2026-03-06 08:05,B05,,,In-store,Coffee,1,105,0.00,105.00,Credit Card,5
T002947,2026-03-06 08:12,B08,M9723,Platinum,In-store,Merchandise,4,760,0.00,3040.00,QR PromptPay,
T002948,2026-03-06 08:17,B06,,,In-store,Coffee,1,65,0.00,65.00,Credit Card,3
T002949,2569-03-06 08:39,B03,M0167,Gold,Delivery,Bakery,4,100,60.00,340.00,Cash,3
T002950,2026-03-06 08:45,B01,M0062,Gold,Delivery,Coffee,2,55,11.00,99.00,Credit Card,
T002951,2569-03-06 08:48,B03,M0129,Silver,Delivery,Coffee,1,55,0.00,55.00,QR PromptPay,
T002952,2026-03-06 09:15, B07,M0051,Bronze,In-store,Coffee,1,105,0.00,105.00,Cash,3
T002953,2026-03-06 10:13,B01,M0151,Platinum,In-store,Coffee,1,120,18.00,102.00,QR PromptPay,
T002954,2026-03-06 10:48,B02,M0161,Silver,App,Tea,0,95,0.00,0.00,App Wallet,
T002955,2026-03-06 11:05,B07,M0095,Bronze,Delivery,Coffee,2,95,38.00,152.00,Credit Card,
T002956,06/03/2026 12:09,B04,,,App,Coffee,1,95,0.00,95.00,Credit Card,
T002957,2026-03-06 12:25,B02,,,App,Coffee,1,85,0.00,85.00,Credit Card,
T002958,2026-03-06 12:26,B05,,,In-store,Bakery,3,95,0.00,285.00,QR PromptPay,
T002959,2026-03-06 12:30,B01,M0135,Gold,In-store,Coffee,2,105,0.00,210.00,QR PromptPay,
T002960,2026-03-06 12:59,B08,,,App,Tea,1,55,0.00,55.00,Credit Card,
T002961,2026-03-06 15:10,B06,M0268,Gold,In store,Tea,1,65,13.00,52.00,Credit Card,
T002962,2026-03-06 15:11,B02,M0215,Silver,App,Coffee,4,115,0.00,460.00,Credit Card,
T002963,2026-03-06 15:16,B02,M0101,Platinum,In-store,Coffee,1,95,4.75,90.25,QR PromptPay,3
T002964,2026-03-06 15:50,B01,M0169,Bronze,Delivery,Tea,1,75,0.00,75.00,Credit Card,
T002965,2026-03-06 16:05,B02,,,App,Coffee,1,95,0.00,95.00,Credit Card,
T002966,2026-03-06 16:54,B02,M0107,Silver,In-store,Coffee,4,60,0.00,240.00,Cash,
T002967,2026-03-06 19:22,B01,M0119,Silver,App,Tea,1,60,0.00,60.00,Credit Card,
T002968,2026-03-06 19:42,B05,M0130,Gold,App,Tea,4,85,68.00,272.00,App Wallet,
T002969,2026-03-06 19:49,B02,M0191,Bronze,In-store,Bakery,4,105,0.00,420.00,Cash,
T002970,2026-03-06 21:40,B01,,,Delivery,Bakery,4,95,0.00,380.00,Credit Card,
T002971,2026-03-07 07:06,B08,M0224,Bronze,Delivery,Bakery,1,75,0.00,75.00,QR PromptPay,
T002972,2026-03-07 07:23,B07,M0070,Platinum,App,Bakery,2,60,6.00,114.00,Credit Card,5
T002973,2026-03-07 08:01,B06,M0202,Bronze,In-store,Coffee,2,115,0.00,230.00,Credit Card,
T002974,2026-03-07 08:12,B06,,,In-store,Bakery,1,65,0.00,65.00,Credit Card,
T002975,07/03/2026 08:17,B04,M0161,Silver,App,Tea,3,60,18.00,162.00,App Wallet,
T002976,07/03/2026 09:06,B04,M0215,Silver,In-store,Coffee,3,100,0.00,300.00,Cash,
T002977,2026-03-07 10:59,B07,,,App,Coffee,1,95,0.00,95.00,Credit Card,
T002978,2026-03-07 11:30,B01,M0244,Silver,In-store,Coffee,1,115,0.00,115.00,QR PromptPay,
T002979,2026-03-07 11:56,B07,M0185,Bronze,In store,Coffee,4,85,0.00,340.00,Credit Card,
T002980,2026-03-07 12:02,B07,,,In-store,Coffee,3,95,0.00,285.00,QR PromptPay,
T002981,2026-03-07 12:04,B02,M0264,Silver,App,Bakery,1,110,22.00,88.00,Credit Card,
T002982,2026-03-07 12:20,B01,M0122,BRONZE,App,Bakery,2,65,0.00,130.00,App Wallet,5
T002983,2569-03-07 12:29,B03,M0096,Gold,In-store,Tea,1,60,0.00,60.00,Cash,
T002984,2026-03-07 12:33,B05,,,In-store,Coffee,1,75,0.00,75.00,Cash,4
T002985,2026-03-07 12:58,B07,M0209,Bronze,In-store,Coffee,1,65,0.00,65.00,Cash,3
T002986,2026-03-07 13:15,B01,,,In-store,Tea,1,75,0.00,75.00,Credit Card,
T002987,2026-03-07 13:25,B08,,,Delivery,Coffee,4,85,0.00,340.00,Credit Card,
T002988,2026-03-07 13:47,B05,M0206,Bronze,In-store,Coffee,3,105,0.00,315.00,QR PromptPay,5
T002989,2026-03-07 14:32,B02,M0214,Gold,App,Coffee,3,80,36.00,204.00,App Wallet,
T002990,2569-03-07 16:14,B03,,,App,Coffee,2,65,0.00,130.00,Credit Card,4
T002991,2026-03-07 16:21,B01,,,In-store,Tea,4,75,0.00,300.00,Credit Card,
T002992,2026-03-07 17:50,B01,,,App,Coffee,1,100,0.00,100.00,App Wallet,
T002993,2026-03-07 18:28,B05,,,App,Bakery,4,70,0.00,280.00,App Wallet,
T002994,2026-03-07 18:33,B05,M0231,Platinum,App,Tea,1,65,3.25,61.75,App Wallet,
T002995,2026-03-07 18:38,B02,M0101,Platinum,Mobile App,Coffee,1,115,11.50,103.50,App Wallet,
T002996,07/03/2026 18:40,B4,,,In-store,Coffee,1,65,0.00,65.00,QR PromptPay,
T002997,07/03/2026 19:05,B04,M0052,Silver,Delivery,Coffee,3,110,0.00,330.00,QR PromptPay,1
T002998,2026-03-07 19:36,B08,,,App,Coffee,3,95,0.00,285.00,Credit Card,4
T002999,2569-03-08 07:04,B03,,,Delivery,Coffee,4,85,0.00,340.00,Credit Card,
T003000,2026-03-08 07:19,B01,M0097,Bronze,Delivery,Tea,4,65,0.00,260.00,Cash,
T003001,2569-03-08 07:57,B03,,,In-store,Bakery,4,45,0.00,180.00,Credit Card,
T003002,2026-03-08 08:20,B01,M0075,Bronze,In-store,Bakery,4,95,0.00,380.00,Cash,4
T003003,2569-03-08 08:21,B03,,,In-store,Merchandise,1,855,0.00,855.00,Credit Card,
T003004,2026-03-08 10:04,b01,M0232,Silver,In-store,Coffee,1,90,0.00,90.00,Cash,
T003005,2026-03-08 10:19,B06,,,In-store,Coffee,1,115,0.00,115.00,Credit Card,3
T003006,2026-03-08 10:46,B02,M0101,Platinum,Instore,Bakery,2,95,19.00,171.00,Credit Card,
T003007,08/03/2026 11:18,B04,M0097,Bronze,In-store,Coffee,4,105,21.00,399.00,Cash,5
T003008,2026-03-08 12:22,B06,M0240,Silver,In-store,Coffee,1,105,5.25,99.75,Cash,3
T003009,08/03/2026 12:55,B04,M0264,Silver,In-store,Tea,2,75,0.00,150.00,QR PromptPay,5
T003010,2026-03-08 13:25,B06,M0039,Silver,In-store,Coffee,1,65,0.00,65.00,Credit Card,
T003011,2026-03-08 13:38,B06,M0220,Platinum,In-store,Coffee,1,100,5.00,95.00,QR PromptPay,
T003012,2026-03-08 13:57,B02,,,Instore,Coffee,2,110,0.00,220.00,QR PromptPay,4
T003013,08/03/2026 14:35,B04,M0039,Silver,App,Bakery,1,55,0.00,55.00,Credit Card,
T003014,2569-03-08 14:53,B03,M0013,Silver,App,Coffee,1,90,0.00,90.00,App Wallet,3
T003015,2026-03-08 15:08,B08,M0092,Bronze,Delivery,Bakery,1,80,0.00,80.00,Cash,
T003016,2026-03-08 15:37,B01,M0008,Bronze,In-store,Merchandise,2,695,139.00,1251.00,Cash,
T003017,2569-03-08 15:55,B03,M0250,Brz,In-store,Tea,1,50,0.00,50.00,QR PromptPay,
T003018,2026-03-08 16:20,B05,,,Delivery,Coffee,2,115,0.00,230.00,Credit Card,
T003019,2026-03-08 16:25,B01,,,In-store,Tea,1,75,0.00,75.00,Credit Card,4
T003020,2026-03-08 17:43,B01,M0021,Gold,In-store,Bakery,3,110,0.00,330.00,QR PromptPay,
T003021,2026-03-09 02:46,B1,,,Delivery,Tea,1,55,0.00,55.00,QR PromptPay,
T003022,2026-03-09 07:19,B01,,,In-store,Tea,1,70,0.00,70.00,QR PromptPay,
T003023,09/03/2026 07:47,B04,,,App,Coffee,1,80,0.00,80.00,App Wallet,5
T003024,09/03/2026 08:04,B04,,,In-store,Bakery,4,90,0.00,360.00,Credit Card,
T003025,2026-03-09 09:00,B07,M0095,Bronze,In-store,Coffee,1,100,0.00,100.00,Credit Card,5
T003026,2026-03-09 11:11,B06,M0066,Bronze,In-store,Coffee,2,80,32.00,128.00,Cash,
T003027,2026-03-09 11:34,B01,M0097,Bronze,In-store,Bakery,1,45,0.00,45.00,QR PromptPay,
T003028,2569-03-09 12:05,B03,M0053,Platinum,In-store,Bakery,1,70,0.00,70.00,QR PromptPay,5
T003029,2026-03-09 12:12,B06,,,In-store,Tea,1,75,0.00,75.00,Credit Card,
T003030,2026-03-09 12:30,B02,M0005,Bronze,In-store,Coffee,1,60,0.00,60.00,QR PromptPay,5
T003031,2026-03-09 13:22,B07,,,In-store,Bakery,4,55,0.00,220.00,Cash,
T003032,2026-03-09 16:13,B07,M0004,Bronze,App,Coffee,1,100,0.00,100.00,App Wallet,3
T003033,2026-03-09 17:35,B06,M0224,Bronze,In-store,Bakery,2,100,40.00,160.00,Cash,
T003034,2026-03-10 07:49,B02,,,App,Coffee,2,115,0.00,230.00,Credit Card,3
T003035,2026-03-10 08:14,B06,M0198,Bronze,In-store,Coffee,1,90,0.00,90.00,QR PromptPay,
T003036,2026-03-10 08:48,B01,M0135,Gold,App,Merchandise,2,595,0.00,1190.00,App Wallet,3
T003037,2569-03-10 10:37,B03,M0119,Silver,Instore,Coffee,4,75,0.00,300.00,QR PromptPay,4
T003037,2569-03-10 11:10,B03,M0119,Silver,In-store,Coffee,-4,75,-0.00,-300.00,QR PromptPay,
T003038,2026-03-10 12:15,B01,,,In-store,Bakery,4,65,0.00,260.00,Cash,
T003039,2569-03-10 12:21,B03,M0267,gold,In-store,Coffee,2,110,0.00,220.00,Credit Card,5
T003040,2026-03-10 13:19,B07,M0095,Bronze,App,Tea,1,50,0.00,50.00,Credit Card,
T003041,2026-03-10 14:00,B05,M0080,Bronze,In-store,Tea,2,55,0.00,110.00,QR PromptPay,3
T003040,2026-03-10 14:18,B07,M0095,Bronze,App,Tea,-1,50,-0.00,-50.00,Credit Card,
T003042,2026-03-10 15:22,B02,M0214,Gold,delivery,Merchandise,1,715,0.00,715.00,Cash,
T003043,10/03/2026 15:45,B04,,,In-store,Coffee,1,120,0.00,120.00,Cash,
T003043,10/03/2026 15:45,B04,,,In-store,Coffee,1,120,0.00,120.00,Cash,
T003044,10/03/2026 16:23,B04,,,In-store,Tea,2,95,0.00,190.00,QR PromptPay,1
T003045,2569-03-10 16:25,B03,,,In-store,Bakery,2,45,0.00,90.00,Cash,4
T003046,2026-03-10 17:37,B02,,,In-store,Coffee,1,70,0.00,70.00,QR PromptPay,
T003047,2569-03-10 18:39,B03,M0154,platinum,App,Coffee,1,60,12.00,48.00,Credit Card,
T003048,2026-03-10 19:11,B06,,,In-store,Bakery,1,65,0.00,65.00,Cash,
T003049,10/03/2026 19:30,B04,M0189,Gld,In-store,Bakery,2,50,0.00,100.00,QR PromptPay,
T003050,11/03/2026 08:06,B04,,,In-store,Bakery,3,105,0.00,315.00,QR PromptPay,
T003051,2026-03-11 09:20,B08,,,In-store,Merchandise,2,835,0.00,1670.00,Cash,
T003052,2569-03-11 09:39,B03,,,App,Coffee,1,90,0.00,90.00,Credit Card,
T003053,2026-03-11 09:40,B01,M0151,Platinum,App,Coffee,1,100,20.00,80.00,Credit Card,3
T003054,2569-03-11 10:05,B03,M0108,Silver,App,Coffee,1,95,0.00,95.00,Credit Card,
T003055,2026-03-11 10:11,B01,,,In-store,Coffee,1,80,0.00,80.00,Cash,3
T003056,2026-03-11 10:33,B01,M0229,Bronze,In-store,Bakery,1,70,0.00,70.00,Credit Card,
T003057,2026-03-11 10:36,B02,M0244,Silver,In-store,Coffee,3,90,0.00,270.00,Credit Card,
T003058,11/03/2026 11:19,B04,M0245,Bronze,App,Coffee,2,55,0.00,110.00,App Wallet,
T003054,2569-03-11 11:21,B03,M0108,Silver,App,Coffee,-1,95,-0.00,-95.00,Credit Card,
T003059,2026-03-11 11:33,B08,M0119,Silver,Delivery,Coffee,1,85,0.00,85.00,Credit Card,
T003060,2026-03-11 11:38,B06,M0136,silver,In-store,Coffee,1,105,0.00,105.00,QR PromptPay,
T003061,11/03/2026 11:52,B04,M0192,Bronze,In-store,Coffee,1,100,0.00,100.00,Credit Card,
T003062,2026-03-11 12:17,B01,M0011,Bronze,In-store,Bakery,2,50,0.00,100.00,QR PromptPay,
T003063,2026-03-11 12:34,B06,M0222,Silver,In-store,Coffee,1,65,13.00,52.00,Credit Card,
T003064,2026-03-11 12:41,B06,M0073,Silver,App,Coffee,1,90,13.50,76.50,Credit Card,3
T003065,2026-03-11 13:07,B06,,,In-store,Coffee,4,110,0.00,440.00,Credit Card,
T003066,2026-03-11 13:35,B01,,,App,Bakery,2,100,0.00,200.00,App Wallet,
T003067,2569-03-11 13:54,B03,M0064,Bronze,In-store,Coffee,1,95,0.00,95.00,QR PromptPay,
T003068,2026-03-11 14:56,B08,M0126,Bronze,In-store,Coffee,3,60,0.00,180.00,Credit Card,
T003069,11/03/2026 15:52,B04,M0105,Silver,In-store,Coffee,3,70,0.00,210.00,Credit Card,
T003070,2026-03-11 16:30,B05,,,App,Coffee,2,100,0.00,200.00,App Wallet,
T003071,2026-03-11 18:09,B08,M0126,Bronze,App,Coffee,1,95,0.00,95.00,Credit Card,
T003072,2569-03-11 18:33,B03,,,App,Coffee,1,55,0.00,45.00,App Wallet,
T003073,11/03/2026 18:34,B04,M0264,Silver,In-store,Bakery,4,50,0.00,200.00,QR PromptPay,
T003074,2026-03-11 18:50,B07,M0069,Bronze,In-store,Coffee,2,60,24.00,96.00,QR PromptPay,3
T003075,2026-03-11 23:06,B01,,,Delivery,Coffee,1,90,0.00,90.00,QR PromptPay,3
T003076,2569-03-12 07:19,B03,,,In store,Coffee,1,115,0.00,115.00,Credit Card,
T003077,2569-03-12 07:31,B03,M0167,Gold,In-store,Coffee,2,105,21.00,189.00,QR PromptPay,
T003078,2026-03-12 07:39,B05,M0164,Silver,App,Tea,4,50,0.00,200.00,App Wallet,
T003079,12/03/2026 08:37,B04,M0087,Silver,App,Coffee,1,110,22.00,88.00,Credit Card,5
T003080,2026-03-12 08:41,B01,,,Delivery,Tea,2,90,0.00,180.00,QR PromptPay,
T003081,2569-03-12 11:35,B03,M0108,Silver,App,Coffee,2,110,11.00,209.00,Credit Card,
T003082,12/03/2026 13:09,B04,,,In-store,Bakery,1,110,0.00,110.00,Credit Card,5
T003083,2026-03-12 13:24,B02,,,In-store,Coffee,1,100,0.00,100.00,QR PromptPay,
T003084,2026-03-12 13:45,B02,M0214,Gold,Delivery,Coffee,1,75,0.00,75.00,QR PromptPay,3
T003085,2026-03-12 13:50,B06,M0191,Bronze,In-store,Coffee,4,65,0.00,260.00,Cash,5
T003086,2569-03-12 14:09,B03,M0211,Platinum,In-store,Tea,1,95,0.00,95.00,Cash,
T003087,2569-03-12 14:24,B03,M0064,Bronze,In-store,Coffee,3,95,0.00,285.00,Cash,4
T003088,2026-03-12 14:45,B06,M0262,Silver,In-store,Bakery,2,45,0.00,90.00,Cash,
T003089,12/03/2026 15:07,B04,,,App,Bakery,2,110,0.00,220.00,App Wallet,
T003090,2026-03-12 15:45,B01,M0208,Bronze,In-store,Coffee,1,105,0.00,105.00,QR PromptPay,
T003091,2026-03-12 16:20,B06,M0070,Platinum,App,Coffee,4,80,0.00,320.00,App Wallet,
T003092,2026-03-13 00:37,B01,M0269,Platinum,Delivery,Bakery,2,105,0.00,210.00,Credit Card,
T003093,2026-03-13 07:37,B02,M0204,Silver,In-store,Coffee,1,120,0.00,120.00,QR PromptPay,3
T003094,2569-03-13 08:19,B03,M0250,bronze,Delivery,Coffee,2,55,22.00,88.00,Credit Card,
T003095,2026-03-13 08:37,B05,M0105,Silver,Delivery,Bakery,3,65,0.00,195.00,QR PromptPay,5
T003096,2026-03-13 08:53,B08,,,Delivery,Bakery,1,45,0.00,45.00,QR PromptPay,4
T003097,2026-03-13 09:30,B02,,,App,Coffee,1,85,0.00,85.00,App Wallet,
T003098,2026-03-13 10:19,B08,M0119,Silver,In-store,Coffee,1,75,0.00,75.00,Cash,3
T003099,2026-03-13 10:32,B01,,,In-store,Coffee,1,110,0.00,110.00,Cash,
T003100,13/03/2026 10:59,B04,M0059,Bronze,In-store,Coffee,2,85,0.00,170.00,Cash,
T003101,2569-03-13 11:32,B03,M0122,Brz,App,Coffee,2,95,0.00,190.00,Credit Card,
T003102,2026-03-13 11:51,B06,M0139,Bronze,In-store,Coffee,1,80,0.00,80.00,QR PromptPay,
T003103,2026-03-13 12:10,B06,M0177,Silver,In-store,Coffee,2,75,0.00,200.00,Cash,3
T003104,13/03/2026 12:25,B04,M0004,Bronze,In-store,Coffee,2,55,0.00,110.00,Credit Card,
T003105,2026-03-13 12:56,B07,,,In-store,Bakery,4,55,0.00,220.00,Credit Card,
T003106,2026-03-13 13:00,B01,,,Instore,Coffee,2,120,0.00,240.00,Cash,
T003107,2026-03-13 13:20,B08,M0065,Platinum,In-store,Tea,1,95,0.00,95.00,Credit Card,5
T003108,2026-03-13 13:49,B06,M9723,Silver,In-store,Bakery,1,45,6.75,38.25,QR PromptPay,5
T003109,2026-03-13 14:42,B05,,,In-store,Coffee,1,110,0.00,110.00,Cash,
T003110,2026-03-13 16:22, B08,M0183,Silver,In-store,Bakery,2,75,0.00,150.00,QR PromptPay,3
T003111,2026-03-13 16:29, B02,M0161,Silver,App,Merchandise,2,475,0.00,950.00,App Wallet,
T003112,2026-03-13 16:34,B01,M0151,Platinum,App,Bakery,4,100,0.00,400.00,App Wallet,
T003113,2026-03-13 16:44,B07,M0239,Gold,In-store,Coffee,1,95,9.50,85.50,QR PromptPay,3
T003114,13/03/2026 16:52,B04,,,Delivery,Merchandise,1,595,0.00,595.00,Cash,
T003115,2026-03-13 18:12,B02,M0018,Bronze,In-store,Merchandise,3,315,141.75,803.25,Cash,
T003116,2026-03-13 18:47,B05,M0210,Bronze,App,Coffee,1,120,0.00,120.00,Credit Card,4
T003117,2026-03-13 19:53,B02,M0121,Gold,In-store,Coffee,1,65,0.00,65.00,Credit Card,
T003118,2569-03-13 19:57,B03,M0133,Silver,App,Bakery,3,60,36.00,144.00,App Wallet,
T003116,2026-03-13 19:59,B05,M0210,Bronze,App,Coffee,-1,120,-0.00,-120.00,Credit Card,
T003119,2026-03-14 02:56,B01,M0222,Silver,Delivery,Coffee,1,60,0.00,60.00,Credit Card,
T003120,2026-03-14 07:29,B08,,,Delivery,Merchandise,2,750,0.00,1500.00,QR PromptPay,4
T003121,14/03/2026 07:47,B04,M0065,Platinum,In-store,Bakery,1,75,11.25,63.75,Cash,
T003122,14/03/2026 10:20,B04,M0215,Silver,In-store,Coffee,3,60,9.00,171.00,QR PromptPay,
T003123,2026-03-14 10:30,B08,M0036,Gold,In-store,Tea,1,50,0.00,50.00,Cash,
T003124,2026-03-14 11:40,B06,M0262,Silver,In-store,Coffee,1,65,13.00,52.00,QR PromptPay,
T003125,2026-03-14 12:02,B01,M0269,Platinum,App,Coffee,1,120,24.00,96.00,App Wallet,4
T003126,2026-03-14 12:06,B06,,,App,Coffee,2,70,0.00,140.00,Credit Card,
T003127,2026-03-14 12:09,B01,,,Delivery,Merchandise,1,585,0.00,585.00,Credit Card,4
T003128,14/03/2026 12:36,B04,M0059,Brz,Delivery,Coffee,2,95,0.00,190.00,Credit Card,
T003129,2026-03-14 12:43,B01,M0151,Platinum,In-store,Coffee,1,115,0.00,115.00,QR PromptPay,
T003130,2026-03-14 13:09,B06,M9468,Silver,App,Tea,1,90,0.00,90.00,App Wallet,
T003131,2026-03-14 13:25,B01,M0144,Bronze,In-store,Coffee,4,85,0.00,340.00,Credit Card,5
T003132,2026-03-14 13:48,B07,,,App,Coffee,2,85,0.00,170.00,Credit Card,5
T003133,2026-03-14 14:21,B07,,,In-store,Coffee,2,80,0.00,160.00,QR PromptPay,4
T003134,2026-03-14 14:29,B01,M0171,Gold,Delivery,Coffee,1,85,12.75,72.25,Credit Card,4
T003135,2026-03-14 16:21,B06,M0029,Silver,In store,Coffee,3,60,27.00,153.00,Cash,
T003136,2026-03-14 16:43,B07,M0021,Gold,In-store,Coffee,3,95,0.00,285.00,QR PromptPay,
T003137,2026-03-14 16:56,B02,M0018,Bronze,In-store,Coffee,2,65,19.50,110.50,QR PromptPay,
T003136,2026-03-14 16:57,B07,M0021,Gold,In-store,Coffee,-3,95,-0.00,-285.00,QR PromptPay,
T003138,2026-03-14 17:21,B08,M0168,Platinum,In-store,Coffee,1,75,11.25,63.75,Credit Card,3
T003139,2026-03-14 19:11,B06,,,App,Merchandise,2,385,0.00,770.00,App Wallet,5
T003140,2026-03-15 07:36,B01,M0172,Bronze,In-store,Bakery,1,70,0.00,70.00,Cash,
T003141,2026-03-15 08:04,B08,,,In-store,Coffee,2,60,0.00,120.00,Credit Card,
T003141,2026-03-15 08:04,B08,,,In-store,Coffee,2,60,0.00,120.00,Credit Card,
T003142,2026-03-15 08:33,B07,M0095,Bronze,Delivery,Coffee,1,70 THB,0.00,70.00,Credit Card,
T003143,2026-03-15 08:39,B05,M0164,Silver,In-store,Coffee,2,100,0.00,200.00,QR PromptPay,5
T003144,2026-03-15 08:43,B01,M0097,Brz,In-store,Bakery,1,70,0.00,70.00,Cash,4
T003145,2026-03-15 09:17,B06,M0020,Bronze,In-store,Tea,2,90,27.00,153.00,Cash,
T003146,2026-03-15 09:33,B08,M0188,Bronze,In-store,Coffee,2,75,0.00,150.00,QR PromptPay,5
T003147,2026-03-15 09:35,B07,,,App,Coffee,2,120,0.00,240.00,App Wallet,
T003148,2026-03-15 10:13,B05,,,In-store,Bakery,2,60,0.00,120.00,Credit Card,
T003149,2026-03-15 11:04,B01,M0212,Bronze,In-store,Bakery,2,100,0.00,200.00,Credit Card,3
T003150,2026-03-15 11:31,B07,,,App,Bakery,4,85,0.00,340.00,App Wallet,4
T003151,15/03/2026 13:18,B04,,,App,Bakery,3,100,0.00,300.00,Credit Card,
T003152,2026-03-15 13:40,B02,M9458,Gold,Delivery,Tea,3,90,0.00,270.00,Credit Card,
T003153,2569-03-15 14:38,B03,M0250,Bronze,In-store,Coffee,2,95,0.00,110.00,QR PromptPay,3
T003154,2026-03-15 16:43,B08,M0065,Platinum,In-store,Coffee,1,75,0.00,75.00,Cash,4
T003155,2026-03-15 16:48,B02,M0101,Platinum,in-store,Merchandise,2,535,0.00,1070.00,Credit Card,
T003156,2026-03-15 18:52,B06,,,In-store,Tea,2,70,0.00,140.00,QR PromptPay,
T003157,2026-03-15 19:04,B06,,,In-store,Coffee,1,110,0.00,110.00,QR PromptPay,
T003158,2026-03-15 19:33,B08,,,Delivery,Coffee,2,100,0.00,200.00,Credit Card,4
T003159,15/03/2026 19:57,B04,M0173,Silver,In-store,Tea,3,60,0.00,180.00,Credit Card,3
T003160,2026-03-16 07:14,B06,M0136,Silver,delivery,Coffee,1,70,10.50,59.50,Credit Card,5
T003161,2026-03-16 07:58,B01,M0189,Gold,In-store,Coffee,1,110,0.00,110.00,Cash,
T003162,2569-03-16 10:03,B03,M0074,Silver,In-store,Bakery,2,110,0.00,220.00,Cash,
T003163,16/03/2026 10:14,B04,M0052,Silver,App,Coffee,4,105,0.00,420.00,App Wallet,
T003164,2026-03-16 10:27,B05,M0217,Bronze,In-store,Coffee,1,90,0.00,90.00,Cash,
T003165,2026-03-16 11:00,B07,M0042,Bronze,Delivery,Coffee,3,105,0.00,315.00,Credit Card,
T003166,2026-03-16 11:12,B07,M0021,Gold,In-store,Coffee,3,120,18.00,342.00,QR PromptPay,
T003167,2026-03-16 11:52,B01,M0062,Gold,In-store,Tea,3,75,0.00,225.00,QR PromptPay,4
T003168,2026-03-16 12:02,B05,M0217,BRONZE,In-store,Bakery,2,100 THB,0.00,200.00,Credit Card,
T003169,2026-03-16 12:13,B08,M0217,Bronze,In-store,Bakery,1,45,0.00,45.00,QR PromptPay,
T003170,2026-03-16 12:21,B01,M0232,Silver,App,Coffee,1,60,0.00,60.00,App Wallet,3
T003171,2026-03-16 12:34,B05,M0039,Silver,In-store,Coffee,4,85,0.00,340.00,QR PromptPay,
T003172,2026-03-16 13:54,B07,,,delivery,Coffee,1,90,0.00,90.00,QR PromptPay,3
T003173,2026-03-16 15:45,B08,M0109,Platinum,In store,Bakery,1,60,12.00,48.00,Cash,
T003174,2026-03-16 16:13,B05,M0073,Silver,Delivery,Merchandise,1,290,0.00,290.00,Cash,
T003175,2026-03-16 16:13,B05,,,In-store,Bakery,3,55,0.00,165.00,Credit Card,
T003175,2026-03-16 16:13,B05,,,In-store,Bakery,3,55,0.00,165.00,Credit Card,
T003176,2026-03-16 18:25,B06,,,In-store,Bakery,3,90,0.00,270.00,Cash,
T003177,2026-03-16 18:34,B02,M0166,Bronze,Delivery,Merchandise,1,490,0.00,490.00,Cash,
T003178,2026-03-16 18:41,B01,,,App,Coffee,4,105,0.00,420.00,App Wallet,
T003179,2026-03-16 18:44,B01,M0135,Gold,In-store,Coffee,1,100,0.00,20.00,Cash,
T003180,2026-03-17 00:16,B01,,,Delivery,Coffee,1,75,0.00,75.00,Credit Card,
T003181,2026-03-17 07:06,B07,,,In-store,Tea,2,65,0.00,130.00,Credit Card,
T003182,2569-03-17 07:22,B03,,,In-store,Bakery,1,55,0.00,55.00,QR PromptPay,
T003183,2026-03-17 08:05,B01,,,In-store,Coffee,1,75,0.00,75.00,QR PromptPay,4
T003184,2026-03-17 08:51,b08,M0008,Bronze,In-store,Coffee,2,90,0.00,180.00,QR PromptPay,
T003185,2026-03-17 09:33,B08,,,In-store,Bakery,2,75,0.00,150.00,QR PromptPay,3
T003186,2026-03-17 10:07,B05,M9700,Gold,In-store,Coffee,4,75,60.00,240.00,Cash,5
T003187,2026-03-17 11:58,B02,M0244,Silver,Instore,Bakery,4,45,9.00,171.00,Credit Card,
T003188,2026-03-17 12:05,B06,,,App,Bakery,2,45,0.00,90.00,Credit Card,5
T003189,2026-03-17 12:49,B06,,,In-store,Coffee,2,120,0.00,240.00,Cash,
T003190,17/03/2026 12:50,B04,,,In-store,Tea,1,80,0.00,80.00,Cash,
T003191,2026-03-17 13:55,b02,M0244,Silver,In-store,Coffee,3,120,0.00,360.00,QR PromptPay,
T003192,2026-03-17 14:07,B05,,,App,Coffee,4,90,0.00,360.00,Credit Card,4
T003193,2026-03-17 15:38,b06,M0262,Silver,In-store,Merchandise,2,255,0.00,510.00,Credit Card,
T003194,2026-03-17 17:36,B07,M0209,Bronze,Instore,Coffee,1,60,0.00,60.00,Credit Card,5
T003195,2026-03-17 18:23,B05,M0188,Bronze,In-store,Tea,1,90,0.00,90.00,Credit Card,
T003196,2026-03-17 19:14,B07,M0021,Gold,In-store,Coffee,4,55,0.00,220.00,QR PromptPay,
T003197,2026-03-18 01:39,B01,,,Delivery,Coffee,4,70,0.00,280.00,Credit Card,
T003198,2026-03-18 07:26,B06,M0151,Platinum,In store,Coffee,4,85,0.00,340.00,QR PromptPay,
T003199,2026-03-18 08:02,B08,M0109,PLATINUM,In-store,Bakery,1,65,0.00,65.00,Cash,
T003200,2026-03-18 08:07,B05,M0231,Platinum,In-store,Bakery,2,75,0.00,150.00,Credit Card,
T003201,2026-03-18 08:17,B05,M0231,Platinum,In-store,Coffee,2,100,0.00,200.00,QR PromptPay,
T003202,2026-03-18 08:31,B01,M0144,Bronze,In-store,Coffee,1,55,5.50,49.50,Credit Card,
T003203,2026-03-18 08:58,B05,M0052,Silver,In-store,Coffee,4,105,42.00,378.00,QR PromptPay,3
T003204,2569-03-18 09:37,B03,M0267,Gold,In-store,Coffee,2,120,0.00,240.00,QR PromptPay,5
T003205,2026-03-18 11:14,B05,M0132,Silver,App,Bakery,1,100,0.00,100.00,App Wallet,5
T003206,2026-03-18 12:39,B02,M0127,Silver,In-store,Coffee,1,110,0.00,110.00,Credit Card,
T003207,2026-03-18 13:21,B08,,,In-store,Bakery,3,110,0.00,330.00,QR PromptPay,
T003208,2026-03-18 13:21,B02,M0160,Bronze,In-store,Coffee,1,90,0.00,90.00,Cash,
T003209,2026-03-18 14:02,B7,M0209,Bronze,App,Bakery,4,85,0.00,340.00,Credit Card,4
T003210,2026-03-18 14:08,B01,M0177,Silver,In-store,Tea,3,65,0.00,195.00,Cash,
T003211,2026-03-18 14:22,B06,M0020,Bronze,App,Merchandise,2,280,0.00,560.00,Credit Card,
T003212,2569-03-18 15:31,B03,M0144,Bronze,In-store,Coffee,2,65,0.00,130.00,Cash,
T003213,2026-03-18 15:42,B05,,,App,Tea,2,65,0.00,130.00,App Wallet,
T003214,2026-03-18 16:00,B08,M0065,Platinum,App,Coffee,2,105,21.00,189.00,Credit Card,
T003215,2026-03-18 16:05,B08,,,In-store,Coffee,2,65,0.00,130.00,Credit Card,
T003216,2026-03-18 16:43,B01,,,Delivery,Coffee,2,100,0.00,200.00,Credit Card,2
T003217,18/03/2026 16:50,B04,M0039,Silver,In-store,Bakery,1,60,0.00,60.00,Credit Card,4
T003218,2026-03-18 16:50,B01,M0151,Platinum,In-store,Tea,2,60,12.00,108.00,Credit Card,
T003218,2026-03-18 16:50,B01,M0151,Platinum,In-store,Tea,2,60,12.00,108.00,Credit Card,
T003219,2026-03-18 16:54,B07,M0229,Bronze,In-store,Tea,1,95,0.00,95.00,Cash,5
T003220,2569-03-18 16:57,B03,M0055,Gold,In-store,Coffee,2,95,0.00,190.00,QR PromptPay,
T003217,18/03/2026 18:16,B04,M0039,Silver,In-store,Bakery,-1,60,-0.00,-60.00,Credit Card,
T003221,2026-03-18 18:20,B05,M0136,Silver,In-store,Bakery,2,45,0.00,90.00,QR PromptPay,
T003222,2569-03-18 18:44,B03,,,In-store,Coffee,3,85,0.00,255.00,Cash,
T003223,18/03/2026 19:23,B04,,,App,Coffee,1,60,0.00,60.00,App Wallet,4
T003224,2026-03-19 07:32,B07,,,App,Coffee,1,85,0.00,85.00,App Wallet,4
T003225,2026-03-19 07:45,B08,M0007,Gold,In store,Coffee,2,120,24.00,216.00,Credit Card,
T003226,2026-03-19 07:48,B05,M0161,Silver,In-store,Bakery,1,฿105,0.00,105.00,Cash,
T003227,2569-03-19 08:03,B03,M0108,Silver,In-store,Bakery,4,75,0.00,300.00,QR PromptPay,4
T003228,2026-03-19 08:19,B02,M0161,Silver,Delivery,Coffee,1,95,19.00,76.00,QR PromptPay,
T003229,2569-03-19 09:49,B03,M0250,Bronze,In-store,Coffee,4,55,0.00,220.00,QR PromptPay,
T003230,2026-03-19 10:07,B05,M0028,Bronze,In-store,Tea,1,90,0.00,90.00,Credit Card,2
T003231,19/03/2026 11:55,B4,,,In-store,Bakery,1,80,0.00,80.00,Cash,
T003232,19/03/2026 12:24,B04,M0039,Silver,In-store,Coffee,4,120,0.00,480.00,Cash,2
T003233,19/03/2026 12:48,B04,M0039,Silver,In-store,Coffee,2,70,0.00,140.00,QR PromptPay,
T003234,19/03/2026 13:02,B04,M0245,Bronze,In-store,Coffee,1,120,0.00,120.00,Cash,
T003235,19/03/2026 14:19,B04,,,App,Bakery,1,65,0.00,65.00,Credit Card,
T003236,2569-03-19 15:56,B03,M0269,Platinum,In-store,Coffee,3,105,31.50,283.50,Credit Card,
T003237,2026-03-19 16:35,B01,M0062,Gold,Delivery,Tea,1,80,4.00,76.00,Cash,
T003238,2026-03-19 17:58,B02,M0121,Gold,In-store,Coffee,1,60,0.00,60.00,Cash,4
T003239,2026-03-19 18:36,B01,M0151,Platinum,in-store,Tea,1,85,0.00,85.00,Cash,
T003240,2026-03-19 18:51,B06,M0089,Platinum,In-store,Tea,1,60,0.00,60.00,QR PromptPay,
T003241,2026-03-19 19:40,B08,M0036,Gold,In-store,Coffee,1,100,0.00,100.00,Cash,3
T003242,2026-03-20 08:18,B01,M0188,Bronze,In-store,Merchandise,1,790,0.00,790.00,Credit Card,
T003243,2026-03-20 08:21,B05,M0110,Gold,App,Coffee,1,70,3.50,66.50,Credit Card,
T003244,2026-03-20 08:24,B08,,,Delivery,Coffee,1,110,0.00,110.00,Credit Card,
T003245,2026-03-20 08:42,B02,,,In-store,Coffee,1,70,0.00,70.00,Credit Card,
T003246,2026-03-20 08:42,B07,M0042,Bronze,In-store,Coffee,1,80,0.00,80.00,Credit Card,3
T003247,2026-03-20 09:07,B07,,,In-store,Tea,1,60,0.00,60.00,Cash,
T003248,2026-03-20 09:20,B07,M0095,Bronze,In-store,Tea,1,65,13.00,52.00,QR PromptPay,4
T003249,20/03/2026 09:31,B04,,,In-store,Coffee,2,60,0.00,120.00,Credit Card,1
T003250,2026-03-20 10:17,B07,M0272,Silver,App,Coffee,2,85,0.00,170.00,Credit Card,
T003251,2026-03-20 12:33,B05,M0164,Silver,Delivery,Coffee,1,95,0.00,95.00,QR PromptPay,5
T003252,2026-03-20 12:34,B02,M0101,Platinum,In-store,Coffee,1,95,14.25,80.75,Cash,
T003252,2026-03-20 12:34,B02,M0101,Platinum,In-store,Coffee,1,95,14.25,80.75,Cash,
T003253,2026-03-20 13:47,B01,,,In-store,Tea,1,95,0.00,95.00,QR PromptPay,3
T003254,2026-03-20 14:21,B07,,,In-store,Merchandise,2,370,0.00,740.00,QR PromptPay,4
T003255,2026-03-20 15:21,B02,,,App,Bakery,1,60,0.00,60.00,Credit Card,
T003256,2026-03-20 15:40,B01,M0214,Gold,In-store,Bakery,3,85,0.00,255.00,Cash,
T003257,2026-03-20 15:44,B06,M0268,Gold,In-store,Bakery,2,100,10.00,190.00,QR PromptPay,
T003258,2026-03-20 16:34,B06,M0089,Platinum,In-store,Coffee,2,110,33.00,187.00,Cash,4
T003259,2026-03-20 16:54,B01,M0151,Platinum,In-store,Tea,4,95,57.00,323.00,QR PromptPay,4
T003260,2026-03-20 16:55,B02,,,In-store,Bakery,1,110,0.00,110.00,QR PromptPay,
T003261,2026-03-20 17:29,B08,M0135,Gold,In-store,Merchandise,4,645,0.00,2580.00,Cash,3
T003262,2026-03-20 18:39,B05,M0266,Gold,In-store,Coffee,3,75,0.00,225.00,QR PromptPay,4
T003263,2026-03-20 18:55,B06,M0002,Bronze,Delivery,Bakery,1,60,6.00,54.00,QR PromptPay,
T003264,2026-03-21 07:00,B07,M0042,Bronze,App,Coffee,3,75,0.00,225.00,Credit Card,
T003265,2026-03-21 07:25,B01,M0189,Gold,App,Coffee,1,85,4.25,80.75,Credit Card,
T003266,2026-03-21 08:01,B05,,,In-store,Coffee,2,90,0.00,180.00,QR PromptPay,
T003267,2026-03-21 09:31,B02,,,App,Bakery,1,45,0.00,45.00,Credit Card,
T003267,2026-03-21 09:31,B02,,,App,Bakery,1,45,0.00,45.00,Credit Card,
T003268,2026-03-21 09:53,B02,M0127,Silver,App,Coffee,1,115,5.75,109.25,Credit Card,
T003269,2026-03-21 10:37,B08,M0010,Silver,Delivery,Bakery,1,60,0.00,60.00,QR PromptPay,
T003270,2026-03-21 10:39,B01,M0177,Silver,In-store,Tea,2,75,0.00,150.00,QR PromptPay,
T003271,2026-03-21 10:55,B01,M0171,GOLD,In-store,Coffee,2,80,8.00,152.00,Credit Card,
T003272,2026-03-21 12:00,B02,M0262,Silver,Delivery,Bakery,1,105,0.00,105.00,QR PromptPay,
T003273,2026-03-21 12:17,B06,M0268,Gold,In-store,Coffee,1,105,0.00,105.00,Cash,
T003274,2026-03-21 12:40,B05,,,In-store,Coffee,4,65,0.00,260.00,QR PromptPay,
T003275,2026-03-21 12:44,B02,M0068,Gold,In-store,Tea,1,70,0.00,70.00,QR PromptPay,
T003276,2026-03-21 13:05,B06,M0042,Bronze,In-store,Merchandise,2,745,0.00,1490.00,Cash,
T003277,2026-03-21 13:49,B06,M0039,Silver,In-store,Coffee,2,90,0.00,180.00,Credit Card,
T003278,21/03/2026 14:08,B04,,,In-store,Bakery,2,60,0.00,120.00,Cash,3
T003279,2026-03-21 14:55,B07,,,In-store,Coffee,1,105,0.00,105.00,QR PromptPay,4
T003280,2026-03-21 16:43,B02,M0161,Silver,In-store,Bakery,1,55,0.00,55.00,Credit Card,5
T003281,2569-03-21 16:44,B03,M0240,Silver,Delivery,Tea,1,90,0.00,90.00,QR PromptPay,3
T003282,2026-03-21 16:56,B02,,,Deliv.,Tea,1,80,0.00,80.00,QR PromptPay,
T003282,2026-03-21 16:56,B02,,,Deliv.,Tea,1,80,0.00,80.00,QR PromptPay,
T003283,2026-03-21 17:43,B06,,,Delivery,Tea,2,65,0.00,130.00,QR PromptPay,4
T003284,2026-03-21 18:13,B02,M0166,Bronze,In-store,Bakery,2,75,0.00,150.00,QR PromptPay,
T003285,2569-03-21 18:18,B03,M0154,Platinum,In-store,Tea,1,70,10.50,59.50,Credit Card,
T003286,2026-03-21 22:42,B01,,,Delivery,Coffee,1,120,0.00,120.00,Credit Card,4
T003287,2026-03-22 07:06,B01,M0112,Silver,Instore,Coffee,1,110,0.00,110.00,Cash,
T003288,2026-03-22 08:21,B08,M0021,Gold,App,Bakery,2,85,34.00,136.00,Credit Card,
T003289,2026-03-22 09:47,B08,M0119,Silver,Deliv.,Coffee,1,80,0.00,80.00,Cash,
T003290,2026-03-22 10:25,B06,,,Delivery,Bakery,4,105,0.00,420.00,Credit Card,
T003291,2026-03-22 10:26,B07,,,In-store,Coffee,2,95,0.00,190.00,Credit Card,5
T003292,2569-03-22 11:55,B03,M0097,Bronze,In-store,Merchandise,1,720,0.00,720.00,Cash,3
T003293,2026-03-22 12:22,B01,M0011,Bronze,App,Bakery,2,85,0.00,170.00,App Wallet,
T003294,2026-03-22 13:11,B06,M0222,Silver,In-store,Merchandise,1,555,0.00,555.00,Cash,
T003295,2026-03-22 13:15,B01,M0011,Bronze,In-store,Bakery,2,110,0.00,220.00,QR PromptPay,1
T003296,2026-03-22 13:39,B05,M0215,Silver,In-store,Coffee,1,95,19.00,76.00,Credit Card,
T003297,2026-03-22 14:23,B08,,,In-store,Coffee,1,80,0.00,80.00,Credit Card,5
T003298,2026-03-22 15:09,B06,M0198,Bronze,In-store,Coffee,3,100,45.00,255.00,QR PromptPay,
T003299,2026-03-22 15:12,B01,,,In-store,Coffee,1,115,0.00,115.00,Credit Card,
T003300,22/03/2026 16:45,B04,M0039,Silver,In-store,Coffee,1,115,0.00,115.00,Cash,
T003300,22/03/2026 16:45,B04,M0039,Silver,In-store,Coffee,1,115,0.00,115.00,Cash,
T003301,2569-03-22 17:14,B03,M0055,Gold,In store,Coffee,4,120,24.00,456.00,QR PromptPay,4
T003302,2026-03-22 17:32,B06,,,In-store,Coffee,2,120,0.00,240.00,QR PromptPay,
T003303,2026-03-22 17:50,B07,M0031,Gold,App,Coffee,1,90,0.00,90.00,App Wallet,
T003304,2026-03-22 17:50,B02,,,In store,Bakery,1,70,0.00,70.00,Credit Card,3
T003305,2026-03-22 18:30,B05,M0016,Gold,In-store,Coffee,1,110,11.00,99.00,Credit Card,3
T003305,2026-03-22 18:30,B05,M0016,Gold,In-store,Coffee,1,110,11.00,99.00,Credit Card,3
T003306,2569-03-22 18:31,B03,M0139,Bronze,In-store,Merchandise,1,710,0.00,710.00,QR PromptPay,
T003307,2026-03-23 07:37,B08,M0255,Bronze,In-store,Bakery,1,65,0.00,65.00,Credit Card,
T003308,2026-03-23 07:54,B01,M0161,Silver,In store,Coffee,1,80,8.00,72.00,Credit Card,
T003309,2026-03-23 08:49,B07,,,App,Coffee,1,60,0.00,60.00,App Wallet,
T003310,23/03/2026 09:07,B04,M0192,Bronze,In-store,Coffee,1,85,0.00,85.00,Cash,
T003311,2026-03-23 10:00,B02,M0109,Platinum,In-store,Coffee,4,120,0.00,480.00,Credit Card,4
T003312,2026-03-23 11:09,B02,M0195,Silver,app,Bakery,2,110,0.00,220.00,App Wallet,5
T003313,2026-03-23 12:02,B08,M0232,Silver,In-store,Tea,4,80,0.00,320.00,Credit Card,
T003314,23/03/2026 12:04,B04,M0115,Bronze,App,Coffee,1,110,0.00,110.00,Credit Card,5
T003315,2026-03-23 12:57,B01,,,In-store,Coffee,3,90,0.00,270.00,Credit Card,
T003316,2026-03-23 13:20,B02,,,Delivery,Tea,2,70,0.00,140.00,Credit Card,
T003317,23/03/2026 13:47,B04,M0219,Bronze,App,Coffee,3,65,19.50,175.50,App Wallet,
T003318,23/03/2026 13:53,B04,M0059,Bronze,In-store,Bakery,2,85,0.00,170.00,QR PromptPay,
T003319,2026-03-23 15:10,B06,M0089,Platinum,App,Bakery,1,95,0.00,95.00,Credit Card,
T003320,2569-03-23 15:24,B03,M0154,Platinum,In-store,Bakery,1,60,9.00,51.00,QR PromptPay,
T003321,2026-03-23 15:54,B08,M0065,Platinum,In-store,Coffee,4,115,46.00,414.00,Cash,5
T003322,2026-03-23 16:01,B05,,,In-store,Coffee,1,85,0.00,85.00,Cash,
T003323,2026-03-23 16:25,B05,,,In-store,Coffee,1,70,0.00,70.00,Cash,
T003324,2026-03-23 16:38,B01,,,App,Coffee,1,105,0.00,105.00,App Wallet,5
T003325,2026-03-23 17:55,B08,M0065,Platinum,In-store,Coffee,1,75,15.00,60.00,QR PromptPay,
T003326,2026-03-23 18:31,B08,M0064,Bronze,In-store,Coffee,1,95,0.00,95.00,QR PromptPay,5
T003327,2026-03-23 18:50,B02,,,App,Coffee,3,115,0.00,345.00,Credit Card,3
T003328,2026-03-23 19:12,B07,M0160,Bronze,In-store,Coffee,1,85,0.00,85.00,QR PromptPay,
T003329,2026-03-23 23:16,B01,,,Delivery,Bakery,1,65,0.00,65.00,Credit Card,3
T003330,2026-03-23 23:38,B01,,,Delivery,Coffee,4,105,0.00,420.00,Credit Card,
T003331,2026-03-24 02:39,B01,,,Delivery,Coffee,2,80,0.00,160.00,QR PromptPay,
T003332,24/03/2026 07:18,B04,M9080,Bronze,Delivery,Coffee,3,115,51.75,293.25,Cash,5
T003333,2026-03-24 07:24,B01,M0020,Bronze,In-store,Coffee,3,90,0.00,270.00,Cash,
T003334,2026-03-24 08:25,B01,M0151,Platinum,Delivery,Coffee,1,100,0.00,100.00,QR PromptPay,
T003335,2026-03-24 08:28,B01,M0151,Plat.,In-store,Tea,1,50,0.00,50.00,Cash,
T003336,2026-03-24 08:49,B01,,,App,Tea,2,60,0.00,120.00,Credit Card,
T003337,24/03/2026 09:29,B04,M0056,Silver,App,Coffee,1,100,0.00,100.00,Credit Card,
T003338,2026-03-24 09:39,B05,M0096,Gold,App,Tea,4,80,0.00,320.00,Credit Card,
T003339,2026-03-24 11:06,B02,,,Delivery,Tea,2,90,0.00,180.00,QR PromptPay,
T003340,24/03/2026 12:06,B04,M0214,Gold,In-store,Coffee,1,65,0.00,65.00,Cash,5
T003341,2026-03-24 12:17,B01,M0144,Bronze,In-store,Tea,1,70,0.00,70.00,Credit Card,5
T003342,2026-03-24 12:54,B05,,,Delivery,Tea,1,95,0.00,95.00,QR PromptPay,
T003343,2026-03-24 13:15,B07,,,App,Coffee,2,55,0.00,110.00,App Wallet,4
T003344,2026-03-24 15:22,B07,M0118,Bronze,App,Bakery,2,90,0.00,180.00,Credit Card,
T003345,2026-03-24 16:10,B05,M0199,Bronze,Delivery,Bakery,2,110,33.00,187.00,Cash,4
T003346,2026-03-24 16:45,B05,M0080,BRONZE,In-store,Coffee,1,100,0.00,100.00,QR PromptPay,5
T003347,24/03/2026 16:49,B04,M0024,Gold,App,Bakery,1,60,0.00,60.00,Credit Card,
T003348,2026-03-24 18:12,B05,,,App,Bakery,2,45,0.00,90.00,App Wallet,5
T003349,2026-03-24 18:17,B05,,,In-store,Merchandise,2,525,0.00,1050.00,QR PromptPay,5
T003350,2026-03-24 18:53,B01,,,Instore,Tea,4,90,0.00,360.00,Credit Card,
T003351,2026-03-24 19:34,B07,M0219,Bronze,App,Coffee,1,65,0.00,65.00,Credit Card,
T003352,2026-03-25 08:56,B01,M0028,Bronze,In-store,Coffee,1,85,0.00,85.00,QR PromptPay,1
T003353,2026-03-25 09:16,B06,,,In-store,Tea,2,80,0.00,160.00,Credit Card,
T003354,2026-03-25 10:07,B02,M0166,Bronze,In-store,Tea,1,75,0.00,75.00,Credit Card,
T003355,2026-03-25 10:11,B01,M0151,platinum,Delivery,Tea,2,85,0.00,170.00,QR PromptPay,2
T003356,2026-03-25 10:49,B07,M0272,Silver,In-store,Coffee,4,115,69.00,391.00,QR PromptPay,
T003357,2026-03-25 10:57,B08,,,In-store,Coffee,1,115,0.00,115.00,QR PromptPay,
T003358,2026-03-25 12:33,B02,M0244,Silver,In-store,Bakery,1,50,0.00,50.00,Credit Card,5
T003359,2026-03-25 12:45,B07,,,In-store,Bakery,3,50,0.00,150.00,Credit Card,
T003360,2026-03-25 13:49,B01,M0151,Platinum,In-store,Coffee,3,95,0.00,285.00,QR PromptPay,3
T003361,2026-03-25 14:39,B06,M0056,Silver,App,Coffee,1,75,0.00,75.00,App Wallet,4
T003362,2569-03-25 16:45,B03,,,In-store,Merchandise,4,545,0.00,2180.00,QR PromptPay,5
T003363,2026-03-25 18:28,B07,M0144,Bronze,App,Tea,2,85,0.00,170.00,Credit Card,5
T003364,2026-03-25 19:41,B02,M0007,Gold,App,Bakery,1,55,0.00,55.00,Credit Card,5
T003365,2026-03-25 19:43,B08,M0109,Platinum,Delivery,Bakery,2,70,14.00,126.00,QR PromptPay,4
T003366,2026-03-25 21:04,B01,,,Delivery,Coffee,1,60,0.00,60.00,QR PromptPay,
T003367,2026-03-26 07:18,B02,,,In-store,Coffee,3,80,0.00,240.00,QR PromptPay,4
T003368,2026-03-26 07:27,B05,M0266,Gold,In-store,Coffee,1,65,0.00,65.00,QR PromptPay,3
T003369,2026-03-26 07:31,B05,,,In-store,Coffee,1,65,0.00,65.00,Credit Card,2
T003370,2026-03-26 08:36,B08,,,In-store,Coffee,1,110,0.00,110.00,Cash,
T003371,2026-03-26 08:55,B01,M0228,Platinum,In-store,Coffee,2,70,0.00,140.00,Credit Card,4
T003372,2026-03-26 09:05,B08,M0062,Gold,In-store,Coffee,4,120,0.00,480.00,QR PromptPay,4
T003373,2026-03-26 09:10,B03,M0238,Bronze,Delivery,Tea,2,85,0.00,170.00,Credit Card,
T003374,2026-03-26 09:37,B05,M0164,Slvr,In-store,Coffee,2,55,11.00,99.00,QR PromptPay,5
T003375,2026-03-26 10:26,B06,,,In-store,Tea,2,80,0.00,160.00,QR PromptPay,
T003376,2026-03-26 12:48,B06,M0066,Bronze,Delivery,Tea,1,95,0.00,95.00,QR PromptPay,5
T003377,2026-03-26 13:08,B05,M0164,Silver,In store,Bakery,4,85,0.00,340.00,Cash,5
T003378,26/03/2026 13:51,B04,,,App,Coffee,1,65,0.00,65.00,Credit Card,
T003379,2026-03-26 13:59,B06,M0268,Gold,App,Coffee,1,110,5.50,104.50,App Wallet,
T003380,2026-03-26 14:33,B06,M0164,Silver,In-store,Coffee,1,110,0.00,110.00,Credit Card,5
T003381,26/03/2026 16:47,B04,M0115,Bronze,In-store,Coffee,4,100,80.00,320.00,Cash,5
T003382,2026-03-26 16:59,B07,M0160,Bronze,In-store,Bakery,3,60,0.00,180.00,Credit Card,
T003383,2026-03-26 17:17,B02,M0005,Bronze,In-store,Coffee,2,75,0.00,150.00,QR PromptPay,4
T003384,2026-03-26 18:05,B08,M0092,Bronze,In-store,Tea,2,65,0.00,130.00,Credit Card,3
T003385,26/03/2026 19:00,B04,M0249,Bronze,In-store,Tea,1,95,0.00,95.00,Cash,
T003386,2026-03-27 07:39,B02,M0244,Silver,App,Coffee,1,65,3.25,61.75,App Wallet,3
T003387,2026-03-27 08:09,B05,M0217,Bronze,In-store,Tea,2,75,0.00,150.00,Credit Card,
T003388,2026-03-27 08:38,B07,M0021,Gold,In-store,Coffee,1,75,0.00,75.00,QR PromptPay,3
T003389,2026-03-27 08:52,B08,M0010,Silver,Delivery,Bakery,2,90,0.00,180.00,Credit Card,
T003390,2026-03-27 09:24, B05,,,In-store,Bakery,4,85,0.00,340.00,QR PromptPay,
T003391,2026-03-27 09:43,B02,M0085,Bronze,Delivery,Coffee,1,55,0.00,55.00,QR PromptPay,
T003392,2026-03-27 09:47,B06,,,In-store,Bakery,2,45,0.00,90.00,Credit Card,5
T003393,2026-03-27 10:09,B06,,,App,Coffee,2,115,0.00,230.00,App Wallet,
T003394,2026-03-27 10:43,B01,,,In-store,Merchandise,2,465,0.00,930.00,Cash,
T003395,2026-03-27 12:51,B03,M0074,Silver,In-store,Coffee,2,85,17.00,153.00,Credit Card,
T003396,2026-03-27 13:00,B02,M0244,Silver,In-store,Merchandise,2,435,0.00,870.00,Cash,
T003397,2026-03-27 15:09,B03,,,Delivery,Coffee,1,75,0.00,75.00,Cash,4
T003398,2026-03-27 15:38,B01,M0151,Platinum,App,Coffee,1,90,0.00,90.00,App Wallet,4
T003399,2026-03-27 16:08,B07,M0065,Platinum,App,Merchandise,3,255,76.50,688.50,App Wallet,
T003400,2026-03-27 16:23,B05,,,In-store,Bakery,2,105,0.00,210.00,Credit Card,
T003401,2026-03-27 16:29,B06,M0009,Gold,App,Coffee,1,70,0.00,70.00,App Wallet,
T003402,2026-03-27 16:54,B03,,,Delivery,Coffee,2,65,0.00,130.00,Cash,
T003403,2026-03-27 19:02,B03,M0241,Bronze,App,Bakery,1,110,0.00,110.00,App Wallet,3
T003404,2026-03-27 19:04,B08,,,App,Bakery,2,95,0.00,190.00,App Wallet,
T003405,2026-03-27 19:24,B07,,,In-store,Merchandise,3,840,0.00,2520.00,Cash,
T003406,2026-03-27 23:39,B01,,,Delivery,Merchandise,2,410,0.00,820.00,Credit Card,
T003407,2026-03-28 08:22,B05,M0110,Gold,delivery,Coffee,2,55,11.00,99.00,QR PromptPay,
T003408,2026-03-28 08:35,b06,M0202,Bronze,App,Coffee,1,65,0.00,65.00,App Wallet,
T003409,2026-03-28 08:42,B03,M0133,Silver,In-store,Coffee,1,120,18.00,102.00,Credit Card,4
T003410,2026-03-28 09:54,B08,M0160,Bronze,App,Bakery,2,90,0.00,180.00,Credit Card,
T003411,2026-03-28 10:01,B08,M0126,Bronze,app,Coffee,3,55,0.00,165.00,Credit Card,
T003412,2026-03-28 13:12,B01,M0164,Silver,App,Coffee,2,60,24.00,96.00,App Wallet,5
T003413,2026-03-28 15:33,B08,M0208,Bronze,App,Coffee,1,105,0.00,105.00,App Wallet,2
T003414,2026-03-28 16:13,B08,,,App,Coffee,1,120,0.00,120.00,App Wallet,
T003415,2026-03-28 16:17,B07,M0209,Bronze,In-store,Coffee,2,105,0.00,210.00,Cash,
T003416,2026-03-28 16:18,B08,M9468,Silver,In-store,Coffee,2,120,36.00,204.00,QR PromptPay,
T003417,2026-03-28 17:24,B02,M0222,Silver,In-store,Merchandise,1,375,0.00,375.00,Cash,
T003418,2026-03-28 17:53,B08,M0107,Silver,In-store,Coffee,1,90,0.00,90.00,QR PromptPay,3
T003419,2026-03-28 18:34,B02,M0176,Silver,App,Bakery,2,50,0.00,100.00,App Wallet,4
T003420,28/03/2026 19:03,B04,M0115,Bronze,In-store,Bakery,1,90,0.00,90.00,Cash,
T003421,2026-03-28 19:45,B02,M0236,Bronze,In-store,Coffee,1,60,3.00,57.00,QR PromptPay,
T003422,2026-03-29 07:26,B08,M0126,Bronze,In-store,Bakery,1,65,0.00,65.00,Cash,
T003423,2026-03-29 07:31,B05,,,App,Coffee,1,70,0.00,70.00,Credit Card,4
T003424,2026-03-29 08:06,B03,M0003,bronze,Delivery,Coffee,4,80,0.00,320.00,Cash,3
T003425,2026-03-29 12:05,B01,M0144,Bronze,In-store,Bakery,1,95,0.00,95.00,Cash,
T003426,29/03/2026 12:13,B04,,,In-store,Coffee,2,60,0.00,120.00,QR PromptPay,1
T003427,2026-03-29 12:39,B08,,,Delivery,Bakery,2,70,0.00,140.00,Cash,
T003428,29/03/2026 12:44,B04,M0264,silver,In-store,Coffee,3,฿70.00,0.00,210.00,Cash,
T003429,2026-03-29 13:15,B07,M0033,Bronze,In-store,Tea,1,80,0.00,80.00,Cash,
T003430,2026-03-29 13:41,B02,M0101,Platinum,In-store,Coffee,1,115,0.00,115.00,Cash,
T003431,2026-03-29 16:19,B05,,,In-store,Merchandise,1,845,0.00,845.00,QR PromptPay,
T003432,2026-03-29 16:33,B03,,,In-store,Bakery,4,75,0.00,300.00,Cash,4
T003433,2026-03-29 17:37,B05,,,In-store,Coffee,4,100,0.00,400.00,QR PromptPay,5
T003434,2026-03-29 17:42,B01,,,Delivery,Tea,2,95,0.00,190.00,Credit Card,
T003435,29/03/2026 18:15,B04,M0135,Gold,In-store,Coffee,1,115,0.00,115.00,QR PromptPay,4
T003436,2026-03-29 19:08,B03,M0129,Silver,Delivery,Tea,2,65,0.00,130.00,QR PromptPay,
T003436,2026-03-29 19:59,B03,M0129,Silver,Delivery,Tea,-2,65,-0.00,-130.00,QR PromptPay,
T003437,2026-03-29 21:55,B01,,,Delivery,Coffee,3,100,0.00,300.00,QR PromptPay,
T003438,2026-03-30 00:39,B01,,,Delivery,Coffee,4,105,0.00,420.00,QR PromptPay,4
T003439,2026-03-30 08:24,B05,M0266,Gold,App,Coffee,1,60,3.00,57.00,Credit Card,
T003440,2026-03-30 08:28,B07,M0095,Bronze,In store,Coffee,2,80,0.00,160.00,Cash,
T003441,2026-03-30 08:40,B02,M0227,Bronze,app,Coffee,2,65,0.00,130.00,App Wallet,
T003442,30/03/2026 08:57,B04,,,In-store,Coffee,2,60,0.00,120.00,Credit Card,4
T003443,2026-03-30 09:27,B03,,,In-store,Coffee,4,90,0.00,360.00,Cash,
T003444,2026-03-30 10:29,B02,M0078,Silver,Delivery,Coffee,2,100,20.00,180.00,Credit Card,
T003445,2026-03-30 10:59,B06,M0178,Bronze,App,Tea,3,65,0.00,195.00,App Wallet,
T003446,2026-03-30 11:00,B6,M0056,Silver,Mobile App,Coffee,3,55,0.00,165.00,Credit Card,4
T003447,30/03/2026 12:05,B04,,,App,Coffee,3,60,0.00,180.00,App Wallet,
T003448,2026-03-30 12:23,B01,M0237,Silver,In-store,Merchandise,2,840,0.00,1680.00,Cash,
T003449,2026-03-30 13:03,B06,M0066,Bronze,In-store,Merchandise,1,605,0.00,605.00,QR PromptPay,5
T003449,2026-03-30 13:03,B06,M0066,Bronze,In-store,Merchandise,1,605,0.00,605.00,QR PromptPay,5
T003450,2026-03-30 13:19,B07,,,In-store,Coffee,4,100,0.00,400.00,QR PromptPay,
T003451,30/03/2026 13:51,B04,M0264,Silver,App,Coffee,1,115,0.00,115.00,Credit Card,
T003452,2026-03-30 14:40,B07,M0168,Platinum,In-store,Coffee,2,110,22.00,198.00,QR PromptPay,4
T003453,2026-03-30 14:58,B08,M0262,Silver,In-store,Coffee,4,55,0.00,220.00,QR PromptPay,
T003454,2026-03-30 15:01,B07,M0118,Bronze,Deliv.,Tea,3,65,0.00,195.00,Cash,
T003455,2026-03-30 16:07, B05,M0060,Bronze,In-store,Tea,2,75,0.00,150.00,Cash,
T003456,2026-03-30 16:30,B01,M0223,Brz,Instore,Coffee,2,55,0.00,110.00,Credit Card,2
T003457,2026-03-30 16:53,B01,M0008,Bronze,App,Coffee,2,55,0.00,110.00,Credit Card,3
T003458,2026-03-30 17:17,B01,M0201,Gold,In-store,Coffee,2,55,22.00,88.00,QR PromptPay,
T003459,2026-03-30 17:58,B06,,,In-store,Coffee,3,80,0.00,240.00,QR PromptPay,
T003460,2026-03-30 19:21,B05,M0189,Gold,In-store,Bakery,2,70,0.00,140.00,QR PromptPay,
T003461,2026-03-31 10:43,B08,M0126,Bronze,In-store,Merchandise,1,605,0.00,605.00,Cash,
T003461,2026-03-31 10:43,B08,M0126,Bronze,In-store,Merchandise,1,605,0.00,605.00,Cash,
T003462,2026-03-31 10:45,B03,M0195,Silver,In-store,Bakery,2,75,30.00,120.00,Credit Card,4
T003463,2026-03-31 12:42,B03,,,In-store,Coffee,1,70,0.00,70.00,Credit Card,
T003464,2026-03-31 13:08,B05,M0164,Silver,App,Bakery,2,110,0.00,220.00,App Wallet,4
T003465,2026-03-31 13:14,B08,,,In-store,Tea,1,80,0.00,80.00,Credit Card,3
T003466,2026-03-31 13:19,B06,,,In-store,Coffee,1,55,0.00,55.00,QR PromptPay,5
T003467,2026-03-31 13:27,B05,M0110,Gold,In-store,Coffee,1,55,0.00,55.00,Credit Card,
T003468,2026-03-31 13:50,B01,,,App,Coffee,1,120,0.00,120.00,App Wallet,4
T003469,2026-03-31 13:52,B03,M0167,Gold,In-store,Coffee,2,100,0.00,200.00,Credit Card,
T003470,31/03/2026 14:23,B04,M0118,Bronze,In-store,Merchandise,1,835,0.00,835.00,Credit Card,
T003471,2026-03-31 15:09,B01,M0151,Platinum,App,Coffee,2,70,7.00,133.00,App Wallet,
T003472,2026-03-31 15:09,B01,M0097,Bronze,In-store,Coffee,1,80,0.00,80.00,Cash,
T003473,2026-03-31 15:26,B06,,,Delivery,Coffee,1,60,0.00,60.00,QR PromptPay,4
T003474,2026-03-31 15:49,B02,,,In-store,Coffee,2,110,0.00,220.00,Cash,4
T003475,2026-03-31 16:24,B01,M0151,Platinum,In-store,Bakery,1,105,10.50,94.50,Credit Card,3
T003476,2026-03-31 16:32,B03,M0053,Platinum,Delivery,Coffee,1,70,0.00,70.00,Credit Card,2
T003477,2026-03-31 16:42,B01,,,App,Coffee,1,60,0.00,60.00,App Wallet,5
T003478,2026-03-31 17:45,B07,,,Delivery,Tea,2,90,0.00,180.00,Credit Card,
T003479,2026-03-31 17:52,B07,,,App,Tea,1,95,0.00,95.00,App Wallet,
T003480,2026-03-31 17:53,B01,,,In-store,Coffee,3,105,0.00,315.00,Credit Card,
T003481,31/03/2026 17:54,B04,M0198,Bronze,In-store,Coffee,4,120,0.00,480.00,Cash,5
T003482,2026-03-31 18:09,B06,M0262,Silver,APP,Coffee,1,55,0.00,55.00,App Wallet,
T003483,2026-03-31 18:30,B01,M0012,Bronze,In-store,Coffee,2,115,0.00,230.00,Cash,5
T003484,2026-03-31 19:05,B06,M0089,Platinum,In-store,Coffee,3,60,36.00,144.00,QR PromptPay,3
T003485,2026-03-31 19:37,B07,M0021,Gold,In-store,Tea,1,60,0.00,60.00,Credit Card,
T003486,2026-04-01 07:07,B02,M0193,Bronze,App,Bakery,1,75,0.00,75.00,Credit Card,
T003487,2026-04-01 08:45,B08,M0109,Platinum,Delivery,Coffee,1,115,0.00,115.00,Credit Card,3
T003488,2026-04-01 08:46,B05,M9268,Bronze,App,Coffee,2,95,0.00,190.00,App Wallet,
T003489,2026-04-01 08:55,B03,M0055,Gold,In-store,Tea,1,80,0.00,80.00,QR PromptPay,
T003490,2026-04-01 09:18,B06,M0066,Bronze,App,Coffee,2,85,0.00,170.00,Credit Card,5
T003491,2026-04-01 09:43,B05,,,In-store,Coffee,4,120,0.00,480.00,Cash,
T003492,2026-04-01 09:57,B01,,,In-store,Merchandise,1,675,0.00,675.00,QR PromptPay,
T003493,2026-04-01 10:09,B01,,,In-store,Merchandise,2,855,0.00,1710.00,Cash,5
T003494,2026-04-01 11:18,B07,M0219,Bronze,App,Coffee,1,75,0.00,75.00,Credit Card,
T003495,2026-04-01 11:30,B03,M0089,Platinum,In-store,Coffee,4,100,0.00,400.00,QR PromptPay,
T003496,2026-04-01 12:01,B06,,,Delivery,Coffee,4,110,0.00,440.00,QR PromptPay,
T003497,2026-04-01 12:31,B01,M0189,gold,In-store,Bakery,1,105,0.00,105.00,Cash,3
T003498,2026-04-01 12:31,B03,M0211,Platinum,In-store,Tea,1,65,3.25,61.75,Credit Card,
T003499,2026-04-01 12:38,B06,M0259,Silver,In-store,Bakery,2,85,17.00,153.00,Cash,
T003500,2026-04-01 12:40,B08,,,In store,Coffee,1,85,0.00,85.00,Credit Card,4
T003501,2026-04-01 12:46,B02,M0244,Silver,In-store,Coffee,1,75,3.75,71.25,Cash,
T003502,2026-04-01 13:28,B02,M0101,Platinum,Delivery,Coffee,1,90,0.00,90.00,Cash,
T003503,2026-04-01 14:43,B07,M0089,Platinum,In-store,Coffee,1,90,0.00,90.00,QR PromptPay,4
T003504,2026-04-01 17:32,B05,M0231,Platinum,In store,Coffee,2,105,0.00,210.00,Credit Card,3
T003505,01/04/2026 18:42,B04,,,App,Coffee,1,65,0.00,65.00,App Wallet,
T003506,2026-04-02 07:03,B07,M0192,Bronze,In-store,Coffee,2,105,0.00,210.00,Cash,
T003507,2026-04-02 07:15,B03,M0108,Silver,In store,Bakery,3,90,0.00,270.00,Cash,
T003508,2026-04-02 07:53,B06,M0089,Platinum,App,Coffee,2,55,0.00,110.00,Credit Card,
T003509,2026-04-02 08:11,B03,M0053,Platinum,In-store,Coffee,3,80,24.00,216.00,QR PromptPay,5
T003510,2026-04-02 08:33,B03,M0154,Platinum,In-store,Coffee,2,100,0.00,200.00,Credit Card,
T003511,2026-04-02 08:35,B01,M0189,Gold,App,Merchandise,1,835,0.00,835.00,Credit Card,
T003512,2026-04-02 08:57,B06,,,In-store,Coffee,1,115,0.00,115.00,QR PromptPay,
T003513,2026-04-02 09:05,B06,,,In-store,Coffee,1,70,0.00,70.00,Credit Card,5
T003514,02/04/2026 09:07,B04,M0096,Gold,In-store,Coffee,2,70,28.00,112.00,Cash,4
T003515,2026-04-02 09:49,B03,M0122,Bronze,In-store,Merchandise,1,575,0.00,575.00,QR PromptPay,3
T003516,2026-04-02 10:39,B05,M0199,BRONZE,App,Tea,1,65,0.00,65.00,App Wallet,4
T003517,2026-04-02 10:40,B05,,,Delivery,Coffee,1,115,0.00,115.00,QR PromptPay,4
T003518,2026-04-02 10:53,B01,,,App,Coffee,4,120,0.00,480.00,Credit Card,
T003519,2026-04-02 11:32,B02,M0199,Bronze,In-store,Coffee,2,55,0.00,110.00,Credit Card,4
T003520,2026-04-02 12:10,B02,M0244,Slvr,In-store,Coffee,3,80,36.00,204.00,Credit Card,
T003521,2026-04-02 12:46,B05,,,In-store,Tea,1,70,0.00,70.00,Credit Card,
T003522,2026-04-02 12:49,B01,M0062,Gold,Delivery,Coffee,1,95,4.75,90.25,QR PromptPay,4
T003523,02/04/2026 13:21,B04,M0039,Silver,In-store,Merchandise,1,475,47.50,427.50,Cash,
T003524,02/04/2026 13:55,B04,M0115,Bronze,In-store,Coffee,1,90,0.00,90.00,QR PromptPay,
T003525,2026-04-02 15:00,B03,M0250,Bronze,App,Bakery,1,90,0.00,90.00,App Wallet,3
T003526,2026-04-02 15:39,B07,M0004,Bronze,In-store,Bakery,2,45,0.00,90.00,Cash,
T003527,2026-04-02 17:05,B06,M0198,Bronze,Delivery,Tea,4,70,0.00,280.00,QR PromptPay,
T003528,2026-04-02 17:09,B05,M0110,Gold,In-store,Bakery,1,110,11.00,99.00,QR PromptPay,
T003529,2026-04-02 18:29,B03,M0066,Bronze,In-store,Coffee,1,60,3.00,57.00,Cash,4
T003530,2026-04-03 01:26,B01,,,Delivery,Merchandise,4,875,0.00,3500.00,Credit Card,4
T003531,2026-04-03 08:05,B03,M0064,Bronze,In-store,Merchandise,2,805,0.00,1610.00,Credit Card,
T003532,2026-04-03 09:11,B03,M0074,Silver,In-store,Coffee,1,120,12.00,108.00,QR PromptPay,
T003533,2026-04-03 09:14,B01,M0097,Bronze,In-store,Coffee,2,65,0.00,130.00,QR PromptPay,3
T003534,2026-04-03 10:23,B03,M0013,Silver,In-store,Bakery,1,45,0.00,45.00,Credit Card,5
T003535,2026-04-03 11:11,B03,,,Mobile App,Coffee,1,90,0.00,90.00,Credit Card,3
T003536,2026-04-03 11:52,B08,M0065,Platinum,App,Coffee,1,60,0.00,60.00,Credit Card,
T003537,2026-04-03 12:33,B02,M0244,Silver,App,Coffee,2,100,0.00,200.00,App Wallet,4
T003537,2026-04-03 12:33,B02,M0244,Silver,App,Coffee,2,100,0.00,200.00,App Wallet,4
T003538,2026-04-03 12:43,B05,M9320,Silver,In-store,Merchandise,4,315,0.00,1260.00,Credit Card,4
T003539,2026-04-03 12:57,B07,,,App,Tea,1,50,0.00,50.00,App Wallet,
T003540,2026-04-03 13:44,B06,M0206,Bronze,Deliv.,Coffee,2,90,0.00,180.00,Credit Card,
T003541,2026-04-03 13:45,B06,M0161,Silver,Delivery,Tea,4,95,38.00,342.00,Credit Card,4
T003542,2026-04-03 13:46,B01,M0189,Gold,In-store,Coffee,2,105,31.50,178.50,Cash,3
T003543,2026-04-03 15:16,B03,M0078,Silver,In-store,Coffee,4,60,0.00,240.00,QR PromptPay,
T003544,2026-04-03 15:18,B08,M0126,Bronze,App,Coffee,1,115,0.00,115.00,App Wallet,
T003545,2026-04-03 15:29,B03,M0154,Platinum,In-store,Coffee,1,85,0.00,85.00,QR PromptPay,
T003546,2026-04-03 18:14,B02,M0275,Bronze,In-store,Merchandise,1,600,0.00,600.00,Credit Card,
T003547,03/04/2026 18:30,B04,,,Delivery,Bakery,2,55,0.00,110.00,QR PromptPay,5
T003548,2026-04-03 18:47,B07,M0250,Bronze,In store,Tea,1,฿95,0.00,95.00,QR PromptPay,
T003548,2026-04-03 18:47,B07,M0250,Bronze,In store,Tea,1,฿95,0.00,95.00,QR PromptPay,
T003549,2026-04-03 19:28,B01,,,APP,Coffee,1,90,0.00,90.00,Credit Card,4
T003550,04/04/2026 07:27,B04,M0215,Silver,In-store,Tea,1,55,8.25,46.75,Cash,
T003551,2026-04-04 08:25,B01,M0151,Platinum,In-store,Coffee,3,75,0.00,225.00,Cash,
T003552,2026-04-04 08:34,B05,,,In-store,Bakery,3,95,0.00,285.00,QR PromptPay,
T003553,2026-04-04 08:55,B08,M0065,Platinum,In-store,Bakery,1,100,0.00,100.00,QR PromptPay,
T003554,2026-04-04 11:17,B05,,,In-store,Coffee,1,90,0.00,90.00,QR PromptPay,
T003555,2026-04-04 11:54,B03,M0146,Bronze,App,Coffee,2,55,0.00,110.00,Credit Card,
T003556,2026-04-04 12:01, B08,M0065,Platinum,In-store,Coffee,2,70,0.00,140.00,QR PromptPay,
T003557,04/04/2026 12:08,B04,,,App,Tea,1,95,0.00,95.00,Credit Card,
T003558,2026-04-04 12:10,B03,M0167,Gold,In-store,Tea,1,90,0.00,90.00,QR PromptPay,4
T003559,2026-04-04 12:12,B01,M0075,Bronze,App,Bakery,2,110,0.00,220.00,Credit Card,2
T003560,2026-04-04 12:42,B03,M0053,Platinum,App,Coffee,1,85,12.75,72.25,App Wallet,
T003561,2026-04-04 12:48,B01,,,In-store,Bakery,1,105,0.00,105.00,Credit Card,
T003562,2026-04-04 13:12,B07,M0164,Silver,App,Coffee,1,85,8.50,76.50,Credit Card,
T003563,2026-04-04 13:16,B03,M0008,Bronze,In-store,Bakery,2,65,0.00,130.00,QR PromptPay,5
T003564,2026-04-04 13:55,B06,M0268,Gold,Delivery,Coffee,4,65,0.00,260.00,Credit Card,
T003565,2026-04-04 15:01,B08,M0132,Silver,App,Bakery,1,45,0.00,45.00,Credit Card,
T003566,2026-04-04 16:27,B02,M0121,Gold,App,Coffee,3,115,69.00,276.00,App Wallet,
T003567,2026-04-04 16:55,B07,M0095,Bronze,Delivery,Tea,1,90,0.00,90.00,Credit Card,
T003568,2026-04-04 17:42,B06,M0268,Gold,App,Bakery,2,65,13.00,117.00,App Wallet,
T003569,2026-04-04 18:09,B03,M0133,Silver,Delivery,Coffee,1,70,0.00,70.00,QR PromptPay,
T003570,2026-04-04 18:18,B02,,,Delivery,Bakery,1,45,0.00,45.00,QR PromptPay,
T003571,2026-04-04 19:41,B05,M0126,Bronze,In-store,Coffee,1,55,0.00,55.00,QR PromptPay,
T003572,2026-04-04 19:47,B02,M0005,Bronze,Delivery,Coffee,2,75,0.00,150.00,QR PromptPay,
T003573,2026-04-04 23:40,B01,,,Delivery,Tea,1,65,0.00,65.00,QR PromptPay,
T003574,2026-04-05 07:05,B07,,,In-store,Merchandise,4,495,0.00,1980.00,Cash,
T003575,2026-04-05 07:23,B03,M0041,Platinum,In-store,Coffee,2,70,28.00,112.00,QR PromptPay,
T003576,2026-04-05 08:20,B03,M0154,Platinum,In-store,Coffee,2,80,32.00,128.00,Cash,
T003577,2026-04-05 09:28,B08,,,In-store,Coffee,3,85,0.00,255.00,Cash,4
T003578,2026-04-05 09:57,B08,M0092,Bronze,App,Coffee,1,90,0.00,90.00,App Wallet,
T003579,2026-04-05 10:54,B06,,,In-store,Coffee,1,65,0.00,65.00,Cash,5
T003580,2026-04-05 11:20,B03,M0153,Silver,In-store,Coffee,1,85,0.00,85.00,Credit Card,
T003581,2026-04-05 12:00,B06,M0020,Bronze,App,Coffee,1,105,0.00,105.00,Credit Card,4
T003582,05/04/2026 12:49,B04,,,Delivery,Coffee,4,70,0.00,280.00,Credit Card,
T003583,2026-04-05 13:08,B07,M0272,Silver,App,Tea,1,55,0.00,55.00,Credit Card,
T003584,2026-04-05 13:49,B08,M0093,Silver,In-store,Bakery,1,75,0.00,75.00,QR PromptPay,
T003585,2026-04-05 15:39,B06,M0222,Silver,In-store,Merchandise,1,250,0.00,250.00,QR PromptPay,5
T003586,2026-04-05 15:52,B05,M0217,Bronze,In-store,Merchandise,1,365,0.00,365.00,Cash,
T003587,2026-04-05 16:25,B01,M0133,Silver,In-store,Merchandise,1,290,0.00,290.00,QR PromptPay,
T003588,2026-04-05 16:40,B07,M0004,Bronze,Delivery,Bakery,1,70,0.00,70.00,Credit Card,
T003589,2026-04-05 16:47,B06,M0002,Bronze,In-store,Coffee,2,105,0.00,210.00,Cash,
T003590,2026-04-05 16:51,B02,M0244,Silver,App,Coffee,1,55,0.00,55.00,App Wallet,5
T003591,05/04/2026 18:00,B04,,,In-store,Bakery,1,55,0.00,55.00,Credit Card,2
T003592,05/04/2026 18:18,B04,M0215,silver,In-store,Coffee,1,95,0.00,95.00,QR PromptPay,
T003593,2026-04-05 18:55,B02,M0244,Silver,in-store,Coffee,1,95,0.00,95.00,Cash,4
T003593,2026-04-05 19:20,B02,M0244,Silver,In-store,Coffee,-1,95,-0.00,-95.00,Cash,
T003594,2026-04-05 21:26,B01,,,Delivery,Coffee,3,80,0.00,240.00,QR PromptPay,
T003595,06/04/2026 07:21,B04,M0264,Silver,App,Coffee,1,95,0.00,95.00,App Wallet,
T003596,2026-04-06 07:27,B07,,,In-store,Coffee,3,110,0.00,330.00,QR PromptPay,5
T003597,2026-04-06 07:31,B03,M0266,Gold,In-store,Coffee,1,70,0.00,70.00,Cash,
T003598,2026-04-06 09:05,B01,,,In-store,Merchandise,4,890,0.00,3560.00,Cash,4
T003599,2026-04-06 10:24,B08,M0266,Gold,In-store,Coffee,1,115,5.75,109.25,Cash,4
T003600,06/04/2026 11:15,B04,,,In-store,Bakery,1,95,0.00,95.00,QR PromptPay,1
T003601,2026-04-06 11:26,B01,,,In-store,Merchandise,1,265,0.00,265.00,Cash,
T003602,2026-04-06 12:15,B08,M0255,Bronze,App,Coffee,2,95,0.00,190.00,Credit Card,
T003603,2026-04-06 12:23,B08,,,In-store,Coffee,1,55,0.00,55.00,Cash,
T003604,2026-04-06 13:13,B03,M0074,silver,In-store,Bakery,1,45,0.00,45.00,Credit Card,
T003605,2026-04-06 13:46,B03,M0026,Bronze,In-store,Merchandise,4,270,0.00,1080.00,QR PromptPay,5
T003606,2026-04-06 13:54,B03,,,In-store,Bakery,2,60,0.00,120.00,QR PromptPay,4
T003607,2026-04-06 14:07,B01,,,App,Bakery,1,85,0.00,85.00,App Wallet,3
T003608,2026-04-06 14:22,B06,M0136,Silver,In-store,Coffee,2,120,24.00,216.00,QR PromptPay,
T003609,2026-04-06 15:20,B06,,,App,Bakery,3,85,0.00,255.00,App Wallet,
T003610,2026-04-06 15:23,B06,M0268,Gold,Delivery,Coffee,1,115,0.00,115.00,QR PromptPay,4
T003611,2026-04-06 15:29,B05,M0231,Platinum,Delivery,Coffee,1,55,11.00,44.00,Credit Card,
T003612,2026-04-06 16:00,B03,,,App,Merchandise,1,285,0.00,285.00,Credit Card,3
T003613,06/04/2026 18:02,B04,M0039,Silver,App,Coffee,1,55,5.50,49.50,Credit Card,5
T003614,2026-04-06 19:30,B01,,,In-store,Bakery,4,65,0.00,260.00,Credit Card,
T003615,2026-04-07 07:39,B07,M0185,Bronze,In-store,Coffee,2,105,0.00,210.00,Cash,4
T003616,2026-04-07 07:55,B06,,,In-store,Coffee,4,65,0.00,260.00,Credit Card,
T003617,2026-04-07 07:57,B03,,,In-store,Merchandise,1,810,0.00,810.00,QR PromptPay,
T003618,2026-04-07 08:11,B01,M0208,Bronze,In-store,Bakery,2,45,0.00,90.00,Cash,
T003619,2026-04-07 09:46,B03,M0129,Silver,App,Coffee,1,105,0.00,105.00,Credit Card,
T003620,2026-04-07 11:00,B06,M0206,Bronze,App,Coffee,1,95,0.00,95.00,App Wallet,
T003621,2026-04-07 11:48,B08,,,In-store,Bakery,2,110,0.00,220.00,QR PromptPay,3
T003622,2026-04-07 12:13,B08,M0065,Platinum,App,Coffee,1,80,0.00,80.00,Credit Card,4
T003623,2026-04-07 12:41,B03,M0114,Silver,In-store,Coffee,1,70,0.00,70.00,QR PromptPay,5
T003624,2026-04-07 12:42,B08,M0010,Silver,In-store,Bakery,1,60,0.00,60.00,Credit Card,4
T003625,2026-04-07 13:36,B03,M0225,Bronze,In-store,Coffee,4,110,0.00,440.00,Credit Card,5
T003626,2026-04-07 14:50,B01,,,In-store,Coffee,1,80,0.00,80.00,QR PromptPay,5
T003627,2026-04-07 15:17,B06,M0198,Bronze,In-store,Coffee,4,80,0.00,320.00,Credit Card,4
T003628,2026-04-07 16:11,B01,,,In-store,Tea,1,70,0.00,70.00,QR PromptPay,
T003629,2026-04-07 17:19,B01,,,In-store,Bakery,4,55,0.00,220.00,Cash,
T003630,2026-04-07 18:13,B03,M0039,Silver,App,Coffee,1,65,0.00,65.00,App Wallet,
T003631,2026-04-07 18:36,B08,,,App,Coffee,2,75,0.00,150.00,App Wallet,
T003632,2026-04-07 18:54,B01,M0012,Bronze,In-store,Tea,1,95,0.00,95.00,Cash,
T003633,2026-04-07 19:08,B01,,,App,Coffee,1,90,0.00,90.00,App Wallet,5
T003634,2026-04-07 19:28,B03,M0238,Bronze,In-store,Coffee,4,70,42.00,238.00,Credit Card,
T003635,2026-04-08 07:02,B01,M0189,Gold,App,Coffee,2,65,6.50,123.50,Credit Card,
T003636,2026-04-08 07:26,B07,,,In-store,Bakery,1,80,0.00,80.00,Credit Card,4
T003637,2026-04-08 08:03,B07,M0160,Bronze,In-store,Coffee,3,80,24.00,216.00,Cash,
T003638,2026-04-08 08:22,B02,M0214,Gold,In-store,Coffee,1,105,15.75,89.25,QR PromptPay,4
T003639,2026-04-08 08:29,B02,M0166,Bronze,In store,Tea,1,50,0.00,140.00,QR PromptPay,
T003640,2026-04-08 08:37,B02,M0107,Silver,App,Coffee,1,75,0.00,75.00,App Wallet,3
T003641,2026-04-08 08:43,B05,,,In-store,Tea,1,50,0.00,50.00,Credit Card,
T003642,2026-04-08 08:46,B06,M0206,Bronze,App,Bakery,1,75,0.00,75.00,Credit Card,5
T003643,08/04/2026 08:54,B04,,,App,Coffee,1,65,0.00,65.00,App Wallet,
T003644,2026-04-08 10:20,B03,M0020,bronze,Delivery,Coffee,2,120,0.00,240.00,QR PromptPay,3
T003645,2026-04-08 10:31,B07,M0022,Bronze,In-store,Bakery,1,105,0.00,105.00,Cash,
T003646,08/04/2026 10:59,B04,,,In-store,Merchandise,2,890,0.00,1780.00,Cash,1
T003647,2026-04-08 11:19,b01,M0135,Gold,In-store,Coffee,2,80,32.00,128.00,Credit Card,
T003648,2026-04-08 12:08,B05,,,In-store,Coffee,2,105,0.00,210.00,Cash,
T003649,2026-04-08 12:24,B03,M0064,Bronze,In-store,Tea,1,95,0.00,95.00,Cash,
T003650,2026-04-08 12:29,B05,,,Delivery,Coffee,4,115,0.00,460.00,Credit Card,5
T003651,2026-04-08 13:23,B08,,,In-store,Bakery,1,85,0.00,85.00,Cash,
T003652,08/04/2026 13:37,B04,M0039,Silver,In-store,Merchandise,1,285,0.00,285.00,Credit Card,5
T003653,08/04/2026 13:48,B04,M0249,Bronze,Delivery,Coffee,3,65,0.00,195.00,Cash,
T003654,2026-04-08 14:19,B01,M0188,Bronze,In-store,Merchandise,1,500,50.00,450.00,Cash,
T003655,08/04/2026 15:22,B04,M0039,SILVER,In-store,Coffee,3,115,0.00,345.00,Credit Card,
T003656,08/04/2026 16:07,B04,,,In-store,Coffee,1,90,0.00,90.00,Credit Card,
T003656,08/04/2026 16:07,B04,,,In-store,Coffee,1,90,0.00,90.00,Credit Card,
T003657,2026-04-08 16:19,B03,M0267,Gold,In-store,Bakery,1,55,2.75,52.25,QR PromptPay,
T003658,2026-04-08 16:22,B03,,,In-store,Bakery,1,65,0.00,65.00,QR PromptPay,
T003659,2026-04-08 17:24,B06,M0099,Bronze,Delivery,Merchandise,1,820,0.00,820.00,Cash,
T003660,2026-04-08 17:34,B05,M0110,Gold,App,Bakery,4,55,0.00,220.00,App Wallet,
T003661,2026-04-08 18:00,B05,M0266,Gold,In-store,Coffee,1,60 THB,0.00,60.00,Cash,
T003662,2026-04-08 18:50,B07,M0004,Bronze,In-store,Bakery,1,85,4.25,80.75,Credit Card,
T003663,08/04/2026 19:15,B04,,,In-store,Coffee,2,95,0.00,190.00,Cash,
T003664,2026-04-09 08:08,B03,M0022,Bronze,In-store,Merchandise,4,310,0.00,1240.00,Credit Card,
T003665,09/04/2026 08:13,B04,,,App,Coffee,2,120,0.00,240.00,App Wallet,
T003666,2026-04-09 08:24,B06,M0223,Bronze,In-store,Merchandise,1,760,76.00,684.00,Credit Card,
T003667,2026-04-09 08:49,B06,,,In-store,Coffee,3,105,0.00,315.00,QR PromptPay,
T003668,2026-04-09 08:58,B08,M0009,Gold,App,Coffee,2,70,0.00,140.00,Credit Card,
T003669,2026-04-09 10:45,B06,,,App,Coffee,4,90,0.00,360.00,App Wallet,4
T003670,2026-04-09 10:47,B02,,,In-store,Coffee,2,115,0.00,230.00,Cash,
T003671,2026-04-09 11:25,B08,M0065,Platinum,In-store,Coffee,2,80,8.00,152.00,Credit Card,
T003672,2026-04-09 11:49,B05,M0164,Silver,In-store,Tea,4,65,0.00,260.00,Cash,5
T003673,09/04/2026 12:00,B04,M0039,Silver,Delivery,Coffee,1,65,0.00,65.00,Credit Card,
T003674,2026-04-09 12:51,B01,,,Delivery,Coffee,2,75,0.00,150.00,Cash,
T003675,2026-04-09 12:53,B06,,,App,Bakery,1,65,0.00,65.00,App Wallet,
T003676,2026-04-09 12:53,B07,,,Delivery,Bakery,3,55,0.00,165.00,QR PromptPay,
T003677,2026-04-09 13:58,B05,,,In-store,Coffee,1,120,0.00,120.00,Credit Card,
T003678,2026-04-09 14:53,B06,,,In-store,Bakery,1,65,0.00,65.00,QR PromptPay,
T003679,2026-04-09 15:56,B08,M0126,Bronze,App,Bakery,1,85,12.75,72.25,Credit Card,
T003680,2026-04-09 16:23,B06,M0259,Silver,In-store,Coffee,2,95,0.00,190.00,Credit Card,4
T003681,2026-04-09 16:35,B06,M0002,BRONZE,In-store,Bakery,4,85,68.00,272.00,QR PromptPay,3
T003682,2026-04-09 16:42,B05,,,In-store,Merchandise,2,575,0.00,1150.00,Cash,
T003683,2026-04-09 16:46,B02,M0101,Platinum,Delivery,Coffee,3,105,47.25,267.75,Cash,4
T003684,2026-04-09 16:52,B05,,,In-store,Coffee,1,70,0.00,70.00,Credit Card,
T003685,2026-04-09 18:06,B07,,,In-store,Tea,3,65,0.00,195.00,Credit Card,4
T003686,2026-04-09 18:11,B05,,,App,Coffee,4,95,0.00,380.00,Credit Card,
T003687,2026-04-09 18:26,B03,M0122,Bronze,In-store,Bakery,1,85,0.00,85.00,Cash,
T003688,2026-04-09 19:44,B07,M0051,Bronze,App,Tea,1,90,0.00,90.00,Credit Card,
T003689,2026-04-09 22:40,B01,,,Delivery,Coffee,1,65,0.00,65.00,QR PromptPay,
T003690,2026-04-10 08:15,B08,M0174,silver,In-store,Coffee,1,60,0.00,60.00,Credit Card,
T003691,2026-04-10 08:29,B05,,,in-store,Coffee,1,120,0.00,120.00,Credit Card,
T003692,2026-04-10 08:52,B01,,,In-store,Coffee,3,110,0.00,330.00,QR PromptPay,
T003693,2026-04-10 09:22,B02,,,In-store,Coffee,1,80,0.00,80.00,Credit Card,
T003694,2026-04-10 09:25,B05,M0266,Gold,Delivery,Bakery,1,50,0.00,50.00,Cash,5
T003695,2026-04-10 09:35,B08,M0224,Bronze,In-store,Bakery,1,90,0.00,90.00,QR PromptPay,
T003696,2026-04-10 09:49,B05,M0105,Silver,In-store,Bakery,4,85,0.00,340.00,Credit Card,
T003697,2026-04-10 12:39,B08,,,In-store,Bakery,4,95,0.00,380.00,Cash,
T003698,2026-04-10 12:41,B03,M0167,Gold,In-store,Coffee,3,70,10.50,199.50,Credit Card,
T003699,2026-04-10 12:50,B06,M0020,Bronze,Delivery,Merchandise,2,550,0.00,1100.00,QR PromptPay,4
T003700,2026-04-10 12:52,B06,M0096,Gold,In-store,Bakery,3,95,0.00,285.00,Credit Card,3
T003701,2026-04-10 13:29,B01,M0018,Bronze,In-store,Bakery,2,60,0.00,120.00,Cash,
T003702,2026-04-10 14:35,B05,M0016,Gold,In-store,Coffee,1,100,0.00,100.00,QR PromptPay,3
T003703,2026-04-10 15:28,B02,,,In-store,Coffee,2,55,0.00,110.00,QR PromptPay,5
T003704,2026-04-10 15:45,B06,M0101,Platinum,In-store,Bakery,4,60,0.00,240.00,Credit Card,3
T003705,2026-04-10 15:51,B06,M0188,Bronze,Delivery,Merchandise,2,845,0.00,1690.00,QR PromptPay,
T003706,2026-04-10 15:55,B01,,,Deliv.,Bakery,2,55,0.00,110.00,QR PromptPay,4
T003707,2026-04-10 15:59,B03,M0215,SILVER,In-store,Bakery,1,110,0.00,110.00,QR PromptPay,
T003708,10/04/2026 16:12,B04,M0039,Silver,App,Tea,4,50,10.00,190.00,Credit Card,
T003709,2026-04-10 16:29,B07,M0229,Bronze,App,Coffee,4,70,0.00,280.00,Credit Card,4
T003710,2026-04-10 16:54,B06,M0002,Bronze,App,Coffee,2,110,0.00,220.00,Credit Card,
T003711,2026-04-10 17:50,B06,,,Delivery,Tea,1,60,0.00,60.00,QR PromptPay,
T003712,2026-04-10 19:21,B01,M0110,Gold,App,Tea,1,55,11.00,44.00,App Wallet,
T003713,2026-04-10 19:33,B08,,,In-store,Bakery,2,65,0.00,130.00,Credit Card,
T003714,2026-04-11 01:10,B01,,,Delivery,Coffee,1,60,0.00,60.00,Credit Card,
T003715,2026-04-11 01:41,B01,,,Delivery,Coffee,1,95,0.00,95.00,QR PromptPay,3
T003716,2026-04-11 07:01,B06,M0099,Bronze,In-store,Coffee,1,65,13.00,52.00,Credit Card,
T003717,2026-04-11 07:18,B03,M0108,Silver,App,Bakery,1,55,0.00,55.00,App Wallet,5
T003718,2026-04-11 08:14,B01,M0151,PLATINUM,App,Coffee,1,65,13.00,52.00,Credit Card,3
T003719,2026-04-11 09:31,B01,M0177,SILVER,App,Coffee,4,90,36.00,324.00,Credit Card,
T003720,2026-04-11 13:01,B01,M0040,Slvr,Delivery,Bakery,2,55,0.00,110.00,Cash,4
T003721,2026-04-11 14:36,B05,M0231,Platinum,App,Bakery,1,55,8.25,46.75,App Wallet,
T003722,2026-04-11 14:58,B06,,,APP,Tea,2,80,0.00,160.00,Credit Card,4
T003723,2026-04-11 15:45,B07,M0046,Bronze,Delivery,Coffee,3,120,0.00,360.00,Credit Card,
T003724,2026-04-11 16:36,B05,M0266,Gold,In-store,Bakery,1,60,0.00,60.00,QR PromptPay,3
T003725,2026-04-11 17:08,B07,M0209,Bronze,In-store,Coffee,2,105,0.00,210.00,Credit Card,
T003726,2026-04-11 17:42,B05,,,Delivery,Coffee,1,95,0.00,95.00,QR PromptPay,
T003727,2026-04-11 18:58,B03,M0250,Bronze,App,Coffee,1,55,0.00,55.00,App Wallet,
T003728,2026-04-11 19:26,B01,M0151,Platinum,In-store,Coffee,2,95,28.50,161.50,Cash,
T003729,2026-04-11 19:28,B01,M0188,Bronze,In store,Coffee,3,75,0.00,225.00,Credit Card,3
T003730,2026-04-11 19:28,B03,M0055,Gold,In-store,Merchandise,2,450,0.00,900.00,QR PromptPay,
T003731,2026-04-11 19:45,B03,M0003,Bronze,In-store,Coffee,4,70,0.00,280.00,Credit Card,4
T003732,2026-04-11 19:57,B05,M0199,Bronze,In-store,Tea,1,65,0.00,65.00,Cash,
T003731,2026-04-11 19:59,B03,M0003,Bronze,In-store,Coffee,-4,70,-0.00,-280.00,Credit Card,
T003733,2026-04-12 07:28,B05,,,App,Coffee,4,105,0.00,420.00,Credit Card,5
T003734,12/04/2026 07:53,B04,,,In-store,Merchandise,2,865,0.00,1730.00,Cash,
T003735,2026-04-12 08:01,b02,M0028,Bronze,In-store,Tea,1,55,0.00,55.00,Cash,3
T003736,2026-04-12 08:41,B06,M0089,Platinum,In-store,Coffee,3,115,34.50,310.50,QR PromptPay,
T003737,2026-04-12 08:46,B05,M0016,GOLD,In-store,Coffee,2,55,0.00,110.00,Credit Card,
T003738,2026-04-12 09:14,B01,M0151,Platinum,In-store,Coffee,3,95,0.00,285.00,QR PromptPay,
T003739,2026-04-12 09:42,B06,M0223,Bronze,In-store,Coffee,1,90,0.00,90.00,Credit Card,
T003740,2026-04-12 09:53,B02,M0275,Bronze,App,Bakery,4,105,42.00,378.00,Credit Card,2
T003741,2026-04-12 10:02,B01,M0028,Bronze,Delivery,Coffee,1,100,0.00,100.00,Credit Card,
T003742,2026-04-12 11:13,B07,,,In-store,Coffee,1,60,0.00,60.00,QR PromptPay,
T003743,2026-04-12 11:33,B02,M0244,Silver,In-store,Coffee,2,90,0.00,180.00,Cash,5
T003744,2026-04-12 12:06,B05,M0266,Gold,In-store,Bakery,1,85,0.00,85.00,QR PromptPay,
T003745,2026-04-12 12:35,B05,,,In-store,Bakery,1,75,0.00,75.00,QR PromptPay,4
T003746,2026-04-12 13:36,B06,M0222,Silver,In-store,Coffee,1,80,0.00,80.00,QR PromptPay,
T003747,2026-04-12 13:46,B08,M0035,Gold,App,Bakery,2,110,11.00,209.00,App Wallet,
T003748,2026-04-12 14:19,B01,M0151,Platinum,In-store,Bakery,4,85,0.00,340.00,QR PromptPay,
T003749,2026-04-12 14:23,B08,,,App,Coffee,1,80,0.00,80.00,App Wallet,3
T003750,2026-04-12 14:32,B05,M0266,Gold,App,Coffee,1,70,7.00,63.00,Credit Card,
T003751,2026-04-12 15:02,B02,M0244,Silver,App,Coffee,2,65,0.00,130.00,Credit Card,5
T003752,2026-04-12 15:39,B07,,,In-store,Coffee,2,85,0.00,170.00,QR PromptPay,
T003753,2026-04-12 16:16,B02,M0068,Gold,Delivery,Coffee,2,100,30.00,170.00,Cash,
T003754,2026-04-12 16:33,B05,,,App,Bakery,3,105,0.00,315.00,App Wallet,
T003755,2026-04-12 17:54,B03,,,APP,Coffee,1,55,0.00,55.00,Credit Card,
T003756,12/04/2026 18:50,B04,M0245,Bronze,App,Bakery,3,95,28.50,256.50,Credit Card,
T003757,2026-04-12 19:13,B07,M0021,gold,App,Bakery,4,110,44.00,396.00,App Wallet,4
T003758,2026-04-12 19:14,B01,M0221,Silver,App,Coffee,3,110,0.00,330.00,App Wallet,
T003759,2026-04-13 07:11,B03,M0108,Silver,App,Bakery,1,50,0.00,50.00,App Wallet,
T003760,2026-04-13 08:05,B06,M0095,Bronze,App,Coffee,3,100,0.00,300.00,Credit Card,
T003761,2026-04-13 09:46,B06,M0095,Bronze,App,Merchandise,1,665,0.00,665.00,App Wallet,
T003762,13/04/2026 10:44,B04,M0180,SILVER,In-store,Coffee,4,115,92.00,368.00,Cash,
T003763,2026-04-13 11:44,B01,M0004,Bronze,In-store,Merchandise,1,785,0.00,785.00,QR PromptPay,
T003764,2026-04-13 12:19,B03,M0167,Gold,Delivery,Bakery,1,105,0.00,105.00,QR PromptPay,4
T003765,2026-04-13 12:28,B05,,,In-store,Coffee,2,90,0.00,180.00,Cash,
T003766,2026-04-13 12:42,B05,,,In-store,Tea,1,70,0.00,70.00,Credit Card,
T003767,13/04/2026 12:43,B04,M0192,Bronze,App,Tea,3,65,0.00,195.00,App Wallet,1
T003768,2026-04-13 12:54,B01,M0208,bronze,In-store,Coffee,2,95,0.00,190.00,QR PromptPay,
T003769,2026-04-13 13:24,B01,,,In-store,Merchandise,1,735,0.00,735.00,Credit Card,
T003770,2026-04-13 14:19,B06,M9035,Bronze,In-store,Bakery,1,110,0.00,110.00,QR PromptPay,
T003771,2026-04-13 14:36,B07,,,App,Bakery,1,90,0.00,90.00,Credit Card,
T003772,2026-04-13 14:39,B05,,,App,Bakery,1,85,0.00,85.00,App Wallet,
T003773,2026-04-13 14:40,B05,,,In-store,Coffee,2,60,0.00,120.00,Credit Card,
T003774,2026-04-13 16:40,B05,,,In-store,Merchandise,4,450,0.00,1800.00,Credit Card,3
T003775,2026-04-13 16:47,B06,M0089,Platinum,In-store,Coffee,4,55,0.00,220.00,QR PromptPay,
T003776,2026-04-13 17:16,B01,M0151,Platinum,App,Bakery,1,65,0.00,65.00,App Wallet,
T003777,2026-04-13 18:22,B08,M0109,Platinum,In-store,Coffee,3,95,14.25,270.75,Cash,3
T003778,2026-04-14 08:21, B02,M0101,Platinum,App,Coffee,4,105,84.00,336.00,Credit Card,
T003779,2026-04-14 08:47,B06,M0222,Silver,In-store,Tea,3,75,0.00,225.00,QR PromptPay,
T003780,2026-04-14 08:57,B07,M0209,Bronze,Delivery,Tea,1,60,0.00,60.00,Credit Card,5
T003781,2026-04-14 09:30,B07,M0022,Bronze,Delivery,Tea,2,55,0.00,110.00,Credit Card,
T003782,2026-04-14 12:26,B03,M0266,Gold,In-store,Coffee,3,110,0.00,330.00,QR PromptPay,
T003783,2026-04-14 12:26,B07,,,In-store,Coffee,1,120,0.00,120.00,Cash,3
T003784,2026-04-14 12:31,B07,,,In-store,Bakery,4,100,0.00,400.00,Credit Card,
T003785,2026-04-14 12:38,B06,,,In-store,Coffee,1,105,0.00,105.00,Credit Card,5
T003786,2026-04-14 13:18,B03,M0129,SILVER,In-store,Bakery,1,95,0.00,95.00,Cash,
T003787,2026-04-14 13:33,B02,,,Delivery,Coffee,2,120,0.00,240.00,QR PromptPay,
T003788,14/04/2026 14:15,b04,M0051,Bronze,In-store,Bakery,1,100,15.00,85.00,QR PromptPay,
T003789,2026-04-14 16:03,B07,M0185,Bronze,In-store,Merchandise,1,870,0.00,870.00,QR PromptPay,5
T003790,2026-04-14 16:23,B01,M0261,Silver,Delivery,Bakery,2,80,0.00,160.00,Cash,
T003791,2026-04-14 17:19,B02,M0205,Platinum,app,Bakery,2,80,0.00,160.00,App Wallet,
T003792,2026-04-14 18:33,B07,M0185,Bronze,Delivery,Coffee,3,95,0.00,285.00,QR PromptPay,
T003793,2026-04-14 18:46,B01,M0268,gold,In-store,Bakery,1,60,0.00,60.00,Cash,3
T003794,2026-04-14 19:26,B01,M0250,Bronze,In-store,Coffee,1,105,0.00,105.00,QR PromptPay,
T003795,2026-04-14 19:57,B07,M0004,Bronze,In-store,Coffee,3,105,0.00,315.00,QR PromptPay,4
T003796,2026-04-14 23:09,B01,,,Delivery,Bakery,1,80,0.00,80.00,Credit Card,
T003797,2026-04-15 07:34,B01,,,Delivery,Coffee,4,55,0.00,220.00,QR PromptPay,
T003798,2026-04-15 07:38,B08,M0126,BRONZE,In-store,Coffee,2,75,0.00,150.00,Cash,5
T003799,15/04/2026 08:05,B04,M0242,Silver,delivery,Tea,1,70,0.00,70.00,Cash,
T003800,2026-04-15 08:12,B01,M0151,Platinum,App,Coffee,2,110,44.00,176.00,Credit Card,5
T003801,2026-04-15 08:20,B08,,,In-store,Coffee,2,120,0.00,240.00,Cash,
T003802,2026-04-15 08:45,B05,M0164,Silver,In-store,Bakery,1,65,6.50,58.50,Credit Card,
T003803,2026-04-15 09:29,B07,M9035,Gold,In-store,Bakery,3,110,0.00,330.00,Cash,
T003804,2026-04-15 11:54,B05,M0266,Gold,In-store,Merchandise,1,440,0.00,440.00,Cash,
T003805,2026-04-15 12:07,B07,,,In-store,Coffee,3,115,0.00,345.00,Credit Card,5
T003806,2026-04-15 12:34,B01,,,In-store,Merchandise,1,535,0.00,535.00,QR PromptPay,
T003807,15/04/2026 12:42,B04,M0039,Silver,In-store,Coffee,2,75,0.00,150.00,Cash,
T003808,2026-04-15 12:55,B02,M0151,Platinum,In-store,Coffee,2,85,0.00,170.00,Credit Card,4
T003809,2026-04-15 13:52,B05,M0130,Gold,App,Coffee,4,100,0.00,400.00,Credit Card,3
T003810,2026-04-15 14:23,B08,M0109,Plat.,App,Coffee,1,75,0.00,75.00,App Wallet,
T003811,15/04/2026 14:41,B04,,,Delivery,Coffee,1,100,0.00,100.00,Credit Card,
T003812,2026-04-15 15:17,B06,M0268,Gold,Delivery,Coffee,4,70,0.00,280.00,Credit Card,
T003813,2026-04-15 16:37,B06,M9043,Platinum,In-store,Coffee,2,115,0.00,230.00,Cash,
T003814,2026-04-15 16:42,B06,M0089,Platinum,In-store,Coffee,1,95,0.00,95.00,Cash,4
T003815,2026-04-15 17:19,B3,M0273,Bronze,In-store,Bakery,1,100,0.00,100.00,Credit Card,
T003816,2026-04-15 17:42,B06,M0105,Silver,App,Tea,3,90,0.00,270.00,App Wallet,
T003817,2026-04-15 17:54,B05,M9468,Platinum,Delivery,Coffee,1,105,15.75,89.25,Credit Card,3
T003818,2026-04-15 18:00,B05,M0080,Bronze,In-store,Coffee,2,90,0.00,180.00,Cash,
T003819,2026-04-15 18:17,B03,M0108,silver,In-store,Coffee,2,100,0.00,200.00,Credit Card,4
T003816,2026-04-15 18:57,b06,M0105,Silver,App,Tea,-3,90,-0.00,-270.00,App Wallet,
T003820,2026-04-16 07:13,B06,,,In-store,Coffee,1,80,0.00,80.00,Credit Card,
T003821,2026-04-16 07:25,B06,M0222,Silver,In-store,Coffee,1,100,0.00,100.00,Credit Card,5
T003822,2026-04-16 08:19,B01,M0151,Platinum,App,Merchandise,2,310,0.00,620.00,App Wallet,4
T003823,2026-04-16 08:30,B07,M0219,Bronze,In-store,Coffee,1,65,0.00,65.00,Cash,
T003824,2026-04-16 09:07,B05,,,App,Bakery,3,65,0.00,195.00,Credit Card,4
T003825,2026-04-16 09:18,B01,M0269,Platinum,In-store,Bakery,2,80,0.00,160.00,Cash,
T003826,2026-04-16 09:37,B06,M0041,Platinum,In-store,Coffee,1,85,0.00,85.00,Credit Card,3
T003827,2026-04-16 09:40,B01,M0188,Bronze,In-store,Bakery,4,80,0.00,320.00,Cash,
T003828,2026-04-16 10:09,B07,,,In-store,Bakery,1,105,0.00,105.00,QR PromptPay,4
T003829,2026-04-16 10:35,B02,,,App,Merchandise,2,270,0.00,540.00,App Wallet,
T003830,2026-04-16 11:39,B03,M0222,Silver,In-store,Coffee,2,115,0.00,230.00,QR PromptPay,
T003831,2026-04-16 11:42,B06,M0065,Platinum,In-store,Bakery,2,100,0.00,200.00,QR PromptPay,
T003832,2026-04-16 12:37,B06,M0268,Gold,In-store,Tea,3,95,28.50,256.50,Cash,
T003833,2026-04-16 12:45,B03,M0074,Silver,App,Coffee,1,80,0.00,80.00,Credit Card,
T003834,2026-04-16 13:31,B06,M0020,Bronze,In-store,Tea,1,80,0.00,80.00,QR PromptPay,
T003835,2026-04-16 13:54,B05,M0105,Silver,In-store,Coffee,1,95,9.50,85.50,Cash,4
T003836,2026-04-16 13:58,B01,,,In-store,Coffee,1,80,0.00,80.00,Cash,
T003837,2026-04-16 14:34,B06,M9458,Silver,In-store,Bakery,1,70,0.00,70.00,QR PromptPay,3
T003838,2026-04-16 14:34,B07,M0039,Silver,App,Bakery,1,100,15.00,85.00,App Wallet,4
T003839,2026-04-16 15:15,b01,M0151,Platinum,Mobile App,Bakery,3,65,19.50,175.50,Credit Card,
T003840,16/04/2026 17:14,B04,M0264,Silver,In-store,Tea,1,60,0.00,60.00,Credit Card,3
T003841,2026-04-16 19:32,B05,M0029,Silver,Delivery,Tea,1,75,15.00,60.00,Cash,
T003842,2026-04-16 19:47,B06,M0038,Silver,In-store,Tea,1,75,0.00,75.00,Credit Card,5
T003843,2026-04-17 07:35,B08,,,In-store,Bakery,4,65,0.00,260.00,QR PromptPay,
T003844,2026-04-17 08:34,B06,,,App,Tea,2,60,0.00,120.00,Credit Card,4
T003845,2026-04-17 08:45,B03,,,In-store,Coffee,3,65,0.00,195.00,Cash,3
T003846,2026-04-17 08:54,B03,M0108,Silver,App,Tea,4,70,0.00,280.00,Credit Card,5
T003847,2026-04-17 09:04,B07,M0229,Bronze,In-store,Bakery,4,55,0.00,220.00,Cash,5
T003848,2026-04-17 09:52,B02,M0126,Bronze,In-store,Coffee,1,70,0.00,70.00,Credit Card,
T003849,2026-04-17 11:17,B05,M0164,Slvr,In-store,Coffee,1,95,4.75,90.25,QR PromptPay,4
T003850,2026-04-17 11:24,B02,M0020,Bronze,In-store,Coffee,1,70,0.00,70.00,QR PromptPay,5
T003851,2026-04-17 11:56,B07,M0209,Bronze,App,Coffee,3,85,0.00,255.00,Credit Card,
T003852,2026-04-17 12:46,B06,M0089,Platinum,App,Tea,3,65,29.25,165.75,Credit Card,
T003852,2026-04-17 13:01,B06,M0089,Platinum,App,Tea,-3,65,-29.25,-165.75,Credit Card,
T003853,2026-04-17 13:26,B02,M0244,Silver,In-store,Tea,1,65,0.00,65.00,Cash,3
T003854,17/04/2026 14:06,B04,M0039,Silver,App,Coffee,1,75,3.75,71.25,App Wallet,5
T003855,2026-04-17 14:56,B03,M0108,SILVER,App,Coffee,1,70,0.00,70.00,Credit Card,
T003856,2026-04-17 16:17,B08,,,In-store,Coffee,2,110,0.00,220.00,Credit Card,
T003857,2026-04-17 16:28,B03,M0239,Gold,App,Coffee,2,80,0.00,160.00,Credit Card,
T003858,2026-04-17 17:59,B07,M0004,Bronze,In-store,Tea,2,85,0.00,170.00,Cash,4
T003859,2026-04-17 18:07,B07,M0160,Bronze,In-store,Bakery,2,60,0.00,120.00,Credit Card,
T003860,2026-04-17 18:34,B07,M0118,Bronze,In-store,Tea,1,95,9.50,85.50,QR PromptPay,
T003861,17/04/2026 19:07,B04,M0059,Bronze,Delivery,Coffee,1,75,0.00,75.00,Credit Card,
T003862,2026-04-18 09:23,B08,M0065,Platinum,In-store,Tea,1,95,0.00,95.00,Cash,
T003863,2026-04-18 10:45,B05,M0231,Platinum,App,Merchandise,2,830,83.00,1577.00,Credit Card,
T003864,2026-04-18 11:31,B05,M0016,Gold,In-store,Coffee,1,95,19.00,76.00,QR PromptPay,
T003865,18/04/2026 11:32,B04,,,App,Coffee,1,75,0.00,75.00,Credit Card,
T003866,2026-04-18 11:36,B03,M0068,Gold,App,Bakery,3,50,7.50,142.50,Credit Card,
T003867,2026-04-18 11:59,B05,M0110,Gold,App,Coffee,1,65,13.00,52.00,Credit Card,
T003868,2026-04-18 12:04,B06,M0016,Gold,In-store,Tea,2,70,0.00,140.00,Credit Card,
T003869,2026-04-18 12:49,B08,M0075,Bronze,In-store,Bakery,1,105,0.00,105.00,Credit Card,
T003870,2026-04-18 13:00,B02,,,In-store,Coffee,4,60,0.00,240.00,Credit Card,
T003871,2026-04-18 13:04,B02,M0110,Gold,In-store,Coffee,1,80,0.00,80.00,Cash,
T003872,2026-04-18 13:21,B03,M0097,Bronze,Delivery,Bakery,2,45,0.00,90.00,Credit Card,
T003873,2026-04-18 13:56,B06,M0262,Silver,App,Bakery,1,110,0.00,110.00,App Wallet,
T003874,2026-04-18 14:05,B08,M0111,Bronze,In-store,Coffee,2,70,0.00,140.00,Cash,4
T003875,2026-04-18 15:44,B08,,,In-store,Coffee,2,60,0.00,120.00,QR PromptPay,
T003876,18/04/2026 15:53,B04,M0021,Gold,In-store,Coffee,3,85,0.00,255.00,Cash,
T003877,2026-04-18 16:33,B03,,,In-store,Bakery,1,105,0.00,105.00,QR PromptPay,
T003878,2026-04-18 17:16, B01,M0192,Bronze,In-store,Tea,1,95,0.00,95.00,Credit Card,
T003879,2026-04-18 18:06,B08,M0109,Platinum,In-store,Coffee,4,90,54.00,306.00,Cash,
T003880,2026-04-18 18:09,B03,M0140,Silver,Delivery,Coffee,1,55,0.00,55.00,QR PromptPay,
T003881,2026-04-18 18:23,B06,M0089,Platinum,In-store,Coffee,1,75,0.00,75.00,Cash,
T003882,2026-04-18 19:01,B08,M0039,Slvr,In-store,Coffee,1,55,0.00,55.00,Cash,
T003883,2026-04-19 07:40,B03,M0250,Bronze,In-store,Bakery,2,55,0.00,110.00,Cash,
T003884,2026-04-19 08:45,B06,M0020,Bronze,In-store,Bakery,3,75,0.00,225.00,Credit Card,4
T003885,2026-04-19 08:57,B02,M0007,Gold,In-store,Coffee,1,120,0.00,120.00,Credit Card,5
T003886,2026-04-19 09:32,B01,M0192,Bronze,In-store,Bakery,1,85,0.00,85.00,Credit Card,
T003887,2026-04-19 11:41,B01,M0097,Bronze,In-store,Bakery,2,85,0.00,170.00,QR PromptPay,
T003888,2026-04-19 11:46,B07,M0260,Bronze,In-store,Coffee,2,105,0.00,210.00,QR PromptPay,2
T003889,2026-04-19 11:48,B06,M9468,Bronze,In-store,Coffee,2,75,0.00,150.00,Cash,
T003890,19/04/2026 12:34,B04,,,App,Bakery,3,105,0.00,315.00,App Wallet,4
T003891,2026-04-19 13:10,B07,M0272,Silver,App,Merchandise,1,645,0.00,645.00,Credit Card,3
T003892,2026-04-19 13:21,B03,M0153,Silver,In-store,Coffee,1,115,0.00,115.00,Cash,
T003893,2026-04-19 14:32,B08,M0051,Bronze,In-store,Coffee,2,115,0.00,230.00,Cash,
T003894,2026-04-19 15:08,B07,M0095,Bronze,In-store,Bakery,2,60,0.00,120.00,QR PromptPay,4
T003895,2026-04-19 15:11,B08,M0109,Platinum,In-store,Tea,1,85,8.50,76.50,Cash,
T003896,2026-04-19 15:15,B08,M0079,Bronze,In-store,Merchandise,3,290,0.00,870.00,Credit Card,
T003897,2026-04-19 16:19,B05,M0192,Bronze,App,Coffee,3,60,18.00,162.00,Credit Card,4
T003898,2026-04-19 16:57,B06,M0191,Bronze,Delivery,Tea,1,50,0.00,50.00,QR PromptPay,
T003899,2026-04-19 17:24,B06,M0208,Bronze,In-store,Bakery,2,85,0.00,170.00,Cash,
T003900,2026-04-19 19:11,B03,M0209,Bronze,In-store,Bakery,2,105,0.00,210.00,QR PromptPay,5
T003901,19/04/2026 19:51,B04,M0039,Silver,App,Tea,3,60,0.00,180.00,App Wallet,
T003902,2026-04-20 07:30,B08,M0215,Silver,In store,Coffee,1,100,20.00,80.00,Cash,5
T003903,2026-04-20 08:14,B06,M0029,Silver,In-store,Coffee,2,60,0.00,120.00,QR PromptPay,
T003904,2026-04-20 08:22,B02,,,App,Coffee,2,105,0.00,210.00,App Wallet,
T003905,2026-04-20 08:36,B01,,,APP,Coffee,2,100,0.00,200.00,App Wallet,3
T003906,2026-04-20 08:43,B02,M0037,Platinum,In-store,Bakery,1,105,5.25,99.75,Credit Card,
T003907,2026-04-20 10:02,B02,,,In-store,Bakery,1,105,0.00,105.00,Cash,
T003908,2026-04-20 10:15,B02,M0068,Gold,Delivery,Merchandise,3,870,130.50,2479.50,QR PromptPay,
T003909,2026-04-20 13:28,B01,M0189,Gold,In-store,Bakery,1,100,0.00,100.00,QR PromptPay,
T003910,2026-04-20 13:30,B06,,,In-store,Coffee,2,85,0.00,170.00,Cash,4
T003911,2026-04-20 14:33,B03,,,App,Coffee,1,85,0.00,85.00,Credit Card,
T003912,2026-04-20 16:06,B02,,,App,Coffee,4,75,0.00,300.00,App Wallet,
T003913,2026-04-20 18:05,B08,M0004,Bronze,In-store,Coffee,1,75,0.00,75.00,QR PromptPay,3
T003914,20/04/2026 18:35,B04,M0037,Platinum,App,Coffee,1,100,0.00,100.00,App Wallet,
T003915,2026-04-20 21:25,B01,,,Delivery,Tea,1,85,0.00,85.00,Credit Card,3
T003916,2026-04-21 07:39,B08,,,In-store,Bakery,1,45,0.00,45.00,Cash,
T003917,2026-04-21 08:10,B01,,,In-store,Tea,2,80,0.00,160.00,Cash,
T003918,2026-04-21 08:35,B05,M0199,Bronze,In-store,Bakery,4,65,0.00,260.00,Cash,
T003919,2026-04-21 08:47,B05,,,App,Coffee,3,80,0.00,240.00,Credit Card,4
T003920,2026-04-21 08:47,B08,,,In-store,Merchandise,1,755,0.00,755.00,Cash,3
T003921,2026-04-21 09:45,B02,M0101,Platinum,In-store,Bakery,4,85,68.00,272.00,Credit Card,
T003922,2026-04-21 12:41,B05,M0231,Platinum,In-store,Coffee,1,105,0.00,105.00,Cash,
T003923,2026-04-21 12:53,B02,,,App,Coffee,1,85,0.00,85.00,Credit Card,5
T003924,2026-04-21 13:28,B03,M0064,Bronze,In-store,Coffee,2,90,36.00,144.00,Credit Card,
T003925,2026-04-21 13:32,B06,M0089,Platinum,In-store,Bakery,1,80,0.00,80.00,Cash,
T003926,2026-04-21 13:59,B06,,,In-store,Coffee,2,85,0.00,170.00,Cash,
T003927,2026-04-21 14:13,B07,M0004,Bronze,In-store,Tea,1,65,0.00,65.00,Credit Card,
T003928,2026-04-21 14:14,B05,,,Delivery,Bakery,1,55,0.00,55.00,Credit Card,
T003929,2026-04-21 14:51,B03,M0078,Silver,In-store,Bakery,2,60,6.00,114.00,QR PromptPay,
T003930,2026-04-21 16:37,B05,M0202,Bronze,In-store,Coffee,1,65,6.50,58.50,Cash,5
T003931,2026-04-21 16:41,B03,M0146,Bronze,In-store,Coffee,2,120,0.00,240.00,Credit Card,
T003932,2026-04-21 17:05,B01,,,In-store,Merchandise,3,620,0.00,1860.00,Cash,
T003933,2026-04-21 18:55,B02,,,In-store,Tea,1,65,0.00,65.00,QR PromptPay,3
T003934,2026-04-21 19:02,B08,M0065,Platinum,Delivery,Merchandise,2,875,0.00,1750.00,Credit Card,
T003935,2026-04-21 19:13,B07,M0260,Bronze,In-store,Coffee,2,70,0.00,140.00,Cash,
T003936,2026-04-21 19:34,B06,,,In-store,Coffee,4,60,0.00,280.00,QR PromptPay,
T003937,2026-04-21 23:16,B01,,,delivery,Bakery,4,105,0.00,420.00,QR PromptPay,
T003938,2026-04-22 08:29,B07,M0095,Bronze,App,Coffee,1,90,4.50,85.50,Credit Card,
T003939,2026-04-22 08:30,B06,,,Delivery,Coffee,3,75,0.00,225.00,QR PromptPay,4
T003940,2026-04-22 10:05,B03,M0114,Silver,In-store,Coffee,2,55,0.00,110.00,QR PromptPay,
T003941,2026-04-22 10:15,B01,M0089,platinum,Delivery,Coffee,1,85,4.25,80.75,Cash,
T003942,2026-04-22 11:33,B03,M0093,Silver,App,Tea,1,60,0.00,60.00,Credit Card,2
T003943,2026-04-22 12:33,B08,,,In-store,Coffee,1,105,0.00,105.00,Cash,4
T003944,2026-04-22 12:50,B05,M0202,Bronze,App,Tea,1,90,18.00,72.00,App Wallet,
T003945,2026-04-22 12:58,B06,M0009,Gold,In-store,Coffee,4,120,0.00,480.00,QR PromptPay,
T003946,2026-04-22 13:15,B07,M0042,Bronze,In-store,Bakery,4,75,45.00,255.00,QR PromptPay,
T003947,2026-04-22 13:18,B03,,,In-store,Coffee,4,55,0.00,220.00,QR PromptPay,4
T003948,22/04/2026 14:19,B04,,,In-store,Merchandise,4,475,0.00,1900.00,Credit Card,
T003949,2026-04-22 14:54,B07,,,App,Coffee,2,110,0.00,220.00,Credit Card,5
T003950,22/04/2026 16:03,B04,,,Delivery,Coffee,4,105,0.00,420.00,Cash,5
T003951,2026-04-22 16:32,B06,M0089,Platinum,App,Coffee,3,115,0.00,345.00,Credit Card,
T003952,2026-04-22 17:09,B02,M0121,Gold,App,Coffee,2,60,0.00,120.00,Credit Card,
T003953,2026-04-22 17:49,B01,M0172,Bronze,In-store,Coffee,2,55,0.00,110.00,Cash,
T003954,2026-04-22 22:55,B01,,,Delivery,Coffee,2,60,0.00,120.00,Credit Card,
T003955,2026-04-23 07:50,B05,,,Delivery,Coffee,1,70,0.00,70.00,QR PromptPay,
T003956,2026-04-23 08:04,b07,M0266,Gold,App,Coffee,4,70,0.00,280.00,Credit Card,3
T003957,2026-04-23 08:23,B06,M0136,Silver,In-store,Coffee,1,120,0.00,120.00,Credit Card,4
T003958,2026-04-23 08:31,B02,M0139,Bronze,In-store,Merchandise,1,805,0.00,805.00,Cash,
T003959,2026-04-23 08:32,B02,M0170,Gold,App,Coffee,1,80,0.00,80.00,Credit Card,2
T003960,2026-04-23 12:02,B05,M0244,Silver,In-store,Coffee,1,100,0.00,100.00,Credit Card,4
T003961,2026-04-23 12:10,B07,M0054,Bronze,In-store,Coffee,4,60,0.00,240.00,Cash,3
T003962,2026-04-23 12:35,B08,M0097,Bronze,App,Bakery,1,105,0.00,105.00,App Wallet,5
T003963,2026-04-23 13:09,B05,,,In-store,Coffee,3,90,0.00,270.00,Credit Card,
T003964,2026-04-23 15:19,B01,,,App,Coffee,4,55,0.00,220.00,App Wallet,5
T003965,2026-04-23 15:43,B05,M0217,Bronze,In-store,Bakery,1,฿45.00,0.00,45.00,QR PromptPay,
T003966,2026-04-23 16:07,B01,M0172,Bronze,In-store,Coffee,4,70,0.00,280.00,QR PromptPay,
T003967,2026-04-23 16:27,B07,,,In-store,Coffee,1,105,0.00,105.00,QR PromptPay,3
T003968,2026-04-23 16:32,B01,M0151,Platinum,In-store,Bakery,1,80,0.00,80.00,QR PromptPay,
T003969,23/04/2026 16:46,B04,M0242,Silver,In-store,Merchandise,1,615,0.00,615.00,QR PromptPay,
T003969,23/04/2026 17:04,B04,M0242,SILVER,In-store,Merchandise,-1,615,-0.00,-615.00,QR PromptPay,
T003966,2026-04-23 17:26,B01,M0172,BRONZE,In-store,Coffee,-4,70,-0.00,-280.00,QR PromptPay,
T003970,2026-04-23 17:38,B06,M0222,Silver,In-store,Coffee,2,75,0.00,150.00,QR PromptPay,3
T003971,2026-04-23 17:47,B03,M0129,silver,In-store,Coffee,1,70,0.00,70.00,Cash,
T003972,2026-04-23 17:47,B07,,,app,Coffee,1,85,0.00,85.00,Credit Card,
T003973,2026-04-23 18:27,B03,M0053,Platinum,In-store,Merchandise,3,785,0.00,2355.00,QR PromptPay,
T003974,2026-04-23 18:42,B08,M0028,Bronze,In-store,Coffee,1,85,0.00,85.00,Cash,3
T003975,2026-04-23 19:24,B08,M0213,Silver,In-store,Tea,3,85,51.00,204.00,QR PromptPay,2
T003976,2026-04-24 00:06,B01,,,Delivery,Coffee,2,100,0.00,200.00,Credit Card,
T003977,2026-04-24 08:07,B03,,,In-store,Merchandise,3,590,0.00,1770.00,Credit Card,5
T003978,2026-04-24 08:13,B01,M0135,Gold,In-store,Coffee,2,70,0.00,140.00,QR PromptPay,
T003979,2026-04-24 08:31,B08,M0065,Platinum,App,Coffee,1,70,14.00,56.00,Credit Card,
T003980,2026-04-24 10:16,B03,M0054,Bronze,In-store,Bakery,1,110,5.50,104.50,QR PromptPay,
T003981,2026-04-24 10:28,B03,M0225,Bronze,App,Bakery,1,90,0.00,90.00,App Wallet,
T003982,2026-04-24 12:12,B03,M0225,Bronze,In-store,Coffee,3,85,0.00,255.00,QR PromptPay,4
T003983,2026-04-24 12:59,B01,M0188,Bronze,In-store,Coffee,1,80,0.00,80.00,Credit Card,5
T003984,2026-04-24 13:09,B06,,,App,Coffee,1,90,0.00,90.00,App Wallet,5
T003985,2026-04-24 13:17,B05,,,App,Tea,2,50,0.00,100.00,App Wallet,5
T003986,2026-04-24 14:27,B06,M0132,Silver,App,Tea,1,60,0.00,60.00,App Wallet,4
T003987,2026-04-24 15:09,B02,M0170,Gold,Delivery,Coffee,1,80,0.00,80.00,Cash,
T003988,2026-04-24 16:03,B02,,,In-store,Coffee,2,90,0.00,180.00,Credit Card,4
T003989,2026-04-24 16:25,B06,,,App,Tea,1,95,0.00,95.00,Credit Card,3
T003990,2026-04-24 16:53,B01,M0135,Gold,In-store,Bakery,4,75,60.00,240.00,Credit Card,
T003991,2026-04-24 17:40,B08,M0109,Platinum,In-store,Coffee,4,65,26.00,234.00,Credit Card,
T003990,2026-04-24 18:17,B01,M0135,Gold,In-store,Bakery,-4,75,-60.00,-240.00,Credit Card,
T003992,2026-04-24 18:22,B08,M0104,Gold,In-store,Coffee,2,90,9.00,171.00,QR PromptPay,
T003993,2026-04-24 18:30,B07,M0095,Bronze,In-store,Coffee,2,110,0.00,220.00,Cash,
T003994,2026-04-24 18:30,B01,,,App,Coffee,4,115,0.00,460.00,App Wallet,
T003995,2026-04-24 19:25,B07,M0188,Bronze,In-store,Coffee,1,100,5.00,95.00,QR PromptPay,
T003996,2026-04-25 07:11,B03,,,In-store,Merchandise,1,805,0.00,805.00,Cash,
T003997,25/04/2026 08:14,B04,,,In-store,Coffee,1,105,0.00,105.00,QR PromptPay,1
T003998,2026-04-25 08:35,B01,,,App,Coffee,1,80,0.00,80.00,App Wallet,
T003999,2026-04-25 09:19,B07,M0115,Bronze,In-store,Coffee,2,65,26.00,104.00,Credit Card,
T004000,2026-04-25 12:26,B03,M0064,Bronze,App,Tea,1,60,0.00,60.00,App Wallet,5
T004001,2026-04-25 12:53,B08,M0126,Bronze,App,Coffee,1,110,0.00,110.00,Credit Card,
T004002,2026-04-25 13:34,B02,M0068,Gold,Delivery,Bakery,1,75,7.50,67.50,Cash,
T004003,2026-04-25 13:40,B07,M0232,Silver,App,Coffee,1,100,0.00,100.00,Credit Card,
T004004,2026-04-25 14:04,B01,M0097,Bronze,Delivery,Bakery,1,85,0.00,85.00,QR PromptPay,4
T004002,2026-04-25 14:15,B02,M0068,Gold,Delivery,Bakery,-1,75,-7.50,-67.50,Cash,
T004005,2026-04-25 16:07,B03,M0074,Silver,App,Bakery,1,75,0.00,75.00,Credit Card,
T004006,2026-04-25 16:23,B06,M0198,Bronze,In-store,Coffee,1,70,3.50,66.50,QR PromptPay,
T004007,2026-04-25 16:25,B07,M0063,Gold,In-store,Tea,4,55,11.00,209.00,Credit Card,
T004008,2026-04-25 17:55,B02,M0068,Gold,App,Coffee,2,110,11.00,209.00,Credit Card,
T004009,2026-04-25 19:12,B07,M0160,Bronze,In-store,Coffee,1,120,18.00,102.00,Credit Card,5
T004010,2026-04-25 19:26,B06,M0262,Silver,In-store,Bakery,4,45,0.00,180.00,Credit Card,
T004011,2026-04-25 19:40,B08,M0092,Bronze,in-store,Bakery,1,80,0.00,80.00,QR PromptPay,4
T004012,2026-04-26 07:16, B05,M0164,Silver,App,Bakery,1,100,0.00,100.00,Credit Card,
T004013,2026-04-26 07:16,B02,M0068,Gold,Delivery,Tea,1,95,0.00,95.00,QR PromptPay,
T004014,2026-04-26 09:10,B08,,,In-store,Merchandise,2,390,0.00,780.00,Cash,4
T004015,2026-04-26 09:13,B05,,,In-store,Coffee,2,75,0.00,150.00,Credit Card,4
T004016,2026-04-26 09:17,B01,M0151,Platinum,In-store,Coffee,2,55,0.00,110.00,Cash,
T004017,2026-04-26 09:36,B08,M0168,Platinum,App,Coffee,2,65,26.00,104.00,App Wallet,
T004018,26/04/2026 09:42,B04,,,App,Tea,1,70,0.00,70.00,Credit Card,
T004019,2026-04-26 10:46,B03,M0108,Silver,In-store,Coffee,3,100,15.00,285.00,Cash,5
T004020,2026-04-26 11:08,B08,,,Delivery,Coffee,4,120,0.00,480.00,QR PromptPay,
T004021,2026-04-26 11:33,B06,M0217,Bronze,App,Coffee,2,95,0.00,190.00,App Wallet,
T004022,2026-04-26 12:09,B08,M0188,Bronze,In-store,Coffee,1,120,0.00,120.00,QR PromptPay,
T004023,2026-04-26 12:13,B08,M0198,Bronze,Delivery,Coffee,2,115,0.00,230.00,Credit Card,4
T004024,2026-04-26 12:29,B03,M0133,Silver,Delivery,Bakery,2,85,0.00,170.00,Cash,
T004025,2026-04-26 12:56,B05,M0164,Silver,Delivery,Tea,2,50,10.00,90.00,Cash,
T004025,2026-04-26 12:56,B05,M0164,Silver,Delivery,Tea,2,50,10.00,90.00,Cash,
T004026,2026-04-26 13:12,B02,,,In-store,Tea,1,90,0.00,90.00,Cash,
T004027,2026-04-26 16:21,B03,,,In-store,Coffee,4,55,0.00,220.00,QR PromptPay,
T004028,26/04/2026 16:30,B04,M0213,Silver,In-store,Tea,1,85,0.00,85.00,QR PromptPay,
T004029,26/04/2026 18:41,B04,M0062,Gold,In-store,Bakery,4,100,0.00,400.00,Credit Card,
T004030,2026-04-27 08:22,B08,M0119,Silver,App,Tea,2,90,27.00,153.00,App Wallet,
T004031,2026-04-27 08:53,B07,M0236,Bronze,In-store,Tea,2,55,11.00,99.00,Credit Card,
T004032,2026-04-27 09:14,B02,M9700,Gold,App,Coffee,2,110,22.00,198.00,App Wallet,5
T004033,2026-04-27 09:23,B03,M0114,Silver,In-store,Bakery,4,55,0.00,220.00,Credit Card,5
T004034,2026-04-27 11:32,B07,,,In-store,Coffee,1,110,0.00,110.00,QR PromptPay,
T004035,2026-04-27 11:36,B08,,,Delivery,Bakery,2,85,0.00,170.00,Cash,
T004036,2026-04-27 13:26,B05,M0266,Gold,In-store,Tea,2,65,0.00,130.00,QR PromptPay,
T004037,2026-04-27 14:01,B01,M0151,Plat.,App,Coffee,2,90,0.00,180.00,Credit Card,3
T004038,2026-04-27 15:22,B07,M0209,Bronze,App,Coffee,1,110,0.00,110.00,App Wallet,
T004039,2026-04-27 15:23,B02,M9268,GOLD,Delivery,Coffee,2,65,0.00,130.00,Cash,
T004040,2026-04-27 15:43,B07,M0097,Brz,In-store,Bakery,1,95,0.00,95.00,QR PromptPay,4
T004041,2026-04-27 16:28,B01,M0062,Gold,In-store,Tea,2,80,0.00,160.00,Cash,
T004042,2026-04-27 16:54,B05,M0109,Platinum,In-store,Tea,2,85,25.50,144.50,Credit Card,
T004043,2026-04-27 16:55,B07,,,Delivery,Tea,1,85,0.00,85.00,Credit Card,
T004044,2026-04-27 19:03,B06,M0222,Silver,In-store,Coffee,2,110,0.00,220.00,Cash,
T004044,2026-04-27 19:03,B06,M0222,Silver,In-store,Coffee,2,110,0.00,220.00,Cash,
T004045,2026-04-27 23:45,B01,,,Delivery,Coffee,1,65,0.00,65.00,QR PromptPay,2
T004046,2026-04-28 07:03,B08,M0255,Bronze,In-store,Coffee,2,110,0.00,220.00,Credit Card,
T004047,2026-04-28 07:36,B01,,,Delivery,Bakery,1,65,0.00,65.00,Credit Card,
T004048,2026-04-28 07:40,B07,,,Delivery,Coffee,4,90,0.00,360.00,QR PromptPay,
T004049,2026-04-28 07:50,B01,M0062,Gold,In-store,Coffee,2,70,21.00,119.00,Cash,
T004050,2026-04-28 08:08,B03,,,In store,Coffee,1,55,0.00,55.00,QR PromptPay,
T004051,2026-04-28 08:13,B03,M0064,Bronze,In-store,Coffee,1,60,0.00,60.00,QR PromptPay,
T004052,2026-04-28 08:43,B01,M0135,Gold,In-store,Bakery,1,100,10.00,90.00,QR PromptPay,
T004053,2026-04-28 08:58,B01,M0171,Gold,In-store,Merchandise,1,690,0.00,690.00,Credit Card,
T004054,2026-04-28 09:08,B02,,,In-store,Tea,1,90,0.00,90.00,Cash,
T004055,2026-04-28 10:04,B02,,,App,Tea,1,70,0.00,70.00,App Wallet,
T004056,2026-04-28 10:14,B06,M0028,Brz,In-store,Coffee,1,85,0.00,55.00,QR PromptPay,
T004057,2026-04-28 10:19,B07,,,In-store,Coffee,2,120,0.00,240.00,Cash,
T004058,2026-04-28 10:27,B05,M0176,Silver,In-store,Coffee,1,80,0.00,80.00,Cash,
T004059,2026-04-28 10:48,B02,M0018,Bronze,In-store,Coffee,4,70,0.00,280.00,Credit Card,
T004060,2026-04-28 11:10,B08,M0277,Bronze,App,Coffee,2,105,0.00,210.00,Credit Card,
T004061,2026-04-28 11:36,B07,,,In-store,Coffee,1,110,0.00,110.00,Cash,
T004062,28/04/2026 11:58,B04,M0137,Platinum,Delivery,Tea,4,65,0.00,260.00,QR PromptPay,4
T004063,2026-04-28 12:34,B01,,,In-store,Coffee,1,115,0.00,115.00,Credit Card,5
T004064,2026-04-28 12:40,B06,,,App,Tea,1,50,0.00,50.00,Credit Card,
T004065,2026-04-28 12:44,B03,M0115,Bronze,In-store,Coffee,1,75,0.00,75.00,QR PromptPay,3
T004066,28/04/2026 13:13,B04,M0264,Silver,In-store,Coffee,4,55,0.00,220.00,Credit Card,
T004067,2026-04-28 14:06,B06,M0223,Bronze,In-store,Coffee,1,90,0.00,90.00,QR PromptPay,
T004068,2026-04-28 14:07,B08,M0065,Platinum,In-store,Tea,1,50,0.00,50.00,Cash,
T004069,2026-04-28 14:29,B01,M0274,Bronze,App,Bakery,1,100,0.00,100.00,Credit Card,4
T004070,28/04/2026 14:50,B04,M0130,Gold,Delivery,Coffee,1,95,4.75,90.25,Cash,1
T004071,2026-04-28 17:27,B08,M0035,Gold,App,Bakery,1,80,0.00,80.00,Credit Card,
T004072,2026-04-28 18:32,B03,M0211,Platinum,App,Coffee,1,100,0.00,100.00,Credit Card,
T004073,2026-04-28 18:36,B06,,,Delivery,Bakery,3,85,0.00,255.00,QR PromptPay,
T004074,2026-04-28 19:43,B07,M0139,Bronze,In-store,Bakery,1,45,0.00,45.00,QR PromptPay,5
T004075,2026-04-29 07:01,B03,M0074,Silver,App,Coffee,4,115,0.00,460.00,App Wallet,
T004076,2026-04-29 07:33,B06,,,app,Tea,2,90,0.00,180.00,App Wallet,
T004077,2026-04-29 08:12,B02,M0121,Gold,In-store,Coffee,3,105,63.00,252.00,Cash,4
T004078,2026-04-29 08:30,B06,M0089,Platinum,In-store,Coffee,4,80,0.00,320.00,QR PromptPay,
T004079,2026-04-29 08:30,B07,M0033,Bronze,App,Coffee,3,115,0.00,345.00,Credit Card,
T004080,2026-04-29 09:02,B03,M0167,Gold,in-store,Merchandise,3,420,0.00,1260.00,Credit Card,
T004081,2026-04-29 10:19,B08,,,App,Coffee,2,75,0.00,150.00,App Wallet,4
T004082,2026-04-29 10:43,B03,M0041,Platinum,Delivery,Coffee,1,75,0.00,75.00,QR PromptPay,
T004083,2026-04-29 11:05,B08,,,App,Coffee,2,75,0.00,150.00,Credit Card,4
T004084,2026-04-29 11:06,B03,M0133,Silver,In-store,Tea,2,85,0.00,170.00,Credit Card,
T004085,2026-04-29 11:44,B07,,,In-store,Merchandise,2,640,0.00,1280.00,Credit Card,4
T004086,2026-04-29 13:02,B06,M0262,Silver,Delivery,Coffee,1,55,0.00,55.00,Credit Card,2
T004087,2026-04-29 13:55,B06,,,In-store,Tea,4,80,0.00,320.00,Cash,4
T004088,2026-04-29 14:27,B01,M0221,Silver,In-store,Coffee,1,90,0.00,140.00,QR PromptPay,
T004089,2026-04-29 15:25,B05,M0266,Gold,App,Tea,1,65,13.00,52.00,Credit Card,
T004090,29/04/2026 16:02,B04,M0059,Bronze,In-store,Tea,3,60,0.00,180.00,Cash,3
T004091,2026-04-29 16:12,B02,M0065,Platinum,In-store,Merchandise,2,680,204.00,1156.00,Cash,5
T004092,2026-04-29 16:52,B08,M0065,Platinum,In-store,Tea,2,80,24.00,136.00,Cash,
T004093,2026-04-29 17:07,B01,M0011,Bronze,delivery,Merchandise,4,735,0.00,2940.00,Credit Card,
T004094,2026-04-29 18:57,B03,M0053,Platinum,In-store,Tea,1,65,0.00,65.00,Credit Card,
T004095,2026-04-29 19:32,B08,,,App,Coffee,1,60,0.00,60.00,Credit Card,3
T004096,2026-04-30 07:08,B08,,,App,Coffee,2,70,0.00,140.00,Credit Card,4
T004097,2026-04-30 07:11,B08,M0065,Platinum,In-store,Coffee,2,70,7.00,133.00,Cash,
T004098,2026-04-30 08:09,B08,M0262,Silver,In-store,Coffee,2,110,11.00,209.00,Cash,
T004099,2026-04-30 08:48,B06,M0262,silver,In-store,Tea,4,75,60.00,240.00,QR PromptPay,
T004100,2026-04-30 09:34,B01,M0208,Bronze,In-store,Coffee,1,80,0.00,80.00,Credit Card,
T004101,2026-04-30 09:36,B07,M0185,Bronze,In-store,Coffee,2,115,0.00,230.00,QR PromptPay,
T004102,2026-04-30 09:56,B03,M0146,Bronze,In-store,Coffee,2,60,0.00,120.00,Credit Card,
T004103,2026-04-30 10:34,B05,M0231,Platinum,Delivery,Bakery,4,85,51.00,289.00,Cash,
T004104,30/04/2026 10:45,B04,,,App,Coffee,1,75,0.00,75.00,Credit Card,5
T004105,2026-04-30 11:30,B03,,,In-store,Bakery,4,50,0.00,200.00,QR PromptPay,
T004106,30/04/2026 11:42,B04,M0249,Bronze,In-store,Tea,1,55,0.00,55.00,QR PromptPay,
T004107,2026-04-30 12:51,B06,M0070,Platinum,In-store,Bakery,3,55,0.00,165.00,Credit Card,
T004108,2026-04-30 13:38,B08,M0183,Silver,Delivery,Bakery,1,60,6.00,54.00,Cash,
T004109,30/04/2026 14:02,B04,,,In-store,Coffee,2,95,0.00,190.00,QR PromptPay,
T004110,2026-04-30 14:34,B02,,,App,Coffee,3,95,0.00,285.00,App Wallet,
T004111,2026-04-30 14:39,B07,M0042,Bronze,In-store,Coffee,2,120,0.00,240.00,QR PromptPay,2
T004112,2026-04-30 15:08,B07,M0219,Bronze,App,Coffee,4,110,0.00,440.00,App Wallet,
T004113,2026-04-30 15:11,B08,M0074,SILVER,In-store,Tea,2,90,0.00,180.00,QR PromptPay,
T004112,2026-04-30 15:22,B07,M0219,Bronze,App,Coffee,-4,110,-0.00,-440.00,App Wallet,
T004114,2026-04-30 16:06,B08,M0035,Gold,In-store,Coffee,1,115,0.00,115.00,QR PromptPay,
T004115,2026-04-30 17:02,B01,,,App,Coffee,4,105,0.00,420.00,App Wallet,5
T004116,01/05/2026 07:33,B04,M0029,Silver,In-store,Coffee,2,80,0.00,160.00,Cash,
T004117,2026-05-01 08:28,B06,M0084,Silver,In-store,Coffee,2,115,0.00,230.00,Cash,
T004118,2026-05-01 08:35,B01,M0171,Gld,App,Merchandise,3,580 THB,0.00,1740.00,App Wallet,
T004119,2026-05-01 08:47,B05,M0080,Bronze,In-store,Coffee,1,95,0.00,95.00,Credit Card,
T004120,2026-05-01 09:10,B06,M0070,Platinum,In-store,Merchandise,1,465,93.00,372.00,Cash,
T004121,2026-05-01 12:03,B08,M9158,Silver,In-store,Coffee,2,100,40.00,160.00,Cash,
T004122,2026-05-01 12:17,B03,,,App,Tea,2,70,0.00,140.00,App Wallet,
T004123,2026-05-01 12:21,B02,,,In-store,Coffee,1,65,0.00,65.00,QR PromptPay,
T004124,2026-05-01 13:05,B02,M0068,Gold,In-store,Tea,2,55,16.50,93.50,Cash,
T004125,2026-05-01 15:01,B06,,,In-store,Merchandise,1,605,0.00,605.00,Credit Card,3
T004126,2026-05-01 16:08,B03,,,In-store,Merchandise,2,705,0.00,1410.00,QR PromptPay,5
T004127,2026-05-01 16:33,B05,M0231,Platinum,In-store,Coffee,2,70,0.00,140.00,Credit Card,3
T004128,2026-05-01 16:47,B02,,,In-store,Coffee,1,100,0.00,100.00,Credit Card,
T004129,01/05/2026 18:43,B04,,,In-store,Coffee,1,70,0.00,70.00,Credit Card,2
T004130,2026-05-01 18:53,B01,M0144,Bronze,In-store,Coffee,2,80,0.00,160.00,QR PromptPay,
T004131,2026-05-02 07:39,B01,M0221,Silver,Delivery,Coffee,1,110,0.00,110.00,Credit Card,
T004132,2026-05-02 08:09,B08,,,In-store,Coffee,4,75,0.00,300.00,Cash,
T004133,2026-05-02 08:38,B06,M0262,Silver,In-store,Coffee,2,75,0.00,150.00,QR PromptPay,
T004134,2026-05-02 08:47,B02,M0121,Gold,In store,Coffee,1,95,0.00,95.00,QR PromptPay,
T004135,2026-05-02 08:53,B08,M0092,Bronze,App,Coffee,4,110,0.00,440.00,Credit Card,
T004136,2026-05-02 10:01,B05,,,Delivery,Bakery,1,105,0.00,105.00,QR PromptPay,3
T004137,2026-05-02 10:10,B07,M0042,Bronze,In-store,Bakery,1,70,0.00,70.00,QR PromptPay,2
T004138,2026-05-02 10:39,B07,M0265,Bronze,App,Tea,3,80,24.00,216.00,App Wallet,5
T004139,02/05/2026 11:09,B04,,,Delivery,Coffee,2,105,0.00,210.00,Cash,
T004140,2026-05-02 12:04,B02,M0170,Gold,App,Tea,2,85,0.00,170.00,Credit Card,
T004141,2026-05-02 12:47,B08,,,In-store,Coffee,2,80,0.00,160.00,Cash,
T004142,2026-05-02 13:09,B08,M0092,Bronze,In-store,Coffee,1,100,0.00,100.00,Cash,2
T004143,2026-05-02 13:10,B02,M0037,Platinum,In-store,Coffee,4,80,48.00,272.00,QR PromptPay,
T004144,2026-05-02 13:42,B02,M0170,Gld,App,Tea,1,85,8.50,76.50,Credit Card,
T004145,2026-05-02 14:10,B06,M0268,Gold,In-store,Merchandise,3,590,265.50,1504.50,QR PromptPay,
T004146,2026-05-02 16:29,B03,M0159,BRONZE,In-store,Coffee,4,70,0.00,280.00,Cash,
T004147,2026-05-02 17:30,B08,M0244,Silver,In-store,Coffee,2,80,0.00,160.00,Cash,
T004148,2026-05-02 17:38,B03,M0064,Bronze,App,Merchandise,1,880,0.00,880.00,Credit Card,
T004149,2026-05-02 17:45,B08,M0065,Platinum,Delivery,Coffee,2,70,7.00,133.00,Cash,4
T004150,2026-05-02 18:11,B01,M0151,Platinum,In-store,Coffee,1,70,7.00,63.00,Cash,
T004151,2026-05-03 08:27,B05,M0132,Silver,In-store,Coffee,3,55,0.00,165.00,QR PromptPay,5
T004152,2026-05-03 10:05,B03,M0063,Gold,Delivery,Bakery,1,100,0.00,100.00,Cash,3
T004153,2026-05-03 10:54,B01,,,In-store,Bakery,1,65,0.00,65.00,QR PromptPay,
T004154,2026-05-03 10:54,B07,M0004,Bronze,In-store,Bakery,3,45,0.00,135.00,Cash,
T004155,2026-05-03 11:28,B02,M0188,Bronze,In-store,Coffee,4,105,0.00,420.00,Credit Card,
T004156,2026-05-03 12:00,B06,M0151,Platinum,Delivery,Coffee,1,115,11.50,103.50,Cash,
T004157,03/05/2026 12:01,B04,M0039,Silver,App,Coffee,1,80,0.00,80.00,Credit Card,5
T004158,2026-05-03 12:31,B06,M0136,Silver,In store,Coffee,1,115,0.00,115.00,Credit Card,
T004159,2026-05-03 12:39,B06,,,In-store,Coffee,2,55,0.00,110.00,QR PromptPay,
T004160,03/05/2026 12:50,B04,M0215,Silver,In-store,Tea,1,95,0.00,95.00,Cash,
T004161,2026-05-03 12:57,B08,M0065,Platinum,App,Tea,1,95,4.75,90.25,Credit Card,
T004162,2026-05-03 13:18,B06,M0133,Silver,App,Tea,1,85,0.00,85.00,App Wallet,4
T004163,03/05/2026 13:20,B04,M0264,Silver,App,Coffee,2,85,0.00,170.00,App Wallet,
T004164,03/05/2026 13:34,B04,,,In-store,Merchandise,1,850,0.00,850.00,QR PromptPay,
T004165,2026-05-03 13:39,B06,M0229,Bronze,In-store,Bakery,1,110,22.00,88.00,Credit Card,
T004166,2026-05-03 13:45,B06,M0262,Silver,In-store,Coffee,2,55,22.00,88.00,Cash,
T004167,2026-05-03 15:00,b05,,,In-store,Tea,2,80,0.00,160.00,Credit Card,
T004168,2026-05-03 16:23,B01,M0151,Platinum,In-store,Tea,4,50,40.00,160.00,QR PromptPay,
T004169,2026-05-03 16:23,B06,,,In-store,Tea,1,90,0.00,90.00,QR PromptPay,
T004170,03/05/2026 16:39,B04,M0069,Bronze,In-store,Bakery,4,105,0.00,420.00,QR PromptPay,4
T004171,2026-05-03 16:56,B08,,,App,Bakery,1,70,0.00,70.00,App Wallet,4
T004172,2026-05-03 17:47,B07,M0185,Bronze,In-store,Bakery,2,105,0.00,210.00,Cash,
T004173,2026-05-03 18:11,B01,M0274,Bronze,In-store,Bakery,1,70,0.00,70.00,Cash,
T004174,2026-05-03 19:14,B08,M0069,Bronze,Delivery,Bakery,2,70,14.00,126.00,Cash,5
T004175,2026-05-04 07:05,B01,M0108,Silver,In-store,Bakery,1,110,0.00,110.00,Credit Card,
T004176,2026-05-04 08:07,B07,M0209,Bronze,In-store,Coffee,1,95,0.00,95.00,QR PromptPay,
T004177,2026-05-04 08:09,b07,M0021,Gold,App,Tea,3,90,0.00,270.00,Credit Card,
T004178,2026-05-04 08:31,B02,M0250,Bronze,In-store,Tea,1,80,0.00,80.00,QR PromptPay,
T004179,2026-05-04 08:32,B01,M0259,Silver,In-store,Coffee,3,65,0.00,195.00,Credit Card,
T004180,2026-05-04 08:38, B02,M0170,Gold,In-store,Bakery,2,95,0.00,190.00,QR PromptPay,5
T004181,2026-05-04 08:44,B07,M0022,Bronze,Delivery,Bakery,2,60,0.00,120.00,Credit Card,
T004181,2026-05-04 08:44,B07,M0022,Bronze,Delivery,Bakery,2,60,0.00,120.00,Credit Card,
T004182,2026-05-04 08:48,B01,M0151,Platinum,App,Tea,1,70,0.00,90.00,App Wallet,
T004183,2026-05-04 08:49,B03,M0041,Platinum,Delivery,Coffee,1,120,0.00,120.00,Credit Card,
T004184,2026-05-04 09:21,B01,M0235,Bronze,In-store,Merchandise,1,270,0.00,270.00,QR PromptPay,
T004185,2026-05-04 09:40,B07,,,In-store,Bakery,2,105,0.00,210.00,Credit Card,
T004186,2026-05-04 10:37,B02,M0008,Bronze,In-store,Coffee,2,80,0.00,160.00,QR PromptPay,
T004187,2026-05-04 12:13,B02,M0269,Platinum,In-store,Coffee,1,70,0.00,70.00,Cash,
T004188,2026-05-04 12:13,B03,,,delivery,Coffee,3,65,0.00,195.00,Credit Card,
T004189,2026-05-04 12:20,B07,M9723,BRONZE,In-store,Coffee,1,55,0.00,55.00,Cash,
T004190,04/05/2026 12:33,B04,,,Delivery,Bakery,2,90,0.00,180.00,Credit Card,
T004191,04/05/2026 13:29,B04,M0242,Silver,In-store,Coffee,1,100,0.00,100.00,Cash,
T004192,2026-05-04 13:41,B05,,,In-store,Coffee,3,90,0.00,270.00,Cash,4
T004193,2026-05-04 13:51,B01,M0008,Bronze,Delivery,Coffee,2,100,30.00,170.00,Credit Card,
T004194,2026-05-04 14:39,B01,,,In-store,Tea,4,80,0.00,320.00,Cash,
T004195,2026-05-04 15:03,B03,M0122,Bronze,In-store,Coffee,4,80,0.00,320.00,Cash,
T004196,2026-05-04 16:00,B05,,,In-store,Coffee,1,115,0.00,115.00,Cash,
T004197,04/05/2026 16:05,B04,,,In-store,Coffee,2,115,0.00,230.00,Credit Card,5
T004198,2026-05-04 16:29,B02,,,App,Coffee,1,115,0.00,115.00,App Wallet,
T004199,2026-05-04 17:00,b01,M0151,Platinum,In-store,Coffee,3,95,57.00,228.00,QR PromptPay,
T004200,2026-05-04 18:06,B08,M0035,Gold,In-store,Merchandise,2,385,154.00,616.00,QR PromptPay,
T004201,2026-05-04 18:47,B08,M0065,Plat.,Delivery,Bakery,3,100,0.00,300.00,Credit Card,5
T004202,2026-05-04 19:00,B02,M0005,Bronze,In-store,Bakery,4,75,0.00,300.00,QR PromptPay,3
T004203,2026-05-04 19:16,B01,M0219,Bronze,In store,Coffee,4,110,0.00,440.00,QR PromptPay,
T004202,2026-05-04 19:35,B02,M0005,Bronze,In-store,Bakery,-4,75,-0.00,-300.00,QR PromptPay,
T004204,2026-05-05 02:19,B01,,,Delivery,Bakery,1,45,0.00,45.00,QR PromptPay,
T004205,2026-05-05 07:10,B01,M0144,Bronze,In-store,Bakery,4,110,0.00,440.00,Credit Card,
T004206,2026-05-05 08:18,B05,M0046,Bronze,In-store,Bakery,2,105,0.00,210.00,Cash,
T004207,05/05/2026 08:20,B04,M0217,Bronze,In-store,Tea,2,60,0.00,120.00,Credit Card,
T004206,2026-05-05 09:04,B05,M0046,Bronze,In-store,Bakery,-2,105,-0.00,-210.00,Cash,
T004208,2026-05-05 09:59,B03,,,In-store,Tea,1,85,0.00,85.00,Credit Card,
T004209,2026-05-05 09:59,B03,M0027,Silver,Delivery,Coffee,1,100,0.00,100.00,Credit Card,5
T004210,2026-05-05 10:29,B08,,,In-store,Bakery,1,60,0.00,60.00,Cash,
T004211,2026-05-05 10:40,B02,M0107,Silver,In-store,Bakery,0,50,0.00,0.00,Cash,
T004212,2026-05-05 11:27,B08,M0224,Bronze,App,Bakery,1,75,15.00,60.00,Credit Card,
T004213,2026-05-05 12:29,B06,M0198,Bronze,App,Coffee,1,105,0.00,105.00,App Wallet,
T004214,2026-05-05 12:33,B05,M0110,Gold,In-store,Coffee,1,90,13.50,76.50,Credit Card,4
T004215,2026-05-05 13:03,B06,M0222,Silver,Delivery,Tea,1,95,0.00,95.00,Credit Card,
T004216,2026-05-05 13:11,B03,M0108,Silver,In-store,Coffee,1,฿95,0.00,95.00,Cash,
T004217,2026-05-05 13:20,B05,M0016,Gold,App,Coffee,3,60,0.00,180.00,App Wallet,
T004218,2026-05-05 13:21,B07,M0060,Bronze,In-store,Coffee,1,110,0.00,110.00,QR PromptPay,
T004219,2026-05-05 13:57,B02,M0244,Silver,In-store,Tea,2,75,0.00,150.00,QR PromptPay,
T004220,2026-05-05 16:37,B01,M0151,Platinum,In-store,Bakery,3,70,42.00,168.00,QR PromptPay,
T004221,05/05/2026 16:46,B04,M0192,BRONZE,Delivery,Coffee,1,95,0.00,95.00,Cash,1
T004222,2026-05-05 16:48,B08,M0209,Bronze,App,Bakery,1,105,0.00,105.00,Credit Card,5
T004223,2026-05-05 17:46,B01,M0151,Platinum,App,Coffee,1,65,0.00,65.00,Credit Card,4
T004224,2026-05-05 17:49,B01,M0274,Bronze,In-store,Tea,2,60,0.00,120.00,QR PromptPay,5
T004225,2026-05-05 17:58,B07,M0229,Bronze,In-store,Bakery,2,50,0.00,100.00,QR PromptPay,
T004226,2026-05-05 18:35,B05,M0266,Gold,In-store,Merchandise,1,800,0.00,800.00,Credit Card,
T004227,2026-05-05 19:35,B03,,,In-store,Coffee,1,70,0.00,70.00,Credit Card,
T004228,2026-05-06 07:00,B02,,,In-store,Tea,3,70,0.00,210.00,Cash,3
T004229,2026-05-06 07:42,B05,M0130,Gold,Delivery,Tea,2,60,0.00,120.00,QR PromptPay,
T004230,2026-05-06 08:03,B03,M0250,Bronze,App,Merchandise,2,845,0.00,1690.00,Credit Card,
T004231,2026-05-06 08:20,B06,M0029,Silver,In-store,Bakery,1,60,0.00,60.00,Credit Card,
T004232,2026-05-06 11:00,B03,,,Delivery,Coffee,2,60,0.00,120.00,QR PromptPay,
T004233,06/05/2026 11:15,B04,M0115,Bronze,Delivery,Coffee,3,65,0.00,195.00,Credit Card,
T004234,2026-05-06 11:33,B07,M0209,Bronze,In-store,Bakery,1,110,0.00,110.00,QR PromptPay,5
T004234,2026-05-06 12:43,B07,M0209,Bronze,In-store,Bakery,-1,110,-0.00,-110.00,QR PromptPay,
T004235,2026-05-06 13:00,B01,M0272,Silver,In-store,Merchandise,1,640,0.00,640.00,QR PromptPay,4
T004236,2026-05-06 13:59,B07,,,In-store,Coffee,1,120,0.00,120.00,Credit Card,5
T004237,06/05/2026 14:43,B04,M9723,Silver,In-store,Coffee,1,105,0.00,105.00,Cash,
T004238,2026-05-06 17:41,B06,,,In-store,Coffee,2,65,0.00,130.00,Credit Card,
T004239,2026-05-06 18:29,B02,M0068,Gold,In-store,Tea,2,70,0.00,140.00,QR PromptPay,
T004240,2026-05-06 18:31,B05,M0077,Silver,Delivery,Coffee,1,90,0.00,90.00,QR PromptPay,
T004241,2026-05-06 22:32,B01,,,Delivery,Merchandise,1,375,0.00,375.00,QR PromptPay,3
T004242,2026-05-07 08:01,B03,M0078,silver,Delivery,Merchandise,3,770,0.00,2310.00,QR PromptPay,
T004243,2026-05-07 08:45,B07,M0209,Bronze,In-store,Bakery,1,90,0.00,90.00,Credit Card,5
T004244,07/05/2026 08:51,B04,M0250,Bronze,In-store,Bakery,1,95,0.00,95.00,Credit Card,
T004245,2026-05-07 09:33,B07,,,App,Bakery,1,75,0.00,75.00,App Wallet,5
T004246,2026-05-07 10:00,B01,M0272,Silver,In-store,Tea,4,95,0.00,380.00,QR PromptPay,5
T004247,2026-05-07 10:08,B08,M0065,Platinum,In-store,Coffee,3,85,0.00,255.00,QR PromptPay,
T004246,2026-05-07 10:20,B01,M0272,Silver,In-store,Tea,-4,95,-0.00,-380.00,QR PromptPay,
T004248,2026-05-07 11:14,B06,M0262,Silver,App,Coffee,1,100,20.00,80.00,Credit Card,
T004249,2026-05-07 12:22, B02,M0074,Silver,In-store,Tea,2,70,0.00,140.00,QR PromptPay,
T004250,2026-05-07 13:05,B08,M0005,Bronze,Delivery,Coffee,1,110,0.00,110.00,Credit Card,3
T004251,2026-05-07 13:50,b05,,,In-store,Tea,4,75,0.00,300.00,Credit Card,5
T004252,2026-05-07 15:04,B07,,,App,Bakery,1,105,0.00,105.00,Credit Card,4
T004253,2026-05-07 15:22,B07,,,In-store,Coffee,1,95,0.00,95.00,Credit Card,4
T004254,2026-05-07 16:37,B01,M0221,Silver,App,Merchandise,1,565,0.00,565.00,Credit Card,2
T004255,2026-05-07 18:21,B08,M0168,Platinum,Delivery,Coffee,1,55,0.00,55.00,Credit Card,5
T004256,07/05/2026 18:54,B04,,,Delivery,Coffee,3,100,0.00,300.00,Credit Card,
T004257,2026-05-07 19:11,B06,,,In-store,Coffee,1,95,0.00,95.00,Credit Card,
T004258,2026-05-07 19:51,B06,,,In-store,Coffee,1,85,0.00,85.00,Credit Card,
T004259,2026-05-08 07:28,B06,,,In-store,Coffee,1,95,0.00,95.00,QR PromptPay,
T004260,2026-05-08 08:17,B06,M0089,Platinum,In-store,Coffee,1,80,0.00,80.00,Credit Card,
T004261,2026-05-08 08:59,B03,M0068,Gold,In-store,Coffee,1,85,0.00,85.00,Cash,4
T004262,2026-05-08 09:15,B01,,,Delivery,Coffee,3,60,0.00,180.00,Credit Card,
T004263,2026-05-08 09:35,B03,M0146,Bronze,In-store,Merchandise,1,250,0.00,250.00,QR PromptPay,5
T004264,08/05/2026 10:30,B04,M0039,Silver,In-store,Bakery,3,90,0.00,270.00,Credit Card,
T004265,2026-05-08 11:03,B03,M0115,Brz,App,Coffee,4,90,0.00,360.00,App Wallet,3
T004266,2026-05-08 12:59,B02,M0005,Bronze,In-store,Bakery,1,55,0.00,55.00,Credit Card,
T004267,2026-05-08 13:02,B08,M0255,Bronze,In-store,Bakery,3,105,0.00,315.00,QR PromptPay,4
T004268,2026-05-08 13:44,B02,,,Delivery,Merchandise,1,375,0.00,375.00,QR PromptPay,
T004269,2026-05-08 13:47,B08,M0126,Bronze,In-store,Tea,1,65,0.00,65.00,Credit Card,
T004270,2026-05-08 14:06,B06,M0197,Bronze,In-store,Coffee,4,90,0.00,360.00,Cash,
T004271,2026-05-08 15:56,B03,M0133,Silver,In-store,Bakery,3,60,0.00,180.00,Credit Card,
T004272,2026-05-08 16:00,b06,,,App,Coffee,1,100,0.00,100.00,App Wallet,
T004273,2026-05-08 16:04,B05,,,Delivery,Tea,3,65,0.00,195.00,Cash,
T004274,2026-05-08 16:18,B07,M0236,Bronze,delivery,Coffee,4,120,0.00,480.00,QR PromptPay,
T004275,2026-05-08 16:40,B02,M0161,silver,Delivery,Coffee,1,55,0.00,55.00,Credit Card,
T004276,2026-05-08 18:24,B02,M0170,Gold,In-store,Coffee,1,90,0.00,90.00,Cash,3
T004277,2026-05-08 18:48,B06,,,App,Coffee,1,120,0.00,120.00,Credit Card,
T004278,08/05/2026 19:18,B04,M9320,Silver,Delivery,Coffee,2,105,0.00,210.00,Cash,
T004279,2026-05-08 19:37, B03,M0046,Bronze,In-store,Bakery,3,90,0.00,270.00,Cash,4
T004280,2026-05-09 02:07,B01,,,Delivery,Coffee,2,120,0.00,240.00,Credit Card,4
T004281,09/05/2026 07:26,B04,,,In-store,Coffee,2,100,0.00,200.00,Cash,
T004282,2026-05-09 07:51,B06,,,In store,Merchandise,1,380,0.00,380.00,QR PromptPay,5
T004283,2026-05-09 08:05,B06,M0268,Gold,App,Tea,1,50,0.00,50.00,Credit Card,4
T004284,2026-05-09 08:58,B01,M0151,Platinum,App,Coffee,2,110,33.00,187.00,App Wallet,
T004285,2026-05-09 09:05,B06,M0136,Silver,Delivery,Tea,1,65,0.00,65.00,Cash,
T004286,2026-05-09 09:22,B01,,,In-store,Coffee,1,100,0.00,100.00,Cash,
T004284,2026-05-09 09:51,B01,M0151,Platinum,App,Coffee,-2,110,-33.00,-187.00,App Wallet,
T004287,2026-05-09 11:10,B03,,,App,Merchandise,1,370,0.00,370.00,Credit Card,4
T004288,2026-05-09 12:04,B03,M0064,Bronze,App,Bakery,2,45,0.00,90.00,Credit Card,5
T004289,2026-05-09 12:20,B03,,,App,Tea,1,50,0.00,50.00,App Wallet,4
T004289,2026-05-09 12:20,B03,,,App,Tea,1,50,0.00,50.00,App Wallet,4
T004290,2026-05-09 12:40,B03,M0108,Silver,In-store,Coffee,1,85,0.00,85.00,Cash,
T004291,2026-05-09 12:40,B05,M0202,Bronze,In-store,Tea,4,85,68.00,272.00,QR PromptPay,
T004292,2026-05-09 12:42,B07,,,In-store,Bakery,1,75,0.00,75.00,QR PromptPay,
T004293,2026-05-09 13:08,B07,M0160,Bronze,In-store,Coffee,2,120,0.00,240.00,Credit Card,
T004294,2026-05-09 13:12,B05,,,App,Coffee,3,85,0.00,255.00,App Wallet,4
T004295,09/05/2026 13:12,B04,M0215,Silver,App,Coffee,2,75,0.00,150.00,Credit Card,4
T004296,2026-05-09 13:41,B07,M0118,Bronze,In-store,Bakery,1,105,15.75,89.25,Cash,
T004297,2026-05-09 13:53,B05,M0105,Silver,Delivery,Coffee,1,95,0.00,95.00,QR PromptPay,
T004298,2026-05-09 14:02,B05,,,In-store,Tea,2,50,0.00,100.00,QR PromptPay,4
T004299,2026-05-09 14:23,B05,M0145,Silver,Instore,Coffee,1,120,0.00,120.00,QR PromptPay,4
T004300,2026-05-09 15:02,B01,,,In-store,Coffee,1,70,0.00,70.00,Credit Card,
T004301,2026-05-09 16:23,B01,M0269,Platinum,In-store,Coffee,2,65,0.00,130.00,QR PromptPay,
T004302,2026-05-09 16:32,B06,M0198,Bronze,In-store,Bakery,1,45,0.00,45.00,QR PromptPay,5
T004303,2026-05-09 17:02,B03,,,In-store,Coffee,1,105,0.00,105.00,Cash,4
T004304,2026-05-09 17:33, B07,M0095,Bronze,Delivery,Bakery,1,80,0.00,80.00,Cash,
T004305,09/05/2026 18:49,B04,,,App,Bakery,1,45,0.00,45.00,App Wallet,
T004306,2026-05-09 19:40,B03,M0054,Bronze,In-store,Merchandise,1,815,0.00,815.00,QR PromptPay,
T004307,2026-05-09 19:50,B08,M0093,Silver,App,Coffee,3,55,0.00,165.00,App Wallet,
T004308,2026-05-10 07:03,B07,,,In-store,Coffee,1,100,0.00,100.00,Cash,5
T004309,2026-05-10 08:35,B08,M0035,Gold,In-store,Coffee,1,65,6.50,58.50,Cash,5
T004310,2026-05-10 08:55,B06,,,App,Coffee,1,75,0.00,75.00,Credit Card,
T004311,2026-05-10 08:56,B03,M0154,Platinum,Delivery,Coffee,1,115,5.75,109.25,Credit Card,
T004312,2026-05-10 11:37,B02,M0008,Bronze,In-store,Merchandise,1,435,0.00,395.00,QR PromptPay,5
T004313,2026-05-10 12:13,B08,M0093,Silver,App,Bakery,4,45,9.00,171.00,Credit Card,
T004314,2026-05-10 13:26,B05,,,In-store,Coffee,4,95,0.00,380.00,Credit Card,
T004315,2026-05-10 13:42,B02,M0205,Platinum,App,Bakery,1,105,10.50,94.50,App Wallet,
T004316,2026-05-10 14:40,B07,M0022,Bronze,In-store,Coffee,1,90,0.00,90.00,Cash,4
T004317,2026-05-10 15:14,B08,,,In-store,Tea,2,60,0.00,120.00,QR PromptPay,3
T004318,2026-05-10 16:37,B03,,,App,Bakery,1,90,0.00,90.00,Credit Card,
T004319,2026-05-10 17:21,B03,M9035,Gold,App,Coffee,2,65,0.00,130.00,App Wallet,
T004320,2026-05-10 18:38,B03,M0250,Bronze,In-store,Tea,1,70,0.00,70.00,Cash,
T004321,2026-05-10 18:52,B02,M0166,Bronze,Delivery,Merchandise,1,655,0.00,655.00,QR PromptPay,
T004322,2026-05-10 18:57,B01,M0024,gold,In-store,Bakery,3,70,0.00,210.00,Credit Card,
T004323,10/05/2026 19:36,B04,,,Delivery,Coffee,2,75,0.00,150.00,Cash,2
T004324,2026-05-10 23:56,B01,,,Delivery,Coffee,3,100,0.00,300.00,QR PromptPay,
T004325,2026-05-11 07:16,B01,M0144,Bronze,In-store,Coffee,1,60,0.00,60.00,Credit Card,
T004326,2026-05-11 07:17,B02,M0088,GOLD,Delivery,Coffee,1,120,0.00,120.00,Credit Card,
T004327,2026-05-11 07:30,B02,M0275,Bronze,In-store,Bakery,4,45,0.00,180.00,QR PromptPay,
T004328,2026-05-11 09:22,B05,,,App,Tea,1,75,0.00,75.00,App Wallet,
T004329,2026-05-11 09:42,B03,M0059,Bronze,APP,Coffee,2,115,0.00,230.00,Credit Card,4
T004330,2026-05-11 10:22,B05,,,App,Bakery,1,55,0.00,55.00,App Wallet,
T004331,2026-05-11 11:06,B02,M0166,Bronze,In-store,Coffee,4,90,0.00,360.00,Credit Card,3
T004332,2026-05-11 11:11,B02,,,App,Merchandise,1,725,0.00,725.00,Credit Card,
T004333,2026-05-11 11:23,B05,M0123,Gold,In-store,Bakery,1,90,0.00,90.00,Credit Card,
T004334,2026-05-11 12:13,B01,M0151,Platinum,In-store,Tea,1,65,6.50,58.50,Credit Card,
T004335,2026-05-11 12:22,B02,M0170,Gold,In-store,Coffee,1,65,0.00,65.00,Credit Card,1
T004336,2026-05-11 12:31,B03,,,In-store,Coffee,1,65,0.00,65.00,Credit Card,
T004337,2026-05-11 13:03,B06,M0089,Platinum,In-store,Tea,1,75,11.25,63.75,Credit Card,
T004338,2026-05-11 13:18,B05,M0199,Bronze,App,Tea,1,75,0.00,75.00,App Wallet,
T004339,11/05/2026 14:27,B04,M0245,Bronze,App,Coffee,2,105,42.00,168.00,App Wallet,5
T004340,11/05/2026 14:36,B04,M0173,Silver,App,Coffee,4,110 THB,0.00,440.00,Credit Card,
T004341,2026-05-11 15:23,B03,M0114,Silver,In-store,Merchandise,1,555,83.25,471.75,Cash,
T004341,2026-05-11 15:23,B03,M0114,Silver,In-store,Merchandise,1,555,83.25,471.75,Cash,
T004342,2026-05-11 17:36,B03,,,In-store,Coffee,2,70,0.00,140.00,QR PromptPay,
T004342,2026-05-11 17:36,B03,,,In-store,Coffee,2,70,0.00,140.00,QR PromptPay,
T004343,2026-05-11 17:50,B01,M0151,Platinum,In-store,Coffee,1,105,15.75,89.25,Credit Card,2
T004344,2026-05-11 18:28,B06,M0028,Bronze,In-store,Tea,2,50,0.00,100.00,QR PromptPay,
T004345,11/05/2026 18:33,B04,,,In-store,Bakery,2,80,0.00,160.00,QR PromptPay,3
T004346,2026-05-11 18:35,B08,M0259,Silver,In-store,Tea,1,90,0.00,90.00,QR PromptPay,4
T004347,12/05/2026 07:58,B04,M0039,Silver,in-store,Bakery,4,70,0.00,280.00,Cash,5
T004348,12/05/2026 08:13,B04,M0039,Slvr,In-store,Tea,1,70,0.00,70.00,QR PromptPay,5
T004349,2026-05-12 09:11,B02,M0161,Silver,App,Tea,1,55,0.00,105.00,App Wallet,
T004350,12/05/2026 09:48,B04,M0115,Bronze,In-store,Coffee,1,60,0.00,60.00,QR PromptPay,
T004351,2026-05-12 11:27,B03,M0140,Silver,In-store,Merchandise,3,320,96.00,864.00,QR PromptPay,5
T004352,2026-05-12 11:46,B03,,,App,Coffee,1,80,0.00,80.00,Credit Card,
T004353,2026-05-12 12:25,B07,,,APP,Coffee,2,115,0.00,230.00,App Wallet,
T004354,2026-05-12 13:11,B03,,,Delivery,Coffee,1,85,0.00,85.00,Credit Card,4
T004355,12/05/2026 13:19,B04,,,In-store,Coffee,1,115,0.00,115.00,Cash,
T004356,2026-05-12 13:33,B02,,,In-store,Coffee,1,55,0.00,55.00,QR PromptPay,3
T004357,2026-05-12 13:47,B06,M0009,Gold,App,Bakery,1,55,5.50,49.50,Credit Card,
T004358,2026-05-12 14:24,B3,M0053,Platinum,App,Coffee,2,95,38.00,152.00,Credit Card,
T004359,2026-05-12 15:18,B03,M0064,Brz,In-store,Coffee,1,65,0.00,65.00,QR PromptPay,5
T004360,2026-05-12 15:23,B03,,,In-store,Tea,2,80,0.00,160.00,Credit Card,
T004361,12/05/2026 15:33,B04,,,Delivery,Coffee,1,55,0.00,55.00,QR PromptPay,4
T004362,2026-05-12 15:44,B06,M0089,platinum,In-store,Coffee,3,55,8.25,156.75,QR PromptPay,4
T004363,2026-05-12 15:47,B06,M0009,Gold,App,Merchandise,1,870,0.00,870.00,Credit Card,
T004364,12/05/2026 16:25,B04,M0242,Silver,Delivery,Coffee,1,105,10.50,94.50,QR PromptPay,
T004365,2026-05-12 16:28,B05,,,In-store,Merchandise,1,865,0.00,865.00,Cash,
T004366,2026-05-12 17:06,B08,M0065,Platinum,App,Coffee,3,95,0.00,285.00,App Wallet,
T004367,12/05/2026 17:27,B04,M0052,Slvr,App,Bakery,4,80,0.00,320.00,Credit Card,
T004368,2026-05-12 19:26,B03,M0038,Silver,In-store,Tea,1,80,0.00,80.00,QR PromptPay,5
T004369,2026-05-12 19:35,B06,M0222,Silver,In-store,Coffee,3,90,27.00,243.00,Cash,
T004370,13/05/2026 10:43,B04,M0039,Silver,In-store,Coffee,2,105,0.00,210.00,Cash,
T004371,2026-05-13 11:08,B05,M0115,Bronze,In-store,Bakery,4,65,0.00,260.00,QR PromptPay,
T004372,2026-05-13 12:36,B03,M0038,Silver,Delivery,Bakery,3,65,29.25,165.75,QR PromptPay,4
T004373,2026-05-13 13:16,B08,M0109,Platinum,In-store,Merchandise,2,740,0.00,1480.00,QR PromptPay,4
T004374,2026-05-13 15:31,B07,M0095,Bronze,Delivery,Bakery,3,95,42.75,242.25,Cash,5
T004375,2026-05-13 16:04,B06,M0070,Platinum,App,Merchandise,3,770,462.00,1848.00,App Wallet,4
T004376,2026-05-13 16:56,B08,M0109,Platinum,In-store,Tea,3,60,36.00,144.00,Credit Card,
T004377,2026-05-14 07:12,B05,M0217,Bronze,In-store,Bakery,1,80,16.00,64.00,Cash,
T004378,2026-05-14 08:28,B01,,,App,Tea,1,85,0.00,85.00,Credit Card,
T004379,2026-05-14 08:36,B06,M0089,Platinum,In-store,Coffee,1,105,5.25,99.75,QR PromptPay,
T004380,2026-05-14 08:51,B02,M0244,Silver,In-store,Coffee,1,95,0.00,95.00,Cash,
T004381,2026-05-14 09:41,B03,M0064,Bronze,In-store,Coffee,4,80,0.00,320.00,Credit Card,
T004382,2026-05-14 09:43,B03,M0064,Bronze,In-store,Coffee,3,110,0.00,330.00,QR PromptPay,5
T004383,14/05/2026 09:57,B04,M0115,Bronze,In-store,Tea,3,60,27.00,153.00,QR PromptPay,
T004384,14/05/2026 10:23,B04,,,Delivery,Bakery,57,75,0.00,4275.00,Credit Card,
T004385,2026-05-14 10:50,B08,,,Delivery,Coffee,3,90,0.00,270.00,QR PromptPay,
T004386,2026-05-14 12:37,B07,,,In-store,Tea,2,55,0.00,110.00,QR PromptPay,4
T004387,2026-05-14 13:09,B07,M0221,Silver,App,Merchandise,4,760,0.00,3040.00,Credit Card,
T004388,2026-05-14 14:10,B02,,,Instore,Coffee,3,105,0.00,315.00,QR PromptPay,
T004389,2026-05-14 15:06,B01,,,In-store,Bakery,1,45,0.00,45.00,QR PromptPay,
T004390,2026-05-14 16:02,B03,M0154,platinum,App,Tea,4,50,40.00,160.00,Credit Card,2
T004391,2026-05-14 16:29,B05,,,Delivery,Coffee,3,65,0.00,195.00,QR PromptPay,2
T004392,2026-05-14 16:48,B05,M0105,Silver,In-store,Merchandise,2,790,0.00,1580.00,Cash,
T004393,2026-05-14 18:05,B07,M0236,Bronze,In store,Bakery,3,70,42.00,168.00,Cash,
T004394,2026-05-14 18:58,B01,,,App,Coffee,3,100,0.00,300.00,App Wallet,
T004395,2026-05-14 19:02,B01,M0151,Platinum,App,Coffee,1,85,4.25,80.75,Credit Card,3
T004396,2026-05-14 19:16,B05,M0110,Gold,In-store,Merchandise,3,620,279.00,1581.00,QR PromptPay,
T004397,2026-05-14 19:33,B06,M0020,Bronze,In-store,Coffee,2,115,0.00,230.00,QR PromptPay,
T004398,15/05/2026 07:11,b04,M0024,Gold,App,Coffee,1,75,0.00,75.00,App Wallet,1
T004399,2026-05-15 07:50,B03,M0129,Silver,App,Merchandise,3,350,0.00,1050.00,Credit Card,
T004400,2026-05-15 07:51,B06,M0222,Silver,App,Coffee,2,60,12.00,108.00,Credit Card,5
T004401,2026-05-15 08:07,B06,M0089,Platinum,App,Tea,2,55,11.00,99.00,Credit Card,2
T004402,2026-05-15 08:30,B08,,,App,Coffee,2,75,0.00,150.00,App Wallet,
T004403,2026-05-15 08:44,B01,M0008,Bronze,In-store,Coffee,1,55,0.00,55.00,Cash,
T004399,2026-05-15 09:09,B03,M0129,Silver,App,Merchandise,-3,350,-0.00,-1050.00,Credit Card,
T004404,15/05/2026 11:15,B04,,,Delivery,Bakery,3,60,0.00,180.00,QR PromptPay,
T004405,2026-05-15 12:04,B05,,,In-store,Coffee,1,80,0.00,80.00,QR PromptPay,4
T004406,2026-05-15 12:08,B06,M0089,Platinum,In-store,Coffee,1,65,3.25,61.75,QR PromptPay,4
T004407,2026-05-15 12:21,B02,,,In-store,Coffee,1,80,0.00,80.00,Credit Card,
T004408,2026-05-15 13:06,B01,,,In-store,Bakery,1,90,0.00,90.00,Cash,
T004409,2026-05-15 13:13,B05,,,In store,Tea,2,85,0.00,170.00,QR PromptPay,
T004410,2026-05-15 13:44,B01,,,In-store,Bakery,2,110,0.00,220.00,QR PromptPay,
T004411,2026-05-15 13:48,B03,M0065,Platinum,In-store,Coffee,3,110,0.00,330.00,Cash,3
T004412,2026-05-15 16:03,B03,M0239,Gold,In-store,Merchandise,1,620,0.00,620.00,QR PromptPay,
T004413,2026-05-15 16:13,B01,M0151,Platinum,In-store,Coffee,1,75,7.50,67.50,Cash,2
T004414,2026-05-15 16:56,B08,M0224,Bronze,In-store,Coffee,1,120,0.00,120.00,Cash,4
T004415,2026-05-15 16:57,B03,M0041,Platinum,Delivery,Coffee,1,90,0.00,90.00,QR PromptPay,
T004416,2026-05-15 17:24,B06,M0222,Silver,In-store,Coffee,1,90,0.00,90.00,QR PromptPay,
T004417,2026-05-15 17:45,B08,M0119,Silver,In-store,Coffee,2,75,7.50,142.50,Credit Card,
T004418,2026-05-15 17:59,B07,M0272,Silver,In-store,Coffee,4,95,0.00,380.00,Credit Card,3
T004419,2026-05-15 18:17,B01,M0059,Bronze,App,Coffee,4,75,0.00,300.00,Credit Card,
T004420,2026-05-15 21:09,B01,,,Delivery,Coffee,1,70,0.00,70.00,Credit Card,4
T004421,2026-05-16 07:12,B08,M0109,Platinum,In-store,Merchandise,4,585,0.00,2340.00,Credit Card,
T004422,2026-05-16 08:21,B03,M0211,Platinum,In-store,Coffee,1,85,17.00,68.00,Cash,
T004423,2026-05-16 08:32,B06,M0089,Platinum,In-store,Coffee,1,60,0.00,60.00,QR PromptPay,
T004424,2026-05-16 08:40,B03,,,In-store,Coffee,1,105,0.00,105.00,Credit Card,
T004425,2026-05-16 08:48,B01,M0188,bronze,Delivery,Coffee,1,110,16.50,93.50,QR PromptPay,
T004426,2026-05-16 08:52,B08,,,In-store,Tea,2,95,0.00,190.00,Credit Card,
T004427,2026-05-16 08:53,B01,M0171,Gold,Delivery,Coffee,2,65,26.00,104.00,Cash,
T004428,2026-05-16 09:00,B02,M0040,Silver,Delivery,Coffee,1,60,0.00,60.00,Credit Card,
T004429,2026-05-16 09:42,B01,,,In-store,Coffee,1,100,0.00,100.00,QR PromptPay,4
T004430,2026-05-16 09:53,B08,M0092,Bronze,App,Coffee,4,90,0.00,360.00,App Wallet,2
T004431,2026-05-16 09:59,B03,M0154,Platinum,App,Coffee,1,110,22.00,88.00,Credit Card,
T004432,2026-05-16 11:43,B05,,,App,Bakery,4,75,0.00,300.00,Credit Card,
T004433,2026-05-16 12:07,B03,,,Delivery,Merchandise,1,815,0.00,815.00,QR PromptPay,
T004434,2026-05-16 12:21,B05,M0164,Silver,App,Coffee,1,120,0.00,120.00,App Wallet,
T004435,2026-05-16 13:03,B02,M0194,Silver,Delivery,Coffee,2,75,0.00,150.00,QR PromptPay,
T004436,2026-05-16 13:40,B01,M0097,Bronze,App,Bakery,1,110,11.00,99.00,Credit Card,4
T004434,2026-05-16 13:43,B05,M0164,Silver,App,Coffee,-1,120,-0.00,-120.00,App Wallet,
T004437,2026-05-16 14:36,B02,,,In-store,Tea,3,70,0.00,210.00,Cash,5
T004438,2026-05-16 15:05,B08,M0070,Platinum,App,Coffee,3,115,34.50,310.50,App Wallet,
T004439,2026-05-16 17:39,B05,,,App,Bakery,1,110,0.00,110.00,App Wallet,
T004440,2026-05-16 17:42,B03,M0053,platinum,App,Coffee,3,90,40.50,229.50,App Wallet,
T004441,2026-05-16 18:00,B02,,,Delivery,Coffee,2,80,0.00,160.00,QR PromptPay,4
T004442,2026-05-16 18:51,B06,M0268,Gold,Delivery,Coffee,1,70,0.00,70.00,QR PromptPay,4
T004443,17/05/2026 07:23,B04,M0249,Brz,In-store,Bakery,2,85,0.00,170.00,QR PromptPay,5
T004444,2026-05-17 07:58,B02,M0265,Bronze,In-store,Coffee,1,60,0.00,60.00,Credit Card,4
T004445,2026-05-17 08:39,B08,,,In-store,Bakery,2,95,0.00,190.00,QR PromptPay,
T004446,2026-05-17 08:56,B08,,,Delivery,Coffee,1,120,0.00,120.00,QR PromptPay,4
T004447,2026-05-17 10:06,B05,M0217,BRONZE,App,Coffee,2,95,0.00,190.00,App Wallet,
T004448,2026-05-17 10:58,B03,M0074,Silver,App,Tea,2,65,0.00,130.00,App Wallet,4
T004449,2026-05-17 11:26,B01,M0244,Silver,App,Coffee,1,90,0.00,90.00,App Wallet,
T004450,2026-05-17 11:29,B01,M0172,Bronze,Delivery,Bakery,2,45,0.00,90.00,Credit Card,
T004451,2026-05-17 11:44,B02,M0085,Bronze,In-store,Tea,1,55,0.00,55.00,QR PromptPay,5
T004452,2026-05-17 12:07,B05,M0073,Silver,App,Merchandise,4,345,0.00,1380.00,App Wallet,
T004453,2026-05-17 12:35,B05,,,In-store,Coffee,4,115,0.00,460.00,Cash,
T004454,2026-05-17 12:37,B03,M0154,Platinum,In-store,Coffee,4,110,44.00,396.00,QR PromptPay,
T004455,17/05/2026 13:03,B04,M9700,Bronze,In-store,Coffee,3,105,0.00,315.00,QR PromptPay,
T004456,2026-05-17 13:06,B01,M0151,Platinum,Delivery,Coffee,1,100,0.00,100.00,QR PromptPay,
T004457,2026-05-17 14:46,B02,M0161,Silver,App,Bakery,2,70,0.00,140.00,Credit Card,
T004458,2026-05-17 15:26,B02,M0200,Gold,App,Tea,3,60,27.00,153.00,App Wallet,3
T004459,2026-05-17 15:38,B05,,,App,Bakery,1,55,0.00,55.00,Credit Card,3
T004460,2026-05-17 15:46,B02,,,App,Coffee,1,90,0.00,90.00,Credit Card,
T004461,2026-05-17 16:11,B08,M0268,Gold,In-store,Coffee,1,100,5.00,85.00,Credit Card,
T004462,2026-05-17 16:26,B07,M0164,Silver,In-store,Tea,4,50,0.00,200.00,QR PromptPay,
T004463,2026-05-17 16:41,B08,M0233,Bronze,In-store,Tea,3,65,0.00,195.00,Cash,
T004464,2026-05-17 17:04,B03,M0074,Silver,In-store,Bakery,1,105,0.00,105.00,Credit Card,
T004465,17/05/2026 17:09,B04,,,Delivery,Coffee,1,75,0.00,75.00,Credit Card,4
T004466,2026-05-17 21:14,B01,,,Delivery,Merchandise,4,305,0.00,1220.00,QR PromptPay,
T004467,2026-05-18 07:44,B05,M0164,silver,Delivery,Merchandise,1,690,0.00,690.00,Cash,
T004468,2026-05-18 08:18,B08,M0020,Bronze,Delivery,Coffee,4,95,0.00,380.00,QR PromptPay,
T004469,2026-05-18 08:38,B08,M0065,Platinum,In-store,Tea,1,70,0.00,70.00,QR PromptPay,
T004470,2026-05-18 08:45,B05,M0199,Bronze,In-store,Coffee,4,65,0.00,260.00,Cash,
T004471,2026-05-18 08:53,B03,M0064,Bronze,App,Tea,2,80,0.00,160.00,Credit Card,
T004472,2026-05-18 08:57,B05,,,App,Coffee,2,70,0.00,140.00,App Wallet,
T004473,2026-05-18 09:58,B07,M0133,Silver,In-store,Coffee,1,90,0.00,90.00,QR PromptPay,
T004474,2026-05-18 10:08,B07,M0229,Bronze,In-store,Coffee,1,55,0.00,55.00,QR PromptPay,
T004475,2026-05-18 10:11,B07,M0209,Bronze,In-store,Bakery,1,70,7.00,63.00,Credit Card,
T004476,2026-05-18 11:22,B03,M0042,Bronze,App,Merchandise,1,330,0.00,330.00,App Wallet,
T004477,2026-05-18 12:28,B02,,,In-store,Coffee,1,85,0.00,85.00,QR PromptPay,
T004478,2026-05-18 12:30,B02,M0170,Gold,App,Coffee,2,105,21.00,189.00,App Wallet,
T004479,2026-05-18 14:47,B01,M0176,Silver,In-store,Merchandise,1,805,0.00,805.00,Credit Card,
T004480,2026-05-18 15:01,B02,,,In-store,Coffee,1,65,0.00,65.00,QR PromptPay,5
T004481,2026-05-18 16:08,B07,M0219,Bronze,In-store,Coffee,1,55,0.00,55.00,Cash,
T004482,18/05/2026 16:58,B04,M0242,Silver,In-store,Coffee,3,105,15.75,299.25,QR PromptPay,
T004483,2026-05-18 17:17,B07,,,App,Coffee,2,110,0.00,220.00,Credit Card,
T004484,2026-05-18 18:30,B05,,,In-store,Coffee,2,95,0.00,190.00,Credit Card,3
T004485,2026-05-19 01:04,B01,,,Delivery,Tea,1,65,0.00,65.00,Credit Card,
T004486,2026-05-19 07:09,B08,,,In-store,Tea,1,85,0.00,85.00,Cash,
T004487,2026-05-19 07:19,B03,M0177,Silver,Delivery,Bakery,2,100,0.00,200.00,Cash,4
T004488,2026-05-19 09:17,B06,M0089,Platinum,In-store,Coffee,3,115,51.75,293.25,Cash,
T004489,2026-05-19 10:15,B03,M0013,Silver,Delivery,Tea,2,85,0.00,170.00,Cash,
T004490,2026-05-19 10:21,B02,M0244,Silver,In-store,Coffee,1,90,0.00,90.00,QR PromptPay,4
T004491,2026-05-19 12:13,B07,,,App,Tea,1,85,0.00,85.00,App Wallet,
T004492,2026-05-19 13:36,B01,M0012,Bronze,In-store,Bakery,2,90,0.00,180.00,QR PromptPay,4
T004493,2026-05-19 15:00,B05,M0130,Gold,Delivery,Bakery,3,55,0.00,165.00,QR PromptPay,2
T004494,19/05/2026 15:29,B04,M0115,Bronze,App,Coffee,4,60,0.00,240.00,Credit Card,5
T004495,2026-05-19 15:29,B06,M0240,Silver,In-store,Coffee,1,80,0.00,80.00,QR PromptPay,3
T004496,2026-05-19 17:19,B01,M0262,Silver,App,Bakery,4,50,0.00,200.00,Credit Card,
T004497,2026-05-19 18:14,B03,M0238,Bronze,In-store,Bakery,1,50,0.00,50.00,Credit Card,
T004498,2026-05-19 19:32,B01,M0062,Gold,In-store,Coffee,1,100,0.00,100.00,Credit Card,4
T004499,2026-05-19 19:54,B03,,,Delivery,Coffee,3,115,0.00,345.00,Cash,
T004500,20/05/2026 08:43,B04,M0164,Silver,App,Bakery,1,110,0.00,110.00,Credit Card,
T004501,2026-05-20 08:48,B06,M0084,Silver,App,Merchandise,2,410,0.00,820.00,App Wallet,5
T004502,2026-05-20 12:48,B02,M0161,Silver,In-store,Bakery,1,70,7.00,63.00,Cash,
T004503,20/05/2026 13:05,B04,M0024,Gold,In-store,Merchandise,3,550,247.50,1402.50,Credit Card,3
T004504,2026-05-20 14:23,B07,,,App,Coffee,1,85,0.00,85.00,App Wallet,4
T004505,2026-05-20 16:31,B06,,,In-store,Coffee,2,80,0.00,220.00,Cash,5
T004506,2026-05-20 16:37,B06,M0123,GOLD,In-store,Bakery,1,100,0.00,100.00,Credit Card,4
T004507,2026-05-20 16:51,B02,M0200,Gold,In-store,Coffee,1,95,0.00,95.00,Cash,3
T004508,2026-05-20 18:24,B03,,,In-store,Bakery,1,70,0.00,70.00,Cash,5
T004509,2026-05-20 19:52,B08,M0035,Gold,Delivery,Coffee,1,85,0.00,85.00,Cash,4
T004510,2026-05-20 22:26,B01,,,Delivery,Bakery,3,95,0.00,285.00,QR PromptPay,
T004511,2026-05-21 07:19,B01,M0188,Bronze,In-store,Coffee,2,85,0.00,170.00,Cash,5
T004512,2026-05-21 07:26,B06,M0191,Bronze,Delivery,Coffee,2,105,0.00,210.00,Cash,
T004513,2026-05-21 07:53,B08,,,In-store,Coffee,1,120,0.00,120.00,QR PromptPay,
T004514,21/05/2026 08:44,B04,M0192,Bronze,In-store,Merchandise,1,665,0.00,665.00,QR PromptPay,
T004515,2026-05-21 09:07,B05,M0164,SILVER,In-store,Tea,1,65,0.00,65.00,QR PromptPay,5
T004516,2026-05-21 09:56,B01,M0188,Bronze,App,Bakery,3,50,0.00,150.00,Credit Card,
T004517,2026-05-21 09:56,B01,M0075,Bronze,Delivery,Coffee,1,100,0.00,100.00,Cash,
T004518,2026-05-21 10:59,B03,M0211,Platinum,In-store,Coffee,3,70,0.00,210.00,Cash,
T004519,2026-05-21 11:01,B06,,,In-store,Coffee,3,120,0.00,360.00,QR PromptPay,
T004520,2026-05-21 11:01,B02,M0244,Silver,In-store,Coffee,1,115,5.75,109.25,QR PromptPay,
T004521,2026-05-21 12:14,B02,M0161,Silver,App,Tea,1,60,0.00,60.00,App Wallet,
T004522,2026-05-21 12:56,B03,M0074,Silver,In-store,Coffee,1,100,0.00,100.00,QR PromptPay,
T004523,2026-05-21 13:06,B07,M0118,Bronze,App,Coffee,1,120,0.00,120.00,Credit Card,4
T004524,2026-05-21 13:12,B02,,,Delivery,Coffee,2,75,0.00,150.00,QR PromptPay,
T004525,2026-05-21 13:54,B07,,,App,Tea,1,95,0.00,95.00,App Wallet,
T004526,2026-05-21 14:35,B02,M0140,Silver,Delivery,Coffee,3,55,0.00,165.00,Cash,
T004527,2026-05-21 17:33,B07,M0070,Platinum,In-store,Bakery,1,105,15.75,89.25,Credit Card,4
T004528,21/05/2026 18:38,B04,M0039,Silver,In-store,Coffee,2,60,6.00,114.00,Credit Card,4
T004528,21/05/2026 18:38,B04,M0039,Silver,In-store,Coffee,2,60,6.00,114.00,Credit Card,4
T004529,2026-05-21 18:45,B05,M0132,Silver,Delivery,Bakery,1,105,0.00,105.00,QR PromptPay,4
T004530,2026-05-21 19:00,B03,M0108,Silver,In-store,Tea,2,50,0.00,100.00,QR PromptPay,
T004531,2026-05-21 19:53,B03,M0140,Silver,Delivery,Coffee,1,95,0.00,95.00,QR PromptPay,4
T004532,2026-05-21 21:21,B01,,,Delivery,Coffee,1,120,0.00,120.00,Credit Card,
T004533,2026-05-22 07:26,B06,,,In-store,Coffee,2,100,0.00,200.00,Cash,
T004534,2026-05-22 08:10,B08,M0224,Bronze,App,Coffee,2,110,0.00,220.00,Credit Card,
T004535,2026-05-22 08:20,B02,M0005,Bronze,In-store,Tea,4,90,54.00,306.00,QR PromptPay,
T004536,2026-05-22 08:40,B02,,,In-store,Coffee,1,75,0.00,75.00,Cash,4
T004537,2026-05-22 08:43,B02,M0068,Gold,App,Coffee,1,95,14.25,80.75,App Wallet,5
T004538,2026-05-22 08:48,B07,M0092,Bronze,Delivery,Tea,4,80,0.00,320.00,Credit Card,
T004539,2026-05-22 10:57,B01,M0164,Silver,In-store,Coffee,4,60,0.00,240.00,Cash,5
T004540,2026-05-22 11:31,B02,,,In-store,Coffee,2,75,0.00,150.00,QR PromptPay,
T004541,2026-05-22 11:48,B06,M0233,Bronze,App,Coffee,1,55,0.00,55.00,App Wallet,
T004542,2026-05-22 13:14,B08,M0174,Silver,Delivery,Coffee,2,105,42.00,168.00,QR PromptPay,
T004543,2026-05-22 13:40,B01,M0144,Bronze,Delivery,Bakery,1,70,0.00,70.00,QR PromptPay,
T004544,2026-05-22 14:17,B06,M0262,Silver,App,Coffee,1,65 THB,0.00,65.00,Credit Card,
T004545,2026-05-22 14:34,B01,,,Delivery,Coffee,108,90,0.00,9720.00,Credit Card,
T004546,2026-05-22 15:05,B03,M0027,Silver,In-store,Coffee,4,90,0.00,360.00,Credit Card,
T004547,2026-05-22 15:08,B01,M0151,Platinum,App,Coffee,3,70,10.50,199.50,App Wallet,
T004548,2026-05-22 15:35,B01,M0151,Platinum,In-store,Coffee,4,60,0.00,240.00,Cash,
T004549,22/05/2026 15:44,B04,M0192,Bronze,App,Coffee,2,105,0.00,210.00,Credit Card,
T004550,2026-05-22 16:38,B01,M0224,Bronze,In-store,Bakery,2,95,0.00,190.00,Credit Card,
T004551,22/05/2026 16:43,B04,M0125,Silver,App,Coffee,1,60,0.00,60.00,Credit Card,5
T004552,22/05/2026 17:50,B04,,,App,Tea,1,90,0.00,90.00,Credit Card,
T004553,22/05/2026 17:53,B04,,,Delivery,Coffee,4,110,0.00,440.00,Cash,
T004554,2026-05-22 17:56,B05,M0016,Gold,In-store,Coffee,1,85,12.75,72.25,QR PromptPay,3
T004555,2026-05-22 18:43,B02,M0166,Bronze,In-store,Coffee,1,100,0.00,100.00,QR PromptPay,
T004556,2026-05-22 19:14,B01,M0151,Platinum,In-store,Coffee,1,75,7.50,67.50,Credit Card,2
T004557,2026-05-22 19:26,B07,,,In-store,Tea,3,65,0.00,195.00,Cash,3
T004558,2026-05-22 19:30,B05,,,In-store,Bakery,1,80,0.00,80.00,Credit Card,
T004559,2026-05-22 19:51,B03,M0063,Gold,App,Coffee,1,80,4.00,76.00,Credit Card,
T004560,2026-05-23 07:06,B07,M0118,Bronze,In store,Coffee,3,65,0.00,195.00,QR PromptPay,
T004561,2026-05-23 07:13,B06,M0268,Gold,In-store,Coffee,2,120,0.00,240.00,Credit Card,
T004562,2026-05-23 07:22,B02,M0101,Platinum,Delivery,Coffee,3,115,0.00,345.00,Credit Card,3
T004563,2026-05-23 07:31,B01,,,In-store,Coffee,1,105,0.00,105.00,Cash,4
T004564,2026-05-23 09:10,B06,,,In-store,Coffee,1,75,0.00,75.00,Credit Card,4
T004565,2026-05-23 09:41,B06,M0061,GOLD,In-store,Merchandise,1,515,25.75,489.25,QR PromptPay,
T004566,2026-05-23 09:56,B06,M0099,Bronze,Delivery,Coffee,1,110,0.00,110.00,Credit Card,
T004567,2026-05-23 10:08,B06,M0136,Silver,In-store,Coffee,3,120,54.00,306.00,Cash,
T004568,2026-05-23 10:26,B08,M0065,Platinum,App,Merchandise,2,410,0.00,820.00,Credit Card,
T004566,2026-05-23 10:45,B06,M0099,Bronze,Delivery,Coffee,-1,110,-0.00,-110.00,Credit Card,
T004569,2026-05-23 11:20,B06,,,In-store,Tea,1,75,0.00,75.00,QR PromptPay,
T004570,2026-05-23 11:34,B01,,,App,Tea,1,55,0.00,55.00,Credit Card,3
T004571,2026-05-23 11:54,B03,,,App,Bakery,2,60,0.00,120.00,Credit Card,3
T004572,2026-05-23 12:00,B06,,,In-store,Coffee,4,80,0.00,320.00,QR PromptPay,
T004573,2026-05-23 13:16,B05,,,App,Coffee,1,60,0.00,60.00,App Wallet,
T004574,2026-05-23 13:37,B02,M0161,Silver,In-store,Coffee,3,80,0.00,240.00,Credit Card,
T004575,23/05/2026 13:38,B04,,,App,Coffee,1,70,0.00,70.00,App Wallet,
T004576,2026-05-23 13:45,B03,M0108,Silver,Delivery,Bakery,3,100,0.00,300.00,QR PromptPay,
T004577,23/05/2026 14:24,B04,M0039,Silver,In-store,Tea,1,50,0.00,50.00,QR PromptPay,
T004578,2026-05-23 15:22,B06,M9158,Silver,In-store,Merchandise,2,790,0.00,1580.00,Credit Card,
T004579,2026-05-23 16:02,B07,M0219,Bronze,In-store,Coffee,2,100,0.00,200.00,Credit Card,3
T004580,2026-05-23 16:09,B02,,,In-store,Coffee,4,70,0.00,280.00,QR PromptPay,
T004581,2026-05-23 16:11,B07,M0042,Bronze,In-store,Tea,4,65,0.00,260.00,QR PromptPay,3
T004582,2026-05-23 19:01,B01,M0011,Bronze,App,Bakery,1,75,0.00,75.00,App Wallet,3
T004583,2026-05-23 19:13,B01,M0097,Bronze,App,Bakery,1,65,0.00,65.00,Credit Card,
T004584,2026-05-24 07:12,B03,,,In-store,Bakery,3,55,0.00,165.00,QR PromptPay,
T004585,2026-05-24 07:14,B05,,,App,Coffee,1,105,0.00,105.00,App Wallet,
T004586,24/05/2026 08:56,B04,,,In-store,Tea,3,80,0.00,240.00,Cash,
T004587,2026-05-24 09:44,B05,M0222,Silver,App,Bakery,1,75,0.00,75.00,Credit Card,4
T004588,2026-05-24 09:49,B01,M0135,Gold,In-store,Bakery,2,50,0.00,100.00,Cash,3
T004589,24/05/2026 09:59,B04,M0154,Platinum,Delivery,Coffee,2,110,33.00,207.00,Credit Card,
T004590,2026-05-24 11:36,B01,M0075,Bronze,In-store,Coffee,1,80,0.00,80.00,QR PromptPay,
T004591,2026-05-24 12:04,B08,M0224,Bronze,App,Coffee,2,85,0.00,170.00,App Wallet,
T004592,2026-05-24 12:26,B03,M0169,Bronze,In-store,Coffee,2,60,12.00,108.00,QR PromptPay,
T004592,2026-05-24 12:26,B03,M0169,Bronze,In-store,Coffee,2,60,12.00,108.00,QR PromptPay,
T004593,2026-05-24 12:54,B02,M0170,Gold,In-store,Coffee,3,70,10.50,199.50,QR PromptPay,
T004594,2026-05-24 13:08,B01,M0172,Bronze,In-store,Merchandise,4,425,0.00,1700.00,QR PromptPay,
T004595,2026-05-24 13:34,B03,M0133,Silver,In-store,Bakery,1,100,0.00,100.00,Credit Card,
T004596,2026-05-24 14:02,B02,,,Delivery,Bakery,1,110,0.00,110.00,Credit Card,
T004597,2026-05-24 15:22,B07,M0004,Bronze,In-store,Coffee,1,95,0.00,95.00,QR PromptPay,3
T004598,2026-05-24 15:53,B06,M0222,Silver,In-store,Coffee,2,65,0.00,130.00,QR PromptPay,
T004599,2026-05-24 16:14,B01,M0097,Bronze,App,Coffee,2,65,0.00,130.00,App Wallet,
T004600,2026-05-24 16:23,B08,M0174,Silver,App,Coffee,1,55,8.25,46.75,App Wallet,
T004601,2026-05-24 16:25,B05,M0012,Bronze,Delivery,Coffee,4,110,0.00,440.00,Cash,
T004602,2026-05-24 17:36,B07,M0018,Bronze,In-store,Merchandise,3,385,0.00,1155.00,QR PromptPay,
T004603,2026-05-24 18:31,B06,M0262,Silver,Delivery,Coffee,2,105,21.00,189.00,Cash,
T004604,2026-05-24 18:47,B06,M0222,Silver,App,Bakery,2,50,20.00,80.00,Credit Card,5
T004605,2026-05-25 07:57,B02,M0085,Bronze,app,Coffee,1,95,0.00,95.00,App Wallet,
T004606,25/05/2026 11:07,B04,M0046,Bronze,In-store,Coffee,2,100,0.00,200.00,QR PromptPay,4
T004607,2026-05-25 11:21,B06,M0070,Platinum,Instore,Merchandise,4,605,0.00,2420.00,Credit Card,
T004608,2026-05-25 12:08,B08,M0224,Bronze,In-store,Coffee,1,110,0.00,110.00,Credit Card,5
T004609,2026-05-25 12:41,B06,M9043,Silver,In-store,Coffee,1,100,0.00,100.00,Credit Card,
T004610,2026-05-25 12:46,B01,M0177,silver,Delivery,Coffee,1,80,0.00,80.00,Cash,4
T004611,2026-05-25 13:12,B07,M0219,Bronze,In-store,Coffee,2,75,0.00,150.00,QR PromptPay,1
T004612,2026-05-25 14:24,B01,M0135,Gold,In-store,Coffee,2,110,22.00,198.00,Credit Card,
T004613,2026-05-25 16:09,B01,,,In-store,Coffee,4,80,0.00,320.00,Cash,
T004614,2026-05-25 16:13,B01,M0151,Platinum,App,Bakery,1,65,3.25,61.75,Credit Card,4
T004615,2026-05-25 16:18,B02,M0037,Platinum,In-store,Coffee,1,55,0.00,55.00,QR PromptPay,3
T004616,2026-05-25 16:50,B06,M0136,Silver,Delivery,Merchandise,1,810,0.00,810.00,Credit Card,
T004617,2026-05-25 17:19,B02,M0166,Bronze,In-store,Coffee,2,55,0.00,110.00,Credit Card,5
T004618,2026-05-25 17:45,B02,M0107,Silver,In-store,Bakery,2,95,9.50,180.50,QR PromptPay,
T004619,2026-05-25 18:03,B01,M0028,Bronze,In-store,Bakery,1,110,5.50,104.50,Cash,
T004620,2026-05-25 19:12,B05,,,In-store,Coffee,1,105,0.00,105.00,Credit Card,
T004621,2026-05-25 19:21,B05,M0128,Silver,In-store,Coffee,2,85,0.00,170.00,Cash,
T004622,2026-05-26 07:24,B05,M0105,Silver,App,Coffee,1,100,0.00,100.00,App Wallet,
T004623,2026-05-26 07:34,B03,,,In-store,Coffee,2,70,0.00,140.00,Cash,
T004624,2026-05-26 07:51,B01,,,In-store,Bakery,1,75,0.00,75.00,Credit Card,4
T004625,2026-05-26 07:51,B02,M0200,Gold,App,Tea,4,50,40.00,160.00,Credit Card,
T004626,2026-05-26 07:54,B02,,,In-store,Bakery,3,50,0.00,150.00,QR PromptPay,
T004627,2026-05-26 08:05,B06,M0029,Silver,In-store,Coffee,1,105,0.00,105.00,Cash,
T004628,2026-05-26 08:16,B06,,,Delivery,Tea,4,60,0.00,240.00,Cash,4
T004629,2026-05-26 08:46,B07,M0118,Bronze,in-store,Bakery,1,80,0.00,80.00,QR PromptPay,
T004630,2026-05-26 08:57,B07,M0069,BRONZE,App,Tea,1,60,0.00,60.00,App Wallet,5
T004631,2026-05-26 08:58,B05,,,In-store,Coffee,1,100,0.00,100.00,Cash,
T004632,2026-05-26 09:11,B02,,,App,Coffee,2,120,0.00,240.00,Credit Card,
T004633,2026-05-26 10:25,B02,M0005,Bronze,App,Tea,3,85,0.00,255.00,App Wallet,
T004634,2026-05-26 13:16,B02,,,In-store,Coffee,2,110,0.00,220.00,QR PromptPay,
T004635,2026-05-26 13:30,B07,M0026,Bronze,In-store,Bakery,3,95,14.25,270.75,Cash,
T004636,2026-05-26 14:00,B06,M0037,platinum,In-store,Coffee,1,100,15.00,85.00,Cash,4
T004637,2026-05-26 14:12,B03,M0238,Bronze,In-store,Coffee,3,95,14.25,270.75,Credit Card,
T004638,26/05/2026 14:32,B04,,,In-store,Coffee,1,75,0.00,75.00,QR PromptPay,5
T004639,2026-05-26 16:23,B06,M0110,Gold,Instore,Coffee,1,55,0.00,55.00,Cash,
T004640,2026-05-26 16:29,B01,,,In-store,Bakery,2,105,0.00,210.00,QR PromptPay,3
T004641,2026-05-26 18:48,B02,M0166,Bronze,App,Bakery,2,60,18.00,102.00,Credit Card,3
T004642,2026-05-26 23:35,B01,,,delivery,Bakery,2,65,0.00,130.00,Credit Card,4
T004643,2026-05-27 02:01,B01,,,Delivery,Coffee,1,80,0.00,80.00,Credit Card,
T004644,27/05/2026 07:06,B04,,,App,Coffee,1,80,0.00,80.00,Credit Card,
T004645,2026-05-27 08:16,B07,,,In-store,Bakery,2,100,0.00,200.00,QR PromptPay,
T004646,2026-05-27 08:23,B06,M0089,Platinum,App,Coffee,2,95,0.00,190.00,App Wallet,
T004647,2026-05-27 08:54,B02,M0005,Bronze,In-store,Tea,2,80,0.00,160.00,QR PromptPay,4
T004648,2026-05-27 08:58,B03,M0013,Silver,In-store,Coffee,1,85,12.75,72.25,QR PromptPay,4
T004649,2026-05-27 11:25,B05,M0008,Bronze,In-store,Coffee,1,75,0.00,75.00,Cash,4
T004650,27/05/2026 12:12,B04,,,Delivery,Coffee,1,65,0.00,65.00,Cash,
T004650,27/05/2026 12:12,B04,,,Delivery,Coffee,1,65,0.00,65.00,Cash,
T004651,2026-05-27 12:31,B08,,,In-store,Bakery,1,50,0.00,50.00,Cash,5
T004652,2026-05-27 13:37,B02,M0170,Gold,Delivery,Coffee,2,120,12.00,228.00,QR PromptPay,4
T004653,2026-05-27 13:37,B02,,,In-store,Coffee,1,105,0.00,105.00,QR PromptPay,
T004654,27/05/2026 13:58,B04,M0083,Bronze,In-store,Coffee,1,55,0.00,55.00,Credit Card,3
T004655,2026-05-27 16:00,B08,M0065,Platinum,App,Coffee,1,100,5.00,95.00,App Wallet,
T004656,2026-05-27 16:14,B07,M0209,Bronze,In-store,Coffee,2,90,0.00,180.00,Credit Card,
T004657,2026-05-27 16:58,B03,M0133,Silver,In-store,Coffee,1,80,0.00,80.00,Cash,4
T004658,2026-05-27 16:58,B02,M0060,Bronze,In-store,Tea,1,60,0.00,60.00,Cash,
T004659,2026-05-27 18:15,B01,M0151,Platinum,App,Coffee,1,80,12.00,68.00,App Wallet,3
T004660,2026-05-27 18:20,B05,,,In-store,Merchandise,1,525,0.00,525.00,QR PromptPay,4
T004661,2026-05-28 08:22,B06,M0198,Bronze,In-store,Tea,3,0,0.00,0.00,Credit Card,5
T004662,2026-05-28 08:28,B06,M0089,Platinum,In-store,Bakery,1,50,2.50,47.50,QR PromptPay,4
T004663,2026-05-28 08:37,B02,M0151,Platinum,In-store,Tea,2,95,19.00,171.00,Cash,
T004664,2026-05-28 08:46,B03,M9677,Bronze,In-store,Coffee,2,110,33.00,187.00,QR PromptPay,
T004665,2026-05-28 08:57,B03,,,In-store,Bakery,1,80,0.00,80.00,QR PromptPay,4
T004666,2026-05-28 09:08,B08,M0119,Silver,App,Coffee,1,105,0.00,105.00,Credit Card,4
T004667,28/05/2026 09:35,B04,,,In-store,Coffee,1,80,0.00,80.00,QR PromptPay,
T004668,2026-05-28 10:40,B01,M0164,Silver,App,Coffee,2,65,0.00,130.00,App Wallet,
T004669,2026-05-28 11:07,B05,,,Delivery,Coffee,2,55,0.00,110.00,Credit Card,5
T004670,2026-05-28 12:53,B05,,,Delivery,Tea,2,80,0.00,160.00,Credit Card,
T004671,2026-05-28 13:09,B01,M0151,Platinum,App,Tea,4,70,0.00,280.00,App Wallet,3
T004672,2026-05-28 13:20,B07,M0209,Bronze,App,Coffee,4,70,0.00,280.00,Credit Card,5
T004673,2026-05-28 13:20,B02,M9158,Silver,Delivery,Coffee,1,100,0.00,100.00,QR PromptPay,
T004674,2026-05-28 13:22,B03,M0154,Platinum,In-store,Coffee,2,105,0.00,210.00,Credit Card,5
T004675,2026-05-28 13:30,B02,M0007,Gold,In-store,Coffee,1,100,15.00,85.00,Cash,
T004676,2026-05-28 14:39,b02,M0101,Platinum,App,Bakery,2,90,36.00,144.00,Credit Card,
T004677,2026-05-28 16:02,B8,,,In-store,Tea,3,85,0.00,255.00,Credit Card,
T004678,2026-05-28 16:37,B02,,,Delivery,Bakery,3,110,0.00,330.00,Credit Card,4
T004679,2026-05-28 16:39,B06,,,App,Tea,1,80,0.00,80.00,Credit Card,
T004680,2026-05-28 17:02,B02,,,App,Coffee,1,60,0.00,60.00,Credit Card,
T004681,2026-05-28 17:22,B07,M0198,Bronze,App,Coffee,4,75,30.00,270.00,App Wallet,4
T004682,28/05/2026 19:46,B04,M0039,Silver,In-store,Coffee,1,100,0.00,100.00,Cash,
T004683,2026-05-29 07:07,B05,,,In-store,Coffee,1,115,0.00,115.00,QR PromptPay,
T004684,29/05/2026 07:15,B04,,,In-store,Bakery,2,95,0.00,190.00,Cash,5
T004685,2026-05-29 07:27,B06,,,In-store,Bakery,1,50,0.00,50.00,QR PromptPay,
T004686,2026-05-29 08:13,B07,,,In store,Tea,1,70,0.00,70.00,Cash,
T004687,2026-05-29 08:22,B06,M0259,Silver,In-store,Tea,1,75,0.00,75.00,Cash,
T004688,2026-05-29 08:24,B08,M0079,Bronze,App,Coffee,1,80,0.00,80.00,App Wallet,
T004689,2026-05-29 08:28,B05,M0164,Silver,In-store,Coffee,3,100,0.00,300.00,Cash,
T004690,2026-05-29 10:01,B07,,,Delivery,Coffee,2,90,0.00,180.00,QR PromptPay,
T004691,2026-05-29 12:13,B06,M0199,bronze,In-store,Coffee,1,65,0.00,65.00,Cash,
T004692,2026-05-29 12:21,B01,M0144,Bronze,In-store,Coffee,3,105,0.00,315.00,Credit Card,
T004693,2026-05-29 13:12,B06,M0259,Silver,App,Tea,3,70,0.00,210.00,App Wallet,
T004694,2026-05-29 13:22,B07,,,In-store,Coffee,2,75,0.00,150.00,Cash,
T004695,2026-05-29 13:43,B08,M0210,Bronze,In-store,Bakery,1,85,0.00,85.00,Credit Card,
T004696,2026-05-29 14:59,B06,M0089,Platinum,In-store,Bakery,2,65,19.50,110.50,Cash,
T004697,2026-05-29 15:56,B03,M0055,Gold,In-store,Tea,3,85,0.00,255.00,Cash,4
T004698,2026-05-29 16:08,B06,M0262,Silver,In-store,Coffee,1,60,0.00,60.00,Cash,3
T004699,2026-05-29 16:29,b01,M0151,Platinum,App,Coffee,1,115,23.00,92.00,App Wallet,
T004700,2026-05-29 16:30,B06,M0065,Platinum,In-store,Coffee,2,70,21.00,119.00,QR PromptPay,
T004701,2026-05-29 18:08,B07,M0185,Bronze,Delivery,Coffee,3,85,0.00,255.00,QR PromptPay,
T004702,2026-05-29 19:48,B05,M0128,Silver,In-store,Bakery,2,50,0.00,100.00,Credit Card,5
T004703,2026-05-29 23:59,B01,,,Delivery,Coffee,1,110,0.00,110.00,QR PromptPay,
T004704,2026-05-30 00:38,B01,,,Delivery,Coffee,4,95,0.00,380.00,QR PromptPay,
T004705,2026-05-30 07:02,B06,M0240,Slvr,In-store,Tea,1,90,0.00,90.00,Credit Card,
T004706,2026-05-30 08:00,B02,M0107,Silver,In-store,Bakery,3,55,0.00,165.00,Cash,
T004707,2026-05-30 08:18,B07,,,in-store,Bakery,4,100,0.00,400.00,Credit Card,
T004708,2026-05-30 08:22,B08,,,App,Coffee,2,95,0.00,190.00,Credit Card,
T004709,2026-05-30 08:36,B06,M0229,Bronze,In-store,Coffee,2,105,0.00,210.00,Credit Card,
T004710,2026-05-30 08:42,B01,M0188,Bronze,App,Coffee,1,70,0.00,70.00,Credit Card,
T004711,2026-05-30 09:50,B03,M0273,Bronze,App,Tea,3,70,0.00,210.00,App Wallet,
T004712,30/05/2026 09:53,B04,,,In-store,Tea,2,65,0.00,130.00,QR PromptPay,2
T004713,2026-05-30 09:54,B05,M0146,Bronze,In-store,Bakery,1,75,0.00,75.00,Credit Card,5
T004714,2026-05-30 10:01,B05,M0073,Silver,Delivery,Coffee,2,85,17.00,153.00,Credit Card,
T004715,30/05/2026 10:38,b04,,,In-store,Bakery,2,55,0.00,110.00,Credit Card,
T004716,2026-05-30 10:54,B2,M0007,Gold,In-store,Bakery,2,50,0.00,100.00,QR PromptPay,
T004717,2026-05-30 11:40,B01,M0216,Silver,In-store,Coffee,4,90,0.00,360.00,Cash,4
T004718,2026-05-30 12:40,B02,,,App,Coffee,1,110,0.00,110.00,App Wallet,5
T004719,2026-05-30 12:41,B01,M0089,Platinum,In-store,Coffee,1,65,0.00,65.00,QR PromptPay,3
T004720,30/05/2026 13:53,B04,,,App,Bakery,1,65,0.00,65.00,Credit Card,
T004721,2026-05-30 13:59,B02,M0056,Silver,In-store,Coffee,1,65,0.00,65.00,QR PromptPay,
T004722,2026-05-30 14:03,B03,M0108,Silver,In-store,Coffee,1,120,0.00,120.00,Cash,
T004723,2026-05-30 15:54,B06,M0084,Silver,In-store,Coffee,2,110,0.00,220.00,Cash,
T004724,2026-05-30 15:58,B06,M0029,Silver,In-store,Tea,3,55,0.00,165.00,QR PromptPay,3
T004725,2026-05-30 16:53,B03,,,App,Coffee,3,105,0.00,315.00,Credit Card,
T004726,2026-05-30 17:09,B07,M0042,Bronze,In-store,Bakery,4,45,0.00,180.00,Credit Card,4
T004727,2026-05-30 17:44,B07,M0118,Bronze,App,Bakery,4,85,0.00,340.00,Credit Card,3
T004728,2026-05-30 18:54,B01,M0151,Platinum,App,Tea,1,90,0.00,90.00,Credit Card,
T004729,2026-05-30 19:34,B07,,,Delivery,Tea,1,65,0.00,65.00,QR PromptPay,
T004730,2026-05-31 07:23,B06,M0023,Silver,In-store,Coffee,1,115,23.00,92.00,QR PromptPay,
T004731,2026-05-31 08:04,B08,M0093,Silver,In-store,Bakery,1,70,0.00,70.00,QR PromptPay,
T004732,2026-05-31 08:50,B03,M0074,Silver,Instore,Coffee,2,60,0.00,120.00,Credit Card,
T004733,2026-05-31 08:58,B07,,,In-store,Coffee,1,80,0.00,80.00,Cash,3
T004734,2026-05-31 10:28,B05,,,In-store,Coffee,4,120,0.00,480.00,QR PromptPay,
T004735,2026-05-31 12:31,B07,,,In-store,Bakery,4,90,0.00,360.00,Cash,4
T004736,2026-05-31 12:36,B06,M0089,Platinum,Delivery,Coffee,1,65,3.25,61.75,QR PromptPay,
T004737,2026-05-31 12:39,B08,,,Delivery,Bakery,1,45,0.00,45.00,QR PromptPay,
T004738,2026-05-31 12:58,B02,M0107,Silver,In-store,Coffee,1,60,0.00,60.00,Cash,
T004739,2026-05-31 12:59,B06,,,In-store,Coffee,1,70,0.00,70.00,Credit Card,3
T004740,2026-05-31 13:16,B05,,,In-store,Bakery,1,55,0.00,55.00,Cash,4
T004741,2026-05-31 14:53,B06,M0008,Bronze,Delivery,Bakery,1,65,0.00,65.00,QR PromptPay,
T004742,2026-05-31 16:11,B02,,,In-store,Tea,1,50,0.00,90.00,QR PromptPay,5
T004743,2026-05-31 16:21,B02,,,In-store,Coffee,4,95,0.00,380.00,QR PromptPay,2
T004744,2026-05-31 17:02,B07,M0209,SILVER,Delivery,Merchandise,1,370,0.00,370.00,Credit Card,
T004745,31/05/2026 17:06,B04,M0242,Silver,In-store,Coffee,1,105,0.00,105.00,Credit Card,
T004746,2026-05-31 17:41,B01,M0222,Silver,App,Bakery,4,110,0.00,440.00,App Wallet,4
T004747,2026-05-31 18:06,B01,,,In-store,Bakery,4,45,0.00,180.00,QR PromptPay,
T004748,2026-05-31 18:29,B02,M0268,GOLD,In-store,Coffee,3,85,0.00,255.00,Cash,
T004749,2026-05-31 19:33,B07,,,In-store,Tea,2,85,0.00,170.00,Cash,5
T004750,2026-05-31 21:42,B01,,,Delivery,Bakery,3,45,0.00,135.00,Credit Card,
T004751,2026-06-01 07:30,B05,M0105,silver,In-store,Coffee,1,80,8.00,72.00,Cash,4
T004752,2026-06-01 08:13,B08,M0093,Silver,App,Coffee,3,100,0.00,300.00,Credit Card,3
T004753,2026-06-01 09:56,B06,M0223,Bronze,In-store,Coffee,1,120,0.00,120.00,Cash,
T004754,2026-06-01 10:02,B08,M0065,Platinum,In-store,Bakery,2,70,28.00,112.00,Cash,
T004755,2026-06-01 12:34,B07,M0219,Bronze,Delivery,Coffee,1,90,4.50,85.50,Cash,4
T004756,2026-06-01 12:37,B02,M0244,silver,Delivery,Coffee,4,80,0.00,320.00,Credit Card,
T004757,2026-06-01 13:10,B08,,,In-store,Tea,1,90,0.00,90.00,QR PromptPay,
T004758,2026-06-01 13:38,B05,M9700,Silver,App,Coffee,2,60,6.00,114.00,App Wallet,5
T004759,2026-06-01 13:41,B02,M0068,Gold,App,Merchandise,1,680,34.00,646.00,Credit Card,5
T004760,2026-06-01 15:40,B07,M0118,Bronze,Delivery,Tea,4,50,0.00,200.00,Credit Card,4
T004761,2026-06-01 16:08,B08,M0068,Gold,App,Coffee,2,115,23.00,207.00,Credit Card,5
T004761,2026-06-01 16:08,B08,M0068,Gold,App,Coffee,2,115,23.00,207.00,Credit Card,5
T004762,2026-06-01 16:31,B07,M0022,Bronze,In-store,Coffee,1,65,0.00,65.00,Cash,
T004763,2026-06-01 17:06,B05,,,In-store,Bakery,4,70,0.00,280.00,QR PromptPay,3
T004764,2026-06-01 17:08,B07,M0209,Silver,App,Bakery,1,60,0.00,60.00,Credit Card,
T004765,2026-06-01 17:46,B03,M0154,Platinum,In-store,Coffee,4,70,28.00,252.00,QR PromptPay,
T004766,2026-06-01 18:23,B03,,,In-store,Coffee,3,100,0.00,300.00,QR PromptPay,3
T004767,2026-06-02 01:40,B01,,,Delivery,Coffee,4,115,0.00,460.00,QR PromptPay,
T004768,2026-06-02 07:00,B02,M0244,Silver,Delivery,Tea,1,95,0.00,95.00,Cash,
T004769,2026-06-02 07:33,B01,M0242,Silver,In-store,Coffee,1,80,0.00,80.00,Cash,4
T004770,2026-06-02 07:54,B01,M0222,Silver,In-store,Merchandise,1,530,0.00,530.00,Credit Card,
T004771,2026-06-02 08:31,B01,M0151,Platinum,Delivery,Coffee,2,55,16.50,93.50,QR PromptPay,
T004772,2026-06-02 08:51,B01,M0097,Bronze,In-store,Tea,1,90,0.00,90.00,Cash,
T004773,2026-06-02 08:56,B01,,,In-store,Bakery,3,110,0.00,330.00,Cash,
T004774,2026-06-02 10:42,B06,,,App,Coffee,1,60,0.00,60.00,Credit Card,
T004775,2026-06-02 11:20,B06,M0121,Gld,In-store,Coffee,4,85,51.00,289.00,QR PromptPay,4
T004776,2026-06-02 12:08,B07,M0209,SILVER,App,Coffee,1,75,15.00,60.00,App Wallet,
T004777,02/06/2026 12:20,B04,M0215,Silver,In-store,Coffee,1,80,0.00,80.00,Credit Card,
T004778,2026-06-02 12:48,B08,M0065,Platinum,App,Coffee,2,120,0.00,240.00,App Wallet,
T004779,2026-06-02 13:03,B05,M9723,Bronze,App,Coffee,2,55,0.00,110.00,App Wallet,3
T004780,2026-06-02 13:32,B08,M0109,Platinum,App,Coffee,1,110,11.00,99.00,App Wallet,3
T004781,2026-06-02 15:02,B02,M0244,Silver,Delivery,Coffee,2,85,0.00,170.00,QR PromptPay,
T004782,2026-06-02 15:23,B06,M0206,Bronze,App,Coffee,1,120,0.00,120.00,Credit Card,
T004783,2026-06-02 15:32,B07,,,In-store,Bakery,3,70,0.00,210.00,Credit Card,
T004784,2026-06-02 16:30,B06,M0162,Silver,In-store,Bakery,1,90,13.50,76.50,QR PromptPay,
T004785,02/06/2026 16:43,B04,,,App,Coffee,3,80,0.00,240.00,App Wallet,4
T004786,2026-06-02 16:46,B07,M0095,Bronze,Delivery,Bakery,1,45,0.00,45.00,QR PromptPay,
T004787,2026-06-02 16:51,B03,M0129,Silver,In-store,Coffee,4,60,0.00,240.00,Cash,3
T004788,02/06/2026 17:07,B04,M0125,Silver,In-store,Coffee,4,115,0.00,460.00,QR PromptPay,
T004789,2026-06-02 17:43,B08,M0065,Platinum,In-store,Bakery,3,70,0.00,210.00,Credit Card,
T004790,2026-06-02 18:41,B02,M0068,Gld,In-store,Coffee,2,75,0.00,150.00,Credit Card,
T004791,2026-06-02 18:45,B07,,,In-store,Coffee,1,105,0.00,105.00,Credit Card,
T004792,2026-06-03 01:56,B01,,,Delivery,Coffee,3,55,0.00,165.00,QR PromptPay,
T004793,2026-06-03 02:17,B01,M0241,Bronze,Delivery,Coffee,4,105,0.00,420.00,Credit Card,3
T004794,2026-06-03 02:56,B01,,,Delivery,Tea,1,95,0.00,95.00,QR PromptPay,
T004795,2026-06-03 08:01,B05,M0228,Plat.,App,Bakery,4,50,40.00,160.00,Credit Card,3
T004796,2026-06-03 08:26,B02,,,In-store,Coffee,1,90,0.00,90.00,Credit Card,
T004797,2026-06-03 08:39,B07,M0209,Silver,In-store,Tea,4,60,12.00,228.00,QR PromptPay,
T004798,2026-06-03 09:10,B03,M0063,Gold,Delivery,Bakery,1,70,14.00,56.00,Cash,2
T004799,2026-06-03 10:37,B08,,,In-store,Coffee,2,90,0.00,180.00,Cash,
T004800,2026-06-03 11:27,B06,,,In-store,Bakery,1,105,0.00,105.00,Cash,3
T004801,03/06/2026 11:50,B04,M0213,Silver,In-store,Coffee,1,70,14.00,56.00,QR PromptPay,
T004802,2026-06-03 12:01,B06,M0089,Platinum,In-store,Bakery,1,50,0.00,50.00,QR PromptPay,5
T004803,2026-06-03 12:21,B05,M0110,Gold,App,Coffee,2,55,11.00,99.00,App Wallet,5
T004804,03/06/2026 12:22,B04,,,In-store,Coffee,4,80,0.00,320.00,Cash,2
T004805,2026-06-03 13:17,B05,M0105,Silver,App,Coffee,4,80,0.00,320.00,Credit Card,5
T004806,2026-06-03 13:41,B03,M0140,Silver,App,Bakery,2,95,0.00,190.00,Credit Card,
T004807,2026-06-03 14:56,B08,M0174,Silver,In-store,Tea,1,65,9.75,55.25,Credit Card,
T004808,2026-06-03 15:12,B02,M0205,Platinum,In-store,Tea,2,65,26.00,104.00,QR PromptPay,
T004809,2026-06-03 16:08,B01,M0151,Platinum,In-store,Coffee,1,75,3.75,71.25,Cash,
T004810,2026-06-03 16:19,B03,M0053,Platinum,Deliv.,Coffee,1,75,7.50,67.50,QR PromptPay,
T004811,2026-06-03 16:21,B06,,,App,Tea,4,95,0.00,380.00,App Wallet,
T004812,2026-06-03 16:22,B03,,,In-store,Coffee,4,115,0.00,460.00,QR PromptPay,
T004813,2026-06-03 17:51,B01,M0121,Gold,In-store,Tea,2,75,0.00,150.00,Cash,3
T004814,2026-06-03 19:23,B06,M0084,Silver,App,Coffee,2,90,0.00,180.00,App Wallet,5
T004815,2026-06-03 19:28,B01,,,In-store,Merchandise,1,320,0.00,320.00,Cash,
T004816,04/06/2026 07:15,B04,M0085,Bronze,In-store,Bakery,3,45,0.00,135.00,Credit Card,1
T004817,2026-06-04 07:31,B02,M0214,GOLD,In-store,Bakery,2,95,0.00,190.00,Cash,
T004818,2026-06-04 07:32,B05,,,In-store,Tea,1,70,0.00,70.00,Credit Card,
T004819,2026-06-04 07:41,B07,M0038,Silver,Delivery,Coffee,2,100,0.00,200.00,QR PromptPay,
T004820,2026-06-04 08:21,B06,M0099,Bronze,App,Bakery,2,55,0.00,110.00,Credit Card,
T004820,2026-06-04 08:21,B06,M0099,Bronze,App,Bakery,2,55,0.00,110.00,Credit Card,
T004821,2026-06-04 10:06,B08,M0065,Platinum,App,Bakery,1,95,0.00,95.00,Credit Card,
T004822,2026-06-04 12:06,B03,M0140,Silver,In-store,Coffee,1,85,17.00,68.00,QR PromptPay,4
T004823,2026-06-04 12:35,B05,M0105,Silver,In-store,Coffee,2,120,0.00,240.00,Cash,
T004824,2026-06-04 13:57,B01,M0232,Silver,In-store,Tea,1,70,0.00,70.00,QR PromptPay,3
T004825,2026-06-04 15:49,B03,M0074,Silver,App,Coffee,2,100,0.00,200.00,Credit Card,4
T004826,2026-06-04 16:32,B08,M0109,Platinum,App,Merchandise,3,555,83.25,1581.75,App Wallet,
T004827,2026-06-04 16:41,B07,M0022,Bronze,In-store,Coffee,4,80,0.00,320.00,Cash,
T004828,2026-06-04 16:42,B06,M0162,Silver,In-store,Bakery,4,80,0.00,320.00,QR PromptPay,
T004829,2026-06-04 17:21,B08,,,Delivery,Coffee,2,90,0.00,180.00,QR PromptPay,
T004830,2026-06-04 18:22,B01,M0167,Gold,App,Tea,1,50,0.00,50.00,Credit Card,
T004831,2026-06-05 07:17,B06,M0020,Bronze,In-store,Coffee,1,60,0.00,60.00,Credit Card,5
T004832,2026-06-05 08:05,B01,M0151,Platinum,In-store,Coffee,1,70,7.00,63.00,Cash,
T004833,05/06/2026 08:21,B04,M0052,Silver,App,Coffee,1,85,0.00,85.00,App Wallet,5
T004834,2026-06-05 08:32,B06,M0119,Silver,App,Coffee,2,105,0.00,210.00,App Wallet,4
T004835,2026-06-05 08:54,B05,M0164,Silver,App,Merchandise,3,630,0.00,1890.00,Credit Card,
T004836,2026-06-05 08:54,B01,,,App,Tea,4,65,0.00,260.00,App Wallet,
T004837,2026-06-05 10:08,B07,M0219,Bronze,Delivery,Bakery,1,55,0.00,55.00,QR PromptPay,
T004837,2026-06-05 10:08,B07,M0219,Bronze,Delivery,Bakery,1,55,0.00,55.00,QR PromptPay,
T004838,2026-06-05 10:34,B02,M0200,Gold,App,Coffee,3,80,24.00,216.00,App Wallet,4
T004839,2026-06-05 11:53,B02,M0154,Platinum,In-store,Bakery,1,85,4.25,80.75,Cash,
T004840,2026-06-05 12:01,B06,M0062,GOLD,In-store,Coffee,2,110,0.00,220.00,Cash,
T004841,2026-06-05 12:07,B06,M0123,Gold,Delivery,Merchandise,1,530,0.00,530.00,Cash,
T004842,2026-06-05 12:30,B01,M0172,Brz,Delivery,Coffee,1,75,0.00,75.00,Credit Card,
T004843,2026-06-05 13:29,B02,M0068,Gold,In-store,Coffee,2,55,16.50,93.50,Credit Card,5
T004844,2026-06-05 13:57,B07,,,In-store,Bakery,2,75,0.00,150.00,Cash,4
T004845,2026-06-05 14:17,B03,M0065,Platinum,In-store,Tea,1,85,0.00,85.00,Cash,
T004846,2026-06-05 15:05,B08,M0065,Platinum,In-store,Bakery,4,45,36.00,144.00,Cash,
T004847,2026-06-05 15:06,B05,,,Delivery,Coffee,3,75,0.00,225.00,Credit Card,
T004848,2026-06-05 16:34,B07,M0219,Bronze,Delivery,Bakery,4,100,0.00,400.00,Credit Card,
T004849,2026-06-05 16:59,B08,M0221,Silver,In-store,Coffee,2,65,0.00,130.00,Credit Card,
T004849,2026-06-05 16:59,B08,M0221,Silver,In-store,Coffee,2,65,0.00,130.00,Credit Card,
T004850,2026-06-05 18:01,B01,,,In-store,Merchandise,1,305,0.00,305.00,QR PromptPay,
T004851,2026-06-06 07:47,B08,M0065,Platinum,In-store,Tea,4,80,16.00,304.00,Credit Card,4
T004852,2026-06-06 08:01,B03,,,In-store,Merchandise,4,310,0.00,1240.00,QR PromptPay,3
T004853,2026-06-06 08:02, B02,M0228,Platinum,Delivery,Coffee,2,115,46.00,184.00,Cash,
T004854,2026-06-06 08:03,B07,M0095,Brz,App,Bakery,3,100,0.00,300.00,App Wallet,5
T004855,06/06/2026 08:07,B04,M0262,Silver,In-store,Coffee,4,80,48.00,272.00,Credit Card,
T004856,2026-06-06 08:08,B03,M0154,Platinum,In-store,Coffee,1,85,8.50,76.50,Credit Card,5
T004857,2026-06-06 08:12,B07,,,Delivery,Bakery,2,70,0.00,140.00,QR PromptPay,
T004858,2026-06-06 08:27,B07,M0272,Silver,Delivery,Bakery,3,85,0.00,255.00,QR PromptPay,
T004859,2026-06-06 08:31,B03,,,App,Coffee,4,95,0.00,380.00,Credit Card,
T004860,2026-06-06 08:46,B03,M0013,Silver,In-store,Bakery,1,55,0.00,55.00,QR PromptPay,
T004861,2026-06-06 08:50,B05,M0213,Silver,Delivery,Merchandise,2,620,186.00,1054.00,Credit Card,4
T004862,2026-06-06 08:59,B06,,,Delivery,Coffee,2,115,0.00,230.00,QR PromptPay,4
T004863,2026-06-06 09:24,B08,M0068,Gold,App,Coffee,2,115,0.00,230.00,App Wallet,
T004864,2026-06-06 09:37,B05,,,In-store,Bakery,3,100,0.00,300.00,Cash,
T004865,2026-06-06 10:18,B05,M0164,Silver,App,Bakery,1,105,10.50,94.50,Credit Card,
T004866,06/06/2026 10:21,B04,M0173,Silver,In-store,Bakery,3,80,0.00,240.00,Credit Card,
T004867,06/06/2026 10:45,B04,,,In-store,Coffee,1,95,0.00,95.00,QR PromptPay,5
T004868,2026-06-06 12:07,B07,M0118,Bronze,Mobile App,Bakery,3,75,0.00,225.00,App Wallet,
T004869,2026-06-06 12:13,B05,M0264,Silver,In-store,Coffee,3,90,0.00,270.00,Cash,
T004870,2026-06-06 12:29,B05,M0217,Bronze,In-store,Coffee,4,65,0.00,260.00,Credit Card,
T004871,06/06/2026 12:40,B04,M0039,Silver,In-store,Tea,2,90,0.00,180.00,Credit Card,
T004872,2026-06-06 13:17,B07,M0209,silver,In-store,Bakery,1,45,0.00,45.00,Cash,
T004873,06/06/2026 13:40,B04,,,In-store,Coffee,1,105,0.00,105.00,Cash,
T004874,2026-06-06 13:49,B03,M0154,Platinum,App,Bakery,1,80,12.00,68.00,App Wallet,3
T004875,2026-06-06 13:52,B05,M0130,gold,In-store,Bakery,1,100,15.00,85.00,QR PromptPay,4
T004876,2026-06-06 13:58,B03,M0055,Gold,App,Tea,2,95,0.00,190.00,App Wallet,
T004875,2026-06-06 14:30,B05,M0130,Gold,In-store,Bakery,-1,100,-15.00,-85.00,QR PromptPay,
T004877,2026-06-06 14:54,B01,M0011,Bronze,In-store,Merchandise,1,885,0.00,885.00,Credit Card,4
T004878,2026-06-06 15:12,B03,M0211,Platinum,App,Coffee,1,55,11.00,44.00,Credit Card,4
T004879,2026-06-06 15:17,B07,,,In-store,Bakery,1,95,0.00,95.00,QR PromptPay,5
T004880,2026-06-06 15:43,B05,M0217,Bronze,App,Bakery,1,50,0.00,50.00,Credit Card,3
T004881,2026-06-06 16:12,B03,M0239,Gold,In-store,Coffee,1,95,19.00,76.00,Credit Card,
T004882,2026-06-06 16:14,B07,,,In-store,Bakery,1,110,0.00,110.00,Cash,
T004880,2026-06-06 16:15,B05,M0217,Bronze,App,Bakery,-1,50,-0.00,-50.00,Credit Card,
T004883,06/06/2026 16:18,B04,M0168,Platinum,In-store,Coffee,1,115,11.50,103.50,Cash,5
T004884,2026-06-06 16:18,B05,,,In-store,Bakery,1,45,0.00,45.00,Cash,3
T004885,2026-06-06 16:28,B06,,,Delivery,Bakery,1,85,0.00,85.00,Credit Card,
T004886,2026-06-06 17:02,B03,M0064,Bronze,App,Tea,1,65,0.00,65.00,Credit Card,
T004887,2026-06-06 17:33,B03,M0197,Bronze,Delivery,Bakery,1,60,0.00,60.00,Credit Card,
T004888,2026-06-06 18:02,B01,M0097,Bronze,In-store,Merchandise,1,570,0.00,570.00,Cash,3
T004888,2026-06-06 18:24,B01,M0097,Brz,Instore,Merchandise,-1,570,-0.00,-570.00,Cash,
T004889,2026-06-06 18:47,B01,M0188,Bronze,App,Coffee,2,65,0.00,130.00,Credit Card,5
T004890,2026-06-06 19:40,B07,M0209,Silver,In-store,Coffee,2,70,0.00,140.00,QR PromptPay,5
T004891,2026-06-06 22:00,B01,,,Delivery,Coffee,2,90,0.00,180.00,Credit Card,
T004892,2026-06-07 07:23,B02,M0195,Silver,App,Coffee,1,100,0.00,100.00,App Wallet,
T004893,2026-06-07 07:42,B07,M0042,Bronze,App,Coffee,4,80,0.00,320.00,App Wallet,
T004894,07/06/2026 12:22,B04,,,In-store,Coffee,2,70,0.00,140.00,Credit Card,
T004895,2026-06-07 12:27,B03,,,In-store,Tea,4,75,0.00,300.00,QR PromptPay,
T004896,2026-06-07 12:28,B06,,,In-store,Bakery,1,65,0.00,65.00,Cash,
T004897,2026-06-07 12:43,B02,M0121,Gold,In-store,Coffee,2,95,0.00,190.00,Cash,
T004898,07/06/2026 13:01,B04,M0018,Bronze,App,Coffee,2,60,12.00,108.00,App Wallet,
T004899,07/06/2026 13:18,B04,M0215,Silver,In-store,Bakery,1,80,0.00,80.00,QR PromptPay,2
T004900,2026-06-07 14:24,B08,,,App,Tea,4,55,0.00,220.00,App Wallet,4
T004901,2026-06-07 15:40,B08,M0065,Platinum,In-store,Bakery,3,100,60.00,240.00,Credit Card,
T004902,2026-06-07 16:17,B06,M0222,Silver,App,Tea,4,95,0.00,380.00,App Wallet,
T004903,2026-06-07 16:39,B05,,,In-store,Bakery,3,45,0.00,135.00,Cash,
T004904,2026-06-07 16:55,B03,,,In-store,Coffee,1,60,0.00,60.00,Credit Card,3
T004905,2026-06-07 17:49,B02,,,In-store,Coffee,3,100,0.00,300.00,QR PromptPay,
T004906,07/06/2026 18:28,B04,M0095,Bronze,Delivery,Coffee,3,55,0.00,165.00,Cash,1
T004907,2026-06-07 18:51,B06,M0070,Platinum,In-store,Coffee,3,70,42.00,168.00,QR PromptPay,
T004908,2026-06-07 18:53,B02,,,In-store,Coffee,1,100,0.00,100.00,QR PromptPay,
T004909,2026-06-07 22:32,B01,,,delivery,Coffee,4,105,0.00,420.00,QR PromptPay,
T004910,2026-06-08 07:07,B08,M0070,Platinum,In-store,Coffee,1,90,13.50,76.50,Credit Card,5
T004911,2026-06-08 07:23,B01,,,In-store,Coffee,2,90,0.00,180.00,Credit Card,
T004912,2026-06-08 08:21,B08,M0065,Platinum,Delivery,Bakery,3,90,13.50,256.50,QR PromptPay,
T004913,2026-06-08 08:22,B03,,,Instore,Coffee,3,75,0.00,225.00,QR PromptPay,4
T004914,2026-06-08 08:40,B02,M0154,Platinum,App,Bakery,2,90,9.00,171.00,App Wallet,
T004915,2026-06-08 11:36,B06,,,In-store,Coffee,2,90,0.00,180.00,Credit Card,
T004916,2026-06-08 12:02,B06,,,In-store,Bakery,1,70,0.00,70.00,Credit Card,4
T004917,2026-06-08 12:14,B05,M0151,Platinum,In-store,Coffee,1,55,8.25,46.75,Credit Card,
T004918,2026-06-08 12:20,B05,,,In store,Coffee,3,115,0.00,345.00,QR PromptPay,3
T004919,2026-06-08 13:12,B01,M0199,Bronze,App,Tea,1,55,0.00,55.00,Credit Card,4
T004920,2026-06-08 13:14,B06,,,Delivery,Coffee,2,65,0.00,130.00,Credit Card,
T004921,08/06/2026 13:37,B04,M0108,Silver,Delivery,Coffee,2,70,0.00,140.00,Cash,2
T004922,2026-06-08 13:57,B06,M0244,Silver,In-store,Tea,1,50,0.00,50.00,QR PromptPay,4
T004923,2026-06-08 13:57,B02,M0161,Silver,App,Coffee,1,80,4.00,76.00,Credit Card,4
T004924,2026-06-08 14:19,B01,M0135,Gold,In-store,Tea,1,80,0.00,80.00,QR PromptPay,
T004925,2026-06-08 15:20,B01,M0011,Bronze,App,Bakery,3,100,0.00,300.00,Credit Card,3
T004926,08/06/2026 16:16,B04,M0215,Silver,Delivery,Tea,2,75,0.00,150.00,QR PromptPay,
T004927,08/06/2026 16:20,B04,,,In-store,Tea,2,75,0.00,150.00,QR PromptPay,1
T004928,2026-06-08 16:25,B01,M0151,Platinum,In-store,Coffee,2,75,7.50,142.50,QR PromptPay,
T004929,2026-06-08 16:41,B06,M0070,Platinum,In-store,Coffee,3,65,0.00,195.00,Cash,4
T004930,2026-06-08 16:45,B08,M0262,Silver,In-store,Coffee,1,65,0.00,65.00,QR PromptPay,2
T004931,2026-06-08 16:51,B01,,,In-store,Coffee,4,100,0.00,400.00,Cash,
T004932,2026-06-08 17:16,B03,M0245,Bronze,In-store,Coffee,3,120,0.00,360.00,QR PromptPay,4
T004933,2026-06-08 17:18,B02,,,In-store,Coffee,2,120,0.00,240.00,QR PromptPay,
T004932,2026-06-08 18:43,B03,M0245,Bronze,In-store,Coffee,-3,120,-0.00,-360.00,QR PromptPay,
T004934,2026-06-08 22:47, B01,,,Delivery,Tea,1,95,0.00,95.00,Credit Card,
T004935,2026-06-09 01:35,B01,,,delivery,Coffee,2,85,0.00,170.00,Credit Card,
T004936,2026-06-09 02:24,B01,,,Delivery,Coffee,2,110,0.00,220.00,Credit Card,4
T004937,2026-06-09 07:04,B07,M0042,Bronze,delivery,Tea,3,90,0.00,270.00,Credit Card,
T004938,2026-06-09 08:17,B5,,,In-store,Bakery,1,100,0.00,100.00,QR PromptPay,1
T004939,2026-06-09 08:21,B06,,,In-store,Tea,2,70,0.00,140.00,QR PromptPay,
T004940,2026-06-09 08:27,B05,M0202,Bronze,APP,Coffee,1,105,0.00,105.00,App Wallet,5
T004941,2026-06-09 08:31,B08,M0126,Bronze,App,Coffee,4,70,0.00,280.00,App Wallet,
T004942,09/06/2026 11:23,B04,,,In-store,Coffee,2,60,0.00,120.00,QR PromptPay,
T004943,2026-06-09 12:18,B06,M0197,Bronze,App,Coffee,1,105,0.00,105.00,App Wallet,
T004944,2026-06-09 12:38,B03,M0064,Bronze,In-store,Bakery,1,45,0.00,45.00,Credit Card,
T004945,2026-06-09 13:12,B03,,,Delivery,Bakery,4,45,0.00,180.00,QR PromptPay,
T004946,2026-06-09 13:31,B08,M0065,Platinum,Delivery,Coffee,1,70,14.00,56.00,Cash,
T004947,2026-06-09 13:56,B02,M0121,Gold,Delivery,Merchandise,1,695,0.00,695.00,Cash,
T004948,2026-06-09 14:55,B05,M0162,Silver,In-store,Coffee,2,120,0.00,240.00,Credit Card,
T004949,2026-06-09 15:23,B05,,,App,Coffee,1,95,0.00,95.00,Credit Card,
T004950,2026-06-09 17:20,B05,M0163,Silver,App,Coffee,3,80,0.00,240.00,Credit Card,3
T004951,2026-06-09 18:27,B08,M0255,Bronze,In-store,Coffee,4,65,0.00,260.00,QR PromptPay,
T004952,2026-06-09 18:57,B06,M0070,Platinum,App,Coffee,1,60,0.00,60.00,App Wallet,
T004953,2026-06-10 02:42,B01,M0195,Silver,Delivery,Coffee,1,80,0.00,80.00,Credit Card,
T004954,2026-06-10 07:40,B07,M0095,Bronze,In-store,Bakery,2,50,0.00,100.00,Credit Card,
T004955,2026-06-10 08:02,B01,M0188,Bronze,In-store,Merchandise,2,815,0.00,1630.00,QR PromptPay,5
T004956,2026-06-10 08:18,B03,M0225,Bronze,In-store,Bakery,4,100,0.00,380.00,Credit Card,
T004957,2026-06-10 08:33,B06,M0070,Platinum,In-store,Tea,1,55,0.00,55.00,Credit Card,5
T004958,2026-06-10 09:22,B08,M0126,Bronze,In-store,Bakery,1,55,0.00,55.00,Cash,5
T004959,2026-06-10 11:05,B02,M0099,Bronze,App,Tea,2,60,0.00,120.00,Credit Card,
T004960,2026-06-10 11:10,B02,M0268,Gold,App,Coffee,1,85,0.00,85.00,Credit Card,5
T004961,2026-06-10 11:53,B01,M0151,Platinum,App,Coffee,1,90,0.00,90.00,Credit Card,
T004962,2026-06-10 12:00,B08,,,In-store,Merchandise,1,825,0.00,825.00,Cash,
T004963,2026-06-10 12:01,B06,,,In-store,Coffee,4,55,0.00,220.00,Cash,
T004964,2026-06-10 12:28,B08,M0168,Platinum,App,Coffee,2,105,10.50,199.50,App Wallet,
T004965,2026-06-10 13:21,B05,M0266,Gold,In-store,Bakery,4,90,18.00,342.00,Cash,
T004966,2026-06-10 13:34,B01,M0144,Bronze,Delivery,Coffee,1,85,0.00,85.00,Credit Card,
T004967,2026-06-10 14:20,B06,,,In-store,Coffee,1,90,0.00,90.00,QR PromptPay,
T004968,2026-06-10 16:08,B07,,,App,Merchandise,2,360,0.00,720.00,App Wallet,
T004969,2026-06-10 16:09,B07,,,APP,Tea,1,70,0.00,70.00,Credit Card,
T004970,2026-06-10 16:28,B05,M0176,Silver,Delivery,Coffee,4,60,0.00,240.00,Cash,5
T004971,2026-06-10 16:30,B06,,,Delivery,Coffee,1,115,0.00,115.00,Credit Card,
T004972,10/06/2026 16:33,B04,M0039,Silver,In-store,Coffee,4,90,18.00,342.00,Credit Card,
T004973,2026-06-10 16:34,B01,M0008,Bronze,In store,Tea,2,95,9.50,180.50,QR PromptPay,
T004974,10/06/2026 16:45,B04,M0244,Silver,In-store,Bakery,1,75,0.00,75.00,QR PromptPay,
T004975,2026-06-10 17:01,B06,M0178,Bronze,In-store,Coffee,1,95,0.00,95.00,QR PromptPay,
T004976,2026-06-10 17:14,B03,M0108,Silver,In-store,Bakery,1,85,4.25,80.75,Cash,
T004977,2026-06-10 18:39,B02,M0068,Gold,In-store,Bakery,2,100,0.00,200.00,Credit Card,4
T004978,2026-06-10 23:19,B01,,,Delivery,Coffee,1,120,0.00,120.00,QR PromptPay,
T004979,2026-06-11 02:28,B01,,,Delivery,Bakery,3,80,0.00,240.00,Credit Card,
T004980,2026-06-11 07:32,B01,M0151,Platinum,In-store,Coffee,3,90,0.00,270.00,QR PromptPay,
T004981,2026-06-11 08:06,B08,,,In-store,Coffee,1,85,0.00,85.00,Cash,3
T004982,2026-06-11 08:59,B05,,,In-store,Merchandise,4,355,0.00,1420.00,QR PromptPay,
T004983,11/06/2026 09:04,B04,,,Delivery,Tea,4,95,0.00,380.00,Cash,
T004984,2026-06-11 09:58,B03,M0154,Platinum,In-store,Coffee,2,95,19.00,171.00,Cash,
T004985,2026-06-11 10:01,B02,,,Delivery,Coffee,1,75,0.00,75.00,QR PromptPay,
T004986,2026-06-11 10:49,B06,M0009,Gold,In-store,Coffee,2,60,0.00,120.00,Credit Card,
T004987,2026-06-11 12:54,B05,M0209,Silver,In-store,Merchandise,1,750,0.00,750.00,QR PromptPay,
T004988,2026-06-11 13:21,B06,,,In-store,Coffee,1,115,0.00,115.00,QR PromptPay,5
T004989,2026-06-11 13:38,B01,M9043,Silver,In-store,Tea,1,70,0.00,70.00,Cash,
T004990,2026-06-11 13:48,B01,M0179,Silver,In-store,Coffee,4,120,0.00,480.00,QR PromptPay,
T004991,2026-06-11 14:01,B06,M0089,Platinum,Delivery,Merchandise,1,495,0.00,495.00,QR PromptPay,4
T004992,2026-06-11 15:45,B01,M0151,Platinum,In-store,Merchandise,1,575,57.50,517.50,QR PromptPay,4
T004993,11/06/2026 16:46,B04,M0264,Silver,In-store,Coffee,4,80,64.00,256.00,Cash,
T004994,2026-06-11 17:22,B07,M0059,Bronze,App,Coffee,1,80,0.00,80.00,Credit Card,
T004995,2026-06-11 17:44,B02,M9362,Platinum,In-store,Tea,4,65,52.00,208.00,Cash,4
T004996,2026-06-12 07:19,B07,,,In-store,Coffee,1,110,0.00,110.00,QR PromptPay,
T004997,12/06/2026 08:07,B04,M0020,Bronze,In-store,Bakery,1,65,0.00,65.00,Credit Card,
T004998,2026-06-12 08:15,B06,M0132,Silver,App,Tea,1,65,0.00,65.00,App Wallet,
T004999,2026-06-12 08:24,B02,M0071,Silver,App,Coffee,4,95,0.00,380.00,Credit Card,
T005000,2026-06-12 08:25,B06,M0029,Silver,In-store,Coffee,1,60,0.00,60.00,QR PromptPay,
T005001,2026-06-12 08:38,B01,M0151,Platinum,App,Bakery,4,100,0.00,400.00,App Wallet,
T005002,2026-06-12 08:42,B06,M0227,BRONZE,App,Coffee,1,90,0.00,90.00,App Wallet,
T005003,2026-06-12 08:55,B06,M0056,Silver,App,Coffee,1,120,12.00,108.00,App Wallet,5
T004997,12/06/2026 09:09,B04,M0020,Bronze,In-store,Bakery,-1,65,-0.00,-65.00,Credit Card,
T005004,2026-06-12 10:26,B03,M0074,Silver,Delivery,Coffee,1,60,0.00,60.00,Cash,
T005005,2026-06-12 12:04,B08,M0065,Platinum,In-store,Tea,1,65,9.75,55.25,QR PromptPay,5
T005006,12/06/2026 12:27,B04,,,In-store,Coffee,1,85,0.00,85.00,QR PromptPay,2
T005007,2026-06-12 12:36,B01,M0221,Silver,In-store,Merchandise,1,840,0.00,840.00,Credit Card,4
T005008,2026-06-12 13:37,B08,M0206,Bronze,In-store,Coffee,1,120,0.00,120.00,QR PromptPay,5
T005009,12/06/2026 13:43,B04,M0230,Bronze,App,Coffee,4,75,0.00,300.00,App Wallet,
T005010,2026-06-12 14:16,B01,M0028,Bronze,In-store,Coffee,4,95,0.00,380.00,Credit Card,4
T005011,2026-06-12 14:42,B03,M0128,Silver,In-store,Coffee,1,65,13.00,52.00,Credit Card,3
T005012,2026-06-12 14:52,B03,,,Delivery,Coffee,1,100,0.00,100.00,Cash,
T005013,2026-06-12 14:52,B05,M0020,Bronze,In-store,Tea,2,55,11.00,99.00,Cash,4
T005014,2026-06-12 15:06,B07,,,Delivery,Coffee,1,115,0.00,115.00,Cash,
T005015,2026-06-12 15:33,B03,M9723,Platinum,In-store,Merchandise,4,350,210.00,1190.00,Cash,3
T005016,2026-06-12 16:51,B01,M0151,Platinum,In-store,Coffee,3,115,51.75,293.25,Credit Card,3
T005017,2026-06-12 17:31,B05,,,App,Coffee,3,120,0.00,360.00,Credit Card,
T005018,2026-06-12 17:41,B03,M0153,Silver,In-store,Coffee,1,70,0.00,70.00,QR PromptPay,
T005019,2026-06-12 17:50,B07,M0272,Silver,in-store,Coffee,2,90,0.00,180.00,QR PromptPay,
T005019,2026-06-12 17:58,B07,M0272,Silver,In-store,Coffee,-2,90,-0.00,-180.00,QR PromptPay,
T005020,2026-06-12 18:38,B05,M0105,Silver,In-store,Bakery,1,70,10.50,59.50,Cash,
T005021,2026-06-12 18:48,B08,M0065,Platinum,App,Coffee,1,70,0.00,70.00,App Wallet,
T005022,2026-06-12 18:55,B06,M0020,Bronze,In-store,Coffee,1,85,17.00,68.00,Credit Card,4
T005023,2026-06-12 19:51,B01,M0135,Gold,Delivery,Coffee,3,120,0.00,360.00,Cash,
T005024,2026-06-13 00:59,B01,,,Delivery,Bakery,1,50,0.00,50.00,Credit Card,
T005025,2026-06-13 07:28,B05,M0130,Gold,In-store,Tea,2,50,0.00,100.00,Credit Card,
T005026,2026-06-13 07:37,B07,,,App,Tea,2,65,0.00,130.00,Credit Card,
T005027,2026-06-13 07:45,B03,M0250,Bronze,In-store,Coffee,1,80,0.00,80.00,Cash,4
T005028,2026-06-13 08:27,B01,,,Delivery,Coffee,1,120,0.00,60.00,Credit Card,
T005029,2026-06-13 08:56,B08,M0109,Platinum,App,Coffee,1,105,0.00,105.00,App Wallet,
T005030,2026-06-13 09:12,B01,M0154,Platinum,In-store,Tea,1,70,0.00,70.00,QR PromptPay,4
T005031,13/06/2026 10:42,B04,M0249,Bronze,In-store,Bakery,2,75,0.00,150.00,Cash,
T005032,2026-06-13 11:25,B05,,,In-store,Bakery,2,95,0.00,190.00,Credit Card,
T005033,2026-06-13 11:36,B06,M0162,Silver,App,Coffee,1,95,0.00,95.00,App Wallet,
T005034,2026-06-13 12:04,B03,M0162,Silver,App,Coffee,2,100,40.00,160.00,App Wallet,
T005035,2026-06-13 12:40,B01,,,In-store,Coffee,3,80,0.00,240.00,Credit Card,
T005036,2026-06-13 12:40,B05,M0164,Silver,Delivery,Tea,2,60,0.00,120.00,Cash,
T005037,2026-06-13 12:58,B08,,,In-store,Coffee,4,115,0.00,460.00,Cash,4
T005038,2026-06-13 12:58,B03,,,App,Coffee,1,100,0.00,100.00,App Wallet,
T005039,2026-06-13 13:05,B08,,,In-store,Bakery,4,60,0.00,240.00,Cash,
T005040,13/06/2026 13:11,B04,,,App,Coffee,2,100,0.00,200.00,Credit Card,1
T005041,13/06/2026 13:24,B04,M0137,Platinum,In-store,Coffee,3,120,18.00,342.00,QR PromptPay,
T005042,2026-06-13 14:11,B01,,,Delivery,Coffee,4,55,0.00,220.00,QR PromptPay,3
T005043,13/06/2026 15:15,B04,M0115,Bronze,App,Coffee,1,110,0.00,110.00,App Wallet,1
T005044,13/06/2026 15:24,B04,,,In-store,Coffee,1,70,0.00,70.00,Credit Card,
T005045,2026-06-13 16:11,B05,M0110,Gold,In-store,Coffee,2,100,0.00,200.00,QR PromptPay,4
T005046,2026-06-13 18:26,B08,M0255,Bronze,In-store,Bakery,1,80,0.00,80.00,Credit Card,
T005047,13/06/2026 18:42,B04,M0115,Bronze,Instore,Bakery,4,95,0.00,380.00,Credit Card,
T005048,2026-06-13 19:07,B05,M0217,Bronze,In-store,Bakery,1,105,0.00,105.00,QR PromptPay,4
T005049,2026-06-13 19:51,B07,M0160,Bronze,In-store,Coffee,3,100,0.00,300.00,QR PromptPay,
T005050,2026-06-14 07:42,B02,M0037,Platinum,In-store,Merchandise,2,390,78.00,702.00,QR PromptPay,2
T005051,2026-06-14 07:47,B03,M0239,Gold,In-store,Coffee,2,55,0.00,110.00,Cash,
T005052,14/06/2026 08:23,B04,M0264,Silver,Delivery,Coffee,1,60,0.00,60.00,QR PromptPay,3
T005053,2026-06-14 08:25,B01,M0216,Silver,In-store,Coffee,1,115,0.00,115.00,QR PromptPay,
T005054,14/06/2026 09:06,B04,M0213,Silver,In-store,Tea,1,70,0.00,70.00,QR PromptPay,
T005055,14/06/2026 09:18,B04,,,In-store,Bakery,1,70,0.00,70.00,Credit Card,
T005056,2026-06-14 11:45,B05,M0217,Bronze,Delivery,Coffee,1,60,0.00,60.00,Credit Card,
T005056,2026-06-14 11:45,B05,M0217,Bronze,Delivery,Coffee,1,60,0.00,60.00,Credit Card,
T005057,2026-06-14 12:21,B07,M0095,Bronze,In-store,Coffee,3,115,0.00,345.00,Credit Card,5
T005058,2026-06-14 12:24, B01,,,In-store,Coffee,4,115,0.00,460.00,QR PromptPay,
T005059,2026-06-14 12:34,B03,M0108,Silver,In-store,Coffee,1,75,3.75,71.25,Credit Card,5
T005060,2026-06-14 12:48,B06,M0198,Bronze,In-store,Merchandise,1,870,0.00,870.00,Credit Card,
T005061,2026-06-14 13:08,B03,M0250,Bronze,App,Merchandise,1,460,0.00,460.00,Credit Card,
T005062,2026-06-14 13:19,B03,M0046,Bronze,In-store,Bakery,2,85,8.50,161.50,Credit Card,3
T005063,2026-06-14 14:17,B03,M0074,Silver,In-store,Bakery,2,95,0.00,190.00,QR PromptPay,
T005064,2026-06-14 15:42,B01,,,In-store,Coffee,4,85,0.00,340.00,Credit Card,4
T005065,2026-06-14 15:55,B07,M0063,Gold,In-store,Coffee,2,85,0.00,170.00,QR PromptPay,3
T005066,2026-06-14 16:17,B01,M0105,Silver,In-store,Tea,3,95,0.00,285.00,Credit Card,
T005067,2026-06-14 19:26,B02,M0244,Silver,Delivery,Coffee,2,110,0.00,220.00,Cash,
T005068,2026-06-14 19:36,B01,M0028,Bronze,In-store,Coffee,3,105,0.00,315.00,QR PromptPay,
T005069,2026-06-15 07:36,B01,M0151,Platinum,In-store,Coffee,1,100,0.00,100.00,Cash,4
T005070,2026-06-15 08:08,B08,M0111,Bronze,In-store,Bakery,1,95,0.00,95.00,QR PromptPay,
T005071,2026-06-15 09:07,B02,,,Delivery,Coffee,2,60,0.00,120.00,QR PromptPay,
T005072,2026-06-15 11:11,B08,,,In-store,Coffee,2,65,0.00,130.00,Credit Card,
T005073,2026-06-15 11:36,B05,M0266,Gold,App,Coffee,2,105,0.00,210.00,App Wallet,
T005074,2026-06-15 11:39,B06,,,In-store,Merchandise,1,400,0.00,400.00,Cash,
T005075,2026-06-15 11:44,B03,,,Delivery,Coffee,3,100,0.00,300.00,Credit Card,
T005076,2026-06-15 11:45,B08,,,Delivery,Coffee,1,110,0.00,110.00,Cash,
T005077,15/06/2026 12:29,B04,,,App,Bakery,4,105,0.00,420.00,App Wallet,
T005078,2026-06-15 14:09,B02,M0107,Silver,Delivery,Bakery,1,70,0.00,70.00,QR PromptPay,3
T005078,2026-06-15 14:37,B02,M0107,Silver,Delivery,Bakery,-1,70,-0.00,-70.00,QR PromptPay,
T005079,2026-06-15 15:38,B02,M0205,Platinum,Delivery,Coffee,1,80,0.00,80.00,Cash,
T005080,2026-06-15 16:17,B01,M0012,Brz,In-store,Bakery,2,65,0.00,130.00,QR PromptPay,
T005081,2026-06-15 17:32,B03,,,App,Coffee,2,120,0.00,240.00,App Wallet,4
T005082,15/06/2026 17:46,B04,M0232,Silver,Delivery,Tea,2,90,0.00,180.00,QR PromptPay,4
T005083,2026-06-15 18:31,B07,,,In-store,Coffee,1,75,0.00,75.00,Cash,
T005084,2026-06-15 19:34,B07,M0095,Bronze,App,Merchandise,1,720,0.00,720.00,Credit Card,
T005085,2026-06-15 19:57,B07,M0021,Gold,Delivery,Tea,1,85,0.00,85.00,QR PromptPay,3
T005086,2026-06-16 02:36,B01,,,Delivery,Bakery,2,60,0.00,120.00,Credit Card,
T005087,2026-06-16 07:06,B06,M0223,Bronze,Delivery,Coffee,1,70,0.00,70.00,QR PromptPay,2
T005088,2026-06-16 07:56,B05,M0016,Gold,In-store,Coffee,1,120,24.00,96.00,Cash,
T005089,2026-06-16 08:23,B08,,,Delivery,Tea,2,90,0.00,180.00,QR PromptPay,
T005090,2026-06-16 08:31,B02,,,In-store,Coffee,3,105,0.00,315.00,Credit Card,
T005091,2026-06-16 08:31,B07,,,In-store,Coffee,1,120,0.00,120.00,QR PromptPay,
T005092,2026-06-16 08:49,B03,M0114,Silver,App,Bakery,2,70,0.00,140.00,Credit Card,
T005093,2026-06-16 08:54,B03,M0211,Platinum,App,Coffee,1,95,0.00,95.00,Credit Card,
T005094,2026-06-16 08:59,B05,,,In-store,Bakery,1,70,0.00,70.00,Cash,
T005095,2026-06-16 09:28,B01,,,In-store,Coffee,2,105,0.00,210.00,QR PromptPay,
T005096,2026-06-16 10:12,B03,M0041,Platinum,In-store,Coffee,2,115,11.50,218.50,Credit Card,
T005097,2026-06-16 10:35,B01,,,Delivery,Bakery,1,75,0.00,75.00,Cash,
T005098,2026-06-16 10:36,B06,,,In-store,Bakery,2,95,0.00,190.00,Credit Card,
T005099,2026-06-16 10:41,B08,,,App,Coffee,4,95,0.00,380.00,App Wallet,4
T005100,16/06/2026 10:50,B04,M9158,Silver,App,Coffee,4,85,0.00,340.00,Credit Card,
T005101,2026-06-16 11:16,B05,,,In-store,Bakery,3,105,0.00,315.00,QR PromptPay,
T005102,2026-06-16 12:23,B06,,,App,Coffee,3,105,0.00,315.00,Credit Card,3
T005103,2026-06-16 12:27,B06,M0191,Bronze,In-store,Coffee,2,95,0.00,190.00,QR PromptPay,4
T005104,2026-06-16 15:17,B03,M0238,Bronze,In-store,Coffee,4,55,0.00,220.00,Credit Card,
T005105,2026-06-16 15:42,B01,M0042,Bronze,App,Coffee,1,70,14.00,56.00,App Wallet,3
T005106,2026-06-16 16:30,B06,M0089,Platinum,App,Coffee,2,75,0.00,150.00,App Wallet,
T005107,2026-06-16 16:42,B08,M0109,Platinum,In-store,Coffee,4,65,0.00,260.00,Cash,4
T005108,16/06/2026 16:56,B04,M0056,Slvr,In-store,Merchandise,1,405,0.00,405.00,QR PromptPay,5
T005109,2026-06-16 17:50,B08,M0065,Platinum,In-store,Tea,2,80,16.00,144.00,Credit Card,
T005110,2026-06-16 18:43,B07,M0219,Bronze,In-store,Tea,4,90,558.96,-198.96,QR PromptPay,
T005111,2026-06-16 22:31,B01,,,Delivery,Coffee,2,65,0.00,130.00,QR PromptPay,5
T005112,2026-06-17 01:41,B01,,,Delivery,Coffee,4,115,0.00,460.00,Credit Card,
T005113,2026-06-17 07:50,B01,,,In-store,Bakery,2,65,0.00,130.00,QR PromptPay,
T005114,2026-06-17 08:01,B07,,,Delivery,Coffee,1,110,0.00,110.00,Cash,
T005115,2026-06-17 08:06,B07,M0095,Bronze,In-store,Tea,1,60,0.00,60.00,Cash,5
T005116,2026-06-17 08:06,B02,,,In-store,Bakery,1,100,0.00,100.00,QR PromptPay,4
T005117,2026-06-17 08:19,B07,M0021,Gold,Delivery,Coffee,4,115,0.00,460.00,QR PromptPay,
T005118,2026-06-17 08:50,B06,M0029,Silver,Delivery,Coffee,1,100,0.00,100.00,QR PromptPay,3
T005119,2026-06-17 08:57,B03,M0131,Bronze,Delivery,Bakery,1,75,0.00,75.00,QR PromptPay,
T005120,17/06/2026 09:45,B04,M0115,bronze,In-store,Coffee,4,90,0.00,360.00,Credit Card,5
T005121,2026-06-17 09:49,B06,,,App,Bakery,2,55,0.00,110.00,Credit Card,
T005122,2026-06-17 10:26,B05,,,In-store,Coffee,3,60,0.00,180.00,Cash,4
T005123,2026-06-17 10:33,B06,,,Delivery,Coffee,1,75,0.00,75.00,Cash,
T005123,2026-06-17 10:33,B06,,,Delivery,Coffee,1,75,0.00,75.00,Cash,
T005124,2026-06-17 11:49,B05,M0167,Gold,in-store,Coffee,2,100,0.00,200.00,QR PromptPay,
T005125,2026-06-17 11:52,B08,M0126,Brz,In-store,Bakery,3,90,0.00,270.00,Cash,5
T005126,2026-06-17 12:10,B05,,,App,Bakery,1,95,0.00,95.00,Credit Card,
T005127,2026-06-17 12:15,B02,,,Delivery,Tea,2,50,0.00,100.00,QR PromptPay,5
T005128,2026-06-17 12:22,B08,M0224,Bronze,In-store,Bakery,2,100,0.00,200.00,Cash,4
T005129,2026-06-17 12:29,B01,,,Delivery,Coffee,1,100,0.00,100.00,Cash,
T005130,2026-06-17 13:06,B03,,,In-store,Tea,1,95,0.00,95.00,Credit Card,
T005131,2026-06-17 13:20,B03,M0133,Silver,Delivery,Coffee,1,55,0.00,55.00,Cash,
T005132,2026-06-17 13:36,B03,,,Delivery,Bakery,2,45,0.00,90.00,QR PromptPay,
T005133,2026-06-17 14:28,B05,M0110,Gold,In-store,Bakery,1,45,0.00,45.00,Credit Card,
T005134,2026-06-17 16:16,B05,M0202,Bronze,App,Coffee,1,90,0.00,90.00,App Wallet,5
T005135,2026-06-17 16:27,B08,M0119,Silver,App,Bakery,1,100,0.00,100.00,Credit Card,
T005136,2026-06-17 16:32,B01,M0008,Bronze,In-store,Coffee,2,110,0.00,220.00,Credit Card,5
T005137,2026-06-17 16:50,B06,M0029,Silver,App,Tea,2,60,6.00,114.00,App Wallet,
T005138,2026-06-17 16:53,B02,,,In-store,Coffee,1,60,0.00,60.00,QR PromptPay,
T005139,2026-06-17 18:27,B07,,,App,Coffee,1,90,0.00,90.00,Credit Card,
T005140,17/06/2026 19:25,B04,,,In-store,Coffee,2,55,0.00,110.00,QR PromptPay,5
T005141,2026-06-17 19:26,B06,M0259,Silver,In-store,Tea,1,85,8.50,76.50,QR PromptPay,
T005142,2026-06-17 21:30,B01,,,Delivery,Coffee,4,95,0.00,380.00,QR PromptPay,
T005143,2026-06-18 01:23,B01,,,Delivery,Coffee,2,75,0.00,150.00,Credit Card,
T005144,18/06/2026 07:30,B04,M0084,Silver,In-store,Bakery,1,85,8.50,76.50,Cash,
T005145,2026-06-18 07:55,B01,M0188,Bronze,In-store,Bakery,2,85,0.00,170.00,Credit Card,
T005146,18/06/2026 08:31,B04,,,In-store,Coffee,1,60,0.00,60.00,Credit Card,
T005147,2026-06-18 08:53,B06,M0089,Platinum,Delivery,Bakery,1,95,9.50,85.50,QR PromptPay,3
T005148,2026-06-18 08:58,B05,M0199,Bronze,App,Coffee,1,80,0.00,80.00,Credit Card,5
T005149,2026-06-18 09:04,B07,,,Delivery,Tea,3,50,0.00,150.00,Cash,3
T005147,2026-06-18 10:05,B06,M0089,Platinum,Delivery,Bakery,-1,95,-9.50,-85.50,QR PromptPay,
T005150,2026-06-18 10:09,B03,M0053,Platinum,In-store,Coffee,2,85,25.50,144.50,Cash,
T005151,2026-06-18 10:11,B02,M0214,Gold,App,Coffee,1,55,0.00,55.00,Credit Card,
T005152,2026-06-18 10:12,B01,M0177,Silver,App,Bakery,3,45,6.75,128.25,Credit Card,3
T005153,2026-06-18 13:50,B01,M0135,Gold,In-store,Coffee,2,65,19.50,110.50,QR PromptPay,
T005154,2026-06-18 16:16,B06,M0250,Bronze,In-store,Tea,2,95,0.00,190.00,Cash,
T005155,2026-06-18 17:30,B03,M0202,Bronze,App,Coffee,1,80,0.00,80.00,Credit Card,
T005156,18/06/2026 19:11,B04,M0115,Bronze,App,Coffee,1,100,0.00,100.00,Credit Card,
T005157,2026-06-19 00:14,B01,,,Delivery,Coffee,4,100,0.00,400.00,Credit Card,
T005158,2026-06-19 02:22,B01,M0267,Gold,Delivery ,Coffee,3,110,0.00,330.00,Credit Card,5
T005159,2026-06-19 07:42,B07,M0021,Gold,In-store,Coffee,1,100,0.00,100.00,Credit Card,5
T005160,2026-06-19 08:09,B06,M0262,Silver,Delivery,Bakery,1,70,14.00,56.00,Credit Card,3
T005161,2026-06-19 08:47,B03,M0154,Platinum,In-store,Coffee,1,65,0.00,65.00,Cash,
T005162,2026-06-19 08:47,B06,,,App,Coffee,1,70,0.00,70.00,Credit Card,
T005163,2026-06-19 10:22,B07,M0209,Silver,Delivery,Merchandise,2,255,0.00,510.00,QR PromptPay,
T005164,2026-06-19 10:30,B01,M0151,Platinum,In-store,Tea,1,85,8.50,76.50,QR PromptPay,3
T005165,2026-06-19 11:28,B02,M0088,Gold,Delivery,Coffee,1,115,0.00,115.00,QR PromptPay,
T005166,2026-06-19 11:52,B05,,,In-store,Coffee,3,90,0.00,270.00,Cash,
T005167,19/06/2026 12:17,B04,,,In-store,Coffee,1,55,0.00,55.00,Cash,
T005168,2026-06-19 13:14,B07,M0039,Silver,In-store,Tea,3,75,0.00,225.00,QR PromptPay,
T005169,2026-06-19 13:45,B02,M0068,Gold,In-store,Bakery,4,55,44.00,176.00,Credit Card,4
T005170,2026-06-19 13:49,B01,M0089,Platinum,App,Tea,3,50,0.00,150.00,App Wallet,4
T005171,2026-06-19 13:51,B05,M0016,Gold,In-store,Tea,2,65,13.00,117.00,Credit Card,3
T005172,2026-06-19 14:45,B02,,,In-store,Bakery,1,90,0.00,90.00,Credit Card,
T005173,2026-06-19 14:58,B05,M0180,Silver,In-store,Coffee,1,75,0.00,75.00,Credit Card,
T005174,19/06/2026 15:28,B04,M0139,Bronze,In-store,Coffee,3,120,36.00,324.00,Cash,
T005175,2026-06-19 15:35,B07,M0012,Bronze,Delivery,Coffee,1,55,0.00,55.00,Cash,
T005176,2026-06-19 16:30,B01,M0232,Silver,In-store,Tea,1,95,0.00,95.00,Cash,
T005177,2026-06-19 16:40,B02,,,Deliv.,Coffee,2,110,0.00,220.00,Credit Card,
T005178,2026-06-19 16:40,B07,M0199,Bronze,In-store,Coffee,1,80,0.00,80.00,QR PromptPay,5
T005176,2026-06-19 16:47,B01,M0232,Silver,In-store,Tea,-1,95,-0.00,-95.00,Cash,
T005179,2026-06-19 16:47,B07,M0089,Platinum,App,Coffee,1,100,5.00,95.00,Credit Card,
T005180,2026-06-19 16:56,B08,M0233,Bronze,In-store,Coffee,3,75,0.00,225.00,Credit Card,4
T005181,2026-06-19 17:36,B02,M0068,Gold,In-store,Coffee,2,105,31.50,178.50,Cash,
T005182,2026-06-19 19:31,B03,M0041,Platinum,App,Coffee,1,60,6.00,54.00,Credit Card,4
T005183,2026-06-19 21:39,B01,,,Delivery,Coffee,1,85,0.00,85.00,Credit Card,
T005184,2026-06-20 07:54,B08,M0065,Platinum,App,Coffee,2,60,0.00,120.00,Credit Card,
T005185,20/06/2026 10:05,B04,M0125,Silver,Delivery,Coffee,2,60,24.00,96.00,Credit Card,
T005186,2026-06-20 10:20,B06,,,Delivery,Tea,1,75,0.00,75.00,Credit Card,4
T005187,2026-06-20 10:34,B08,M0065,Platinum,In-store,Bakery,1,65,0.00,65.00,Cash,5
T005188,2026-06-20 12:07,B08,M0244,Silver,In-store,Coffee,1,55,5.50,49.50,QR PromptPay,
T005189,2026-06-20 12:57,B03,M0245,Bronze,In-store,Coffee,1,55,0.00,55.00,QR PromptPay,4
T005190,2026-06-20 13:12,B01,M0144,Brz,App,Coffee,1,95,14.25,80.75,App Wallet,
T005191,20/06/2026 13:59,B04,M0192,Silver,App,Coffee,2,95,0.00,190.00,Credit Card,5
T005192,2026-06-20 14:01,B03,M0096,Gold,In-store,Tea,1,65,0.00,65.00,QR PromptPay,5
T005193,2026-06-20 16:00,B06,M0178,Bronze,app,Coffee,1,55,0.00,55.00,App Wallet,
T005194,2026-06-20 17:24,B01,M0151,Platinum,Delivery,Coffee,2,85,0.00,170.00,QR PromptPay,
T005195,2026-06-20 17:43,B06,M0162,SILVER,In-store,Coffee,1,90,0.00,90.00,Cash,4
T005196,2026-06-20 19:13,B05,M0262,Silver,In-store,Bakery,1,100,0.00,100.00,Credit Card,
T005197,2026-06-20 19:21,B06,M0070,Platinum,In-store,Coffee,1,110,22.00,88.00,Cash,
T005198,2026-06-20 19:42,B07,M0051,Bronze,App,Coffee,3,110,0.00,330.00,Credit Card,4
T005199,2026-06-20 22:01,B01,,,Delivery,Coffee,2,120,0.00,240.00,QR PromptPay,
T005200,21/06/2026 07:22,B04,,,In-store,Coffee,2,65,0.00,130.00,Credit Card,
T005201,2026-06-21 07:45,B02,M0199,Bronze,In-store,Coffee,3,85,12.75,242.25,Credit Card,4
T005202,2026-06-21 07:58,B06,M0070,Platinum,App,Bakery,2,105,10.50,199.50,App Wallet,5
T005203,21/06/2026 08:12,B04,M0024,Gold,Delivery,Merchandise,1,820,41.00,779.00,Cash,5
T005204,2026-06-21 08:38,B08,M0092,Bronze,App,Bakery,1,50,0.00,50.00,App Wallet,
T005205,2026-06-21 08:44,B07,M0229,Bronze,Delivery,Bakery,1,55,0.00,55.00,QR PromptPay,
T005206,2026-06-21 10:26,B02,,,App,Bakery,1,95,0.00,95.00,App Wallet,
T005207,2026-06-21 12:52,B06,M0020,Bronze,Delivery,Bakery,1,85,0.00,85.00,Cash,
T005208,21/06/2026 15:35,B04,M0242,Silver,In store,Tea,4,55,44.00,176.00,Cash,1
T005209,2026-06-21 15:48,B08,,,App,Coffee,2,85,0.00,170.00,Credit Card,4
T005210,2026-06-21 18:28,B01,M0209,Silver,App,Bakery,1,85,0.00,85.00,App Wallet,
T005211,2026-06-21 19:07,B03,,,In-store,Coffee,4,85,0.00,340.00,Credit Card,
T005212,2026-06-21 19:45,B07,M0022,Bronze,In-store,Coffee,4,115,0.00,460.00,QR PromptPay,3
T005213,2026-06-22 07:12,B05,M0110,Gold,In-store,Bakery,1,45,4.50,40.50,Credit Card,3
T005214,2026-06-22 08:29,B05,M0163,Silver,In-store,Coffee,2,65,0.00,130.00,Cash,
T005215,2026-06-22 08:41,B05,M0266,Gold,In store,Coffee,1,120,18.00,102.00,QR PromptPay,4
T005216,2026-06-22 10:07,B06,M0268,Gold,In-store,Coffee,1,60,0.00,60.00,Cash,
T005217,2026-06-22 10:37,B06,,,In-store,Coffee,4,70,0.00,280.00,QR PromptPay,5
T005218,2026-06-22 10:51,B05,M0163,Silver,App,Tea,2,85,0.00,170.00,Credit Card,
T005219,2026-06-22 11:32,B05,M0016,gold,App,Bakery,2,105,31.50,178.50,Credit Card,
T005220,2026-06-22 12:24,B01,M0144,Bronze,In-store,Coffee,1,90,0.00,90.00,Cash,4
T005221,2026-06-22 12:30,B01,M0032,Gold,App,Coffee,4,95,76.00,304.00,App Wallet,
T005222,2026-06-22 12:57,B06,M0089,Plat.,Delivery,Bakery,2,90,36.00,144.00,Cash,
T005223,2026-06-22 12:58,B07,M0021,Gold,In-store,Coffee,3,115,0.00,345.00,Cash,
T005224,2026-06-22 13:04,B06,M0162,Silver,In-store,Bakery,2,70,7.00,133.00,QR PromptPay,
T005225,2026-06-22 13:16,B01,M0185,Bronze,App,Tea,4,80,0.00,320.00,App Wallet,
T005226,2026-06-22 14:10,B06,M0154,Platinum,In-store,Coffee,1,95,9.50,85.50,Cash,4
T005227,2026-06-22 14:16,B03,,,In-store,Tea,2,80,0.00,160.00,QR PromptPay,5
T005228,2026-06-22 14:31,B01,M0005,Bronze,App,Merchandise,1,680,0.00,680.00,Credit Card,3
T005229,22/06/2026 14:54,B04,,,Delivery,Coffee,1,105,0.00,105.00,Credit Card,
T005230,2026-06-22 14:56,B01,,,Delivery,Coffee,4,75,0.00,300.00,Credit Card,
T005231,2026-06-22 14:57,B08,M0065,Platinum,App,Coffee,3,65,0.00,195.00,App Wallet,
T005232,2026-06-22 16:12,B07,,,In-store,Bakery,1,75,0.00,75.00,QR PromptPay,
T005233,2026-06-22 17:37,B07,,,Delivery,Coffee,1,115,0.00,115.00,QR PromptPay,
T005234,2026-06-22 17:44,B01,,,In-store,Coffee,1,85,0.00,85.00,Cash,
T005235,2026-06-22 17:57,B06,M9158,Slvr,In-store,Coffee,1,110,0.00,110.00,QR PromptPay,
T005236,2026-06-22 18:42,B03,,,Delivery,Coffee,2,95,0.00,190.00,Credit Card,3
T005237,2026-06-22 18:47,B06,M0009,Gold,App,Bakery,4,90,36.00,324.00,Credit Card,
T005238,2026-06-22 19:08,B06,M0089,Platinum,In-store,Coffee,2,60,12.00,108.00,QR PromptPay,
T005239,2026-06-23 07:41,B05,M0262,Silver,In-store,Bakery,1,70,0.00,70.00,Cash,
T005240,2026-06-23 08:07,B06,,,App,Merchandise,2,410,0.00,820.00,Credit Card,
T005241,2026-06-23 08:50,B07,,,App,Bakery,2,100,0.00,200.00,Credit Card,4
T005242,2026-06-23 08:57,B02,M0121,Platinum,Delivery,Bakery,1,105,0.00,105.00,Cash,3
T005243,2026-06-23 10:31,B05,,,App,Merchandise,1,335,0.00,335.00,App Wallet,
T005244,2026-06-23 10:47,B07,,,In-store,Coffee,2,60,0.00,120.00,QR PromptPay,3
T005245,2026-06-23 11:01,B02,M0101,Platinum,App,Bakery,2,95,19.00,171.00,App Wallet,
T005246,2026-06-23 11:23,B07,M0095,Bronze,Delivery,Coffee,4,120,0.00,480.00,Cash,
T005247,2026-06-23 11:24,B02,,,In-store,Coffee,2,80,0.00,160.00,Credit Card,
T005248,23/06/2026 11:26,B04,,,In-store,Coffee,1,65,0.00,65.00,Cash,
T005249,2026-06-23 11:36,B03,M0027,Silver,In-store,Coffee,1,75,0.00,75.00,QR PromptPay,5
T005250,2026-06-23 11:48,B08,M0065,Platinum,App,Bakery,2,110,0.00,220.00,App Wallet,
T005251,2026-06-23 12:14,B05,M0105,Silver,In-store,Coffee,2,115,0.00,230.00,Credit Card,
T005252,2026-06-23 13:10,B02,M0135,Gold,Delivery,Coffee,1,85,12.75,72.25,QR PromptPay,
T005253,2026-06-23 13:23,B02,,,In-store,Bakery,1,100 THB,0.00,100.00,Cash,
T005254,2026-06-23 14:07,B02,,,In-store,Bakery,1,90,0.00,90.00,Cash,
T005255,2026-06-23 15:00,B02,,,Delivery,Coffee,2,110,0.00,220.00,Cash,4
T005256,2026-06-23 15:18,B08,,,In-store,Coffee,1,85,0.00,85.00,QR PromptPay,
T005257,23/06/2026 16:21,B04,,,Instore,Coffee,1,60,0.00,60.00,Credit Card,1
T005258,2026-06-23 16:51,B03,M0038,Silver,In-store,Coffee,1,95,0.00,95.00,Credit Card,5
T005259,2026-06-23 16:52,B01,M0221,Silver,App,Bakery,4,55,0.00,220.00,App Wallet,
T005260,2026-06-23 18:25,B07,M0272,Silver,In-store,Coffee,4,60,0.00,240.00,Credit Card,4
T005261,23/06/2026 18:48,B04,,,In-store,Coffee,1,115,0.00,115.00,Credit Card,
T005262,2026-06-23 19:48,B07,M0209,Silver,In-store,Tea,1,55,0.00,55.00,Credit Card,4
T005263,2026-06-24 07:35,B07,M0209,Silver,In-store,Coffee,1,60,6.00,54.00,QR PromptPay,5
T005264,2026-06-24 08:03,B02,M0040,Silver,In-store,Coffee,2,55,16.50,93.50,QR PromptPay,
T005265,2026-06-24 08:18,B06,M0035,Gold,In-store,Coffee,3,110,0.00,330.00,QR PromptPay,4
T005266,2026-06-24 09:43,B05,M0147,Bronze,In-store,Coffee,3,110,0.00,330.00,Cash,3
T005267,2026-06-24 10:03,B02,,,App,Tea,1,฿85,0.00,85.00,App Wallet,
T005268,2026-06-24 10:08,B03,,,Delivery,Coffee,3,70,0.00,210.00,Cash,
T005269,2026-06-24 13:33,B07,M0097,Bronze,In-store,Coffee,3,110,0.00,330.00,Cash,
T005270,2026-06-24 13:48,B07,,,In-store,Coffee,1,100,0.00,100.00,Credit Card,
T005271,2026-06-24 13:50,B01,M0086,Silver,In-store,Coffee,2,90,0.00,180.00,QR PromptPay,
T005272,2026-06-24 14:11,B05,M0266,Gold,Delivery,Merchandise,1,460,0.00,460.00,Cash,
T005273,2026-06-24 14:28,B01,M0008,Bronze,App,Tea,1,95,0.00,95.00,Credit Card,
T005274,2026-06-24 14:47,B08,M0089,Platinum,App,Merchandise,1,280,42.00,238.00,Credit Card,4
T005275,2026-06-24 15:36,B05,,,delivery,Coffee,2,70,0.00,140.00,QR PromptPay,3
T005276,2026-06-24 15:40,B02,M0140,Silver,In-store,Coffee,1,105,0.00,105.00,Credit Card,3
T005277,2026-06-24 15:49,B02,M0121,Platinum,App,Bakery,3,80,36.00,204.00,App Wallet,
T005278,2026-06-24 16:12,B03,M0131,Bronze,App,Coffee,1,85,0.00,85.00,Credit Card,
T005279,2026-06-24 16:18,B06,,,In-store,Tea,1,95,0.00,95.00,Cash,3
T005280,25/06/2026 07:21,B04,,,App,Coffee,1,70,0.00,70.00,Credit Card,
T005281,25/06/2026 07:41,B04,M0059,Bronze,Delivery,Coffee,1,70,0.00,70.00,Cash,5
T005282,25/06/2026 08:02,B04,,,In-store,Coffee,4,100,0.00,400.00,Credit Card,1
T005283,25/06/2026 08:13,B04,M0215,Silver,delivery,Coffee,1,110,16.50,93.50,QR PromptPay,
T005284,2026-06-25 08:17,B03,M0202,Bronze,In-store,Bakery,3,90,0.00,270.00,QR PromptPay,
T005285,25/06/2026 08:28,B04,M0245,Bronze,In-store,Bakery,3,105,0.00,315.00,Credit Card,
T005286,2026-06-25 08:51,B06,M0162,Silver,App,Coffee,1,70,0.00,70.00,Credit Card,4
T005287,2026-06-25 10:41,B08,M0109,Platinum,In-store,Bakery,1,100,20.00,80.00,Credit Card,
T005288,2026-06-25 10:52,B06,,,Delivery,Coffee,3,65,0.00,195.00,Cash,5
T005289,2026-06-25 11:17,B01,M0221,Silver,In-store,Coffee,4,105,0.00,420.00,Credit Card,2
T005290,2026-06-25 11:22,B05,M0217,Bronze,App,Coffee,1,120,0.00,120.00,Credit Card,
T005291,25/06/2026 12:00,B04,M0192,Silver,In-store,Coffee,1,105,10.50,94.50,QR PromptPay,
T005292,2026-06-25 13:00,B02,M0244,Silver,In-store,Bakery,2,75,0.00,150.00,Cash,
T005293,25/06/2026 13:31,B04,,,In-store,Tea,1,70,0.00,70.00,QR PromptPay,5
T005294,2026-06-25 13:40,B03,M0053,Platinum,App,Coffee,1,120,18.00,102.00,App Wallet,
T005295,25/06/2026 14:03,B04,M0164,Silver,App,Coffee,1,75,0.00,75.00,Credit Card,5
T005296,2026-06-25 14:43,B01,M0188,BRONZE,Delivery,Merchandise,4,490,0.00,1960.00,Credit Card,
T005297,2026-06-25 15:06,B07,,,Delivery,Bakery,1,55,0.00,55.00,Cash,
T005298,2026-06-25 15:07,B08,M0119,Silver,In-store,Coffee,2,90,0.00,180.00,Cash,4
T005299,2026-06-25 15:40,B01,M0011,Bronze,Delivery,Bakery,1,85,8.50,76.50,QR PromptPay,
T005300,2026-06-25 16:09,B01,,,In-store,Coffee,1,110,0.00,110.00,Cash,
T005301,2026-06-25 16:13,B07,M0115,Bronze,App,Bakery,1,70,0.00,70.00,App Wallet,3
T005302,25/06/2026 16:55,B04,M0039,Silver,Delivery,Coffee,3,120,0.00,360.00,QR PromptPay,
T005303,2026-06-25 16:57,B06,M0262,Silver,In-store,Tea,1,50,10.00,40.00,QR PromptPay,
T005304,2026-06-25 17:38,B06,M0070,Platinum,In-store,Bakery,2,55,0.00,110.00,Cash,
T005305,2026-06-25 17:52,B07,M0266,Gold,In-store,Coffee,2,120,0.00,240.00,Credit Card,
T005306,2026-06-25 18:55,B02,,,In-store,Coffee,1,75 THB,0.00,75.00,Credit Card,
T005307,25/06/2026 19:58,B04,M9458,Silver,In-store,Merchandise,1,850,0.00,850.00,QR PromptPay,
T005308,2026-06-25 23:06,B01,,,Delivery,Tea,3,80,0.00,240.00,Credit Card,4
T005309,2026-06-26 07:05,B01,M0262,SILVER,App,Coffee,1,100,0.00,100.00,App Wallet,
T005310,2026-06-26 08:12,B05,,,App,Tea,1,85,0.00,85.00,App Wallet,5
T005311,2026-06-26 08:29,B06,M0123,Gold,In-store,Bakery,2,70,28.00,112.00,Credit Card,
T005312,2026-06-26 08:29,B05,,,App,Bakery,2,95,0.00,190.00,Credit Card,3
T005313,2026-06-26 08:34,B08,M0209,Silver,In-store,Coffee,1,105,5.25,99.75,QR PromptPay,
T005314,2026-06-26 08:56,B07,M0118,Silver,In-store,Coffee,1,55,0.00,55.00,QR PromptPay,
T005315,2026-06-26 09:51,B05,,,App,Coffee,2,105,0.00,210.00,App Wallet,
T005316,2026-06-26 10:09,B01,M0089,platinum,In-store,Merchandise,1,420,42.00,378.00,Cash,
T005316,2026-06-26 10:57,B01,M0089,Platinum,In-store,Merchandise,-1,420,-42.00,-378.00,Cash,
T005317,26/06/2026 10:59,B04,,,In-store,Coffee,1,90,0.00,90.00,QR PromptPay,
T005318,2026-06-26 11:14,B01,M0016,Gold,App,Coffee,1,120,0.00,120.00,Credit Card,
T005319,2026-06-26 11:47,B08,,,Delivery,Tea,4,85,0.00,340.00,QR PromptPay,
T005320,26/06/2026 12:42,B04,M0011,Bronze,In-store,Coffee,2,95,0.00,190.00,Cash,
T005321,2026-06-26 13:13,B02,,,In-store,Merchandise,1,695,0.00,695.00,Cash,
T005322,2026-06-26 13:52,B06,M0009,Gold,In-store,Tea,3,90,40.50,229.50,Credit Card,
T005323,2026-06-26 13:59,B07,M0209,Silver,In-store,Coffee,3,100,0.00,300.00,QR PromptPay,
T005324,2026-06-26 14:35,B02,M0088,gold,In-store,Tea,4,70,42.00,238.00,Credit Card,5
T005325,26/06/2026 14:56,B04,M0125,Silver,In-store,Tea,3,50,0.00,150.00,QR PromptPay,1
T005326,2026-06-26 15:33,B08,,,In-store,Bakery,1,65,0.00,65.00,QR PromptPay,
T005327,2026-06-26 15:48,B01,M0028,Bronze,Delivery,Coffee,2,105,0.00,210.00,Cash,
T005328,26/06/2026 16:13,B04,,,In-store,Bakery,2,85,0.00,170.00,QR PromptPay,
T005329,2026-06-26 16:46,B06,M0029,Silver,Delivery,Coffee,1,115,23.00,92.00,QR PromptPay,
T005330,2026-06-26 17:35,B05,M0199,Bronze,In-store,Coffee,1,75,0.00,75.00,Credit Card,
T005331,2026-06-26 17:49,B01,M0164,Silver,Instore,Tea,1,65,0.00,65.00,QR PromptPay,5
T005332,2026-06-26 18:52,B08,,,In-store,Tea,3,60,0.00,180.00,Credit Card,
T005333,2026-06-26 18:52,B06,M0136,Silver,App,Tea,2,70,0.00,140.00,Credit Card,
T005334,26/06/2026 19:19,B04,M0039,Silver,In-store,Coffee,2,55,0.00,110.00,QR PromptPay,
T005335,2026-06-26 19:24,B02,,,In-store,Coffee,1,80,0.00,80.00,Credit Card,
T005336,2026-06-26 19:53,B08,M0138,Platinum,In-store,Tea,1,55,5.50,49.50,QR PromptPay,
T005337,2026-06-27 01:05,B01,M0230,Bronze,Delivery,Bakery,1,55,0.00,55.00,Credit Card,
T005338,2026-06-27 07:09,B02,M0068,gold,In-store,Tea,1,65,9.75,55.25,Cash,5
T005338,2026-06-27 07:16,B02,M0068,Gold,In-store,Tea,-1,65,-9.75,-55.25,Cash,
T005339,2026-06-27 07:18,B07,M0045,Gold,In-store,Coffee,1,120,24.00,96.00,QR PromptPay,3
T005340,2026-06-27 08:40,B01,M0179,Silver,App,Coffee,1,55,0.00,55.00,App Wallet,
T005341,2026-06-27 08:52,B03,M0046,Bronze,Delivery,Bakery,1,70,0.00,70.00,Cash,4
T005342,2026-06-27 08:52,B05,,,App,Merchandise,1,735,0.00,735.00,App Wallet,5
T005343,2026-06-27 11:20,B03,M0250,Bronze,App,Coffee,2,105,0.00,210.00,App Wallet,
T005344,2026-06-27 11:38,B07,M0004,Bronze,In-store,Bakery,2,75,0.00,150.00,Cash,
T005345,2026-06-27 12:07,B05,M0164,Silver,In-store,Coffee,2,85,8.50,161.50,QR PromptPay,
T005346,2026-06-27 12:40,B06,M0268,Gold,Instore,Bakery,3,95,0.00,285.00,Credit Card,5
T005347,27/06/2026 13:11,B04,,,In-store,Coffee,2,110,0.00,220.00,Credit Card,
T005348,2026-06-27 13:29,B05,,,App,Coffee,2,100,0.00,200.00,App Wallet,4
T005349,2026-06-27 14:12,B6,M0162,Silver,In-store,Coffee,3,105,0.00,315.00,Credit Card,5
T005350,2026-06-27 14:40,B03,M0128,Silver,In-store,Coffee,2,55,22.00,88.00,Credit Card,
T005351,2026-06-27 15:21,B07,,,App,Coffee,1,90,0.00,90.00,Credit Card,
T005352,2026-06-27 16:36,B06,M0240,Silver,In-store,Coffee,4,110,0.00,440.00,QR PromptPay,
T005353,2026-06-27 16:50,B06,M0215,Silver,Delivery,Tea,1,80,0.00,80.00,QR PromptPay,
T005354,2026-06-27 17:22,B08,M0192,Silver,In-store,Tea,1,50,0.00,50.00,QR PromptPay,
T005355,2026-06-27 17:31,B07,M0174,Silver,In-store,Merchandise,2,฿635.00,0.00,1270.00,Credit Card,
T005356,2026-06-27 17:46,B03,M0154,Platinum,In-store,Tea,1,60,9.00,51.00,Cash,
T005357,2026-06-27 17:48,b02,,,In-store,Merchandise,4,380,0.00,1520.00,Cash,
T005358,2026-06-27 23:31,B01,,,Delivery,Tea,2,65,0.00,130.00,Credit Card,
T005359,2026-06-28 07:49,B02,,,app,Coffee,1,70,0.00,70.00,Credit Card,
T005360,2026-06-28 08:03,B06,,,In-store,Coffee,1,65,0.00,65.00,QR PromptPay,
T005361,28/06/2026 08:05,B04,M0108,Silver,Delivery,Coffee,1,120,0.00,120.00,QR PromptPay,1
T005362,2026-06-28 08:06,B01,,,In-store,Coffee,1,65,0.00,65.00,Cash,
T005363,2026-06-28 08:27,B01,M0075,Bronze,In-store,Coffee,1,75,0.00,75.00,Cash,
T005364,2026-06-28 08:43,B01,M0126,Bronze,App,Merchandise,1,710,0.00,710.00,App Wallet,
T005365,2026-06-28 08:48,B03,,,In-store,Merchandise,1,335,0.00,335.00,QR PromptPay,
T005366,28/06/2026 09:56,B04,M0215,Silver,In-store,Coffee,1,115,0.00,115.00,QR PromptPay,
T005367,28/06/2026 10:08,B04,M0215,Silver,Delivery,Bakery,4,75,0.00,300.00,QR PromptPay,5
T005368,2026-06-28 10:19,B03,,,In-store,Tea,3,85,0.00,255.00,QR PromptPay,
T005369,2026-06-28 10:47,B01,M0177,Silver,Delivery,Coffee,1,120,0.00,120.00,QR PromptPay,
T005370,2026-06-28 11:32,B07,M0042,Bronze,In-store,Coffee,2,105,0.00,210.00,Cash,
T005371,2026-06-28 12:07,B06,,,In-store,Tea,4,55,0.00,220.00,QR PromptPay,
T005372,2026-06-28 12:28,B03,M0250,Bronze,In-store,Coffee,1,110,0.00,110.00,Cash,
T005373,2026-06-28 13:44,B07,,,In-store,Tea,2,75,0.00,150.00,QR PromptPay,
T005374,2026-06-28 15:49,B07,M0095,Bronze,APP,Merchandise,4,785,0.00,3140.00,App Wallet,
T005375,2026-06-28 16:20,B07,M0272,Silver,App,Coffee,3,120,0.00,360.00,Credit Card,3
T005376,2026-06-28 17:21,B05,M0074,Silver,App,Coffee,4,60,24.00,216.00,App Wallet,5
T005377,2026-06-28 18:40,B03,,,In-store,Coffee,1,75,0.00,75.00,QR PromptPay,
T005378,2026-06-28 18:41,B01,M0011,Bronze,In-store,Merchandise,1,375,0.00,375.00,QR PromptPay,
T005379,2026-06-28 19:27,B08,M0093,Silver,App,Bakery,4,75,60.00,240.00,App Wallet,
T005380,2026-06-28 19:40,B08,M0065,Platinum,In-store,Coffee,2,95,19.00,171.00,Credit Card,
T005381,2026-06-28 21:28,B01,,,Delivery,Tea,2,85,0.00,170.00,Credit Card,3
T005382,2026-06-29 08:10,B02,M0161,Silver,In-store,Coffee,3,55,0.00,165.00,Cash,4
T005383,2026-06-29 08:16,B03,,,Delivery,Coffee,1,105,0.00,105.00,QR PromptPay,
T005384,2026-06-29 08:36,B06,,,Delivery,Merchandise,3,780,0.00,2340.00,QR PromptPay,4
T005385,2026-06-29 08:49,B06,M0222,Silver,In-store,Tea,1,55,0.00,55.00,QR PromptPay,
T005386,2026-06-29 09:59,B03,M0239,Gold,In-store,Coffee,1,65,0.00,65.00,Cash,5
T005387,2026-06-29 10:11,B01,,,In-store,Bakery,1,80,0.00,80.00,Cash,
T005388,2026-06-29 11:14,B08,M0272,Silver,In-store,Tea,2,70,0.00,140.00,QR PromptPay,
T005389,2026-06-29 11:59,B08,M0035,Gold,Delivery,Coffee,1,95,4.75,90.25,QR PromptPay,4
T005390,2026-06-29 12:13,B05,M9723,Gold,In-store,Coffee,2,90,0.00,180.00,Cash,4
T005391,2026-06-29 12:37,B08,M0065,Platinum,App,Coffee,1,120,24.00,96.00,App Wallet,4
T005392,2026-06-29 12:42,B07,,,App,Bakery,1,70,0.00,70.00,App Wallet,5
T005393,2026-06-29 13:09,B05,M0164,Silver,In-store,Coffee,1,65,0.00,65.00,QR PromptPay,
T005394,29/06/2026 13:30,B04,,,App,Tea,3,65,0.00,195.00,App Wallet,5
T005395,2026-06-29 14:16,B08,M0065,Platinum,In-store,Tea,1,85,0.00,85.00,Cash,
T005396,2026-06-29 17:15,B08,M0168,Platinum,In-store,Coffee,1,70,0.00,70.00,Cash,4
T005397,2026-06-29 17:22,B08,M0126,Bronze,In-store,Bakery,1,75,0.00,75.00,QR PromptPay,
T005398,29/06/2026 17:50,B04,M0245,Bronze,In-store,Bakery,2,65,19.50,110.50,Cash,4
T005399,2026-06-29 18:55,B02,,,In-store,Merchandise,2,285,0.00,570.00,QR PromptPay,
T005400,2026-06-29 19:33,B08,M0065,Platinum,In-store,Coffee,1,65,0.00,65.00,Cash,5
T005401,2026-06-29 19:44,B01,M0264,Gold,App,Coffee,2,115,0.00,230.00,App Wallet,
T005402,29/06/2026 19:57,B04,,,In-store,Coffee,2,100,0.00,200.00,QR PromptPay,
T005403,2026-06-30 08:20,B06,M0249,Bronze,App,Coffee,2,65,6.50,123.50,Credit Card,
T005404,30/06/2026 08:21,B04,,,Delivery,Tea,1,65,0.00,65.00,QR PromptPay,
T005405,2026-06-30 08:47,B03,M0133,Silver,App,Bakery,2,50,0.00,100.00,App Wallet,
T005405,2026-06-30 08:47,B03,M0133,Silver,App,Bakery,2,50,0.00,100.00,App Wallet,
T005406,2026-06-30 09:18,B06,M0259,Silver,In-store,Merchandise,1,350,17.50,332.50,QR PromptPay,4
T005406,2026-06-30 09:18,B06,M0259,Silver,In-store,Merchandise,1,350,17.50,332.50,QR PromptPay,4
T005407,2026-06-30 10:32,B03,M0154,Platinum,In-store,Merchandise,1,290,14.50,275.50,Cash,
T005408,2026-06-30 12:26,B02,M0037,Platinum,Deliv.,Coffee,2,85,0.00,170.00,QR PromptPay,
T005409,2026-06-30 13:03,B03,M0154,Platinum,In-store,Coffee,1,75,3.75,71.25,QR PromptPay,
T005410,2026-06-30 13:33,B02,,,In-store,Tea,2,75,0.00,150.00,Credit Card,
T005411,2026-06-30 13:36,B01,M0151,Platinum,In-store,Tea,3,95,57.00,228.00,Cash,
T005412,2026-06-30 13:50,B03,,,Delivery,Merchandise,2,475,0.00,950.00,Cash,
T005413,2026-06-30 14:31,B08,M0065,Platinum,App,Bakery,2,70,28.00,112.00,App Wallet,
T005414,2026-06-30 16:21,B07,M0109,Platinum,App,Bakery,1,100,0.00,100.00,App Wallet,3
T005415,2026-06-30 16:24,B02,M0107,Silver,App,Coffee,2,9999,0.00,19998.00,App Wallet,3
T005416,2026-06-30 16:31,B08,M0126,Bronze,App,Bakery,1,85,0.00,85.00,Credit Card,
T005417,2026-06-30 16:44,B08,,,In-store,Coffee,4,75,0.00,300.00,QR PromptPay,4
T005418,2026-06-30 17:23,B05,M0056,Silver,In-store,Bakery,1,95,0.00,95.00,Credit Card,4
T005419,2026-06-30 17:28,B06,M0136,Silver,Delivery,Bakery,1,60,0.00,60.00,Credit Card,
T005420,2026-06-30 19:05,B01,,,In-store,Coffee,1,110,0.00,110.00,QR PromptPay,
T005421,2026-06-30 19:43,B03,,,App,Bakery,4,45,0.00,180.00,Credit Card,
T005422,2026-06-30 19:59,B05,M0202,Bronze,In-store,Coffee,1,60,0.00,60.00,Credit Card,5
T005423,2026-07-01 00:36,B01,,,Delivery,Coffee,1,90,0.00,90.00,QR PromptPay,
T005424,2026-07-01 07:36,B06,M0020,Bronze,App,Coffee,1,60,6.00,54.00,Credit Card,
T005425,2026-07-01 07:41,B06,M0029,Silver,In store,Tea,1,85,0.00,85.00,Cash,
T005426,2026-07-01 08:26,B05,M0032,Gold,App,Coffee,1,55,0.00,55.00,App Wallet,
T005427,2026-07-01 09:32,B02,M0266,Gold,App,Coffee,1,70,7.00,63.00,App Wallet,5
T005428,01/07/2026 09:36,B04,M0007,Gold,App,Merchandise,1,875,0.00,875.00,App Wallet,
T005429,2026-07-01 10:52,B01,,,Delivery,Coffee,2,90,0.00,180.00,QR PromptPay,
T005430,2026-07-01 11:01,B02,,,In-store,Coffee,1,95,0.00,95.00,QR PromptPay,4
T005431,2026-07-01 11:59,B06,M0089,Platinum,In-store,Coffee,3,95,42.75,242.25,QR PromptPay,
T005432,2026-07-01 12:09,B05,,,App,Coffee,2,120,0.00,240.00,App Wallet,2
T005433,2026-07-01 12:14,B03,M0225,Bronze,In-store,Merchandise,1,840,0.00,840.00,Cash,4
T005434,2026-07-01 12:39,B01,M0097,Bronze,App,Coffee,1,75,0.00,75.00,Credit Card,4
T005435,2026-07-01 12:55,B08,,,In-store,Bakery,1,80,0.00,80.00,Credit Card,
T005436,2026-07-01 13:17,B05,M0199,Bronze,In-store,Bakery,2,45,0.00,90.00,Credit Card,5
T005437,2026-07-01 13:23,B08,,,In-store,Coffee,4,90,0.00,360.00,QR PromptPay,3
T005438,2026-07-01 14:00,B08,M0174,Silver,In-store,Bakery,1,85,0.00,85.00,QR PromptPay,4
T005439,2026-07-01 15:02,B08,M0065,Platinum,In-store,Coffee,1,75,0.00,75.00,Credit Card,
T005440,2026-07-01 15:09,B01,M0062,Gold,In-store,Merchandise,4,350,70.00,1330.00,Credit Card,
T005441,2026-07-01 15:28,B06,,,In-store,Coffee,1,115,0.00,115.00,QR PromptPay,4
T005442,2026-07-01 16:45,B01,,,In-store,Coffee,1,120,0.00,120.00,Credit Card,4
T005443,2026-07-01 16:46,B05,M0038,Silver,In-store,Bakery,2,105,0.00,210.00,Cash,
T005444,2026-07-01 17:25,B06,M0020,Bronze,In-store,Tea,2,70,0.00,140.00,Credit Card,
T005445,01/07/2026 18:30,B04,M0108,Silver,App,Coffee,2,100,0.00,200.00,App Wallet,2
T005446,2026-07-01 19:05,B06,M0151,Platinum,In-store,Bakery,1,฿110.00,16.50,93.50,QR PromptPay,
T005447,2026-07-02 02:34,B01,,,Delivery,Coffee,1,75,0.00,75.00,Credit Card,4
T005448,2026-07-02 07:21,B05,M0206,Bronze,In-store,Coffee,1,120,18.00,102.00,QR PromptPay,
T005449,02/07/2026 07:48,B04,,,App,Merchandise,2,705,0.00,1410.00,Credit Card,2
T005450,2026-07-02 08:26,B03,M0154,Platinum,In-store,Bakery,1,60,6.00,54.00,Credit Card,3
T005451,2026-07-02 09:34,B01,,,Delivery,Bakery,63,85,0.00,5355.00,Credit Card,5
T005452,2026-07-02 09:39,B05,,,App,Coffee,3,75,0.00,225.00,App Wallet,
T005453,2026-07-02 11:57,B02,,,In-store,Bakery,1,90,0.00,90.00,Cash,
T005454,2026-07-02 12:32,B03,M0063,Gold,App,Coffee,4,100,60.00,340.00,App Wallet,
T005455,2026-07-02 12:42,B06,M0259,Silver,In-store,Coffee,3,60,0.00,180.00,Cash,
T005456,02/07/2026 13:07,B04,M0039,Silver,Delivery,Coffee,1,55,11.00,44.00,QR PromptPay,5
T005457,02/07/2026 13:22,B04,,,Delivery,Coffee,1,120,0.00,120.00,Credit Card,
T005458,2026-07-02 13:32,B03,M0114,Silver,Mobile App,Bakery,3,75,0.00,225.00,App Wallet,
T005459,2026-07-02 14:00,B06,,,App,Coffee,1,55,0.00,55.00,Credit Card,
T005460,2026-07-02 15:42,B07,M0160,Bronze,In-store,Tea,1,55,0.00,55.00,QR PromptPay,5
T005461,2026-07-02 15:46,B02,M0244,Silver,Delivery,Bakery,1,85,17.00,68.00,Cash,
T005462,2026-07-02 16:02,B03,M0140,Silver,In-store,Bakery,1,100,20.00,80.00,QR PromptPay,
T005463,2026-07-02 16:27,B07,,,In-store,Bakery,3,45,0.00,135.00,Cash,
T005464,2026-07-02 16:30,B05,M0202,Bronze,In-store,Bakery,3,55,0.00,165.00,Credit Card,
T005465,2026-07-02 16:36,B02,,,Delivery,Merchandise,1,275,0.00,275.00,Credit Card,5
T005466,2026-07-02 17:38,B03,,,In-store,Coffee,2,75,0.00,150.00,QR PromptPay,
T005467,2026-07-02 18:17,B02,,,In-store,Coffee,1,95,0.00,95.00,QR PromptPay,
T005468,2026-07-02 18:49,B02,M0250,Bronze,In-store,Bakery,2,100,0.00,200.00,Credit Card,
T005469,2026-07-02 19:06,B06,M0249,Bronze,In-store,Bakery,3,45,0.00,135.00,QR PromptPay,
T005470,02/07/2026 19:20,b04,M0051,Bronze,In-store,Coffee,1,95,0.00,95.00,Cash,1
T005471,02/07/2026 19:52, B04,M0077,Silver,App,Coffee,4,120,72.00,408.00,Credit Card,5
T005472,2026-07-02 22:26,B01,,,Delivery,Coffee,1,85,0.00,85.00,Credit Card,3
T005473,2026-07-03 07:24,B02,M0126,Bronze,In-store,Coffee,1,60,0.00,60.00,Cash,
T005474,03/07/2026 08:33,B04,,,App,Bakery,2,60,0.00,120.00,App Wallet,4
T005475,2026-07-03 10:42,B03,M0026,Bronze,App,Bakery,1,100,0.00,100.00,App Wallet,
T005476,2026-07-03 11:19,B06,M0023,Silver,In-store,Tea,2,90,0.00,180.00,QR PromptPay,
T005477,2026-07-03 11:39,B08,,,In-store,Bakery,4,105,0.00,420.00,Credit Card,
T005478,2026-07-03 12:42,B07,,,App,Coffee,2,65,0.00,130.00,App Wallet,3
T005479,2026-07-03 12:50,B03,M0041,Platinum,In-store,Bakery,1,80,4.00,76.00,QR PromptPay,
T005480,2026-07-03 13:06,B01,M0235,Bronze,In-store,Merchandise,4,375,0.00,1500.00,Credit Card,
T005481,2026-07-03 13:37,B07,M0045,Gold,Delivery,Coffee,3,80,12.00,228.00,QR PromptPay,5
T005482,2026-07-03 13:46,B08,M0119,Silver,In-store,Bakery,2,60,0.00,120.00,QR PromptPay,
T005483,03/07/2026 16:04,B04,M0249,Bronze,Delivery,Coffee,2,60,18.00,102.00,Credit Card,
T005484,2026-07-03 16:10,B03,,,In-store,Tea,2,55,0.00,110.00,Cash,4
T005485,2026-07-03 16:18,B01,M0268,Gold,In-store,Coffee,1,75,0.00,75.00,Cash,
T005486,2026-07-03 16:37,B03,M0053,Platinum,In-store,Bakery,4,100,20.00,380.00,QR PromptPay,
T005487,2026-07-03 16:42,B01,,,In-store,Coffee,1,105,0.00,105.00,Cash,
T005488,2026-07-03 17:09,B02,M0070,Platinum,In-store,Coffee,1,115,0.00,115.00,Cash,
T005489,03/07/2026 17:45,B04,,,In-store,Coffee,1,105,0.00,105.00,QR PromptPay,
T005490,2026-07-03 17:59,B07,,,App,Coffee,2,80,0.00,160.00,Credit Card,
T005491,2026-07-04 08:28,B03,M0267,gold,App,Coffee,2,95,38.00,152.00,App Wallet,
T005492,2026-07-04 09:01,B07,,,App,Coffee,1,110,0.00,110.00,Credit Card,4
T005493,2026-07-04 09:39,B06,M0020,Bronze,In-store,Coffee,3,110,0.00,330.00,Credit Card,
T005494,2026-07-04 10:24,B08,M0071,Silver,App,Coffee,1,105,10.50,94.50,Credit Card,1
T005495,2026-07-04 12:16,B07,,,App,Coffee,2,80,0.00,160.00,App Wallet,
T005495,2026-07-04 12:16,B07,,,App,Coffee,2,80,0.00,160.00,App Wallet,
T005496,2026-07-04 13:00,B06,M0222,Silver,In-store,Coffee,1,100,0.00,100.00,Cash,
T005497,2026-07-04 13:40,B08,M0154,Platinum,App,Tea,1,80,8.00,72.00,App Wallet,4
T005498,2026-07-04 14:38,B03,M0074,Silver,App,Coffee,2,80,0.00,160.00,Credit Card,5
T005499,2026-07-04 14:42,B06,,,Delivery,Merchandise,2,765,0.00,1530.00,Cash,
T005500,2026-07-04 16:03,B08,,,Delivery,Coffee,2,55,0.00,110.00,QR PromptPay,
T005501,2026-07-04 17:38,B01,,,App,Tea,1,55,0.00,55.00,Credit Card,5
T005502,2026-07-05 01:52,B01,,,Delivery,Bakery,3,85,0.00,255.00,Credit Card,
T005503,2026-07-05 07:51,B05,M0020,Bronze,Delivery,Coffee,3,105,0.00,315.00,Credit Card,
T005504,05/07/2026 08:24,B04,M0059,Brz,In-store,Coffee,1,100,0.00,100.00,QR PromptPay,
T005505,2026-07-05 09:09,B06,M0198,Bronze,In-store,Merchandise,4,780,0.00,3120.00,QR PromptPay,
T005506,2026-07-05 11:26,B02,M0099,Bronze,In-store,Coffee,3,115,0.00,345.00,QR PromptPay,
T005507,05/07/2026 11:59,B04,M0115,BRONZE,In-store,Coffee,4,55,0.00,220.00,QR PromptPay,
T005508,2026-07-05 12:05,B01,,,App,Bakery,2,45,0.00,90.00,App Wallet,
T005509,2026-07-05 12:23,B05,M0128,Silver,In-store,Coffee,4,60,48.00,192.00,QR PromptPay,4
T005510,2026-07-05 13:25,B06,,,In-store,Bakery,3,80,0.00,240.00,Cash,
T005511,2026-07-05 13:45,B05,,,In-store,Coffee,1,105,0.00,105.00,Credit Card,
T005512,2026-07-05 13:56,B07,M0095,Bronze,In-store,Tea,2,95,0.00,190.00,QR PromptPay,4
T005513,2026-07-05 13:59,B01,M0008,Bronze,App,Coffee,2,100,0.00,200.00,Credit Card,5
T005514,2026-07-05 14:26,B06,M0029,Silver,Delivery,Coffee,1,95,9.50,85.50,QR PromptPay,
T005513,2026-07-05 15:06,B01,M0008,Bronze,App,Coffee,-2,100,-0.00,-200.00,Credit Card,
T005515,2026-07-05 16:29,B01,,,App,Coffee,1,90,0.00,90.00,Credit Card,
T005516,2026-07-05 16:31,B06,M0259,silver,In-store,Coffee,1,70,0.00,70.00,Credit Card,
T005517,05/07/2026 16:37,B04,M0192,Silver,In-store,Coffee,2,105,0.00,210.00,Cash,
T005518,2026-07-05 16:51,B07,M0209,Silver,In-store,Coffee,1,115,0.00,115.00,Cash,5
T005519,2026-07-05 16:59,B05,M0176,Silver,In-store,Coffee,2,55,0.00,110.00,QR PromptPay,
T005520,2026-07-05 17:48,B06,M0089,Platinum,In-store,Coffee,4,115 THB,0.00,460.00,QR PromptPay,
T005521,2026-07-05 22:58,B01,M0024,Gold,Delivery,Coffee,1,70,0.00,70.00,Credit Card,
T005522,2026-07-06 01:24,B01,,,Delivery,Coffee,1,105,0.00,105.00,QR PromptPay,2
T005523,2026-07-06 07:25,B08,M0262,Silver,App,Coffee,1,110,11.00,99.00,App Wallet,
T005523,2026-07-06 08:30,B08,M0262,Silver,App,Coffee,-1,110,-11.00,-99.00,App Wallet,
T005524,2026-07-06 08:46,B03,,,App,Merchandise,1,500,0.00,500.00,App Wallet,
T005525,2026-07-06 08:55,B03,,,In-store,Coffee,1,115,0.00,115.00,Credit Card,3
T005526,2026-07-06 10:30,B06,,,In-store,Coffee,1,80,0.00,80.00,QR PromptPay,
T005527,2026-07-06 11:51,B06,M0162,Silver,App,Coffee,2,110,0.00,220.00,Credit Card,
T005528,2026-07-06 12:57,B07,M0033,Bronze,App,Coffee,3,80,0.00,240.00,Credit Card,5
T005529,2026-07-06 13:01,B02,,,Delivery,Coffee,1,75,0.00,75.00,QR PromptPay,
T005530,06/07/2026 16:40,B04,,,App,Bakery,2,45,0.00,90.00,App Wallet,
T005531,2026-07-06 16:46,B02,M0071,Silver,Delivery,Tea,4,55,33.00,187.00,QR PromptPay,
T005532,2026-07-06 18:04,B06,M0074,Silver,In-store,Bakery,2,95,0.00,190.00,QR PromptPay,
T005533,2026-07-06 18:57,B02,,,In-store,Bakery,1,105,0.00,105.00,Credit Card,
T005534,2026-07-06 19:48,B06,M0089,Platinum,In-store,Coffee,1,85,17.00,68.00,QR PromptPay,
T005535,2026-07-07 00:34,B01,,,Delivery,Coffee,1,80,0.00,80.00,QR PromptPay,4
T005536,2026-07-07 08:41,B08,M0035,Gold,In-store,Tea,1,95,0.00,95.00,QR PromptPay,
T005537,2026-07-07 08:54,B06,M0089,Platinum,Delivery,Coffee,2,85,0.00,170.00,QR PromptPay,
T005538,2026-07-07 09:43,B06,M0023,Silver,In-store,Merchandise,2,705,0.00,1410.00,QR PromptPay,
T005539,2026-07-07 09:54,B02,M0101,Platinum,In-store,Coffee,1,80,0.00,80.00,Credit Card,
T005540,2026-07-07 10:00,B08,,,In-store,Bakery,1,100,0.00,100.00,Credit Card,
T005541,2026-07-07 10:27,B06,M0070,Platinum,Instore,Coffee,4,90,36.00,324.00,Credit Card,2
T005542,2026-07-07 10:59,B08,,,In-store,Bakery,1,80,0.00,80.00,Credit Card,
T005543,2026-07-07 11:04,B06,M0029,Silver,In-store,Coffee,2,85,0.00,170.00,QR PromptPay,
T005544,2026-07-07 11:13,B7,M0185,Bronze,In-store,Merchandise,2,395,0.00,790.00,Credit Card,
T005545,2026-07-07 11:50,B07,M0229,Bronze,APP,Coffee,3,75,0.00,225.00,Credit Card,
T005546,2026-07-07 12:30,B05,,,In-store,Coffee,3,95,0.00,285.00,Credit Card,4
T005547,07/07/2026 12:44,B04,M0192,Silver,In-store,Bakery,1,45,0.00,45.00,Cash,
T005548,2026-07-07 13:13,B01,,,Delivery,Coffee,1,105,0.00,105.00,Cash,2
T005549,2026-07-07 13:15,B05,M0075,Bronze,Delivery,Coffee,3,110,49.50,280.50,Credit Card,4
T005550,2026-07-07 13:57,B07,M0209,Silver,App,Tea,1,85,0.00,85.00,Credit Card,
T005551,2026-07-07 14:20,B07,M0065,Platinum,In-store,Bakery,1,100,15.00,85.00,Cash,
T005552,2026-07-07 14:50,B03,M0154,Platinum,In-store,Coffee,1,110,0.00,110.00,Credit Card,4
T005553,2026-07-07 14:55,B02,M0007,Gold,In-store,Coffee,2,100,0.00,200.00,Cash,4
T005554,2026-07-07 16:00,B07,,,App,Coffee,2,120,0.00,240.00,Credit Card,
T005555,2026-07-07 16:41,B07,M0209,Silver,In-store,Coffee,3,90,0.00,270.00,QR PromptPay,4
T005556,2026-07-07 16:45,B02,,,Delivery,Bakery,1,90,0.00,90.00,QR PromptPay,
T005557,2026-07-07 17:09,B05,M0164,Silver,In-store,Coffee,1,70,0.00,70.00,Credit Card,5
T005558,2026-07-07 17:24,B02,M0244,Silver,In-store,Coffee,1,90,0.00,90.00,QR PromptPay,5
T005559,2026-07-07 18:56,B06,,,App,Tea,3,55,0.00,165.00,Credit Card,
T005560,2026-07-08 01:05,B01,,,Delivery,Merchandise,1,435,0.00,435.00,QR PromptPay,
T005561,2026-07-08 07:24,B08,M0224,Bronze,App,Bakery,3,55,0.00,165.00,App Wallet,
T005562,2026-07-08 08:14,B03,M0154,Platinum,Delivery,Coffee,1,115,11.50,103.50,QR PromptPay,
T005563,2026-07-08 08:23,B03,M0053,Platinum,In-store,Bakery,4,45,0.00,180.00,Credit Card,
T005564,08/07/2026 08:31,B04,,,In-store,Merchandise,3,570,0.00,1710.00,QR PromptPay,
T005565,2026-07-08 12:07,B01,M0093,Silver,In-store,Merchandise,4,720,0.00,2880.00,Credit Card,
T005566,2026-07-08 12:09,B06,M0029,Silver,In-store,Tea,1,80,0.00,80.00,Credit Card,
T005567,2026-07-08 12:29,B05,M0217,Bronze,In-store,Coffee,1,85,0.00,85.00,Cash,2
T005568,2026-07-08 12:31,B03,M0040,Silver,Delivery,Bakery,1,90,0.00,90.00,QR PromptPay,5
T005569,2026-07-08 13:50,B03,M0108,Silver,In-store,Tea,3,75,0.00,225.00,QR PromptPay,
T005570,08/07/2026 13:55,B04,M0125,Silver,App,Bakery,1,65,0.00,65.00,App Wallet,
T005571,2026-07-08 14:15,B03,,,In-store,Coffee,3,55,0.00,165.00,Cash,
T005571,2026-07-08 14:15,B03,,,In-store,Coffee,3,55,0.00,165.00,Cash,
T005572,2026-07-08 14:37,B07,M0095,Bronze,In-store,Coffee,1,120,0.00,120.00,QR PromptPay,
T005573,2026-07-08 14:52,B07,,,App,Coffee,1,115,0.00,115.00,App Wallet,
T005574,2026-07-08 15:40,B06,,,In-store,Coffee,1,110,0.00,110.00,QR PromptPay,4
T005575,2026-07-08 16:24,B07,M0133,Silver,Delivery,Coffee,1,80,0.00,80.00,QR PromptPay,4
T005576,2026-07-08 16:30,B02,M0068,Gold,App,Coffee,4,60,12.00,228.00,Credit Card,
T005577,2026-07-08 16:45,B03,,,In-store,Coffee,2,65,0.00,130.00,Cash,
T005578,2026-07-08 18:59,B05,M0164,Silver,In-store,Bakery,2,105,10.50,199.50,Credit Card,5
T005579,2026-07-08 23:35,B01,,,Delivery,Coffee,1,120,0.00,120.00,Credit Card,
T005580,2026-07-09 07:27,B06,,,In-store,Coffee,3,60,0.00,180.00,Cash,
T005581,2026-07-09 08:09,B06,M0268,Gold,In-store,Coffee,3,105,0.00,315.00,Cash,
T005582,2026-07-09 08:10,B06,M0162,Silver,App,Bakery,2,50,0.00,100.00,Credit Card,5
T005583,2026-07-09 08:15,B07,,,Delivery,Coffee,1,115,0.00,115.00,Credit Card,4
T005584,2026-07-09 08:50,B07,M0118,Silver,In-store,Bakery,3,55,0.00,165.00,Cash,
T005585,2026-07-09 09:17,B07,M0185,Bronze,In-store,Coffee,1,70,0.00,70.00,Credit Card,
T005586,2026-07-09 10:42,B03,,,App,Coffee,1,60,0.00,60.00,Credit Card,4
T005587,2026-07-09 12:45,B07,,,Delivery ,Coffee,1,105,0.00,105.00,QR PromptPay,
T005588,2026-07-09 13:42,B07,,,In-store,Bakery,1,65,0.00,65.00,QR PromptPay,
T005589,2026-07-09 13:43,B01,M0011,Bronze,In-store,Coffee,1,115,0.00,115.00,QR PromptPay,
T005590,2026-07-09 15:22,B07,M0069,Bronze,Delivery,Tea,2,95,0.00,190.00,Credit Card,
T005591,2026-07-09 15:56,B05,,,App,Tea,3,60,0.00,180.00,Credit Card,
T005592,2026-07-09 15:58,B05,,,In-store,Coffee,1,105,0.00,105.00,Cash,
T005593,2026-07-09 16:36,B06,,,In-store,Coffee,4,90,0.00,360.00,QR PromptPay,
T005594,2026-07-09 16:37,B08,,,In-store,Bakery,4,50,0.00,200.00,Credit Card,
T005595,2026-07-09 17:53,B01,,,App,Coffee,1,115,0.00,115.00,Credit Card,2
T005596,2026-07-09 18:28,B08,,,App,Bakery,2,70,0.00,140.00,Credit Card,4
T005597,2026-07-09 18:42,B02,M0244,Silver,In-store,Coffee,3,60,0.00,180.00,QR PromptPay,5
T005598,2026-07-09 19:09,B02,M0166,Brz,In-store,Bakery,1,105,21.00,84.00,QR PromptPay,
T005599,2026-07-09 19:16,B07,M0095,Bronze,Delivery,Tea,1,80,0.00,80.00,Cash,
T005600,10/07/2026 07:05,B04,M0039,Silver,in-store,Coffee,1,95,0.00,95.00,QR PromptPay,5
T005601,2026-07-10 08:14,B06,M0065,Platinum,App,Coffee,2,75,0.00,150.00,Credit Card,5
T005602,2026-07-10 08:34,B01,,,Delivery,Coffee,1,65,0.00,65.00,Cash,4
T005603,2026-07-10 09:29,B08,,,In-store,Bakery,1,105,0.00,105.00,QR PromptPay,
T005604,2026-07-10 10:30,B07,M0272,Silver,Delivery,Bakery,2,100,0.00,200.00,Cash,
T005605,2026-07-10 11:09,B01,,,app,Tea,1,90,0.00,90.00,Credit Card,
T005606,2026-07-10 12:20,B06,M0105,Silver,In-store,Bakery,1,45,0.00,45.00,Credit Card,
T005607,10/07/2026 13:04,B04,,,In-store,Bakery,4,65,0.00,260.00,Cash,
T005608,2026-07-10 13:15,B06,M0209,Silver,App,Tea,1,75,0.00,75.00,Credit Card,4
T005609,2026-07-10 13:44,B08,M0174,Silver,In-store,Tea,2,75,0.00,150.00,Cash,4
T005610,2026-07-10 14:32,B03,M9158,Bronze,In-store,Coffee,1,90,0.00,90.00,QR PromptPay,
T005611,2026-07-10 14:37,B05,M0020,Bronze,In-store,Tea,4,80,0.00,320.00,Credit Card,
T005612,2026-07-10 14:38,B06,M0259,Silver,APP,Merchandise,1,810,0.00,810.00,App Wallet,
T005613,2026-07-10 15:24,B02,M0166,Bronze,Mobile App,Tea,4,60,0.00,240.00,Credit Card,
T005614,10/07/2026 15:58,B04,M0039,SILVER,In-store,Tea,2,70,28.00,112.00,Cash,
T005615,2026-07-10 16:47,B08,M0079,Bronze,Delivery,Tea,3,55,0.00,165.00,Cash,
T005616,2026-07-10 17:40,B02,M0161,Silver,Delivery,Bakery,1,90,0.00,90.00,QR PromptPay,4
T005617,2026-07-10 18:11,B03,,,In-store,Coffee,3,90,0.00,270.00,QR PromptPay,4
T005618,2026-07-10 19:40,B03,M0192,Silver,In-store,Bakery,1,60,0.00,60.00,QR PromptPay,
T005619,2026-07-11 07:56,B01,,,Delivery,Bakery,3,85,0.00,255.00,QR PromptPay,
T005620,2026-07-11 08:27,B01,,,App,Bakery,3,75,0.00,225.00,Credit Card,5
T005621,2026-07-11 09:05,B06,M0023,Silver,App,Coffee,1,100,0.00,100.00,Credit Card,
T005622,2026-07-11 11:19,B08,M0119,Slvr,In-store,Coffee,2,110,0.00,220.00,Credit Card,3
T005623,2026-07-11 11:48,B06,M0268,Gold,in-store,Coffee,4,100,20.00,380.00,Cash,5
T005624,2026-07-11 12:02,B02,M0018,Bronze,In-store,Coffee,2,55,0.00,110.00,Cash,
T005625,2026-07-11 12:28,B07,,,app,Coffee,1,120,0.00,120.00,App Wallet,4
T005626,2026-07-11 12:30,B03,M0227,Bronze,In-store,Coffee,1,115,17.25,97.75,QR PromptPay,5
T005627,2026-07-11 13:17,B01,M0051,Bronze,In-store,Coffee,1,60,0.00,60.00,QR PromptPay,4
T005628,2026-07-11 13:50,B05,M0199,Bronze,In-store,Bakery,2,85,0.00,170.00,Credit Card,5
T005629,2026-07-11 14:31,B06,,,App,Bakery,3,50,0.00,150.00,App Wallet,
T005630,2026-07-11 15:35,b01,M0087,Silver,In-store,Merchandise,1,300,0.00,300.00,QR PromptPay,4
T005631,2026-07-11 16:24,B02,,,app,Bakery,2,105,0.00,210.00,Credit Card,
T005632,11/07/2026 17:10,B04,M0007,Gold,Delivery,Coffee,3,85,0.00,255.00,Credit Card,
T005633,2026-07-11 17:12,b08,,,In-store,Coffee,1,100,0.00,100.00,QR PromptPay,
T005634,2026-07-11 17:40,B08,M0092,Brz,In-store,Coffee,1,90,4.50,85.50,QR PromptPay,3
T005634,2026-07-11 18:40,B08,M0092,Bronze,In-store,Coffee,-1,90,-4.50,-85.50,QR PromptPay,
T005635,2026-07-11 19:08,B03,,,In-store,Tea,1,90,0.00,90.00,QR PromptPay,
T005636,2026-07-11 23:52,B01,,,Delivery,Tea,3,55,0.00,165.00,Credit Card,
T005637,2026-07-12 08:04,B03,,,App,Bakery,1,110,0.00,110.00,Credit Card,
T005638,2026-07-12 09:34,B08,,,In-store,Coffee,2,120,0.00,240.00,QR PromptPay,
T005639,2026-07-12 10:10,B05,,,In-store,Bakery,1,90,0.00,90.00,QR PromptPay,
T005640,2026-07-12 10:27,B07,,,App,Coffee,1,110,0.00,110.00,App Wallet,
T005641,12/07/2026 10:40,B04,M0213,Silver,In-store,Tea,2,95,9.50,180.50,Credit Card,
T005642,2026-07-12 10:52,B06,,,In-store,Bakery,1,105,0.00,105.00,Credit Card,
T005643,12/07/2026 11:46,B04,M0081,Silver,Delivery,Tea,3,55,0.00,165.00,Credit Card,
T005644,2026-07-12 12:18,B07,,,Delivery,Coffee,3,100,0.00,300.00,Credit Card,
T005645,2026-07-12 12:35,B02,M0007,Gold,In-store,Coffee,1,80,0.00,80.00,Credit Card,
T005646,2026-07-12 12:42,B06,M0099,Bronze,In-store,Coffee,2,85,0.00,170.00,Cash,
T005647,2026-07-12 13:29,B06,,,Delivery,Coffee,1,65,0.00,65.00,Cash,
T005648,2026-07-12 13:59,B02,,,App,Coffee,2,70,0.00,140.00,Credit Card,
T005649,2026-07-12 14:15,B01,M9320,Gold,In-store,Coffee,1,80,0.00,80.00,Cash,4
T005650,2026-07-12 16:55,B02,M0273,bronze,In-store,Bakery,1,70,0.00,70.00,Credit Card,3
T005651,2026-07-12 18:34,B08,M0210,Bronze,App,Coffee,1,115,0.00,115.00,Credit Card,
T005652,2026-07-12 18:46,B06,M0139,Bronze,In-store,Coffee,4,95,0.00,380.00,QR PromptPay,
T005653,2026-07-12 18:46,B03,M0041,Platinum,App,Coffee,2,100,0.00,200.00,App Wallet,
T005654,2026-07-12 19:09,B01,,,In-store,Coffee,1,120,0.00,120.00,Cash,3
T005655,12/07/2026 19:39,B04,M0213,Silver,Delivery,Coffee,1,55,8.25,46.75,QR PromptPay,1
T005656,13/07/2026 07:03,B04,M0039,Silver,App,Coffee,1,65,0.00,65.00,App Wallet,
T005657,13/07/2026 07:16,B04,M0249,Bronze,In-store,Coffee,1,65,0.00,65.00,QR PromptPay,
T005657,13/07/2026 07:16,B04,M0249,Bronze,In-store,Coffee,1,65,0.00,65.00,QR PromptPay,
T005658,2026-07-13 08:46,B02,M0272,Silver,In-store,Coffee,1,75,11.25,63.75,QR PromptPay,
T005659,13/07/2026 08:47,B04,M0215,Silver,App,Coffee,3,60,0.00,180.00,App Wallet,1
T005660,2026-07-13 08:52,B02,M0273,Bronze,In-store,Tea,4,80,0.00,320.00,Cash,
T005661,2026-07-13 10:10,B03,M0135,Gold,In-store,Tea,2,75,0.00,150.00,Credit Card,3
T005662,2026-07-13 10:52,B01,M0171,Gold,In-store,Coffee,1,70,0.00,70.00,Credit Card,
T005663,13/07/2026 11:33,B04,,,In-store,Tea,1,95,0.00,95.00,Cash,
T005664,2026-07-13 12:01,B06,M0197,Bronze,In-store,Coffee,3,75,0.00,225.00,Credit Card,4
T005665,2026-07-13 12:21,B03,,,App,Bakery,1,45,0.00,45.00,Credit Card,
T005666,13/07/2026 12:38,B04,M0168,Platinum,Delivery,Coffee,1,65,13.00,52.00,Credit Card,
T005667,2026-07-13 13:32,B02,,,delivery,Coffee,1,95,0.00,95.00,QR PromptPay,
T005668,2026-07-13 16:07,B03,M0129,Silver,In-store,Coffee,1,90,0.00,90.00,Cash,4
T005669,2026-07-13 16:21,B05,M0105,Silver,Delivery,Coffee,1,115,17.25,97.75,Credit Card,
T005670,2026-07-13 16:59,B06,M0084,Silver,In-store,Merchandise,4,510,0.00,2040.00,QR PromptPay,
T005671,2026-07-13 17:37,B08,M0093,Silver,In-store,Coffee,1,70,0.00,70.00,Cash,
T005672,2026-07-13 18:16,B05,,,In-store,Bakery,3,110,0.00,330.00,QR PromptPay,
T005673,2026-07-13 18:41,B06,M0070,Platinum,In-store,Coffee,1,90,0.00,90.00,QR PromptPay,5
T005674,2026-07-13 19:34,B06,,,In-store,Coffee,1,85,0.00,85.00,QR PromptPay,
T005675,2026-07-13 19:42,B03,,,Delivery,Coffee,2,90,0.00,180.00,Cash,4
T005676,2026-07-14 07:28,B05,M9723,Silver,Delivery,Coffee,2,95,0.00,190.00,QR PromptPay,
T005677,2026-07-14 07:57,B02,,,App,Coffee,1,90,0.00,90.00,App Wallet,
T005678,2026-07-14 08:05,B05,M0164,Silver,App,Coffee,1,80,0.00,80.00,Credit Card,5
T005679,2026-07-14 08:13,B08,M0065,Platinum,App,Coffee,4,115,0.00,460.00,Credit Card,4
T005680,2026-07-14 08:33,B03,,,Deliv.,Coffee,2,85,0.00,170.00,Cash,
T005681,2026-07-14 08:39,B06,M0240,Silver,App,Bakery,1,80,0.00,80.00,Credit Card,4
T005682,2026-07-14 08:45,B06,M0240,Silver,In-store,Coffee,4,70,56.00,224.00,QR PromptPay,
T005683,2026-07-14 08:54,B03,M0041,Platinum,In-store,Coffee,2,95,0.00,190.00,QR PromptPay,
T005684,14/07/2026 09:02,B04,M0039,Silver,Delivery,Coffee,3,110,0.00,330.00,Cash,
T005685,2026-07-14 10:52,B05,,,App,Tea,1,50,0.00,50.00,Credit Card,
T005686,14/07/2026 11:44,B04,,,In-store,Coffee,1,55,0.00,55.00,QR PromptPay,
T005687,2026-07-14 12:41,B05,M0067,Bronze,App,Coffee,3,60,0.00,180.00,App Wallet,5
T005688,2026-07-14 12:48,B01,M0151,Platinum,In-store,Coffee,2,55,0.00,110.00,QR PromptPay,
T005689,2026-07-14 13:20,B03,,,App,Bakery,4,60,0.00,240.00,Credit Card,
T005690,2026-07-14 13:21,B02,M0244,Silver,Delivery,Coffee,4,115,0.00,460.00,Credit Card,
T005691,2026-07-14 13:47,B06,,,App,Bakery,2,105,0.00,210.00,Credit Card,
T005692,2026-07-14 14:52,B06,M0268,Gold,In-store,Bakery,2,50,0.00,100.00,QR PromptPay,4
T005693,2026-07-14 15:29,B02,M0107,Slvr,In-store,Coffee,2,75,0.00,150.00,Credit Card,4
T005694,2026-07-14 15:42,B08,M0126,Bronze,App,Tea,1,50,0.00,50.00,App Wallet,5
T005695,2026-07-14 16:19,B01,M0221,Silver,in-store,Coffee,1,60,6.00,54.00,Credit Card,4
T005696,2026-07-14 16:24,B07,M0114,Silver,In-store,Coffee,1,85,0.00,85.00,Credit Card,
T005697,2026-07-14 17:46,B07,,,In-store,Bakery,1,105,0.00,105.00,Credit Card,4
T005698,2026-07-14 19:20,B06,M0089,Platinum,In-store,Tea,1,90,0.00,90.00,Credit Card,
T005699,2026-07-15 08:32,B01,M0097,Bronze,In store,Coffee,2,100,0.00,200.00,QR PromptPay,
T005700,2026-07-15 09:02,B03,,,Delivery,Coffee,3,75,0.00,225.00,QR PromptPay,
T005701,2026-07-15 09:08,B07,M0160,Bronze,In-store,Bakery,1,60 THB,0.00,60.00,Cash,
T005702,2026-07-15 10:24,B01,M0012,bronze,Delivery,Coffee,4,55,11.00,209.00,Cash,
T005703,2026-07-15 10:49,B02,M0166,Bronze,App,Coffee,1,80,0.00,80.00,Credit Card,
T005704,15/07/2026 11:05,B04,M0245,Bronze,App,Coffee,2,80,0.00,160.00,Credit Card,1
T005705,2026-07-15 12:12,B03,,,In-store,Coffee,1,70,0.00,70.00,Credit Card,4
T005706,2026-07-15 13:01,B02,,,Instore,Coffee,2,60,0.00,120.00,QR PromptPay,
T005707,2026-07-15 13:02,B01,M0011,Bronze,in-store,Coffee,2,70,0.00,140.00,Credit Card,
T005708,2026-07-15 13:45,B08,M0248,Bronze,App,Tea,1,65,0.00,65.00,Credit Card,5
T005709,2026-07-15 13:55,B08,M9700,Bronze,In-store,Bakery,1,110,11.00,99.00,Credit Card,4
T005710,2026-07-15 13:56,B05,,,Instore,Tea,1,85,0.00,85.00,QR PromptPay,
T005711,2026-07-15 14:01,B05,,,App,Coffee,3,115,0.00,345.00,Credit Card,
T005712,2026-07-15 14:12,B03,M0046,bronze,In-store,Coffee,1,90,0.00,90.00,Credit Card,3
T005713,2026-07-15 14:15,B03,,,In-store,Coffee,1,110,0.00,110.00,Cash,3
T005714,2026-07-15 15:09,B01,M0200,Gold,Delivery,Coffee,1,115,0.00,115.00,QR PromptPay,4
T005715,15/07/2026 16:26,B04,M0264,Gold,Delivery ,Bakery,4,85,34.00,306.00,QR PromptPay,
T005716,2026-07-15 19:11,B01,M0144,Bronze,In-store,Coffee,3,120,0.00,360.00,Credit Card,4
T005717,2026-07-15 19:32,B08,,,In-store,Merchandise,2,620,0.00,1240.00,QR PromptPay,
T005718,2026-07-15 19:37,B03,M0078,Silver,In-store,Coffee,2,100,0.00,200.00,QR PromptPay,3
T005719,2026-07-15 19:40,B03,M0225,Bronze,Delivery,Coffee,2,110,0.00,220.00,Cash,
T005720,2026-07-15 22:12,B01,M0259,Silver,Deliv.,Tea,3,60,0.00,180.00,Credit Card,
T005721,2026-07-16 00:21,B01,,,Delivery,Coffee,1,70,0.00,70.00,QR PromptPay,
T005722,2026-07-16 07:06,B01,,,In-store,Coffee,3,60,0.00,180.00,Cash,
T005723,2026-07-16 08:27,B02,M0088,Gold,In-store,Bakery,4,60,0.00,240.00,Cash,
T005724,2026-07-16 08:33,B07,M0045,Gold,Delivery,Coffee,1,105,0.00,105.00,Cash,
T005725,2026-07-16 08:33,B08,,,In-store,Tea,1,90,0.00,90.00,QR PromptPay,
T005723,2026-07-16 08:51, B02,M0088,Gold,In-store,Bakery,-4,60,-0.00,-240.00,Cash,
T005726,2026-07-16 09:03,B07,M0071,Silver,App,Bakery,2,80,0.00,160.00,App Wallet,
T005727,16/07/2026 10:59,B04,,,In-store,Bakery,2,110,0.00,220.00,Cash,4
T005728,2026-07-16 11:15,B08,M0109,Plat.,In-store,Merchandise,1,565,0.00,565.00,Cash,
T005729,2026-07-16 11:44,B08,M0065,Platinum,In-store,Coffee,1,80,4.00,76.00,Cash,3
T005730,2026-07-16 12:01,B02,,,In-store,Bakery,2,105,0.00,210.00,Cash,
T005731,16/07/2026 12:04,B04,M0115,Bronze,App,Coffee,3,95,0.00,315.00,Credit Card,
T005732,2026-07-16 13:06,B06,M0099,Bronze,App,Tea,1,85,0.00,85.00,App Wallet,
T005733,2026-07-16 13:12,B05,M0016,Gold,In-store,Bakery,1,50,10.00,40.00,Credit Card,
T005734,2026-07-16 13:13,B01,M0235,Bronze,App,Coffee,4,120,24.00,456.00,App Wallet,5
T005735,16/07/2026 13:47,B04,M0039,Silver,In-store,Coffee,1,110,0.00,110.00,Cash,5
T005736,2026-07-16 14:19,B02,M0127,Silver,In-store,Coffee,2,120,0.00,240.00,Cash,3
T005737,16/07/2026 16:16,B04,,,In-store,Merchandise,1,665,0.00,665.00,Credit Card,
T005738,2026-07-16 17:14,B07,,,In-store,Merchandise,1,365,0.00,365.00,Credit Card,4
T005739,16/07/2026 18:50, B04,M0115,Bronze,App,Coffee,2,65,0.00,130.00,App Wallet,
T005740,2026-07-16 19:16,B07,M0074,Silver,App,Coffee,1,60,0.00,60.00,Credit Card,
T005741,2026-07-17 07:03,B05,,,In-store,Coffee,1,120,0.00,120.00,QR PromptPay,
T005742,2026-07-17 08:29,B08,M0183,Silver,App,Coffee,4,95,0.00,380.00,Credit Card,
T005743,2026-07-17 09:07,B08,M0109,Platinum,In-store,Bakery,1,95,0.00,95.00,Credit Card,4
T005744,2026-07-17 10:13,B06,M0262,Silver,App,Merchandise,4,635,0.00,2540.00,App Wallet,3
T005744,2026-07-17 10:22,B06,M0262,Silver,App,Merchandise,-4,635,-0.00,-2540.00,App Wallet,
T005745,17/07/2026 10:30,B04,M0065,Platinum,Delivery,Bakery,4,95,0.00,380.00,Cash,
T005746,2026-07-17 11:18,B02,,,In-store,Coffee,4,90,0.00,360.00,Credit Card,
T005747,2026-07-17 12:09,B03,,,App,Bakery,1,100,0.00,100.00,Credit Card,5
T005748,2026-07-17 12:15,B05,M0039,Silver,In-store,Coffee,1,80,0.00,80.00,Credit Card,
T005749,2026-07-17 12:43,B01,,,In-store,Tea,1,95,0.00,95.00,Credit Card,
T005750,2026-07-17 13:22,B06,M0064,Bronze,In-store,Tea,2,90,0.00,180.00,QR PromptPay,
T005751,2026-07-17 13:41,B07,,,In-store,Merchandise,1,620,0.00,620.00,Cash,
T005752,2026-07-17 13:47,B07,,,App,Coffee,1,105,0.00,105.00,App Wallet,
T005753,2026-07-17 14:36,B03,,,In-store,Coffee,3,85,0.00,255.00,QR PromptPay,3
T005754,2026-07-17 15:44,B03,M0140,Silver,In-store,Coffee,1,85,4.25,80.75,Cash,
T005755,2026-07-17 17:34,B02,,,App,Tea,1,60,0.00,60.00,Credit Card,
T005756,2026-07-17 19:01,B01,M0011,Bronze,Delivery,Bakery,1,110,0.00,110.00,QR PromptPay,
T005757,2026-07-17 19:10,B03,,,Delivery,Tea,1,90,0.00,90.00,QR PromptPay,4
T005758,2026-07-18 07:56,B08,M0065,Platinum,In-store,Coffee,4,65,0.00,260.00,Credit Card,
T005759,2026-07-18 08:00,B06,M0097,Bronze,in-store,Bakery,1,65,0.00,65.00,QR PromptPay,
T005760,2026-07-18 09:02,B01,M0109,Platinum,In-store,Coffee,1,70,10.50,59.50,QR PromptPay,
T005761,2026-07-18 09:50,B01,M0144,Bronze,In-store,Coffee,1,85,0.00,85.00,Cash,4
T005762,2026-07-18 11:01,B06,M0089,Platinum,In-store,Coffee,1,100,0.00,100.00,Cash,
T005763,2026-07-18 11:27,B01,,,In-store,Bakery,1,105,0.00,105.00,Credit Card,
T005764,2026-07-18 12:14,B01,M0075,Bronze,App,Coffee,1,100,0.00,100.00,App Wallet,3
T005765,2026-07-18 12:45,B03,M9035,Gold,In-store,Coffee,1,95,4.75,90.25,QR PromptPay,4
T005766,2026-07-18 13:27,B08,M0255,Bronze,App,Coffee,4,105,0.00,420.00,App Wallet,
T005767,18/07/2026 13:29,B04,M0089,Platinum,In-store,Coffee,2,75,7.50,142.50,QR PromptPay,
T005768,2026-07-18 15:51,B02,M0244,Silver,App,Bakery,2,55,22.00,88.00,App Wallet,
T005769,2026-07-18 15:59,B01,M0135,Gold,In-store,Tea,2,50,5.00,95.00,Cash,
T005770,2026-07-18 16:01,B08,M0174,Silver,Delivery,Coffee,1,105,0.00,105.00,Credit Card,
T005771,18/07/2026 17:16,B04,M0115,Bronze,In-store,Coffee,1,120,0.00,120.00,Cash,
T005772,2026-07-18 18:29,B08,M0119,Silver,App,Bakery,2,75,22.50,127.50,App Wallet,
T005773,18/07/2026 18:49,B04,,,App,Tea,3,90,0.00,270.00,Credit Card,
T005774,2026-07-18 19:13,B06,M0262,Silver,App,Tea,1,90,0.00,90.00,Credit Card,
T005775,2026-07-18 19:41,B06,M0023,Silver,App,Coffee,1,120,24.00,96.00,Credit Card,3
T005776,2026-07-19 02:48,B01,,,Delivery,Coffee,1,100,0.00,100.00,Credit Card,
T005777,2026-07-19 07:00,B06,M0162,Silver,APP,Merchandise,1,360,0.00,360.00,App Wallet,
T005778,2026-07-19 08:24,B05,M0202,Bronze,In-store,Coffee,1,90,0.00,90.00,Credit Card,
T005779,19/07/2026 09:52,B04,,,In-store,Tea,2,90,0.00,180.00,Cash,
T005780,2026-07-19 09:54,B02,,,in-store,Coffee,1,110,0.00,110.00,Cash,
T005781,2026-07-19 09:56,B07,M0209,Silver,In-store,Bakery,3,80,0.00,240.00,QR PromptPay,5
T005782,2026-07-19 12:01,B07,,,In-store,Merchandise,1,825,0.00,825.00,QR PromptPay,
T005783,2026-07-19 12:24,B06,M0262,Slvr,In-store,Bakery,3,80,24.00,216.00,Cash,
T005784,2026-07-19 12:28,B3,,,In-store,Merchandise,4,480,0.00,1920.00,Cash,
T005785,19/07/2026 12:31,B04,M0043,Platinum,App,Coffee,1,65,13.00,52.00,App Wallet,2
T005786,2026-07-19 12:36,B02,M0214,Gold,App,Coffee,1,55,0.00,55.00,Credit Card,
T005786,2026-07-19 12:50,B02,M0214,Gold,App,Coffee,-1,55,-0.00,-55.00,Credit Card,
T005787,2026-07-19 13:02,B07,,,Delivery,Coffee,1,55,0.00,55.00,Cash,
T005788,2026-07-19 13:18,B01,M0135,Gold,Delivery,Tea,3,75,45.00,180.00,Cash,
T005789,2026-07-19 13:38,B05,M0164,Silver,App,Tea,1,75,0.00,75.00,App Wallet,5
T005790,2026-07-19 13:51,B05,,,APP,Coffee,2,110,0.00,220.00,Credit Card,
T005791,2026-07-19 14:34,B01,,,In-store,Coffee,2,100,0.00,200.00,Credit Card,3
T005792,2026-07-19 15:07,B06,M0089,Platinum,In-store,Bakery,1,90,0.00,90.00,Cash,
T005793,2026-07-19 16:09,B08,,,In-store,Bakery,3,105,0.00,315.00,Cash,4
T005794,2026-07-19 16:26,B01,,,In-store,Coffee,1,90,0.00,90.00,Credit Card,
T005795,2026-07-19 16:34,B03,,,App,Merchandise,2,830,0.00,1660.00,Credit Card,
T005796,2026-07-19 16:55,B08,M0065,Platinum,In-store,Merchandise,1,860,129.00,731.00,Credit Card,
T005797,19/07/2026 18:10,B04,M0230,Bronze,In-store,Coffee,4,110,0.00,440.00,Cash,5
T005798,2026-07-19 18:24,B03,M0074,Silver,In-store,Coffee,1,70,0.00,70.00,Credit Card,
T005799,19/07/2026 19:12,B04,,,In-store,Coffee,2,60,0.00,120.00,Credit Card,4
T005800,2026-07-20 02:59,B01,,,Delivery,Bakery,1,45,0.00,45.00,QR PromptPay,
T005801,2026-07-20 08:36,B08,,,App,Coffee,4,55,0.00,220.00,Credit Card,4
T005802,2026-07-20 10:19,B05,M0202,Bronze,In-store,Tea,2,50,0.00,100.00,Cash,5
T005803,2026-07-20 11:06,B08,M0065,Platinum,In-store,Coffee,1,75,11.25,63.75,Cash,
T005804,20/07/2026 12:23,B04,M0039,Silver,In-store,Bakery,1,75,0.00,75.00,Credit Card,
T005805,20/07/2026 14:49,B04,,,In-store,Coffee,4,90,0.00,360.00,Cash,
T005806,2026-07-20 16:07,B01,M0144,Bronze,App,Coffee,3,100,0.00,300.00,Credit Card,4
T005807,2026-07-20 16:18,B08,M0109,Platinum,In-store,Coffee,2,105,31.50,178.50,QR PromptPay,
T005808,20/07/2026 16:37,B04,M0192,Silver,In-store,Coffee,1,85,8.50,76.50,QR PromptPay,
T005809,20/07/2026 17:50,B04,M0192,Silver,In-store,Bakery,1,60,0.00,60.00,QR PromptPay,5
T005810,2026-07-20 18:15,B01,M0212,Bronze,Delivery,Coffee,1,75,0.00,75.00,Credit Card,3
T005811,2026-07-20 18:36,B03,,,In-store,Tea,3,90,0.00,270.00,QR PromptPay,
T005811,2026-07-20 18:36,B03,,,In-store,Tea,3,90,0.00,270.00,QR PromptPay,
T005812,2026-07-20 19:45,B02,M0068,Gold,In-store,Tea,1,75,3.75,71.25,Cash,5
T005813,2026-07-20 23:26,B01,,,Delivery,Merchandise,1,510,0.00,510.00,Credit Card,
T005814,21/07/2026 07:40,B04,M0215,Silver,In-store,Tea,2,65,0.00,130.00,Cash,
T005815,2026-07-21 08:21,B06,M0219,Bronze,Instore,Coffee,4,55,0.00,210.00,QR PromptPay,
T005816,2026-07-21 08:41,B03,,,Delivery,Tea,1,50,0.00,50.00,Cash,4
T005817,2026-07-21 08:42,B05,,,In-store,Bakery,1,105,0.00,105.00,Cash,
T005818,2026-07-21 11:25,B01,,,In-store,Tea,1,75,0.00,75.00,QR PromptPay,3
T005819,2026-07-21 13:05,B06,,,In-store,Bakery,1,95,0.00,95.00,QR PromptPay,3
T005820,2026-07-21 13:51,B08,M0065,Platinum,In-store,Tea,1,75,15.00,140.00,Cash,4
T005821,2026-07-21 14:16,B01,M0135,Gold,App,Bakery,1,85,0.00,85.00,Credit Card,
T005822,2026-07-21 14:31,B02,M0161,Silver,In-store,Coffee,1,60,0.00,60.00,Cash,
T005823,2026-07-21 14:53,B05,M0045,Gold,Delivery,Coffee,2,90,0.00,180.00,Cash,3
T005824,2026-07-21 15:04,B02,,,In-store,Coffee,3,75,0.00,225.00,Credit Card,
T005825,2026-07-21 15:22,B06,M0162,Silver,In-store,Coffee,3,70,0.00,210.00,QR PromptPay,4
T005826,2026-07-21 15:40,B06,M0198,Bronze,In-store,Bakery,4,100,0.00,400.00,QR PromptPay,
T005827,2026-07-21 17:22,B07,M0004,Bronze,In-store,Tea,1,50,0.00,50.00,Cash,
T005828,2026-07-21 17:58,B02,M0214,Gold,Delivery,Tea,4,90,0.00,360.00,Credit Card,4
T005829,2026-07-21 21:59,B01,,,Delivery,Bakery,1,70,0.00,70.00,QR PromptPay,
T005830,2026-07-22 08:04,B06,M0223,Bronze,In-store,Coffee,2,115,0.00,230.00,Cash,3
T005831,2026-07-22 09:31,B03,M0071,Silver,In-store,Bakery,2,95,38.00,242.00,QR PromptPay,
T005832,2026-07-22 09:32,B08,,,In-store,Coffee,1,85,0.00,85.00,Cash,
T005833,22/07/2026 10:05,B04,M0215,Silver,In-store,Coffee,1,100,0.00,100.00,QR PromptPay,
T005834,2026-07-22 10:15,B02,,,In-store,Coffee,1,85,0.00,85.00,Cash,
T005835,2026-07-22 11:47,B01,M0135,Gold,In-store,Coffee,4,95,0.00,380.00,Credit Card,
T005836,2026-07-22 12:17,B08,M0224,Bronze,In-store,Merchandise,1,290,0.00,290.00,QR PromptPay,
T005837,2026-07-22 12:19,B03,M0239,Gold,In-store,Merchandise,1,375,56.25,318.75,QR PromptPay,
T005835,2026-07-22 12:36,B01,M0135,Gold,In-store,Coffee,-4,95,-0.00,-380.00,Credit Card,
T005838,2026-07-22 12:58,B05,M0217,Bronze,In-store,Tea,2,65,0.00,130.00,Credit Card,
T005839,2026-07-22 13:40,B03,,,App,Coffee,1,60,0.00,60.00,App Wallet,
T005840,22/07/2026 13:40,B04,M0109,Platinum,Delivery,Coffee,1,65,0.00,65.00,Cash,
T005841,2026-07-22 14:27,B03,M0109,Platinum,App,Coffee,2,120,0.00,240.00,App Wallet,
T005842,2026-07-22 16:08,B03,M0035,Gold,In-store,Coffee,1,55,5.50,49.50,Credit Card,
T005843,2026-07-22 16:29,B02,M0088,Gold,In-store,Coffee,4,110,0.00,440.00,QR PromptPay,
T005844,2026-07-22 16:31,B05,M0202,Bronze,In-store,Coffee,1,85,0.00,85.00,QR PromptPay,5
T005845,2026-07-22 17:14,B06,M0240,Silver,In-store,Merchandise,1,525,105.00,420.00,QR PromptPay,
T005846,2026-07-22 18:01,B03,M0041,Platinum,App,Tea,1,55,5.50,49.50,App Wallet,
T005847,2026-07-22 19:32,B01,M0097,Bronze,Delivery,Tea,1,90,0.00,90.00,Cash,
T005848,2026-07-23 07:01,B06,,,In-store,Bakery,2,95,0.00,190.00,Credit Card,
T005848,2026-07-23 07:01,B06,,,In-store,Bakery,2,95,0.00,190.00,Credit Card,
T005849,2026-07-23 07:14,B07,M0095,Bronze,App,Bakery,1,80,0.00,80.00,Credit Card,
T005850,23/07/2026 07:15,B04,,,Mobile App,Bakery,1,45,0.00,45.00,Credit Card,5
T005851,2026-07-23 07:25,B07,M0076,Gold,In-store,Coffee,1,90,0.00,90.00,QR PromptPay,
T005852,23/07/2026 07:39,B04,,,In-store,Tea,2,95,0.00,190.00,QR PromptPay,
T005853,2026-07-23 07:43,B05,,,In-store,Coffee,1,100,0.00,100.00,Cash,
T005854,2026-07-23 08:24,B03,,,In-store,Merchandise,3,650,0.00,1950.00,Credit Card,4
T005855,2026-07-23 08:51,B05,M0147,Bronze,In-store,Bakery,4,55,0.00,220.00,Cash,
T005856,2026-07-23 08:55,B06,M0089,Platinum,In-store,Tea,1,55,0.00,55.00,Credit Card,
T005857,2026-07-23 09:07,B05,M0266,Gold,In-store,Coffee,2,110,0.00,220.00,QR PromptPay,
T005858,2026-07-23 09:47,B03,,,In-store,Coffee,1,75,0.00,75.00,Credit Card,4
T005859,2026-07-23 09:59,B03,M0038,Silver,In-store,Bakery,1,105,0.00,105.00,Cash,4
T005860,2026-07-23 11:44,B01,M0144,Bronze,In-store,Coffee,3,85,51.00,204.00,Credit Card,
T005861,2026-07-23 11:46,B01,M0151,Platinum,In-store,Coffee,1,110,11.00,99.00,Cash,3
T005862,2026-07-23 12:15,B07,M0095,Bronze,In-store,Bakery,1,55,0.00,55.00,QR PromptPay,
T005863,2026-07-23 12:41,B03,M0146,Bronze,Delivery,Coffee,2,85,0.00,170.00,Credit Card,5
T005864,23/07/2026 12:47,B04,M0162,Silver,App,Coffee,2,105,0.00,210.00,Credit Card,
T005865,2026-07-23 12:53,B08,M0154,Platinum,In-store,Coffee,1,95,0.00,95.00,Credit Card,
T005862,2026-07-23 13:20,B07,M0095,Bronze,In-store,Bakery,-1,55,-0.00,-55.00,QR PromptPay,
T005866,2026-07-23 13:43,B08,M0126,Bronze,In-store,Tea,2,65,0.00,130.00,QR PromptPay,
T005867,23/07/2026 13:50,B04,M0006,Brz,In-store,Coffee,1,85,0.00,85.00,Cash,
T005868,23/07/2026 15:42,B04,M0115,Bronze,In-store,Tea,1,90,0.00,90.00,Credit Card,
T005869,2026-07-23 16:09,B03,M0238,Bronze,App,Tea,2,95,0.00,190.00,Credit Card,2
T005870,2026-07-23 16:12,B01,M0011,Bronze,In-store,Bakery,3,110,0.00,330.00,QR PromptPay,
T005871,23/07/2026 17:30,B04,M0065,Platinum,In-store,Bakery,1,45,9.00,36.00,Credit Card,
T005872,23/07/2026 18:11,B04,,,In-store,Coffee,4,115,0.00,460.00,QR PromptPay,
T005873,24/07/2026 07:18,B04,,,App,Bakery,4,60,0.00,240.00,Credit Card,
T005874,2026-07-24 07:33,B03,,,In-store,Merchandise,1,860,0.00,860.00,Credit Card,4
T005875,2026-07-24 08:23,B01,M0151,Platinum,In-store,Bakery,3,100,60.00,240.00,QR PromptPay,4
T005876,24/07/2026 08:49,B04,M0093,Silver,In-store,Coffee,1,65,0.00,65.00,QR PromptPay,
T005877,2026-07-24 09:01,B02,M0005,Bronze,App,Bakery,2,75,0.00,150.00,Credit Card,
T005878,2026-07-24 10:56,B06,M0215,silver,In-store,Bakery,1,60,6.00,54.00,QR PromptPay,
T005879,2026-07-24 11:05,B01,M0088,Gold,In-store,Coffee,2,115,23.00,207.00,Credit Card,5
T005880,24/07/2026 11:23,B04,M0105,Silver,Deliv.,Coffee,2,60,0.00,120.00,QR PromptPay,1
T005881,2026-07-24 13:10,B03,M0167,Gold,Mobile App,Coffee,4,65,13.00,247.00,Credit Card,
T005882,2026-07-24 13:54,B07,M0059,Bronze,Delivery,Coffee,1,55,0.00,55.00,Credit Card,3
T005883,2026-07-24 13:59,B06,,,Delivery,Bakery,2,55,0.00,110.00,QR PromptPay,
T005884,2026-07-25 07:10,B05,,,In-store,Bakery,1,50,0.00,50.00,QR PromptPay,
T005885,2026-07-25 08:01,B03,M0062,Gold,In-store,Bakery,2,90,0.00,180.00,Cash,5
T005886,2026-07-25 08:09,B03,M0055,Gold,In-store,Coffee,1,80,0.00,80.00,Credit Card,
T005887,2026-07-25 08:16,B08,M0065,Platinum,Delivery,Coffee,1,110,0.00,110.00,Cash,
T005888,2026-07-25 08:29,B03,,,In-store,Coffee,2,105,0.00,210.00,Cash,4
T005889,2026-07-25 08:33,B03,M0021,Gold,App,Merchandise,4,745,0.00,2980.00,Credit Card,
T005890,2026-07-25 09:15,B05,,,In-store,Tea,1,60,0.00,60.00,Cash,
T005891,2026-07-25 11:58,B03,M0108,Silver,App,Tea,3,80,24.00,216.00,Credit Card,
T005892,2026-07-25 12:39,B06,M0070,Platinum,In-store,Bakery,1,55,8.25,46.75,QR PromptPay,
T005893,2026-07-25 12:58,B06,M0065,Platinum,In-store,Merchandise,1,700,0.00,700.00,Cash,5
T005894,2026-07-25 13:17,B08,M0035,Gold,Delivery,Coffee,2,85,25.50,144.50,QR PromptPay,3
T005895,2026-07-25 13:44,B02,M0057,Silver,In-store,Coffee,2,85,0.00,170.00,Credit Card,
T005896,2026-07-25 13:54,B05,,,App,Tea,4,65,0.00,260.00,App Wallet,
T005897,25/07/2026 13:59,B04,M0043,platinum,In-store,Coffee,2,85,25.50,144.50,QR PromptPay,1
T005898,2026-07-25 14:07,B06,,,App,Coffee,1,90,0.00,90.00,App Wallet,4
T005899,2026-07-25 14:40,B07,M0095,Bronze,In-store,Tea,3,55,0.00,165.00,QR PromptPay,
T005900,25/07/2026 14:53, B04,M0043,Platinum,In-store,Coffee,3,115,0.00,345.00,QR PromptPay,5
T005901,2026-07-25 16:35,B03,M0096,Gold,Delivery,Merchandise,1,500,25.00,475.00,QR PromptPay,
T005902,2026-07-25 17:01,B08,,,in-store,Coffee,1,75,0.00,75.00,QR PromptPay,
T005903,2026-07-25 17:21,B02,M0195,Silver,In-store,Coffee,1,110,0.00,110.00,QR PromptPay,
T005904,2026-07-25 18:00,B01,,,In-store,Coffee,1,65,0.00,65.00,QR PromptPay,
T005905,2026-07-25 18:07,B07,,,In-store,Coffee,2,75,0.00,150.00,Cash,
T005906,2026-07-25 19:46,b01,M0062,Gold,App,Coffee,1,105,0.00,105.00,App Wallet,
T005907,26/07/2026 08:15,B04,,,In-store,Tea,1,65,0.00,65.00,Cash,
T005908,2026-07-26 08:53,B07,M0067,Bronze,Delivery,Coffee,1,95,0.00,95.00,Credit Card,5
T005909,2026-07-26 09:30,B03,M0108,Silver,In-store,Coffee,2,100,40.00,160.00,QR PromptPay,
T005910,2026-07-26 10:43,B02,M0065,Platinum,In-store,Bakery,1,65,9.75,55.25,QR PromptPay,
T005911,2026-07-26 11:10,B02,M0040,Silver,In-store,Bakery,1,105,0.00,105.00,QR PromptPay,
T005912,2026-07-26 11:48,B06,M0020,BRONZE,In-store,Tea,2,95,0.00,190.00,Credit Card,
T005913,2026-07-26 12:00,B06,M0249,Bronze,In-store,Merchandise,2,870,0.00,1740.00,Credit Card,
T005914,2026-07-26 12:16,B08,M0078,silver,Delivery,Coffee,3,60,0.00,180.00,QR PromptPay,
T005915,26/07/2026 12:49,B04,M0192,Silver,In-store,Tea,1,90,0.00,90.00,QR PromptPay,
T005916,2026-07-26 12:51,B06,M0089,Platinum,In-store,Merchandise,4,280,56.00,1064.00,Credit Card,
T005917,2026-07-26 12:52,B07,,,In-store,Coffee,1,100,0.00,100.00,Credit Card,
T005918,2026-07-26 13:29,B02,M0244,Silver,In-store,Coffee,1,115,23.00,92.00,QR PromptPay,4
T005919,2026-07-26 13:31,B06,M0259,Silver,App,Coffee,1,105,0.00,105.00,Credit Card,4
T005920,26/07/2026 13:36,B04,M0192,Silver,In-store,Coffee,4,90,0.00,360.00,Cash,5
T005921,26/07/2026 13:39,B04,M0059,Bronze,In-store,Bakery,1,70,0.00,70.00,QR PromptPay,
T005922,2026-07-26 13:41,B07,M0118,Slvr,In-store,Coffee,1,60,0.00,60.00,QR PromptPay,
T005923,2026-07-26 14:24,B06,M0020,Brz,Delivery,Tea,1,85,0.00,85.00,Credit Card,
T005924,2026-07-26 14:33,B05,M0067,Bronze,In-store,Coffee,2,115,0.00,230.00,Credit Card,5
T005925,26/07/2026 14:59,B04,,,In-store,Coffee,3,115,0.00,345.00,Credit Card,
T005926,2026-07-26 15:21,B03,M0074,Silver,In-store,Coffee,3,110,0.00,330.00,QR PromptPay,
T005927,2026-07-26 15:42,B08,M0224,Bronze,App,Coffee,1,55,0.00,55.00,App Wallet,
T005928,2026-07-26 15:42,B03,M0064,Bronze,App,Coffee,1,85,17.00,68.00,App Wallet,
T005929,2026-07-26 16:00,B02,M9035,Silver,Instore,Coffee,1,55,11.00,44.00,Credit Card,3
T005930,2026-07-26 16:32,B07,M0263,Bronze,App,Tea,2,95,9.50,180.50,Credit Card,
T005931,2026-07-26 16:37,B03,,,In-store,Coffee,1,55,0.00,55.00,Cash,
T005932,2026-07-26 16:42,B07,,,App,Coffee,3,70,0.00,210.00,App Wallet,
T005933,2026-07-26 17:49,B06,M0029,Silver,App,Tea,1,65,0.00,65.00,App Wallet,4
T005934,26/07/2026 18:46,B04,,,In-store,Merchandise,1,760,0.00,760.00,QR PromptPay,5
T005935,2026-07-26 18:52,B03,,,App,Coffee,1,75,0.00,75.00,App Wallet,3
T005936,2026-07-26 18:57,B02,,,App,Bakery,3,95,0.00,285.00,Credit Card,
T005937,2026-07-26 19:03,B02,M0244,Silver,Delivery,Bakery,4,65,0.00,260.00,Credit Card,
T005938,2026-07-26 19:48,B03,M0074,Silver,Delivery,Coffee,1,100,10.00,90.00,Credit Card,
T005939,2026-07-26 19:59,B01,M0088,Gold,App,Tea,1,75,0.00,75.00,App Wallet,
T005940,2026-07-27 07:51,B03,M0074,Silver,In-store,Tea,1,60,0.00,60.00,Cash,
T005941,2026-07-27 08:11,B06,M0133,Silver,In-store,Tea,2,70,0.00,140.00,Credit Card,
T005942,27/07/2026 09:11,B04,M0046,Bronze,App,Coffee,3,70,0.00,210.00,Credit Card,
T005943,2026-07-27 09:50,B08,,,In-store,Coffee,1,55,0.00,55.00,QR PromptPay,3
T005944,2026-07-27 10:01,B07,,,In-store,Bakery,3,80,0.00,240.00,QR PromptPay,
T005945,2026-07-27 11:43,B06,,,In-store,Coffee,1,110,0.00,110.00,QR PromptPay,5
T005946,2026-07-27 12:15,B02,,,In-store,Coffee,1,70,0.00,70.00,Cash,
T005947,2026-07-27 12:36,B06,M0089,Platinum,Delivery,Coffee,1,55,11.00,44.00,QR PromptPay,
T005948,2026-07-27 12:57,B02,,,In-store,Bakery,1,85,0.00,85.00,Credit Card,
T005949,2026-07-27 13:10,B02,M0265,Bronze,In-store,Merchandise,3,820,369.00,2091.00,Cash,5
T005950,2026-07-27 13:33,B06,M0259,Silver,App,Merchandise,1,720,0.00,720.00,App Wallet,4
T005951,2026-07-27 13:41,B07,M0118,Silver,in-store,Coffee,2,75,7.50,142.50,QR PromptPay,
T005952,2026-07-27 14:10,B02,M0162,Silver,In-store,Bakery,2,60,0.00,120.00,Cash,
T005953,2026-07-27 14:20,B01,M0012,Bronze,In-store,Bakery,1,55,0.00,55.00,Cash,
T005954,2026-07-27 14:53,B01,M0151,Platinum,In-store,Bakery,2,45,0.00,90.00,Cash,4
T005955,2026-07-27 15:34,B07,M0185,Bronze,In-store,Coffee,3,65,0.00,195.00,Credit Card,
T005956,2026-07-27 15:38,B02,M0240,Silver,In-store,Tea,1,60,0.00,60.00,QR PromptPay,
T005957,2026-07-27 15:38,B01,M0050,Gold,In-store,Coffee,1,60,0.00,60.00,Credit Card,
T005958,2026-07-27 16:00,B07,M0209,Silver,App,Coffee,1,80,0.00,80.00,Credit Card,
T005959,2026-07-27 16:14,B08,,,App,Coffee,2,80,0.00,150.00,App Wallet,
T005960,2026-07-27 16:17,B01,,,App,Coffee,2,85,0.00,170.00,App Wallet,5
T005961,2026-07-27 16:30,B08,,,In-store,Coffee,2,75,0.00,150.00,Credit Card,
T005962,2026-07-27 16:55,B01,M0151,PLATINUM,In-store,Bakery,1,80,0.00,80.00,Cash,
T005963,2026-07-27 17:13,B01,,,In-store,Tea,3,95,0.00,285.00,QR PromptPay,
T005964,2026-07-27 17:54,B05,M0176,Silver,App,Coffee,1,90,0.00,90.00,App Wallet,
T005965,2026-07-27 18:30,B07,M0219,Bronze,App,Coffee,3,95,0.00,285.00,Credit Card,
T005966,2026-07-27 19:15,B8,M0109,Platinum,In-store,Coffee,1,80,4.00,76.00,Cash,4
T005967,2026-07-28 07:03,B06,M0097,Bronze,App,Coffee,3,90,0.00,270.00,Credit Card,
T005968,2026-07-28 07:32,B01,,,In-store,Coffee,1,115,0.00,115.00,Cash,
T005969,2026-07-28 07:33,B01,,,In-store,Bakery,4,45,0.00,180.00,Cash,5
T005970,2026-07-28 07:47,B05,M0164,Silver,App,Coffee,3,100,0.00,300.00,App Wallet,5
T005971,2026-07-28 08:33,B08,M0020,Bronze,In-store,Merchandise,4,815,0.00,3260.00,QR PromptPay,
T005972,2026-07-28 08:37,B06,M0191,Bronze,In-store,Merchandise,4,575,0.00,2300.00,Credit Card,
T005973,2026-07-28 08:46,B01,M0151,Platinum,App,Tea,1,80,12.00,68.00,Credit Card,
T005974,2026-07-28 09:55,B08,,,App,Tea,4,75,0.00,300.00,Credit Card,
T005975,2026-07-28 10:38,B02,M0023,Silver,Instore,Bakery,1,105,0.00,105.00,Credit Card,
T005976,2026-07-28 12:12,B05,M0016,Gold,App,Coffee,1,70,14.00,56.00,App Wallet,
T005977,2026-07-28 12:15,B01,M0274,Bronze,Delivery,Merchandise,1,475,0.00,475.00,Credit Card,5
T005978,2026-07-28 12:31,B07,,,Delivery,Coffee,1,90,0.00,90.00,QR PromptPay,3
T005978,2026-07-28 12:31,B07,,,Delivery,Coffee,1,90,0.00,90.00,QR PromptPay,3
T005979,2026-07-28 12:54,B07,,,In-store,Bakery,1,100,0.00,100.00,Credit Card,
T005980,2026-07-28 12:55,B02,,,In-store,Bakery,1,45,0.00,45.00,Cash,
T005981,2026-07-28 13:42,B05,M0199,Bronze,Mobile App,Coffee,2,95,0.00,190.00,Credit Card,
T005982,2026-07-28 14:22,B02,M0040,Silver,app,Coffee,1,105,0.00,105.00,App Wallet,
T005983,2026-07-28 15:25,B02,M0214,Gold,In-store,Tea,1,80,0.00,80.00,Cash,
T005984,2026-07-28 16:35,B06,,,Delivery,Coffee,3,90,0.00,270.00,Credit Card,
T005985,2026-07-28 17:18,B06,M0197,Bronze,In-store,Coffee,1,80,0.00,80.00,Credit Card,
T005986,2026-07-28 18:25,B05,,,App,Tea,1,85,0.00,85.00,Credit Card,
T005987,2026-07-28 18:58,B03,M0246,Silver,In-store,Coffee,1,90,0.00,90.00,Credit Card,
T005988,2026-07-29 00:34,B01,,,Delivery,Bakery,2,105,0.00,210.00,QR PromptPay,
T005989,2026-07-29 01:15,B01,,,Delivery,Bakery,1,60,0.00,60.00,QR PromptPay,
T005990,2026-07-29 01:36,B01,,,Deliv.,Coffee,3,100,0.00,300.00,Credit Card,
T005991,2026-07-29 07:30,B02,M0244,Silver,Delivery,Coffee,2,85,0.00,170.00,QR PromptPay,4
T005992,2026-07-29 08:32,B03,M0089,Platinum,App,Coffee,4,100,80.00,320.00,Credit Card,
T005993,29/07/2026 08:56,B04,M0213,Silver,App,Merchandise,2,770,231.00,1309.00,Credit Card,
T005994,2026-07-29 10:26,B07,,,Delivery,Bakery,1,65,0.00,65.00,QR PromptPay,4
T005995,2026-07-29 10:53,B06,M0139,Bronze,In-store,Coffee,1,95,4.75,90.25,QR PromptPay,
T005996,2026-07-29 11:04,B03,,,In-store,Bakery,3,85,0.00,255.00,QR PromptPay,4
T005997,2026-07-29 11:53,B05,M0164,Silver,In-store,Coffee,4,95,0.00,450.00,Cash,5
T005998,2026-07-29 11:58,B06,,,In-store,Coffee,3,60,0.00,180.00,Cash,
T005999,2026-07-29 12:02,B07,M0076,Gold,In-store,Coffee,1,100,15.00,85.00,Cash,
T006000,2026-07-29 12:23,B05,M0164,Slvr,App,Coffee,2,65,0.00,130.00,Credit Card,
T006001,2026-07-29 12:37,B03,M0140,Silver,In-store,Tea,3,75,11.25,213.75,QR PromptPay,
T006002,2026-07-29 12:46,B06,,,App,Bakery,1,95,0.00,95.00,App Wallet,3
T006003,2026-07-29 13:21,B02,M0244,Silver,App,Tea,1,95,0.00,95.00,Credit Card,
T006003,2026-07-29 13:21,B02,M0244,Silver,App,Tea,1,95,0.00,95.00,Credit Card,
T006004,2026-07-29 13:28,B02,M0085,Bronze,In-store,Coffee,4,95,0.00,380.00,Cash,4
T006005,2026-07-29 13:44,B03,M0074,Silver,In-store,Coffee,4,120,0.00,480.00,Cash,4
T006006,2026-07-29 13:46,B02,M0266,Gold,App,Coffee,2,80,0.00,160.00,App Wallet,5
T006007,2026-07-29 14:03,B01,,,In-store,Coffee,1,80,0.00,80.00,QR PromptPay,
T006008,2026-07-29 16:29,B02,M0244,Silver,App,Tea,1,55,11.00,44.00,Credit Card,
T006009,2026-07-29 16:44,B03,,,App,Tea,2,60,0.00,120.00,App Wallet,
T006010,2026-07-29 17:28,B03,M0074,Silver,App,Coffee,4,90,0.00,360.00,App Wallet,4
T006011,2026-07-29 18:26,B05,M0162,Silver,In-store,Coffee,1,70,0.00,70.00,QR PromptPay,5
T006011,2026-07-29 19:35,B05,M0162,Silver,In-store,Coffee,-1,70,-0.00,-70.00,QR PromptPay,
T006012,2026-07-29 19:58,B07,,,App,Bakery,2,60,0.00,120.00,App Wallet,
T006013,2026-07-29 22:47,B01,M0242,Silver,Delivery,Coffee,2,75,7.50,142.50,QR PromptPay,3
T006014,2026-07-30 08:55,B05,M0126,Bronze,in-store,Coffee,1,100,0.00,100.00,Cash,
T006015,2026-07-30 09:09,B08,M0224,Bronze,Delivery,Bakery,1,100,20.00,80.00,QR PromptPay,4
T006016,2026-07-30 09:23,B08,M0242,Silver,In-store,Coffee,1,110,0.00,110.00,Cash,
T006017,2026-07-30 09:48,B01,M0268,Gold,App,Tea,2,60,12.00,108.00,Credit Card,
T006018,30/07/2026 09:57,B04,M0162,Silver,App,Bakery,1,110,11.00,99.00,App Wallet,
T006019,2026-07-30 10:14,B05,M0070,Platinum,In-store,Coffee,1,70,0.00,70.00,QR PromptPay,5
T006020,2026-07-30 10:16,B01,,,In-store,Bakery,1,85,0.00,85.00,Credit Card,
T006021,2026-07-30 11:58,B01,M0029,Silver,In-store,Merchandise,2,645,0.00,1290.00,Cash,
T006022,2026-07-30 12:54,B02,M0068,Gold,In-store,Bakery,1,95,0.00,95.00,Credit Card,5
T006023,30/07/2026 12:55,B04,M0043,Platinum,In-store,Coffee,1,55,0.00,55.00,Cash,
T006024,2026-07-30 13:08,B06,M0020,Bronze,Instore,Coffee,1,110,0.00,110.00,QR PromptPay,4
T006024,2026-07-30 13:23,B06,M0020,Bronze,In-store,Coffee,-1,110,-0.00,-110.00,QR PromptPay,
T006025,2026-07-30 14:00,B01,M0144,Bronze,In-store,Coffee,4,105,0.00,420.00,Credit Card,
T006026,2026-07-30 14:16,B06,M0074,Silver,In-store,Bakery,3,50,0.00,150.00,Cash,5
T006027,30/07/2026 14:44,B04,,,in-store,Coffee,2,55,0.00,110.00,QR PromptPay,
T006028,2026-07-30 16:24,B08,,,App,Coffee,4,110,0.00,440.00,App Wallet,3
T006029,2026-07-30 16:45,B08,M0065,platinum,In-store,Bakery,2,85,8.50,161.50,Credit Card,
T006030,2026-07-30 17:19,B01,M0151,Platinum,In-store,Coffee,1,95,14.25,80.75,Credit Card,3
T006031,2026-07-30 17:30,B03,,,In-store,Coffee,1,100,0.00,100.00,Cash,4
T006032,2026-07-30 18:22,B08,M0053,Platinum,App,Tea,2,75,22.50,127.50,App Wallet,5
T006033,2026-07-30 19:03,B05,,,In-store,Coffee,2,85,0.00,170.00,QR PromptPay,5
T006034,2026-07-30 19:20,B06,M0011,Bronze,App,Coffee,4,75,45.00,255.00,Credit Card,
T006035,30/07/2026 19:23,B04,M0264,Gold,Instore,Coffee,1,75,0.00,75.00,Cash,
T006036,30/07/2026 19:55,B04,,,App,Bakery,1,45,0.00,45.00,App Wallet,
T006037,2026-07-31 07:21,B08,M0065,platinum,Delivery,Tea,1,55,0.00,55.00,QR PromptPay,4
T006038,31/07/2026 10:18,B04,M0115,Bronze,In-store,Coffee,2,60,0.00,120.00,Credit Card,
T006039,2026-07-31 10:25,B01,M0144,Bronze,In-store,Coffee,1,80,0.00,80.00,Credit Card,
T006040,31/07/2026 10:35,B04,M0144,Brz,In-store,Coffee,1,115,0.00,115.00,Cash,
T006041,2026-07-31 11:25,B08,M0092,Bronze,In-store,Bakery,1,45,0.00,45.00,Cash,
T006042,2026-07-31 11:57,B08,M0093,Silver,In-store,Coffee,4,55,0.00,220.00,Cash,1
T006043,2026-07-31 12:17,B01,M0151,Platinum,App,Coffee,2,85,8.50,161.50,App Wallet,
T006044,2026-07-31 13:59,B02,M0135,Gold,Delivery,Coffee,3,60,0.00,180.00,QR PromptPay,
T006045,2026-07-31 14:26,B06,M0089,Platinum,App,Tea,1,95,14.25,60.75,Credit Card,
T006046,2026-07-31 16:06,B08,,,In-store,Merchandise,3,680,0.00,2040.00,QR PromptPay,4
T006047,2026-07-31 16:10,B06,,,In-store,Bakery,1,70,0.00,70.00,Credit Card,
T006048,2026-07-31 16:11,B01,,,In-store,Coffee,2,60,0.00,120.00,Cash,
T006049,2026-07-31 16:12,B08,M0065,Platinum,Delivery,Coffee,1,85,0.00,85.00,QR PromptPay,
T006050,2026-07-31 16:33,B01,,,In-store,Bakery,1,60,0.00,60.00,Credit Card,4
T006051,2026-07-31 17:06,B06,M0223,Bronze,App,Bakery,1,90,0.00,90.00,App Wallet,
T006052,2026-07-31 17:30,B07,,,App,Merchandise,4,340,0.00,1360.00,App Wallet,5
T006053,2026-07-31 17:52,B07,M0021,Gold,In-store,Tea,2,70,0.00,140.00,QR PromptPay,5
T006054,2026-07-31 18:35,B06,M0139,Bronze,In-store,Tea,4,95,57.00,323.00,QR PromptPay,
T006055,2026-07-31 18:48,B02,M0166,Bronze,Delivery,Bakery,1,110,5.50,104.50,Credit Card,3
T006056,2026-07-31 18:51,B03,,,In-store,Coffee,2,60,0.00,120.00,Credit Card,
T006057,2026-07-31 19:39,B01,M0188,Bronze,App,Coffee,2,55,0.00,110.00,App Wallet,
T006058,2026-07-31 21:35,B01,,,Delivery,Coffee,2,80,0.00,160.00,Credit Card,4
T006059,2026-08-01 01:53,B01,,,Delivery,Tea,4,50,0.00,200.00,Credit Card,4
T006060,2026-08-01 07:26,B08,,,In-store,Bakery,1,75,0.00,75.00,Credit Card,
T006061,2026-08-01 07:28,B03,M0043,Platinum,In-store,Bakery,3,70,0.00,210.00,QR PromptPay,
T006062,2026-08-01 07:31,B08,M0065,Platinum,In-store,Tea,2,65,13.00,117.00,Credit Card,
T006063,2026-08-01 08:17,B02,M0244,Silver,App,Coffee,1,80,0.00,80.00,App Wallet,4
T006064,01/08/2026 08:53,B04,M0115,Bronze,In-store,Bakery,1,45,0.00,45.00,Cash,
T006065,2026-08-01 08:56,B03,M0238,Bronze,In-store,Coffee,3,90,40.50,229.50,Credit Card,4
T006066,2026-08-01 10:27,B01,M0096,Gold,In-store,Coffee,2,80,8.00,152.00,QR PromptPay,5
T006067,2026-08-01 12:36,B03,M0053,Platinum,In-store,Bakery,1,85,0.00,85.00,QR PromptPay,
T006068,2026-08-01 13:16,B03,M0146,Bronze,In-store,Coffee,3,70,0.00,210.00,Credit Card,
T006069,2026-08-01 13:37,B07,M0160,Bronze,App,Coffee,3,90,0.00,270.00,Credit Card,3
T006070,2026-08-01 13:44,B06,M0197,Bronze,In-store,Coffee,1,85,0.00,85.00,QR PromptPay,
T006071,2026-08-01 14:30,B02,M0244,Silver,App,Coffee,2,105,0.00,210.00,App Wallet,
T006072,2026-08-01 14:50,B05,M0202,Bronze,App,Merchandise,2,330,0.00,660.00,App Wallet,
T006073,2026-08-01 15:35,B06,M0136,Silver,In-store,Bakery,1,50,0.00,50.00,Credit Card,4
T006074,2026-08-01 16:09,B08,,,In-store,Bakery,1,110,0.00,110.00,QR PromptPay,
T006075,2026-08-01 17:00,B08,M0224,Bronze,In-store,Bakery,1,110,0.00,110.00,Credit Card,5
T006076,2026-08-01 18:02,B05,M0130,Gold,Delivery,Bakery,4,55,44.00,176.00,Cash,
T006077,2026-08-01 18:07,B03,,,App,Coffee,1,60,0.00,60.00,App Wallet,
T006078,2026-08-01 19:14,B03,M0074,Silver,In-store,Coffee,2,70,28.00,112.00,QR PromptPay,
T006079,2026-08-01 19:40,B06,,,Delivery,Coffee,1,80,0.00,80.00,QR PromptPay,
T006080,2026-08-01 21:07,B01,,,Delivery,Merchandise,2,545,0.00,1090.00,QR PromptPay,3
T006081,2026-08-02 02:19,B01,,,Delivery,Coffee,4,110,0.00,440.00,QR PromptPay,
T006082,2026-08-02 07:15,B05,M0105,Silver,In-store,Bakery,4,55,0.00,220.00,Cash,
T006083,2026-08-02 07:26,B05,,,App,Tea,4,95,0.00,380.00,App Wallet,
T006084,2026-08-02 08:40,B02,,,App,Bakery,2,50,0.00,100.00,App Wallet,4
T006085,2026-08-02 08:54,B05,M0202,Bronze,App,Bakery,1,70,0.00,70.00,Credit Card,4
T006086,02/08/2026 09:17,b04,M0264,Gld,In-store,Bakery,2,45,18.00,72.00,Credit Card,
T006087,02/08/2026 09:56,B04,M0070,Platinum,App,Bakery,4,105,84.00,336.00,App Wallet,
T006088,2026-08-02 11:14,B06,M0197,Bronze,In-store,Bakery,2,80,0.00,160.00,Cash,3
T006088,2026-08-02 11:41,B06,M0197,Bronze,In-store,Bakery,-2,80,-0.00,-160.00,Cash,
T006089,2026-08-02 12:12,B06,M0009,Gold,App,Tea,3,80,0.00,240.00,App Wallet,
T006090,2026-08-02 12:39,B06,M0262,Silver,In-store,Coffee,1,120,0.00,120.00,Cash,3
T006091,2026-08-02 12:51,B01,M0021,Gold,In-store,Merchandise,1,745,149.00,596.00,QR PromptPay,
T006092,2026-08-02 13:29,B08,,,In-store,Tea,1,55,0.00,55.00,QR PromptPay,
T006093,2026-08-02 13:58,B05,,,In-store,Tea,4,90,0.00,360.00,Credit Card,
T006094,2026-08-02 14:10,B05,M0202,Bronze,In-store,Tea,4,50,0.00,200.00,Credit Card,
T006095,2026-08-02 15:14,B03,,,App,Merchandise,1,310,0.00,310.00,Credit Card,5
T006096,2026-08-02 15:31,B07,M0115,Bronze,Delivery,Tea,1,95,0.00,95.00,QR PromptPay,3
T006097,2026-08-02 16:25,B03,M0153,Silver,In-store,Bakery,2,90,0.00,180.00,Credit Card,4
T006098,2026-08-02 16:34,B05,,,App,Coffee,2,55,0.00,110.00,Credit Card,
T006099,2026-08-02 16:42,B01,,,Delivery,Coffee,3,115,0.00,345.00,Credit Card,3
T006100,02/08/2026 18:13,B04,M0215,Silver,In-store,Coffee,2,90,9.00,171.00,QR PromptPay,
T006101,2026-08-02 18:28,B07,,,In-store,Coffee,3,105,0.00,315.00,QR PromptPay,4
T006102,2026-08-02 19:40,B06,M0023,Silver,In-store,Coffee,1,55,0.00,55.00,Credit Card,
T006103,2026-08-03 08:04,B02,M9468,Platinum,Instore,Coffee,1,110,5.50,104.50,Cash,
T006104,2026-08-03 08:33,B05,M0089,Platinum,In-store,Bakery,1,60,6.00,54.00,Credit Card,
T006105,2026-08-03 08:59,B05,M0050,Gold,In-store,Merchandise,2,440,0.00,880.00,Credit Card,
T006106,2026-08-03 09:03,B06,M0089,Platinum,In-store,Bakery,3,105,47.25,267.75,Cash,
T006107,2026-08-03 10:00,B03,,,Delivery,Coffee,1,120,0.00,120.00,Credit Card,
T006107,2026-08-03 10:00,B03,,,Delivery,Coffee,1,120,0.00,120.00,Credit Card,
T006108,2026-08-03 10:17,B07,M0146,Bronze,In-store,Coffee,1,90,0.00,90.00,Cash,
T006109,2026-08-03 10:43,B01,M0172,Bronze,In-store,Coffee,2,70,0.00,140.00,Credit Card,4
T006110,03/08/2026 10:51,B04,M0043,Platinum,In-store,Coffee,2,65,6.50,123.50,Cash,
T006110,03/08/2026 10:51,B04,M0043,Platinum,In-store,Coffee,2,65,6.50,123.50,Cash,
T006111,2026-08-03 11:11,B07,,,Delivery,Tea,1,60,0.00,60.00,QR PromptPay,
T006112,2026-08-03 12:05,B05,M0067,Bronze,App,Bakery,2,105,0.00,210.00,Credit Card,4
T006113,2026-08-03 12:10,B02,,,In-store,Coffee,1,120,0.00,120.00,QR PromptPay,4
T006114,2026-08-03 12:31,B07,M0215,Silver,In-store,Tea,2,60,0.00,120.00,Credit Card,
T006115,2026-08-03 12:41,B03,,,In-store,Tea,3,95,0.00,285.00,QR PromptPay,4
T006116,2026-08-03 13:08,B06,M0002,Bronze,delivery,Bakery,1,70,0.00,70.00,Cash,
T006117,2026-08-03 15:23,B08,M0240,Silver,In-store,Coffee,1,60,0.00,60.00,QR PromptPay,
T006118,2026-08-03 16:19,B06,,,In-store,Bakery,2,90,0.00,180.00,QR PromptPay,
T006119,2026-08-03 16:44,B01,M0151,Platinum,App,Coffee,2,115,11.50,218.50,App Wallet,
T006120,2026-08-03 16:50,B05,M0138,PLATINUM,In-store,Tea,3,50,30.00,120.00,Credit Card,4
T006121,2026-08-03 18:21,B08,,,In-store,Coffee,3,110,0.00,330.00,QR PromptPay,
T006122,2026-08-03 19:22,B01,,,App,Coffee,2,100,0.00,200.00,Credit Card,
T006123,2026-08-04 00:15,B01,,,Delivery,Bakery,1,55,0.00,55.00,QR PromptPay,
T006124,2026-08-04 08:55,B06,,,In-store,Bakery,2,55,0.00,110.00,Credit Card,3
T006125,04/08/2026 11:55,B04,M0097,BRONZE,In-store,Coffee,1,110,0.00,110.00,QR PromptPay,
T006126,2026-08-04 11:59,B06,M0070,PLATINUM,In-store,Coffee,1,95,14.25,80.75,QR PromptPay,
T006127,2026-08-04 12:15,B02,,,In-store,Bakery,4,90,0.00,360.00,Cash,
T006128,2026-08-04 12:28,B03,M0101,Platinum,In-store,Tea,1,60,9.00,51.00,Credit Card,
T006129,04/08/2026 12:30,B04,M0059,Bronze,In store,Coffee,3,65,39.00,156.00,Credit Card,4
T006130,2026-08-04 13:26,B03,,,App,Coffee,1,120,0.00,120.00,App Wallet,
T006131,2026-08-04 13:53,B08,M0149,Platinum,In-store,Tea,1,85,17.00,68.00,QR PromptPay,
T006132,2026-08-04 13:58,B08,M0043,Platinum,In-store,Tea,3,50,15.00,135.00,Cash,
T006129,04/08/2026 13:59,B04,M0059,Bronze,In-store,Coffee,-3,65,-39.00,-156.00,Credit Card,
T006133,2026-08-04 14:22,B01,M0188,Bronze,App,Coffee,1,115,0.00,115.00,Credit Card,4
T006134,2026-08-04 15:47,B01,M0032,Gold,In-store,Coffee,2,105,0.00,210.00,QR PromptPay,
T006135,2026-08-04 15:49,B01,,,In-store,Coffee,1,55,0.00,55.00,QR PromptPay,
T006136,2026-08-04 16:23,B02,,,Delivery,Bakery,1,105,0.00,105.00,Cash,5
T006137,2026-08-04 16:44,B08,M0065,Platinum,In-store,Coffee,1,80,8.00,72.00,QR PromptPay,3
T006138,2026-08-04 16:46,B01,,,In-store,Bakery,1,55,0.00,55.00,Cash,
T006139,2026-08-04 17:09,B02,M9723,Silver,App,Bakery,1,90,9.00,81.00,App Wallet,
T006140,2026-08-04 17:26,B08,,,In-store,Coffee,2,100,0.00,200.00,Credit Card,
T006141,2026-08-04 17:50,B03,,,In-store,Bakery,2,100,0.00,200.00,Credit Card,
T006142,04/08/2026 18:35,B04,M9268,Platinum,In-store,Bakery,2,95,19.00,171.00,QR PromptPay,
T006143,2026-08-04 19:26,B06,,,In-store,Bakery,1,90,0.00,90.00,QR PromptPay,4
T006144,2026-08-05 07:05,B06,,,App,Bakery,2,60,0.00,120.00,App Wallet,
T006145,2026-08-05 08:12,B01,M0151,Platinum,Delivery,Merchandise,2,555,166.50,943.50,Credit Card,
T006146,2026-08-05 08:13,B03,,,APP,Merchandise,4,510,0.00,2040.00,Credit Card,5
T006147,2026-08-05 08:25,B02,M0071,Silver,In-store,Coffee,3,120,36.00,324.00,Cash,5
T006148,2026-08-05 08:32,B06,M0259,Silver,In-store,Coffee,1,65,0.00,65.00,Cash,
T006149,2026-08-05 12:47,B02,M0121,Platinum,In-store,Bakery,2,60,6.00,114.00,Cash,
T006150,2026-08-05 12:48,B05,M0128,Silver,In-store,Tea,3,60,36.00,144.00,Credit Card,4
T006151,2026-08-05 12:55,B02,,,In-store,Coffee,1,95,0.00,95.00,QR PromptPay,5
T006152,2026-08-05 13:46,B05,M0016,Gold,App,Coffee,1,95,19.00,76.00,Credit Card,
T006153,2026-08-05 14:05,B07,M0118,Silver,In-store,Coffee,1,60,0.00,60.00,Credit Card,
T006154,2026-08-05 14:18,B06,M0089,Platinum,In-store,Coffee,1,60,12.00,48.00,Cash,
T006155,05/08/2026 14:54,B04,M9035,Silver,In-store,Bakery,1,45,0.00,45.00,Credit Card,4
T006156,2026-08-05 15:07,B05,M0266,Gold,Delivery,Merchandise,4,885,0.00,3540.00,Cash,
T006157,2026-08-05 15:28,B06,M0089,Platinum,App,Merchandise,1,710,0.00,710.00,App Wallet,4
T006158,2026-08-05 16:04,B08,M0098,Silver,In-store,Coffee,1,85,0.00,85.00,Cash,3
T006159,2026-08-05 16:05,B06,M0268,Gold,App,Tea,4,65,52.00,208.00,App Wallet,
T006160,2026-08-05 16:14,B03,,,In-store,Coffee,2,110,0.00,220.00,QR PromptPay,
T006161,05/08/2026 19:55,B04,M0039,Silver,Delivery,Coffee,1,65,0.00,65.00,QR PromptPay,5
T006162,2026-08-06 07:14,B02,,,App,Bakery,4,80,0.00,320.00,App Wallet,
T006163,2026-08-06 07:24,B06,M0089,Platinum,In-store,Tea,4,70,56.00,224.00,QR PromptPay,
T006164,2026-08-06 07:29,B06,M0089,Platinum,Delivery ,Merchandise,2,675,135.00,1215.00,QR PromptPay,5
T006165,2026-08-06 09:34,B05,,,In-store,Merchandise,2,510,0.00,1020.00,Credit Card,
T006166,2026-08-06 09:51,B06,,,In-store,Coffee,1,95,0.00,95.00,QR PromptPay,
T006167,2026-08-06 09:53,B05,,,In-store,Coffee,1,80,0.00,80.00,Cash,
T006168,2026-08-06 10:22,B05,M0065,Platinum,In-store,Merchandise,2,705,0.00,1410.00,Cash,
T006169,06/08/2026 11:50,B04,M0093,Silver,App,Tea,3,60,0.00,180.00,App Wallet,
T006170,2026-08-06 11:53,B01,,,In-store,Bakery,4,50,0.00,200.00,QR PromptPay,4
T006171,2026-08-06 12:51,B03,M0241,Bronze,In-store,Coffee,4,90,0.00,360.00,Cash,
T006172,2026-08-06 13:08,B02,M0111,Bronze,Delivery,Tea,1,60,9.00,51.00,Credit Card,
T006173,2026-08-06 13:19,B06,M0089,Platinum,App,Coffee,2,95,0.00,190.00,Credit Card,2
T006174,2026-08-06 13:46,B07,M0013,Silver,App,Coffee,1,95,0.00,95.00,App Wallet,3
T006175,06/08/2026 14:04,B04,,,In-store,Tea,2,70,0.00,140.00,QR PromptPay,
T006176,2026-08-06 14:31,B03,M0095,Bronze,In-store,Tea,1,70,0.00,70.00,Cash,
T006177,2026-08-06 15:02,B06,M0136,Silver,In-store,Coffee,1,110,0.00,110.00,QR PromptPay,
T006178,2026-08-06 16:21,B08,M0255,Bronze,In-store,Bakery,1,85,0.00,85.00,Credit Card,
T006179,2026-08-06 16:43,B05,,,In-store,Bakery,2,75,0.00,150.00,QR PromptPay,
T006180,2026-08-07 01:16,B01,,,Delivery,Bakery,1,55,0.00,55.00,Credit Card,
T006181,2026-08-07 07:16,B01,M0151,Platinum,App,Bakery,2,95,19.00,171.00,Credit Card,
T006182,2026-08-07 08:07,B08,,,Delivery,Coffee,2,55,0.00,110.00,Cash,
T006183,2026-08-07 08:19,B05,M0038,Silver,In-store,Tea,3,90,0.00,270.00,QR PromptPay,
T006184,2026-08-07 08:42,B01,M0151,Platinum,App,Coffee,1,90,18.00,72.00,Credit Card,
T006185,07/08/2026 08:45,B04,M0249,Bronze,App,Coffee,1,85,0.00,85.00,App Wallet,5
T006186,2026-08-07 11:34,B06,M0009,Gold,App,Bakery,2,90,36.00,144.00,App Wallet,
T006187,2026-08-07 12:17,B05,M0021,Gold,In-store,Tea,2,65,6.50,123.50,Cash,4
T006188,2026-08-07 12:21,B01,M0130,Gold,In-store,Bakery,3,55,0.00,165.00,QR PromptPay,
T006189,2026-08-07 12:36,B05,,,In-store,Tea,3,65,0.00,195.00,Cash,
T006190,2026-08-07 12:54,B05,M0162,Silver,In-store,Coffee,2,105,0.00,210.00,QR PromptPay,
T006191,2026-08-07 12:56,B05,M0128,Silver,In-store,Coffee,2,85,0.00,170.00,Credit Card,4
T006192,07/08/2026 13:01,B4,M0059,Bronze,In-store,Merchandise,2,540,0.00,1080.00,QR PromptPay,
T006193,2026-08-07 13:16,B01,M0008,Bronze,App,Merchandise,2,280,0.00,560.00,Credit Card,
T006194,2026-08-07 13:28,B08,M0224,Bronze,Delivery,Bakery,2,60,18.00,102.00,QR PromptPay,
T006195,2026-08-07 13:30,B05,M0253,Silver,Delivery,Tea,1,60,3.00,57.00,Credit Card,3
T006196,2026-08-07 13:34,B01,M0151,Platinum,In-store,Coffee,1,105,5.25,99.75,QR PromptPay,2
T006197,2026-08-07 14:06,B06,M0023,Silver,App,Bakery,1,90,0.00,90.00,Credit Card,
T006198,2026-08-07 14:24,B05,,,In-store,Coffee,1,110,0.00,110.00,Cash,
T006199,2026-08-07 15:42,B07,M0109,Platinum,App,Coffee,2,60,12.00,108.00,App Wallet,
T006200,2026-08-07 15:56,B02,M0205,Platinum,In-store,Coffee,2,65,26.00,104.00,QR PromptPay,
T006201,2026-08-07 16:52,B07,M0242,Silver,Deliv.,Tea,2,70,0.00,140.00,QR PromptPay,4
T006202,2026-08-07 17:09,B02,M0101,Platinum,In-store,Bakery,1,55,0.00,55.00,Credit Card,2
T006203,2026-08-07 17:29,B08,M0110,Gold,In-store,Bakery,1,95,4.75,90.25,Cash,5
T006204,2026-08-07 17:45,B07,M0095,Bronze,App,Coffee,3,80,0.00,240.00,Credit Card,5
T006205,2026-08-07 18:40,B08,M0174,Silver,in-store,Coffee,3,90,27.00,243.00,Credit Card,
T006206,07/08/2026 18:53,B04,M0172,Bronze,In-store,Tea,1,75,0.00,75.00,Cash,
T006207,2026-08-07 19:01,B01,M0011,Bronze,In-store,Coffee,1,100,0.00,100.00,Credit Card,
T006208,2026-08-07 19:55,B07,M0244,Silver,In-store,Tea,4,90,0.00,360.00,Cash,
T006209,2026-08-08 07:45,B02,M0088,Gold,App,Coffee,1,100,0.00,100.00,Credit Card,
T006210,2026-08-08 07:49,B07,M0022,Bronze,In-store,Coffee,1,70,0.00,70.00,Credit Card,5
T006211,08/08/2026 08:23,B04,,,App,Merchandise,2,745,0.00,1490.00,App Wallet,5
T006212,2026-08-08 08:42,B02,M0007,Gold,Delivery,Tea,1,60,0.00,60.00,Credit Card,
T006213,2026-08-08 08:48,B06,M0197,Bronze,App,Tea,2,95,0.00,190.00,Credit Card,
T006214,2026-08-08 09:12,B07,,,In-store,Tea,1,80,0.00,80.00,QR PromptPay,3
T006215,2026-08-08 09:15,B07,M0022,Bronze,Delivery,Coffee,3,60,0.00,180.00,Credit Card,
T006216,2026-08-08 09:50,B07,M0070,Platinum,App,Tea,2,50,10.00,90.00,App Wallet,
T006217,2026-08-08 10:32,B08,M0039,Silver,In-store,Coffee,1,80,0.00,80.00,Cash,
T006218,2026-08-08 11:02,B08,M0004,Bronze,In-store,Bakery,1,60,0.00,60.00,Cash,
T006219,2026-08-08 11:17,B01,M0202,Bronze,App,Tea,4,75,0.00,300.00,App Wallet,
T006220,2026-08-08 12:43,B03,M0114,Silver,In-store,Bakery,1,95,0.00,95.00,Credit Card,4
T006221,2026-08-08 14:08,B06,M0089,Platinum,In-store,Tea,1,90,0.00,90.00,QR PromptPay,
T006222,2026-08-08 14:16,B02,M0088,Gold,In-store,Coffee,2,120,24.00,216.00,QR PromptPay,5
T006223,08/08/2026 15:12,B04,M0057,Silver,Delivery,Coffee,1,115,0.00,115.00,Cash,
T006224,2026-08-08 15:24,B03,M0108,Silver,In-store,Tea,1,80,8.00,72.00,Cash,5
T006225,2026-08-08 16:02,B08,,,Delivery,Coffee,1,60,0.00,60.00,Credit Card,4
T006226,2026-08-08 16:27,B02,M0244,Silver,In-store,Bakery,4,70,0.00,280.00,Cash,5
T006227,08/08/2026 16:38,B04,M0043,Platinum,App,Bakery,1,70,0.00,70.00,Credit Card,4
T006228,2026-08-08 17:38,B07,M0151,Platinum,Delivery,Merchandise,2,715,214.50,1215.50,Cash,3
T006228,2026-08-08 17:59,B07,M0151,Platinum,Delivery,Merchandise,-2,715,-214.50,-1215.50,Cash,
T006229,2026-08-08 18:02,B06,M0268,GOLD,In-store,Coffee,1,80,0.00,80.00,QR PromptPay,5
T006230,2026-08-08 18:36,B06,M0268,Gold,App,Coffee,2,75,0.00,150.00,App Wallet,
T006231,2026-08-08 23:58,B01,M0179,Silver,delivery,Coffee,1,75,0.00,75.00,QR PromptPay,
T006232,2026-08-09 07:47,B03,M0224,Bronze,In-store,Bakery,1,80,4.00,76.00,QR PromptPay,
T006233,09/08/2026 08:46,B04,M0245,Bronze,Delivery,Coffee,1,100,0.00,100.00,Cash,
T006234,2026-08-09 10:19,B03,,,In-store,Coffee,1,75,0.00,75.00,Credit Card,
T006235,2026-08-09 10:48,B06,,,App,Bakery,1,75,0.00,75.00,App Wallet,
T006236,2026-08-09 12:23,B03,,,App,Coffee,1,70,0.00,70.00,App Wallet,3
T006237,2026-08-09 13:34,B02,M0234,Bronze,In-store,Bakery,1,55,0.00,55.00,QR PromptPay,
T006238,2026-08-09 14:29,B03,M0238,Bronze,In-store,Coffee,4,65,0.00,260.00,Credit Card,
T006239,2026-08-09 14:33,B07,M0244,Silver,App,Merchandise,1,250,0.00,250.00,Credit Card,4
T006240,2026-08-09 15:21,B02,M0109,Platinum,In-store,Bakery,4,85,17.00,323.00,Cash,
T006241,09/08/2026 16:02,B04,M0192,Silver,app,Coffee,1,80,0.00,80.00,App Wallet,4
T006242,2026-08-09 16:06,B06,M0089,Platinum,Delivery,Bakery,1,75,11.25,63.75,Cash,
T006243,2026-08-09 16:08,B01,M0011,Bronze,In-store,Coffee,1,80,0.00,80.00,QR PromptPay,2
T006244,2026-08-09 16:30,B08,,,In-store,Tea,1,85,0.00,85.00,Credit Card,
T006245,09/08/2026 16:32,B04,,,In-store,Tea,3,90,0.00,270.00,Cash,
T006246,2026-08-09 16:50,B01,M0151,Platinum,In-store,Coffee,4,60,0.00,240.00,Credit Card,
T006247,2026-08-09 17:40,B06,M0262,silver,Mobile App,Coffee,1,55,8.25,46.75,App Wallet,2
T006247,2026-08-09 17:40,B06,M0262,silver,Mobile App,Coffee,1,55,8.25,46.75,App Wallet,2
T006248,2026-08-09 17:49,B02,M0244,Silver,In-store,Coffee,1,120,18.00,102.00,Credit Card,5
T006249,2026-08-09 18:19,B02,M0060,Bronze,In-store,Coffee,1,110,0.00,110.00,QR PromptPay,
T006250,2026-08-09 19:12,B07,M0229,Bronze,In store,Coffee,3,65,0.00,195.00,Cash,
T006251,2026-08-10 07:29,B01,,,In-store,Coffee,1,100,0.00,100.00,QR PromptPay,
T006252,2026-08-10 07:47,B02,M0018,Bronze,App,Coffee,1,105,0.00,105.00,Credit Card,2
T006253,2026-08-10 09:27,B01,,,App,Bakery,4,100,0.00,400.00,App Wallet,
T006254,2026-08-10 09:39,B07,,,In-store,Tea,1,65,0.00,65.00,QR PromptPay,
T006255,2026-08-10 09:47,B01,M0120,Silver,In-store,Coffee,3,75,0.00,225.00,Credit Card,3
T006256,2026-08-10 09:50,B01,M0151,Platinum,App,Bakery,1,80,0.00,80.00,App Wallet,
T006257,10/08/2026 10:10,B04,,,In-store,Coffee,1,75,0.00,75.00,Cash,4
T006258,2026-08-10 11:24,B03,,,Delivery,Coffee,1,75,0.00,75.00,QR PromptPay,4
T006259,2026-08-10 12:38,B03,M0108,Silver,in-store,Coffee,4,75,0.00,300.00,Cash,
T006260,2026-08-10 13:10,B02,M9080,Bronze,In-store,Coffee,1,60,0.00,60.00,Credit Card,4
T006261,10/08/2026 13:28,B04,M0115,Bronze,App,Coffee,1,95,0.00,95.00,App Wallet,
T006262,2026-08-10 13:40,B02,M0244,Silver,App,Coffee,1,75,0.00,75.00,App Wallet,3
T006263,2026-08-10 15:53,B07,M0118,Silver,App,Coffee,3,65,0.00,195.00,Credit Card,
T006264,2026-08-10 16:47,B06,M0089,Platinum,App,Bakery,1,80,0.00,80.00,App Wallet,
T006265,2026-08-10 18:23,B07,M0209,Silver,In-store,Coffee,1,105,0.00,105.00,QR PromptPay,
T006266,10/08/2026 19:04,B04,,,App,Coffee,4,75,0.00,300.00,App Wallet,1
T006267,2026-08-10 19:22,B06,,,In store,Coffee,2,85,0.00,170.00,Cash,4
T006268,2026-08-10 19:23,B02,M9268,Bronze,in-store,Coffee,2,115,0.00,230.00,Cash,
T006269,10/08/2026 19:43,B04,M0192,Silver,In-store,Coffee,4,110,0.00,440.00,Cash,
T006270,2026-08-11 00:22,B01,M0118,Silver,Delivery,Coffee,1,90,0.00,90.00,Credit Card,
T006271,2026-08-11 08:31,B03,,,In-store,Bakery,1,95,0.00,95.00,QR PromptPay,3
T006272,2026-08-11 08:40,B07,M0059,Bronze,Deliv.,Bakery,1,85,8.50,76.50,Cash,4
T006273,2026-08-11 09:22,B07,M0045,Gold,In-store,Coffee,2,75,0.00,150.00,QR PromptPay,5
T006274,11/08/2026 10:28,B04,M0195,Silver,In-store,Coffee,1,115,0.00,115.00,Credit Card,
T006275,2026-08-11 11:23,B01,M0151,Platinum,In-store,Coffee,1,115,0.00,115.00,Cash,
T006276,2026-08-11 12:01,B02,M0270,Silver,In-store,Coffee,1,85,0.00,85.00,QR PromptPay,
T006277,2026-08-11 12:07,B06,M0240,Silver,In-store,Tea,1,65,6.50,58.50,Credit Card,
T006278,2026-08-11 12:12,B07,M0022,Bronze,In-store,Coffee,1,105,0.00,105.00,QR PromptPay,4
T006279,11/08/2026 12:39,B04,M0264,Gold,App,Merchandise,4,875,0.00,3500.00,App Wallet,
T006280,2026-08-11 12:54,B06,M0009,Gold,In-store,Bakery,3,110,0.00,330.00,QR PromptPay,4
T006281,2026-08-11 13:32,B05,,,In-store,Tea,1,55,0.00,55.00,QR PromptPay,
T006282,2026-08-11 14:07,B02,M0085,Bronze,App,Merchandise,1,845,126.75,718.25,App Wallet,
T006283,2026-08-11 14:29,B03,M0064,Bronze,In-store,Coffee,3,105,15.75,299.25,Credit Card,4
T006284,2026-08-11 14:30,B06,M0139,Bronze,App,Coffee,1,90,0.00,90.00,Credit Card,4
T006285,2026-08-11 15:07,B05,M0202,Bronze,In-store,Coffee,1,85,0.00,85.00,Cash,
T006286,11/08/2026 15:08,B04,M0266,Gold,App,Tea,1,75,0.00,75.00,Credit Card,4
T006287,2026-08-11 15:45,B03,M0154,Platinum,In-store,Coffee,2,90,0.00,180.00,Cash,
T006288,2026-08-11 15:49,B03,M0268,Gold,App,Bakery,1,55,0.00,55.00,Credit Card,5
T006289,2026-08-11 16:52,B07,,,App,Bakery,2,65,0.00,130.00,Credit Card,
T006290,2026-08-11 17:51,B05,,,In-store,Coffee,1,60,0.00,60.00,Credit Card,
T006291,2026-08-11 17:57,B06,M0023,Silver,Delivery ,Tea,3,60,0.00,180.00,Credit Card,
T006292,2026-08-11 17:57,B01,M0221,Silver,Delivery,Coffee,4,60,469.65,-229.65,QR PromptPay,
T006293,2026-08-11 19:14,B02,M0101,Platinum,In-store,Coffee,2,120,0.00,240.00,QR PromptPay,4
T006294,2026-08-12 07:13,B06,M0089,Platinum,App,Coffee,1,90,0.00,90.00,Credit Card,5
T006295,2026-08-12 07:52,B01,,,Delivery,Coffee,1,60,0.00,60.00,QR PromptPay,4
T006296,12/08/2026 08:27,B04,M0052,Silver,App,Tea,1,85,0.00,85.00,Credit Card,
T006297,2026-08-12 08:50,B02,M0161,Silver,In-store,Bakery,1,70,0.00,70.00,QR PromptPay,
T006298,2026-08-12 10:22,B07,M0005,Bronze,In-store,Tea,3,85,0.00,255.00,Cash,4
T006299,2026-08-12 10:31,B06,M0023,Silver,In-store,Coffee,3,70,0.00,210.00,Cash,4
T006299,2026-08-12 10:50,B06,M0023,Silver,In-store,Coffee,-3,70,-0.00,-210.00,Cash,
T006300,2026-08-12 12:24,B06,,,App,Coffee,1,75,0.00,75.00,Credit Card,4
T006301,2026-08-12 12:34,B06,M0016,Gold,App,Coffee,1,65,3.25,61.75,App Wallet,
T006302,12/08/2026 12:43,B04,,,Delivery,Tea,2,80,0.00,160.00,Cash,
T006303,2026-08-12 12:49,B07,,,In-store,Coffee,2,90,0.00,180.00,Cash,
T006304,2026-08-12 12:49,B08,M0109,Platinum,In-store,Bakery,1,฿50,7.50,42.50,Cash,
T006305,2026-08-12 13:03,B05,M0081,SILVER,In-store,Coffee,1,95,19.00,76.00,Credit Card,5
T006306,12/08/2026 13:12,B04,M0183,Silver,Delivery,Coffee,4,105,0.00,420.00,QR PromptPay,5
T006307,12/08/2026 13:42,B04,,,App,Bakery,1,฿95,0.00,95.00,Credit Card,3
T006308,2026-08-12 14:02,B01,M0097,Bronze,App,Bakery,1,45,0.00,45.00,Credit Card,
T006309,2026-08-12 14:36,B02,M0244,Silver,in-store,Coffee,1,80,8.00,72.00,QR PromptPay,
T006310,2026-08-12 15:04,B03,M0012,Bronze,App,Tea,3,90,0.00,270.00,App Wallet,2
T006310,2026-08-12 15:04,B03,M0012,Bronze,App,Tea,3,90,0.00,270.00,App Wallet,2
T006311,2026-08-12 15:14,B05,,,App,Coffee,1,60,0.00,60.00,Credit Card,
T006312,2026-08-12 15:40,B06,M0162,Silver,In-store,Coffee,2,55,0.00,110.00,QR PromptPay,
T006313,2026-08-12 15:42,B01,,,Delivery,Coffee,1,95,0.00,95.00,Credit Card,
T006314,2026-08-12 17:38,B08,,,In-store,Tea,4,50,0.00,200.00,QR PromptPay,
T006315,2026-08-12 18:07,B01,M0259,Silver,Instore,Bakery,1,90,0.00,90.00,Cash,4
T006316,2026-08-12 18:32,B02,,,In-store,Coffee,2,90,0.00,180.00,Credit Card,
T006317,2026-08-12 19:25,B01,,,App,Coffee,1,75,0.00,75.00,Credit Card,5
T006318,2026-08-13 00:57,B01,,,Delivery,Bakery,1,110,0.00,110.00,QR PromptPay,
T006319,2026-08-13 08:14,B02,M0046,Bronze,In-store,Coffee,3,80,0.00,240.00,QR PromptPay,
T006320,2026-08-13 08:36,B02,M0153,Silver,In-store,Bakery,1,65,0.00,65.00,QR PromptPay,
T006321,2026-08-13 09:57,B07,,,In-store,Coffee,2,95,0.00,190.00,Credit Card,
T006322,2026-08-13 10:08,B03,M0046,Bronze,App,Tea,2,55,16.50,93.50,App Wallet,
T006323,2026-08-13 11:12,B06,M0064,Brz,App,Tea,1,90,0.00,90.00,Credit Card,
T006324,2026-08-13 11:13,B05,M0136,Silver,Delivery,Coffee,1,60,6.00,54.00,QR PromptPay,
T006325,2026-08-13 11:25,B01,,,In-store,Coffee,1,115,0.00,115.00,Credit Card,
T006326,2026-08-13 11:45,B07,M0022,Bronze,APP,Tea,1,95,0.00,95.00,App Wallet,
T006327,2026-08-13 13:18,B08,,,In-store,Coffee,1,100,0.00,100.00,Cash,
T006328,13/08/2026 13:27,B04,M0043,Platinum,App,Coffee,3,65,39.00,156.00,App Wallet,
T006329,2026-08-13 14:56,B06,M9043,Bronze,App,Coffee,1,95,0.00,95.00,Credit Card,3
T006330,2026-08-13 15:12,B06,,,In-store,Coffee,2,75,0.00,150.00,QR PromptPay,
T006331,2026-08-13 15:35,B06,M0089,Platinum,In-store,Coffee,3,80,0.00,240.00,Cash,3
T006332,13/08/2026 16:57,B04,M0043,Platinum,In-store,Coffee,3,55,24.75,140.25,Cash,1
T006333,2026-08-13 17:00,B06,M0262,Silver,In-store,Coffee,1,75,0.00,75.00,Cash,
T006334,2026-08-13 17:05,B02,,,In-store,Coffee,3,100,0.00,300.00,QR PromptPay,
T006335,2026-08-13 17:18,B03,M0038,Silver,Delivery,Coffee,2,95,0.00,190.00,QR PromptPay,
T006336,13/08/2026 17:27,b04,M0249,Bronze,In-store,Coffee,1,80,8.00,72.00,QR PromptPay,
T006337,2026-08-13 17:30,B03,,,Delivery,Tea,1,90,0.00,90.00,Credit Card,
T006338,13/08/2026 18:54,B04,M0180,Silver,In-store,Bakery,1,90,0.00,90.00,Credit Card,
T006339,2026-08-13 19:29,B02,,,App,Coffee,1,85,0.00,85.00,Credit Card,4
T006340,2026-08-13 22:35,b01,,,Delivery,Tea,1,65,0.00,65.00,Credit Card,
T006341,2026-08-14 01:36,B01,,,Delivery ,Merchandise,1,250,0.00,250.00,QR PromptPay,
T006342,2026-08-14 08:38,B07,M0272,Silver,In-store,Coffee,1,105,0.00,105.00,Credit Card,
T006343,2026-08-14 08:47,B05,M0253,Silver,Delivery,Coffee,1,120,0.00,120.00,Cash,
T006344,2026-08-14 10:10,B02,M0246,Silver,In-store,Coffee,2,75,22.50,127.50,QR PromptPay,
T006345,2026-08-14 10:18,B01,,,App,Merchandise,1,250,0.00,250.00,Credit Card,
T006346,2026-08-14 10:34,B05,M0130,gold,App,Coffee,2,100,40.00,160.00,Credit Card,
T006347,2026-08-14 10:49,B06,M0135,Gold,In-store,Bakery,3,100,0.00,300.00,QR PromptPay,3
T006348,14/08/2026 11:02,B04,M0043,Platinum,App,Coffee,1,115,23.00,92.00,Credit Card,
T006349,2026-08-14 11:38,B01,M0028,Bronze,In-store,Merchandise,2,830,249.00,1411.00,Cash,3
T006350,2026-08-14 11:59,B01,,,In-store,Bakery,1,55,0.00,55.00,QR PromptPay,
T006351,2026-08-14 12:00,B06,M0270,Silver,In-store,Coffee,4,75,0.00,350.00,Credit Card,
T006352,2026-08-14 12:05,B01,M0062,Gold,Delivery,Bakery,2,105 THB,10.50,199.50,QR PromptPay,
T006353,2026-08-14 12:42,B07,M0266,Gold,Delivery,Coffee,2,90,36.00,144.00,Credit Card,
T006354,2026-08-14 12:57,B08,,,In-store,Coffee,4,100,0.00,400.00,Credit Card,
T006355,2026-08-14 13:07,B08,,,Delivery,Tea,2,55,0.00,110.00,QR PromptPay,
T006356,2026-08-14 13:31,B08,M0065,Platinum,Delivery,Merchandise,1,340,17.00,323.00,Cash,
T006357,2026-08-14 13:39,B01,M0151,Platinum,In-store,Coffee,4,80,0.00,320.00,QR PromptPay,
T006358,2026-08-14 15:19,B02,M0275,Bronze,In-store,Tea,1,70,10.50,59.50,Cash,
T006359,2026-08-14 16:44,B03,M9268,Bronze,Delivery,Coffee,1,60,0.00,60.00,QR PromptPay,
T006360,2026-08-14 16:47,B05,M0110,Gold,In-store,Coffee,3,75,45.00,180.00,QR PromptPay,5
T006361,2026-08-14 19:42,B07,M0051,Bronze,In-store,Bakery,1,105,0.00,105.00,Credit Card,3
T006362,2026-08-15 07:29,B03,,,In-store,Bakery,2,95,0.00,190.00,Cash,
T006363,2026-08-15 08:20,B08,M0119,Silver,In-store,Coffee,3,115,0.00,345.00,QR PromptPay,3
T006364,2026-08-15 08:59,B08,M0032,Gold,In-store,Bakery,2,70,0.00,140.00,QR PromptPay,
T006365,2026-08-15 09:18,B02,M0209,Silver,In-store,Merchandise,3,685,411.00,1644.00,Credit Card,5
T006366,2026-08-15 09:21,B07,,,In-store,Bakery,2,100,0.00,200.00,QR PromptPay,
T006367,2026-08-15 09:28,B08,,,In-store,Coffee,2,65,0.00,130.00,QR PromptPay,
T006368,2026-08-15 10:09,B06,M0099,Bronze,In-store,Coffee,2,90,0.00,180.00,Cash,
T006369,2026-08-15 11:01,B01,M0028,Bronze,App,Merchandise,2,665,0.00,1330.00,Credit Card,
T006370,2026-08-15 12:07,B07,,,App,Tea,3,70,0.00,210.00,App Wallet,
T006371,2026-08-15 13:00,B03,,,In-store,Bakery,2,105,0.00,210.00,Credit Card,5
T006372,15/08/2026 14:56,B04,M0264,Gold,In-store,Coffee,4,70,0.00,280.00,Credit Card,
T006373,2026-08-15 16:00,B05,,,In-store,Coffee,1,70,0.00,70.00,Credit Card,
T006374,15/08/2026 16:05,B04,M0242,Silver,In-store,Coffee,1,110,0.00,110.00,QR PromptPay,
T006375,2026-08-15 16:22,B06,M0020,Bronze,App,Tea,2,90,0.00,180.00,Credit Card,5
T006376,2026-08-15 16:24,B08,M0086,Silver,In-store,Coffee,2,100,0.00,200.00,QR PromptPay,4
T006377,2026-08-15 16:52,B02,M0071,Silver,In-store,Coffee,2,60,0.00,120.00,Cash,
T006378,2026-08-15 17:46,B02,,,In-store,Tea,1,50,0.00,50.00,Credit Card,
T006379,2026-08-15 19:00,B03,,,In-store,Coffee,2,115,0.00,230.00,QR PromptPay,4
T006380,15/08/2026 19:08,B04,M0043,Platinum,Delivery,Coffee,4,70,0.00,280.00,Cash,
T006381,2026-08-16 08:17,B06,M0268,Gold,In-store,Bakery,2,70,0.00,140.00,QR PromptPay,
T006382,2026-08-16 08:31,B06,M0089,Platinum,Delivery,Tea,2,50,5.00,95.00,QR PromptPay,
T006383,2026-08-16 10:23,b03,M0238,Bronze,In-store,Coffee,1,120,0.00,120.00,Cash,
T006384,2026-08-16 12:01,B05,,,In-store,Coffee,2,70,0.00,140.00,Credit Card,
T006385,2026-08-16 12:01,B06,,,In-store,Coffee,3,100,0.00,300.00,QR PromptPay,4
T006386,2026-08-16 12:16,B02,M0277,Bronze,In store,Coffee,2,85,0.00,170.00,Credit Card,
T006387,2026-08-16 12:36,B05,M0232,Silver,In-store,Tea,2,50,0.00,100.00,QR PromptPay,3
T006388,2026-08-16 12:37,b01,M0151,Platinum,In-store,Coffee,1,65,9.75,55.25,QR PromptPay,
T006389,2026-08-16 12:56,B01,M0235,Bronze,In-store,Coffee,1,110,0.00,110.00,QR PromptPay,
T006390,2026-08-16 13:13,B08,M0161,Silver,In-store,Merchandise,1,260,13.00,247.00,QR PromptPay,
T006391,2026-08-16 13:28,B05,M0016,GOLD,Delivery,Coffee,1,120,12.00,108.00,QR PromptPay,
T006392,2026-08-16 13:33,B03,,,In-store,Coffee,1,105,0.00,105.00,QR PromptPay,
T006393,2026-08-16 14:17,B05,M0105,Silver,App,Coffee,2,85,0.00,170.00,Credit Card,
T006394,2026-08-16 15:21,B01,M0012,Bronze,In-store,Bakery,3,75,0.00,225.00,QR PromptPay,5
T006395,16/08/2026 16:09,B04,M0215,Silver,Delivery,Coffee,2,90,9.00,171.00,Credit Card,
T006396,16/08/2026 17:20,B04,M0230,Bronze,app,Coffee,2,90,0.00,180.00,App Wallet,4
T006397,2026-08-16 17:27,B05,M0020,Bronze,Delivery,Coffee,1,95,0.00,95.00,Credit Card,4
T006398,2026-08-16 17:35,B02,M0035,Gold,In-store,Coffee,3,95,0.00,285.00,QR PromptPay,
T006399,2026-08-16 17:46,B03,M0074,Silver,App,Tea,2,85,25.50,144.50,App Wallet,
T006400,2026-08-16 17:51,B01,M0081,Silver,In-store,Tea,1,50,0.00,50.00,QR PromptPay,
T006401,2026-08-16 17:53,B06,M0268,Gold,App,Coffee,1,70,0.00,70.00,App Wallet,5
T006402,2026-08-16 18:20,B06,M0223,Bronze,App,Bakery,3,80,0.00,310.00,Credit Card,
T006403,2026-08-17 07:11, B08,M0035,Gold,App,Coffee,1,65,0.00,65.00,App Wallet,4
T006404,2026-08-17 07:33,B01,,,Delivery,Bakery,1,105,0.00,105.00,Cash,
T006405,2026-08-17 08:17,B07,,,In-store,Coffee,1,85,0.00,85.00,Cash,
T006406,2026-08-17 08:17,B01,,,App,Coffee,2,95,0.00,190.00,Credit Card,
T006407,2026-08-17 08:28,B01,,,In-store,Coffee,1,80,0.00,80.00,Cash,5
T006408,2026-08-17 08:33,B02,M0101,Platinum,In-store,Tea,3,70,42.00,168.00,QR PromptPay,
T006409,2026-08-17 09:37,B01,,,In-store,Merchandise,1,395,0.00,395.00,QR PromptPay,3
T006410,2026-08-17 09:53,B02,M0121,Platinum,In-store,Coffee,1,100,0.00,100.00,QR PromptPay,
T006411,2026-08-17 10:02,B03,M0239,Gold,App,Bakery,1,85,0.00,85.00,App Wallet,
T006412,2026-08-17 10:27,B06,M0110,Gold,In-store,Coffee,2,105,0.00,210.00,Credit Card,
T006413,2026-08-17 11:00,B08,,,In-store,Bakery,2,85,0.00,170.00,QR PromptPay,
T006414,2026-08-17 11:01,B03,M0096,Gold,Delivery,Coffee,2,105,0.00,210.00,QR PromptPay,
T006415,2026-08-17 11:43,B03,M0266,Gold,In-store,Coffee,1,75,3.75,71.25,Cash,4
T006416,2026-08-17 12:00,B08,M0109,Plat.,In-store,Tea,1,55,0.00,55.00,QR PromptPay,3
T006417,2026-08-17 12:17,B01,M0118,Silver,App,Merchandise,2,625,0.00,1250.00,App Wallet,
T006418,2026-08-17 13:05,B08,,,App,Coffee,1,110,0.00,110.00,Credit Card,
T006419,2026-08-17 13:14,B06,,,App,Bakery,1,105,0.00,105.00,Credit Card,
T006420,2026-08-17 13:15,B06,M0089,Platinum,In-store,Coffee,1,120,0.00,120.00,Cash,
T006421,2026-08-17 13:48,B05,M0176,Silver,App,Merchandise,4,345,69.00,1311.00,Credit Card,
T006422,2026-08-17 14:53,B03,M0120,Silver,In-store,Merchandise,1,740,37.00,703.00,Credit Card,
T006423,2026-08-17 15:40,B05,,,In-store,Tea,1,90,0.00,90.00,QR PromptPay,
T006424,2026-08-17 16:06,B01,M0149,Platinum,In-store,Tea,1,65,13.00,52.00,Credit Card,4
T006425,2026-08-17 16:14,B02,,,In-store,Coffee,4,65,0.00,260.00,Credit Card,
T006426,2026-08-17 16:55,B07,M0076,Gold,Delivery,Bakery,1,100,10.00,90.00,Credit Card,
T006427,2026-08-17 16:56,B07,M0021,Gold,In-store,Tea,1,50,0.00,50.00,QR PromptPay,3
T006428,17/08/2026 17:38,B04,M0272,Silver,In-store,Coffee,2,85,34.00,136.00,Cash,
T006429,2026-08-17 17:59,B02,M0195,Silver,In-store,Merchandise,4,485,0.00,1940.00,QR PromptPay,
T006430,2026-08-17 19:38,B02,M0270,Silver,In-store,Coffee,3,120,0.00,360.00,Cash,
T006431,2026-08-18 07:30,B07,M0095,Bronze,In-store,Tea,1,50,0.00,50.00,Cash,
T006432,2026-08-18 07:31,B03,M9362,Platinum,In-store,Tea,1,70,10.50,59.50,Cash,4
T006433,2026-08-18 07:33,B03,M0041,Platinum,Delivery,Coffee,1,฿60,0.00,60.00,QR PromptPay,5
T006434,2026-08-18 08:01,B03,M0184,Bronze,In-store,Coffee,1,55,0.00,55.00,Credit Card,
T006435,2026-08-18 08:17,B02,,,In-store,Bakery,2,60,0.00,120.00,QR PromptPay,
T006436,2026-08-18 08:39,B05,M0164,Silver,App,Coffee,1,115,0.00,115.00,Credit Card,5
T006437,2026-08-18 08:58,B6,M0206,Bronze,In-store,Coffee,2,75,0.00,150.00,Cash,
T006438,2026-08-18 09:14,B08,M0017,Platinum,In-store,Tea,1,85,0.00,85.00,QR PromptPay,4
T006439,2026-08-18 09:38,B06,M0070,Platinum,In-store,Coffee,4,90,54.00,306.00,QR PromptPay,
T006440,2026-08-18 09:44,B06,,,In-store,Coffee,2,65,0.00,130.00,Credit Card,
T006441,2026-08-18 10:03,B03,M0064,Bronze,In-store,Coffee,3,65,0.00,195.00,QR PromptPay,4
T006442,2026-08-18 10:43,B03,M0038,Silver,In-store,Coffee,1,100,0.00,100.00,Credit Card,
T006443,2026-08-18 10:53,B02,,,App,Bakery,4,80,0.00,320.00,App Wallet,4
T006444,2026-08-18 11:27,B03,,,App,Coffee,1,110,0.00,110.00,Credit Card,
T006445,2026-08-18 12:03,B07,,,In-store,Bakery,2,105,0.00,210.00,Cash,
T006446,18/08/2026 12:06,B04,M9677,Silver,In-store,Bakery,1,105,0.00,105.00,QR PromptPay,5
T006447,2026-08-18 12:32,B07,M0118,Silver,In-store,Tea,1,90,0.00,90.00,QR PromptPay,4
T006447,2026-08-18 13:22,B07,M0118,Silver,In-store,Tea,-1,90,-0.00,-90.00,QR PromptPay,
T006448,2026-08-18 13:40,B03,M0184,Bronze,App,Coffee,2,95,0.00,190.00,App Wallet,4
T006449,2026-08-18 16:06,b06,,,In-store,Coffee,2,70,0.00,140.00,Cash,5
T006450,18/08/2026 17:11,B04,M0264,Gold,In-store,Tea,1,85,0.00,85.00,QR PromptPay,2
T006451,2026-08-18 17:19,B06,M0162,Silver,In-store,Coffee,1,70,0.00,70.00,Cash,
T006452,2026-08-18 17:33,B01,M0097,Bronze,In-store,Bakery,1,80,0.00,80.00,QR PromptPay,
T006453,2026-08-18 18:10,B01,M0135,Gold,Delivery,Coffee,2,60,12.00,108.00,Credit Card,4
T006454,2026-08-18 18:14,B06,M0178,Bronze,In-store,Merchandise,2,865,0.00,1730.00,Credit Card,4
T006455,2026-08-18 18:44,B01,,,In-store,Tea,3,55,0.00,165.00,Credit Card,
T006456,2026-08-18 18:46,B07,M0045,Gold,Mobile App,Coffee,1,100,0.00,100.00,App Wallet,5
T006457,2026-08-18 18:53,B01,M0062,Gld,In-store,Tea,4,55,33.00,187.00,Cash,
T006458,2026-08-19 08:01,B05,,,App,Merchandise,1,400,0.00,400.00,Credit Card,
T006459,2026-08-19 08:20,B03,,,In-store,Coffee,2,115,0.00,230.00,Credit Card,2
T006460,2026-08-19 08:31,B05,M0105,Silver,In store,Coffee,1,90,0.00,90.00,QR PromptPay,
T006461,2026-08-19 08:48,B05,M0177,Silver,In-store,Merchandise,2,855,0.00,1710.00,Credit Card,
T006462,2026-08-19 08:53,B01,M0028,Bronze,In-store,Coffee,4,120,0.00,480.00,Cash,
T006463,2026-08-19 10:32,B01,,,In-store,Coffee,3,120,0.00,360.00,QR PromptPay,4
T006464,2026-08-19 10:53,B01,,,App,Tea,1,9999,0.00,9999.00,Credit Card,
T006465,2026-08-19 11:18,B05,M9268,Silver,Delivery,Coffee,1,55,0.00,55.00,Cash,
T006466,19/08/2026 11:58,B04,,,Delivery,Tea,1,65,0.00,65.00,Cash,
T006467,19/08/2026 12:03,B04,,,In-store,Coffee,1,60,0.00,60.00,Credit Card,5
T006468,2026-08-19 12:34,B02,M0068,Gold,In-store,Coffee,1,75,7.50,67.50,Credit Card,
T006469,19/08/2026 13:27,B04,,,App,Coffee,2,120,0.00,240.00,Credit Card,
T006470,2026-08-19 13:48,B07,M0160,Bronze,In-store,Tea,3,95,0.00,285.00,Cash,4
T006471,19/08/2026 14:16,B04,,,In-store,Coffee,2,120,0.00,240.00,QR PromptPay,
T006472,19/08/2026 14:27,B04,M0249,Bronze,In-store,Coffee,1,75,0.00,75.00,Cash,5
T006473,2026-08-19 14:29, B03,M0078,Silver,In-store,Merchandise,2,630,0.00,1260.00,QR PromptPay,3
T006474,2026-08-19 14:49,B06,M0029,Silver,In-store,Coffee,4,110,0.00,440.00,Credit Card,
T006475,2026-08-19 15:51,B06,M0089,Platinum,In-store,Coffee,3,90,40.50,229.50,Cash,
T006476,19/08/2026 16:06,B04,,,Delivery,Coffee,120,80,0.00,9600.00,Credit Card,
T006477,19/08/2026 16:17,B04,M0160,Bronze,In-store,Coffee,2,70,0.00,140.00,Credit Card,
T006478,2026-08-19 16:32,B03,M0041,Platinum,In-store,Coffee,1,95,19.00,76.00,QR PromptPay,
T006479,2026-08-19 16:35,B08,M0065,Platinum,In-store,Coffee,1,75,3.75,71.25,QR PromptPay,4
T006480,2026-08-19 17:07,B01,M0221,Silver,In-store,Coffee,1,75,0.00,75.00,QR PromptPay,3
T006481,2026-08-19 17:37,B03,M0140,Silver,Delivery,Bakery,2,110,0.00,220.00,QR PromptPay,
T006482,19/08/2026 19:16,B04,M0043,Platinum,Delivery,Coffee,2,65,0.00,130.00,QR PromptPay,2
T006483,2026-08-20 02:42,B01,,,Delivery,Bakery,4,55,0.00,220.00,QR PromptPay,
T006484,20/08/2026 07:45,B04,M0156,Platinum,In-store,Merchandise,2,765,306.00,1224.00,Credit Card,
T006485,2026-08-20 08:11,B05,,,Delivery,Coffee,2,100,0.00,200.00,QR PromptPay,4
T006486,2026-08-20 08:26,B02,,,In-store,Coffee,1,65,0.00,65.00,QR PromptPay,
T006487,2026-08-20 08:34,B06,M0160,Bronze,App,Coffee,3,60,0.00,180.00,Credit Card,4
T006488,2026-08-20 08:42,B07,M0069,Bronze,In-store,Bakery,1,45,0.00,45.00,QR PromptPay,4
T006489,2026-08-20 09:15,B06,M0020,Bronze,Delivery,Coffee,1,70,0.00,70.00,QR PromptPay,4
T006490,2026-08-20 09:57,B07,,,Delivery,Coffee,1,115,0.00,115.00,Cash,
T006491,20/08/2026 10:10,B04,M0175,Bronze,In-store,Bakery,1,70,0.00,70.00,Credit Card,
T006492,2026-08-20 11:42,B08,M0065,Platinum,In-store,Bakery,3,100,0.00,300.00,QR PromptPay,
T006493,2026-08-20 12:30,B07,M0174,Silver,In-store,Coffee,2,100,10.00,190.00,Credit Card,
T006494,2026-08-20 12:57,B01,M0012,Bronze,In-store,Merchandise,2,525,0.00,1050.00,QR PromptPay,3
T006495,2026-08-20 13:08,B07,M0272,Silver,In-store,Coffee,1,95,0.00,95.00,QR PromptPay,
T006496,2026-08-20 14:31,B03,M0059,Bronze,In-store,Merchandise,3,770,0.00,2310.00,QR PromptPay,2
T006497,2026-08-20 15:07,B05,M0168,PLATINUM,In-store,Bakery,2,100,0.00,200.00,QR PromptPay,
T006498,20/08/2026 15:12,B04,,,In store,Tea,3,80,0.00,240.00,Cash,1
T006499,2026-08-20 15:24,B05,M0089,Platinum,In-store,Coffee,1,70,14.00,56.00,Credit Card,
T006500,2026-08-20 15:27,B02,M0111,Bronze,In-store,Bakery,1,70,0.00,70.00,Cash,
T006501,2026-08-20 16:51,B07,M0004,bronze,In-store,Bakery,3,45,0.00,135.00,Cash,
T006502,2026-08-20 18:14,B01,,,In-store,Coffee,4,95,0.00,380.00,QR PromptPay,
T006503,2026-08-21 07:09,B06,M0020,Bronze,In-store,Bakery,2,85,0.00,170.00,QR PromptPay,
T006504,2026-08-21 07:18,B06,,,In-store,Merchandise,4,580,0.00,2320.00,QR PromptPay,
T006505,2026-08-21 08:07,B02,M0269,Platinum,In-store,Tea,2,50,0.00,100.00,QR PromptPay,2
T006506,2026-08-21 08:10,B03,M0014,Bronze,Delivery,Coffee,1,100,5.00,95.00,Cash,
T006507,2026-08-21 08:49,B08,M0109,Platinum,In-store,Bakery,1,100,5.00,95.00,Cash,
T006508,21/08/2026 12:14,B04,M0068,Gld,In-store,Coffee,2,65,19.50,110.50,Credit Card,
T006509,2026-08-21 12:17,B05,M0253,Silver,In-store,Coffee,1,120,0.00,120.00,Cash,
T006510,2026-08-21 12:25,B08,M0168,Platinum,In-store,Coffee,1,115,11.50,103.50,Credit Card,
T006511,2026-08-21 13:25,B02,,,App,Coffee,1,60,0.00,60.00,Credit Card,
T006512,2026-08-21 14:22,B06,M0276,Gold,In-store,Coffee,4,110,0.00,440.00,Cash,4
T006513,2026-08-21 14:43,B08,,,In-store,Coffee,3,90,0.00,270.00,QR PromptPay,
T006514,2026-08-21 16:13,B05,M0105,Silver,In-store,Bakery,1,75,0.00,75.00,Cash,
T006515,2026-08-21 17:17,B03,,,Delivery,Coffee,4,60,0.00,240.00,QR PromptPay,
T006516,2026-08-21 18:06,B06,M0043,Platinum,In-store,Coffee,3,55,24.75,140.25,Credit Card,
T006517,2026-08-21 18:26,B03,,,In-store,Merchandise,4,840,0.00,3360.00,QR PromptPay,4
T006518,2026-08-21 19:47,B07,M0095,Bronze,App,Tea,1,85,8.50,76.50,Credit Card,5
T006519,2026-08-21 21:16,B01,,,Delivery,Merchandise,4,330,0.00,1320.00,QR PromptPay,4
T006520,2026-08-22 08:13,B05,M0164,Silver,In-store,Coffee,1,85,0.00,85.00,Cash,5
T006521,2026-08-22 08:24,B03,M0192,Silver,App,Merchandise,1,305,0.00,305.00,App Wallet,4
T006522,2026-08-22 08:29,B05,M0253,Silver,In-store,Coffee,1,120,0.00,120.00,Credit Card,5
T006523,2026-08-22 08:31,B06,M0162,Silver,App,Coffee,1,110,0.00,110.00,App Wallet,
T006524,2026-08-22 08:36,B02,M0121,Platinum,App,Coffee,1,80,12.00,68.00,App Wallet,4
T006525,2026-08-22 08:56,B07,,,In-store,Bakery,2,75,0.00,150.00,Cash,
T006526,2026-08-22 09:32,B05,M0166,Bronze,App,Tea,3,80,0.00,240.00,Credit Card,3
T006527,2026-08-22 10:03,B01,M0151,Platinum,App,Coffee,1,100,0.00,100.00,App Wallet,4
T006528,2026-08-22 10:42,B08,,,App,Coffee,2,60,0.00,120.00,Credit Card,
T006529,22/08/2026 11:53,B04,,,In-store,Coffee,1,95,0.00,95.00,Cash,
T006530,2026-08-22 12:29,B03,M0154,Platinum,In-store,Coffee,2,95,9.50,180.50,Credit Card,
T006531,2026-08-22 12:36,B01,,,App,Coffee,2,95,0.00,190.00,App Wallet,
T006532,2026-08-22 12:41,B03,,,In-store,Bakery,1,110,0.00,110.00,Cash,
T006533,22/08/2026 13:05,B04,,,App,Coffee,4,120,0.00,480.00,Credit Card,5
T006534,2026-08-22 13:59,B01,M0151,Platinum,In-store,Coffee,1,95,19.00,76.00,Cash,
T006535,2026-08-22 14:31,B08,,,In-store,Bakery,1,60,0.00,60.00,QR PromptPay,
T006536,2026-08-22 14:49,B08,M0017,Platinum,Delivery,Tea,1,95,9.50,85.50,QR PromptPay,
T006537,2026-08-22 15:30,B08,,,In-store,Coffee,2,100,0.00,200.00,Cash,
T006538,2026-08-22 16:14,B02,,,In-store,Coffee,4,80,0.00,320.00,Credit Card,
T006539,2026-08-22 16:26,B01,M0151,PLATINUM,In-store,Tea,2,55,16.50,93.50,QR PromptPay,
T006540,2026-08-22 16:36, B06,M9035,Gold,In-store,Bakery,3,95,0.00,285.00,QR PromptPay,5
T006541,22/08/2026 16:39,B04,M0126,Bronze,In-store,Coffee,3,100,0.00,300.00,Cash,1
T006542,2026-08-22 16:55,B02,M0121,Platinum,In-store,Coffee,1,55,11.00,44.00,Credit Card,4
T006543,2026-08-22 16:56,B05,,,In-store,Coffee,2,115,0.00,230.00,QR PromptPay,
T006544,2026-08-22 17:07,B01,M0008,Bronze,Delivery,Tea,2,60,0.00,120.00,Credit Card,
T006545,2026-08-22 17:15,B06,M0089,Platinum,In-store,Coffee,4,105,0.00,420.00,QR PromptPay,
T006546,2026-08-22 18:01,B08,,,App,Coffee,2,100,0.00,200.00,App Wallet,
T006547,2026-08-22 18:12,B06,M0268,Gold,App,Bakery,1,90,13.50,76.50,Credit Card,
T006548,2026-08-23 07:01,B06,M0029,Silver,App,Coffee,1,75,0.00,75.00,Credit Card,
T006549,2026-08-23 07:52,B03,M0238,Bronze,In-store,Coffee,3,55,24.75,140.25,Credit Card,3
T006550,2026-08-23 08:03,B05,,,App,Coffee,1,70,0.00,70.00,App Wallet,5
T006551,23/08/2026 08:26,B04,M0039,Silver,Delivery,Coffee,1,85,0.00,85.00,Credit Card,
T006552,23/08/2026 08:36,B04,M0264,Gold,App,Coffee,1,95,9.50,85.50,App Wallet,2
T006553,2026-08-23 09:01,B02,,,In-store,Merchandise,2,300,0.00,600.00,QR PromptPay,
T006554,2026-08-23 09:18,B03,M0014,Bronze,In-store,Coffee,1,55,0.00,55.00,QR PromptPay,
T006555,2026-08-23 09:45,B03,,,In-store,Bakery,1,95,0.00,95.00,Cash,4
T006556,2026-08-23 09:51,B02,M0151,Platinum,In-store,Tea,2,50,5.00,95.00,Credit Card,
T006557,23/08/2026 10:14,B04,M0052,Silver,In-store,Coffee,1,80,4.00,76.00,Cash,4
T006558,2026-08-23 10:19,B01,M0062,Gold,In-store,Coffee,1,60,0.00,60.00,QR PromptPay,5
T006559,2026-08-23 11:30,B05,,,In-store,Bakery,1,100,0.00,100.00,Credit Card,
T006560,23/08/2026 12:09, B04,M0043,Platinum,In-store,Coffee,3,85,0.00,255.00,QR PromptPay,1
T006561,2026-08-23 12:38,B07,M0028,Bronze,App,Coffee,1,90,0.00,90.00,Credit Card,2
T006562,2026-08-23 12:55,B07,M0030,Bronze,Delivery,Merchandise,1,600,120.00,480.00,Credit Card,3
T006563,2026-08-23 13:11,B07,,,Delivery,Coffee,1,95,0.00,95.00,QR PromptPay,
T006564,2026-08-23 13:23,B08,,,Instore,Tea,1,95,0.00,95.00,Credit Card,3
T006565,2026-08-23 13:30,B06,M0253,Silver,App,Bakery,1,100,0.00,100.00,Credit Card,
T006566,2026-08-23 13:53,B07,M0065,Platinum,In-store,Coffee,1,65,0.00,65.00,Cash,
T006567,2026-08-23 14:39,B08,M0023,Silver,App,Coffee,4,65,0.00,260.00,App Wallet,
T006568,2026-08-23 14:40,B05,,,Delivery,Coffee,2,80,0.00,160.00,Credit Card,
T006569,23/08/2026 16:17,B04,M0264,Gold,App,Coffee,1,60,9.00,51.00,Credit Card,
T006570,2026-08-23 16:33,B05,,,In-store,Coffee,1,95,0.00,95.00,Credit Card,
T006571,2026-08-23 16:47,B03,M0133,Silver,In-store,Coffee,2,105,0.00,210.00,Credit Card,
T006572,23/08/2026 17:29,B04,,,In-store,Bakery,1,100,0.00,100.00,Cash,
T006573,2026-08-23 18:09,B03,M0074,Silver,Delivery,Tea,1,85,0.00,85.00,Cash,
T006574,2026-08-23 19:59,B02,,,App,Tea,4,75,0.00,300.00,App Wallet,4
T006575,2026-08-23 22:16,B01,,,Delivery,Bakery,4,45,0.00,180.00,QR PromptPay,
T006576,2026-08-24 07:29,B06,M0099,Bronze,In-store,Tea,1,75,11.25,63.75,QR PromptPay,
T006577,24/08/2026 08:58,B04,M0125,Silver,App,Coffee,1,60,0.00,60.00,Credit Card,5
T006578,2026-08-24 09:16,B08,M0277,Bronze,Delivery,Coffee,2,120,0.00,240.00,QR PromptPay,
T006579,2026-08-24 09:33,B03,M9468,Slvr,In-store,Coffee,2,85,25.50,144.50,Credit Card,
T006580,2026-08-24 10:04,B07,M0095,Bronze,In-store,Bakery,1,55,0.00,55.00,Credit Card,
T006581,2026-08-24 13:01,B07,M0021,Gold,In-store,Coffee,1,115,11.50,103.50,Credit Card,
T006582,2026-08-24 13:32,B06,,,In-store,Coffee,2,65,0.00,130.00,Credit Card,
T006583,2026-08-24 13:51,B02,,,In-store,Coffee,3,100,0.00,300.00,QR PromptPay,
T006584,2026-08-24 14:47,B07,M0118,Silver,In store,Coffee,1,60,0.00,60.00,Credit Card,5
T006585,2026-08-24 15:18,B02,M0088,Gold,In-store,Coffee,2,90,36.00,144.00,Cash,4
T006586,24/08/2026 16:35,B04,,,App,Bakery,1,105,0.00,105.00,Credit Card,3
T006587,2026-08-24 17:07,B08,M0262,Silver,In-store,Bakery,2,105,0.00,210.00,Credit Card,
T006588,2026-08-24 17:38,B07,M0045,Gold,In-store,Bakery,3,110,0.00,330.00,QR PromptPay,
T006589,2026-08-24 19:44,B06,M0268,Gold,App,Coffee,1,85,12.75,72.25,Credit Card,5
T006590,2026-08-25 08:08,B06,M0089,Platinum,In-store,Coffee,2,60,0.00,120.00,Credit Card,4
T006591,2026-08-25 08:09,B02,,,Delivery,Coffee,1,65,0.00,65.00,Credit Card,
T006592,2026-08-25 08:21,B01,M0135,Gold,In-store,Bakery,3,65,0.00,195.00,QR PromptPay,3
T006593,2026-08-25 08:39,B01,M9043,Silver,App,Coffee,2,120,0.00,240.00,Credit Card,4
T006594,2026-08-25 08:52,B07,M0209,Silver,In-store,Coffee,1,65,0.00,65.00,Credit Card,
T006595,2026-08-25 09:43,B05,,,In-store,Coffee,1,100,0.00,100.00,Cash,4
T006596,2026-08-25 10:56,B03,M0074,Silver,In-store,Bakery,2,70,0.00,140.00,Cash,
T006597,2026-08-25 11:12,B08,,,In-store,Coffee,2,85,0.00,170.00,Credit Card,
T006598,2026-08-25 11:44,B01,M0219,Bronze,In-store,Tea,3,80,0.00,240.00,QR PromptPay,
T006599,2026-08-25 12:29,B01,,,App,Bakery,3,45,0.00,135.00,Credit Card,3
T006600,25/08/2026 12:56,B04,M0215,Silver,In-store,Coffee,3,110,0.00,330.00,Cash,
T006600,25/08/2026 13:12,B04,M0215,Silver,In-store,Coffee,-3,110,-0.00,-330.00,Cash,
T006601,2026-08-25 13:16,B06,,,In-store,Bakery,1,90,0.00,90.00,Cash,
T006602,2026-08-25 13:45,B02,,,In-store,Coffee,4,55,0.00,220.00,QR PromptPay,4
T006603,2026-08-25 13:51,B06,M0056,Silver,App,Coffee,3,90,0.00,270.00,App Wallet,
T006604,2026-08-25 14:19,B02,M0075,Bronze,In-store,Bakery,4,90,0.00,360.00,Credit Card,
T006605,25/08/2026 14:41,B04,M0215,Silver,In-store,Coffee,1,90,4.50,85.50,QR PromptPay,
T006606,2026-08-25 15:52,B06,M0206,Bronze,In-store,Coffee,2,55,0.00,110.00,QR PromptPay,
T006607,2026-08-25 16:47,B05,,,In-store,Coffee,1,105,0.00,105.00,Cash,3
T006608,2026-08-25 16:52,B07,M0185,Bronze,Delivery,Coffee,2,60,0.00,120.00,QR PromptPay,
T006609,2026-08-25 17:14, B08,M0070,Platinum,App,Coffee,1,60,12.00,48.00,App Wallet,
T006610,2026-08-25 17:57,B02,,,Delivery,Coffee,1,90,0.00,90.00,QR PromptPay,3
T006611,2026-08-25 18:23,b01,M0012,Bronze,In-store,Coffee,3,120 THB,0.00,360.00,Credit Card,4
T006611,2026-08-25 18:52,B01,M0012,Bronze,In-store,Coffee,-3,120,-0.00,-360.00,Credit Card,
T006612,25/08/2026 19:55,B04,,,In-store,Coffee,2,80,0.00,160.00,Cash,
T006613,2026-08-26 07:51,B02,M0205,Platinum,In-store,Bakery,2,60,6.00,114.00,QR PromptPay,
T006614,2026-08-26 08:30,B02,M0167,Gold,In-store,Bakery,4,90,0.00,360.00,Credit Card,
T006615,2026-08-26 08:30,B08,M0065,Platinum,Delivery,Merchandise,2,295,118.00,472.00,Cash,5
T006616,2026-08-26 08:51,B05,M0164,SILVER,In-store,Bakery,1,50,10.00,40.00,QR PromptPay,5
T006617,26/08/2026 09:28,B04,M0245,Bronze,Delivery,Coffee,1,90,0.00,90.00,Credit Card,
T006616,2026-08-26 09:45,B05,M0164,Silver,In-store,Bakery,-1,50,-10.00,-40.00,QR PromptPay,
T006618,2026-08-26 10:01,B07,M0021,Gold,App,Tea,3,90,40.50,229.50,App Wallet,
T006619,2026-08-26 10:07,B06,,,Delivery,Coffee,1,60,0.00,60.00,QR PromptPay,
T006620,2026-08-26 10:27,B08,,,Delivery,Bakery,0,80,0.00,0.00,Credit Card,
T006621,2026-08-26 11:06,B02,M0121,Platinum,App,Bakery,1,55,11.00,44.00,App Wallet,
T006622,26/08/2026 11:15,B04,M0043,Platinum,App,Coffee,2,120,0.00,240.00,Credit Card,1
T006623,2026-08-26 11:48,B02,M0068,Gold,Delivery,Coffee,2,55,16.50,93.50,QR PromptPay,
T006624,2026-08-26 11:56,B05,M0253,Silver,In-store,Coffee,2,120,12.00,228.00,Credit Card,
T006625,2026-08-26 12:19,B08,,,app,Coffee,1,120,0.00,120.00,Credit Card,3
T006623,2026-08-26 12:35,B02,M0068,Gold,Delivery,Coffee,-2,55,-16.50,-93.50,QR PromptPay,
T006626,2026-08-26 12:38,B08,M0109,Platinum,In-store,Bakery,1,80,12.00,68.00,Credit Card,2
T006627,2026-08-26 12:49,B05,M0110,Gold,In-store,Tea,1,65,0.00,65.00,Cash,5
T006628,2026-08-26 14:18,B05,,,In-store,Merchandise,1,705,0.00,705.00,Cash,
T006629,2026-08-26 14:18,B06,M0089,Platinum,App,Bakery,2,65,19.50,110.50,App Wallet,5
T006630,2026-08-26 15:15,B02,M0270,Silver,In-store,Tea,1,75,0.00,75.00,QR PromptPay,
T006631,26/08/2026 16:02,B04,M0215,Silver,In-store,Bakery,1,75,0.00,75.00,Credit Card,
T006632,2026-08-26 16:08,B06,,,In-store,Tea,1,50,0.00,110.00,Cash,5
T006633,2026-08-26 16:33,B07,M0209,Silver,App,Coffee,2,110,0.00,220.00,Credit Card,4
T006634,2026-08-26 16:42,B06,M0178,Bronze,In-store,Coffee,1,100,0.00,100.00,QR PromptPay,
T006635,2026-08-26 17:16,B05,M0110,Gold,In-store,Tea,1,85,12.75,72.25,QR PromptPay,
T006636,2026-08-26 17:17,B06,M0089,Platinum,App,Bakery,2,80,24.00,136.00,App Wallet,4
T006637,2026-08-26 17:40,B03,M0154,Platinum,App,Tea,2,70,0.00,140.00,Credit Card,
T006638,2026-08-26 18:12,B03,M0055,Gold,In-store,Bakery,3,80,0.00,240.00,QR PromptPay,
T006639,27/08/2026 08:05,B04,M0024,Gold,Delivery,Bakery,4,65,26.00,234.00,QR PromptPay,
T006639,27/08/2026 08:05,B04,M0024,Gold,Delivery,Bakery,4,65,26.00,234.00,QR PromptPay,
T006640,2026-08-27 08:27,B07,,,In-store,Coffee,2,110,0.00,220.00,QR PromptPay,5
T006641,2026-08-27 08:42,B06,M0089,Platinum,In-store,Coffee,2,70,0.00,140.00,Credit Card,
T006642,2026-08-27 08:52,B07,,,In-store,Bakery,1,90,0.00,90.00,Credit Card,
T006643,2026-08-27 10:19,B02,M0166,Bronze,In-store,Coffee,2,95,9.50,180.50,QR PromptPay,3
T006644,2026-08-27 10:45,B02,M0117,Bronze,App,Coffee,1,120,0.00,120.00,App Wallet,
T006645,2026-08-27 11:01,B02,M0088,Gold,In-store,Bakery,4,65,0.00,260.00,Credit Card,5
T006646,27/08/2026 12:15,B04,M0264,Gold,In-store,Tea,4,75,0.00,300.00,Credit Card,5
T006647,2026-08-27 12:19,B08,M0043,Platinum,In-store,Bakery,1,95,19.00,76.00,QR PromptPay,
T006648,2026-08-27 13:45,B06,M0139,Bronze,App,Bakery,2,110,0.00,220.00,App Wallet,
T006649,27/08/2026 13:54,B04,M0043,Platinum,In-store,Coffee,1,55,0.00,55.00,QR PromptPay,2
T006650,2026-08-27 14:27,B01,,,Delivery,Bakery,3,70,0.00,210.00,Credit Card,
T006651,2026-08-27 15:47,B05,M0253,Silver,In-store,Coffee,1,65,0.00,65.00,Cash,3
T006652,2026-08-27 16:40,B01,M0176,Silver,App,Bakery,1,75,0.00,75.00,Credit Card,
T006653,2026-08-27 16:47,B07,M0076,Gold,App,Merchandise,1,525,0.00,525.00,App Wallet,
T006654,2026-08-27 18:09,B06,M0162,Silver,App,Coffee,1,120,0.00,120.00,Credit Card,
T006655,2026-08-27 18:32,B02,,,In-store,Coffee,4,60,0.00,240.00,Credit Card,
T006656,2026-08-27 19:26,B05,,,In-store,Coffee,1,115,0.00,115.00,QR PromptPay,
T006657,2026-08-27 21:34,B01,M0168,Platinum,Delivery,Coffee,1,85,0.00,85.00,Credit Card,
T006658,2026-08-28 00:12,B01,,,Delivery,Bakery,1,80,0.00,80.00,QR PromptPay,
T006659,2026-08-28 08:07,B02,M0018,Bronze,App,Coffee,1,120,0.00,120.00,App Wallet,
T006660,2026-08-28 08:10, B01,M0221,silver,In-store,Coffee,1,105,0.00,105.00,QR PromptPay,
T006661,2026-08-28 08:50,B08,M0098,Silver,In-store,Merchandise,1,290,0.00,290.00,QR PromptPay,
T006662,2026-08-28 09:04,B08,M0065,Platinum,Delivery,Coffee,1,90,0.00,90.00,QR PromptPay,5
T006663,2026-08-28 09:15,B05,M0130,Gold,In-store,Coffee,3,85,0.00,255.00,Cash,2
T006664,28/08/2026 09:19,B04,M0087,Silver,In-store,Coffee,1,65,0.00,65.00,Cash,
T006665,2026-08-28 12:06,B01,M0059,Bronze,In-store,Coffee,1,120,0.00,120.00,Cash,4
T006666,2026-08-28 12:54,B03,M0108,silver,Instore,Coffee,3,105,15.75,299.25,QR PromptPay,4
T006667,2026-08-28 13:11,B03,M0074,Silver,In-store,Merchandise,4,270,54.00,1026.00,QR PromptPay,
T006668,2026-08-28 13:14,B07,,,In-store,Bakery,3,95,0.00,285.00,Credit Card,
T006669,2026-08-28 13:16,B07,M0095,Bronze,App,Coffee,3,75,0.00,225.00,Credit Card,
T006670,28/08/2026 13:41,B04,M0039,Silver,Delivery,Merchandise,4,675,0.00,2700.00,Credit Card,1
T006671,2026-08-28 13:42,B03,M0238,Bronze,In-store,Tea,3,75,0.00,225.00,QR PromptPay,3
T006672,28/08/2026 13:53,B04,M0052,Silver,In-store,Coffee,2,60,0.00,120.00,Cash,1
T006673,28/08/2026 14:01,B04,,,Delivery,Coffee,4,80,0.00,320.00,QR PromptPay,
T006674,28/08/2026 14:57,B04,M0039,Silver,In-store,Coffee,1,100,0.00,100.00,Cash,
T006675,2026-08-28 16:49,B01,M0151,Platinum,In-store,Coffee,3,90,0.00,270.00,Credit Card,
T006676,2026-08-28 16:53,B01,M0151,Platinum,In-store,Coffee,4,65,39.00,221.00,QR PromptPay,
T006677,2026-08-28 19:03,B03,,,In-store,Bakery,1,105,0.00,105.00,Cash,3
T006678,2026-08-28 22:34,B01,,,Delivery,Coffee,4,95,0.00,380.00,QR PromptPay,
T006679,2026-08-29 07:00,B07,M0272,Silver,In-store,Merchandise,2,485,48.50,921.50,Cash,4
T006680,2026-08-29 07:06,B06,M0065,Platinum,Delivery,Coffee,4,95,0.00,380.00,Credit Card,
T006681,2026-08-29 07:24,B03,,,App,Coffee,4,115,0.00,460.00,App Wallet,3
T006682,2026-08-29 08:26,B01,,,In-store,Coffee,3,70,0.00,210.00,QR PromptPay,
T006683,2026-08-29 08:28,B02,M0232,Silver,App,Coffee,2,90,0.00,180.00,Credit Card,
T006684,2026-08-29 08:30,B06,M0259,Silver,In-store,Coffee,1,85,0.00,85.00,Credit Card,
T006685,2026-08-29 08:38,B07,M0272,Silver,In-store,Bakery,1,75,0.00,75.00,QR PromptPay,2
T006686,29/08/2026 08:48,B04,,,App,Coffee,1,115,0.00,115.00,Credit Card,5
T006687,2026-08-29 12:09,B05,M0016,Gold,In-store,Coffee,4,110,0.00,440.00,Credit Card,3
T006688,2026-08-29 13:03,B08,M0093,Silver,App,Bakery,1,45,4.50,40.50,Credit Card,
T006689,2026-08-29 13:04,B02,,,In-store,Coffee,1,70,0.00,70.00,Cash,
T006690,2026-08-29 13:37,B03,M0108,Silver,In-store,Bakery,1,55,0.00,55.00,Cash,4
T006691,2026-08-29 14:29,B06,,,In-store,Coffee,1,90,0.00,90.00,QR PromptPay,
T006692,2026-08-29 14:41,B03,M0146,Bronze,In-store,Coffee,1,120,0.00,120.00,QR PromptPay,
T006693,2026-08-29 15:22,B07,M0118,Silver,App,Coffee,1,65,0.00,65.00,Credit Card,5
T006694,29/08/2026 15:34,B04,M0039,Silver,In store,Coffee,2,80,0.00,160.00,Cash,
T006694,29/08/2026 15:34,B04,M0039,Silver,In store,Coffee,2,80,0.00,160.00,Cash,
T006695,2026-08-29 16:03,B06,,,In-store,Merchandise,1,380,0.00,380.00,Credit Card,
T006696,2026-08-29 16:10,B05,,,In-store,Coffee,1,65,0.00,65.00,Cash,3
T006697,2026-08-29 16:22,B06,M0089,Platinum,In-store,Coffee,1,75,7.50,67.50,Cash,
T006698,2026-08-29 16:41,B05,M0016,Gold,App,Coffee,1,85,0.00,85.00,Credit Card,
T006699,2026-08-29 16:48,B03,M0270,Silver,App,Coffee,1,85,0.00,85.00,Credit Card,
T006700,2026-08-29 16:52,B01,M0008,Bronze,In-store,Coffee,1,55,0.00,55.00,QR PromptPay,
T006701,2026-08-29 17:59,B01,,,In-store,Bakery,1,110,0.00,110.00,Cash,
T006702,29/08/2026 18:59,B04,M0077,Silver,App,Coffee,1,90,0.00,90.00,App Wallet,
T006703,2026-08-30 07:21,B05,M0110,Gold,In-store,Coffee,1,110,5.50,104.50,QR PromptPay,
T006704,2026-08-30 08:33,B03,,,App,Bakery,1,65,0.00,65.00,Credit Card,5
T006705,2026-08-30 09:04,B06,M0185,Bronze,Delivery,Bakery,3,50,0.00,150.00,QR PromptPay,3
T006706,2026-08-30 10:19,B08,M0093,Silver,App,Coffee,4,85,68.00,272.00,App Wallet,3
T006707,30/08/2026 10:20,B04,,,Delivery,Coffee,1,75,0.00,75.00,Cash,4
T006708,2026-08-30 11:04,B05,M0016,Gold,In-store,Merchandise,1,450,90.00,360.00,Credit Card,4
T006709,30/08/2026 12:17,B04,M0039,Silver,App,Merchandise,1,825,41.25,783.75,Credit Card,
T006710,2026-08-30 12:28,B01,M0108,Silver,In-store,Merchandise,3,630,0.00,1890.00,Cash,
T006711,2026-08-30 12:48,B07,M0021,Gold,Delivery,Bakery,1,70,7.00,63.00,Credit Card,4
T006712,2026-08-30 14:32,B05,M0105,Silver,App,Coffee,4,120,24.00,456.00,Credit Card,5
T006713,2026-08-30 14:59,B08,M0210,Bronze,In-store,Coffee,2,75,0.00,80.00,Cash,
T006714,2026-08-30 15:17,B05,M0253,Silver,In-store,Coffee,2,105,31.50,178.50,Credit Card,5
T006715,2026-08-30 15:22,B06,M0023,Silver,In-store,Tea,1,90,0.00,90.00,QR PromptPay,
T006716,2026-08-30 15:27,B06,M0105,Silver,In-store,Coffee,1,100,5.00,95.00,QR PromptPay,4
T006717,2026-08-30 16:28,B07,M0004,Bronze,In-store,Bakery,1,70,14.00,56.00,Cash,
T006718,2026-08-30 17:15,B03,M0153,Silver,In-store,Coffee,3,85,0.00,255.00,Cash,
T006719,2026-08-30 17:36,B05,M0016,Gold,In-store,Coffee,2,85,8.50,161.50,QR PromptPay,
T006720,2026-08-30 18:23,B01,M0188,Bronze,In-store,Coffee,1,85,0.00,85.00,QR PromptPay,
T006721,2026-08-31 10:14,B01,M0144,Bronze,App,Coffee,1,95,0.00,95.00,Credit Card,
T006722,2026-08-31 11:19,B03,,,In-store,Bakery,2,95,0.00,190.00,QR PromptPay,
T006723,2026-08-31 11:43,B05,M0268,Gold,App,Tea,4,90,0.00,360.00,Credit Card,
T006724,2026-08-31 12:03,B08,M0065,Platinum,App,Coffee,1,95,0.00,95.00,App Wallet,
T006725,31/08/2026 12:18,B04,M0242,Slvr,In-store,Coffee,2,75,0.00,150.00,QR PromptPay,
T006726,2026-08-31 12:37,B07,M0129,Silver,In-store,Coffee,1,95,0.00,95.00,QR PromptPay,
T006727,2026-08-31 13:18,B03,M0108,Silver,App,Tea,1,50,7.50,42.50,Credit Card,
T006728,2026-08-31 14:06,B02,,,In-store,Coffee,2,60,0.00,120.00,Cash,
T006729,2026-08-31 14:34,B06,M0240,Silver,In-store,Coffee,1,80,16.00,64.00,QR PromptPay,
T006730,2026-08-31 15:00,B08,M0065,Platinum,APP,Coffee,1,55,0.00,55.00,App Wallet,
T006731,31/08/2026 15:29,B04,M0245,Bronze,App,Coffee,3,85,0.00,255.00,App Wallet,
T006732,2026-08-31 16:35,B03,M0038,Silver,In-store,Tea,1,85,0.00,85.00,Cash,
T006733,2026-08-31 17:01,B05,M0215,Silver,Delivery,Coffee,1,60,0.00,60.00,QR PromptPay,4
T006734,2026-08-31 17:07,B01,M0216,Silver,App,Coffee,1,80,16.00,64.00,App Wallet,2
T006735,2026-08-31 19:35,B08,,,Delivery,Bakery,2,85,0.00,170.00,QR PromptPay,
T006736,2026-09-01 07:08,B07,M0160,Bronze,In-store,Coffee,2,70,0.00,140.00,QR PromptPay,5
T006737,2026-09-01 08:29,B05,M0272,Silver,In-store,Coffee,2,65,0.00,130.00,Credit Card,
T006738,2026-09-01 09:27,B02,M0245,Bronze,In-store,Coffee,2,75,0.00,150.00,Cash,3
T006739,2026-09-01 10:54,B08,,,In-store,Coffee,4,120,0.00,480.00,Credit Card,4
T006740,01/09/2026 12:27,B04,M0264,Gold,In-store,Tea,1,60,3.00,57.00,QR PromptPay,1
T006741,2026-09-01 12:52,B07,,,Delivery,Bakery,4,50,0.00,200.00,QR PromptPay,
T006742,2026-09-01 12:55,B05,M0018,Bronze,App,Bakery,4,70,0.00,280.00,App Wallet,3
T006743,2026-09-01 12:57,B08,,,In-store,Coffee,3,115,0.00,345.00,QR PromptPay,
T006744,2026-09-01 13:00,B01,M0120,Silver,In-store,Coffee,1,120,0.00,120.00,Credit Card,
T006745,2026-09-01 14:26,B03,M0056,Silver,In-store,Coffee,1,55,0.00,55.00,QR PromptPay,
T006746,01/09/2026 14:40,B04,M0053,Platinum,delivery,Coffee,3,90,27.00,243.00,Cash,
T006747,2026-09-01 15:48,B06,M0020,Bronze,App,Coffee,2,70,0.00,140.00,App Wallet,
T006748,01/09/2026 16:07,B04,M0191,Bronze,In-store,Bakery,1,55,0.00,55.00,QR PromptPay,
T006749,2026-09-01 16:09,B02,,,In-store,Tea,1,60,0.00,60.00,Credit Card,
T006750,2026-09-01 16:13,B05,M0150,Bronze,In-store,Tea,3,75,0.00,225.00,Cash,
T006751,01/09/2026 16:20,B04,M0043,Platinum,App,Coffee,3,55,16.50,148.50,App Wallet,1
T006752,01/09/2026 16:41,B04,M9043,Gold,In-store,Coffee,3,90,13.50,256.50,Credit Card,
T006753,2026-09-01 16:50,B06,M0276,Gold,In-store,Coffee,2,85,0.00,170.00,Cash,
T006754,2026-09-01 17:08,B08,,,In-store,Tea,3,70,0.00,210.00,QR PromptPay,4
T006755,2026-09-01 18:33,b07,M0118,Silver,Delivery,Coffee,2,105,0.00,210.00,QR PromptPay,
T006756,2026-09-01 19:29,B06,M0240,Silver,Delivery,Bakery,3,60,0.00,180.00,QR PromptPay,
T006757,2026-09-01 19:51,B07,M0095,Bronze,delivery,Coffee,1,80,0.00,0.00,Credit Card,
T006758,2026-09-01 21:29,B01,,,Delivery,Coffee,2,90,0.00,180.00,Credit Card,
T006759,2026-09-01 23:23,B01,,,Delivery,Coffee,3,60,0.00,180.00,QR PromptPay,
T006760,2026-09-02 01:49,B01,,,Delivery,Coffee,1,฿85,0.00,85.00,QR PromptPay,
T006761,2026-09-02 07:07,B01,M0269,platinum,Delivery,Coffee,4,55,44.00,176.00,QR PromptPay,5
T006762,2026-09-02 08:01,B07,M0219,Bronze,App,Bakery,2,50,0.00,100.00,Credit Card,2
T006763,02/09/2026 08:08,B04,M0242,Silver,Deliv.,Coffee,1,100,10.00,90.00,QR PromptPay,
T006764,2026-09-02 09:11,B06,M0162,Silver,App,Tea,1,90,0.00,90.00,App Wallet,
T006765,02/09/2026 09:55,B04,,,In-store,Bakery,2,50,0.00,100.00,Cash,4
T006766,2026-09-02 09:58,B01,M0120,Silver,In-store,Bakery,2,55,0.00,110.00,QR PromptPay,
T006767,2026-09-02 12:05,B08,M0065,Platinum,In-store,Coffee,1,95,19.00,76.00,Cash,
T006768,02/09/2026 12:13,B04,M0180,Silver,In-store,Coffee,1,60,3.00,57.00,QR PromptPay,5
T006769,2026-09-02 12:30,B07,M0185,Bronze,App,Bakery,2,60,0.00,120.00,Credit Card,3
T006770,2026-09-02 12:38,B05,M0016,Gold,In-store,Bakery,4,90,0.00,360.00,QR PromptPay,3
T006771,2026-09-02 12:56, B03,M0053,Platinum,App,Coffee,2,110,0.00,220.00,App Wallet,
T006772,2026-09-02 13:25,B03,M0238,Bronze,In-store,Bakery,1,55,0.00,55.00,Credit Card,4
T006773,2026-09-02 14:14,B06,M0089,Platinum,Delivery,Coffee,1,85,4.25,80.75,Cash,3
T006774,2026-09-02 14:34,B03,M0074,Silver,In-store,Bakery,2,55,0.00,110.00,Credit Card,
T006775,02/09/2026 16:11,B04,M0052,Silver,App,Coffee,3,90,0.00,270.00,App Wallet,
T006776,2026-09-02 16:35,B07,M0268,Gold,App,Coffee,1,75,15.00,60.00,App Wallet,
T006777,2026-09-02 16:44,B03,M0074,Silver,App,Coffee,2,120,0.00,180.00,Credit Card,4
T006778,2026-09-02 16:44,B05,,,App,Merchandise,1,355,0.00,355.00,App Wallet,2
T006779,2026-09-02 16:57,B02,M0151,Platinum,App,Coffee,4,60,24.00,216.00,Credit Card,
T006780,2026-09-02 17:14,B03,,,In-store,Coffee,1,115,0.00,115.00,QR PromptPay,
T006780,2026-09-02 17:14,B03,,,In-store,Coffee,1,115,0.00,115.00,QR PromptPay,
T006781,2026-09-02 17:58,B07,M9677,Bronze,In-store,Bakery,1,100,0.00,100.00,Credit Card,
T006782,2026-09-02 18:35,B02,M9458,Bronze,Delivery,Coffee,4,95,0.00,380.00,Credit Card,5
T006783,2026-09-02 18:37,B03,M0108,Silver,In-store,Coffee,2,80,0.00,160.00,Credit Card,
T006784,2026-09-02 18:48,B01,M0135,Gold,Delivery ,Tea,4,65,0.00,260.00,QR PromptPay,3
T006785,03/09/2026 07:53,B04,M0270,Silver,In-store,Coffee,1,100,0.00,100.00,QR PromptPay,
T006786,2026-09-03 08:13,B03,M0064,Bronze,In-store,Coffee,1,55,0.00,55.00,Cash,
T006787,03/09/2026 08:21, B04,M0043,Platinum,In-store,Bakery,2,100,10.00,190.00,Cash,
T006788,2026-09-03 09:29,B01,M0043,Platinum,App,Coffee,2,70,0.00,140.00,App Wallet,4
T006789,2026-09-03 10:27,B08,,,In-store,Coffee,1,115,0.00,115.00,Cash,
T006790,2026-09-03 10:38,B06,M0009,Gold,App,Coffee,2,120,0.00,240.00,Credit Card,
T006791,2026-09-03 10:49,B03,M0064,Bronze,App,Bakery,2,65,0.00,130.00,Credit Card,
T006792,2026-09-03 10:50,B03,,,Delivery,Coffee,1,85,0.00,85.00,Credit Card,
T006793,2026-09-03 11:49,B06,M0209,Silver,In-store,Coffee,2,90,0.00,180.00,Credit Card,
T006794,2026-09-03 11:50,B02,M0007,Gold,Delivery,Bakery,3,80,0.00,240.00,QR PromptPay,
T006795,2026-09-03 12:11,B06,M0162,Silver,App,Coffee,1,120,0.00,120.00,Credit Card,
T006796,2026-09-03 12:21,B08,M9320,Bronze,in-store,Coffee,1,55,0.00,55.00,Cash,4
T006797,2026-09-03 12:37,B03,M0140,Silver,In-store,Bakery,1,70,14.00,56.00,Cash,
T006798,2026-09-03 13:35,B02,,,App,Coffee,1,55,0.00,55.00,Credit Card,4
T006799,2026-09-03 14:34,B03,M0238,Bronze,in-store,Coffee,3,80,0.00,240.00,QR PromptPay,
T006800,2026-09-03 16:30, B08,,,In-store,Coffee,1,55,0.00,55.00,QR PromptPay,
T006801,03/09/2026 17:29,B04,M0249,Bronze,In-store,Bakery,1,100,0.00,100.00,QR PromptPay,
T006802,03/09/2026 17:48,B04,M0249,bronze,App,Coffee,4,80,0.00,320.00,App Wallet,
T006803,2026-09-03 18:24,B08,,,In-store,Coffee,2,65,0.00,130.00,Cash,
T006804,2026-09-04 07:20,B01,,,App,Bakery,2,55,0.00,110.00,App Wallet,
T006805,2026-09-04 08:25,B01,M0188,Bronze,In-store,Tea,1,80,0.00,50.00,QR PromptPay,4
T006806,2026-09-04 08:43,B06,M0070,Platinum,App,Coffee,1,100,0.00,100.00,App Wallet,
T006807,2026-09-04 08:49,B08,M0126,Bronze,In-store,Coffee,2,85,0.00,170.00,Credit Card,
T006808,2026-09-04 10:03,B08,M0109,Platinum,In-store,Coffee,1,60,0.00,60.00,Credit Card,2
T006809,2026-09-04 13:35,B05,M0253,Silver,In-store,Coffee,2,75,0.00,150.00,Credit Card,
T006810,2026-09-04 14:20,B08,M0065,Platinum,In-store,Coffee,2,70,28.00,112.00,QR PromptPay,
T006811,2026-09-04 16:32,B02,M0219,Bronze,App,Bakery,1,55,0.00,55.00,App Wallet,
T006812,2026-09-04 19:14,B06,M0272,Silver,App,Tea,1,65,9.75,55.25,App Wallet,3
T006813,2026-09-05 07:33,B05,,,App,Bakery,1,80,0.00,80.00,App Wallet,
T006814,2026-09-05 07:35,B01,M0062,Gold,In-store,Coffee,3,70,10.50,199.50,Cash,
T006815,2026-09-05 07:40,B01,M0028,Bronze,In-store,Coffee,4,100,0.00,400.00,QR PromptPay,3
T006816,2026-09-05 08:05,B07,M0051,Bronze,App,Tea,1,80,8.00,72.00,App Wallet,
T006817,2026-09-05 08:41,B01,,,In-store,Coffee,1,90,0.00,90.00,Credit Card,
T006818,2026-09-05 08:51,B03,M0074,Silver,In-store,Coffee,2,100,0.00,200.00,Credit Card,2
T006819,05/09/2026 08:59,B04,M0024,Gold,In-store,Coffee,3,65,0.00,195.00,Credit Card,4
T006820,2026-09-05 11:13,B06,M0268,Gold,Delivery,Merchandise,1,605,0.00,605.00,Credit Card,
T006821,05/09/2026 11:52,B04,M0089,Platinum,In-store,Bakery,2,110,0.00,220.00,Cash,5
T006822,2026-09-05 12:18,B06,,,Delivery,Tea,1,50,0.00,50.00,QR PromptPay,
T006823,2026-09-05 12:19,B02,M0270,Silver,App,Tea,1,95,0.00,95.00,App Wallet,
T006824,2026-09-05 12:39,B01,M9158,Platinum,In-store,Tea,4,95,57.00,323.00,Cash,3
T006825,2026-09-05 13:02,B02,M0068,Gold,In-store,Merchandise,2,605,0.00,1210.00,Cash,
T006826,2026-09-05 13:15,B01,M0151,PLATINUM,In-store,Coffee,2,70,0.00,140.00,Credit Card,
T006827,05/09/2026 13:24,B04,M0039,SILVER,In-store,Coffee,2,65,0.00,130.00,Cash,5
T006828,2026-09-05 13:26,B08,,,In-store,Tea,2,55,0.00,110.00,Cash,
T006829,2026-09-05 13:31,B06,M0070,Platinum,In-store,Coffee,1,65,0.00,65.00,Cash,
T006830,2026-09-05 13:36,B08,M0224,BRONZE,In-store,Merchandise,1,555,0.00,555.00,Cash,
T006831,2026-09-05 13:38,B07,M0118,Silver,App,Bakery,1,95,0.00,95.00,Credit Card,
T006832,2026-09-05 14:41,B01,,,Delivery,Coffee,3,105,0.00,315.00,Cash,4
T006833,2026-09-05 15:15,B05,M0164,Silver,App,Coffee,4,95,38.00,342.00,Credit Card,
T006834,2026-09-05 16:02,B01,M0135,Gold,Delivery,Coffee,2,75,22.50,127.50,Credit Card,
T006835,05/09/2026 16:12,B4,M0264,Gold,In-store,Coffee,4,110,66.00,374.00,QR PromptPay,
T006836,2026-09-05 16:42,B05,M0266,Gold,App,Bakery,1,95,19.00,76.00,Credit Card,3
T006837,2026-09-05 16:48,B03,,,In-store,Coffee,1,110,0.00,110.00,Credit Card,4
T006838,2026-09-05 17:32,B05,M0105,Silver,In-store,Coffee,3,95,0.00,285.00,Cash,
T006839,2026-09-05 18:28,B01,M0011,Bronze,In-store,Coffee,1,115,0.00,115.00,Credit Card,
T006840,2026-09-05 19:17,B08,M0183,Silver,Delivery,Merchandise,2,250,0.00,500.00,QR PromptPay,1
T006841,2026-09-05 22:31,B01,M0017,Platinum,Delivery,Coffee,3,70,0.00,210.00,Credit Card,
T006842,2026-09-06 00:21,B01,M0041,Platinum,Delivery,Coffee,2,105,21.00,189.00,Credit Card,
T006843,2026-09-06 07:56,B01,M0062,Gold,App,Coffee,1,65,9.75,55.25,Credit Card,
T006844,2026-09-06 08:52,B01,M0062,Gold,In-store,Bakery,1,110,11.00,99.00,Cash,
T006845,06/09/2026 10:04,B04,M0192,Silver,Delivery,Coffee,1,80,8.00,72.00,Cash,
T006846,2026-09-06 10:53,B08,M0126,Bronze,In-store,Tea,4,50,0.00,200.00,QR PromptPay,4
T006847,2026-09-06 14:01,B01,M0151,Platinum,App,Coffee,2,65,0.00,130.00,App Wallet,
T006848,2026-09-06 15:33,B03,M0038,Silver,In store,Coffee,1,115,11.50,103.50,QR PromptPay,5
T006849,2026-09-06 15:47,B05,,,Deliv.,Tea,4,80,0.00,320.00,QR PromptPay,4
T006850,06/09/2026 15:57,B04,M0192,Silver,In-store,Coffee,1,60,0.00,60.00,Cash,
T006851,2026-09-06 16:03,B07,,,App,Coffee,1,90,0.00,90.00,Credit Card,
T006852,2026-09-06 16:12,B05,M0105,Silver,App,Bakery,1,95,0.00,95.00,Credit Card,5
T006853,2026-09-06 17:21,B03,M0046,Bronze,Delivery,Coffee,4,100,0.00,400.00,QR PromptPay,
T006854,2026-09-06 17:56,B02,M0012,Bronze,App,Coffee,2,75,0.00,150.00,Credit Card,
T006855,2026-09-06 18:00,B06,,,Delivery,Coffee,1,105,0.00,105.00,Credit Card,
T006856,2026-09-06 18:24,B01,M0081,Silver,In-store,Coffee,1,120,0.00,120.00,Cash,
T006857,06/09/2026 18:56,B04,M0162,Silver,In-store,Bakery,2,55,0.00,110.00,QR PromptPay,
T006858,2026-09-07 07:15,B03,M0246,Silver,In-store,Coffee,4,105,0.00,420.00,Cash,5
T006859,2026-09-07 07:47,B03,M0074,Silver,Delivery,Tea,2,70,7.00,133.00,QR PromptPay,4
T006860,2026-09-07 08:28,B08,M0065,Platinum,Delivery,Coffee,1,80,12.00,68.00,QR PromptPay,
T006861,2026-09-07 08:31,B05,M0016,Gold,In-store,Coffee,1,115,0.00,115.00,QR PromptPay,4
T006862,2026-09-07 08:45,B03,M0027,Silver,App,Tea,2,60,0.00,120.00,Credit Card,4
T006863,2026-09-07 09:12,B08,M0109,Platinum,In-store,Coffee,1,60,9.00,51.00,QR PromptPay,
T006864,2026-09-07 10:04,B08,M0263,Bronze,In-store,Coffee,1,110,0.00,110.00,QR PromptPay,4
T006865,2026-09-07 10:32,B02,M0244,Silver,App,Merchandise,1,810,40.50,769.50,App Wallet,
T006866,2026-09-07 10:40,B01,M0008,Bronze,In-store,Bakery,1,45,0.00,45.00,Credit Card,5
T006865,2026-09-07 10:44,B02,M0244,Silver,App,Merchandise,-1,810,-40.50,-769.50,App Wallet,
T006867,2026-09-07 10:57,B08,M0224,Bronze,Delivery,Coffee,2,110,0.00,220.00,Credit Card,
T006868,2026-09-07 11:45,B01,M0144,Bronze,In-store,Coffee,1,55,0.00,55.00,Cash,
T006869,2026-09-07 12:13,B03,,,App,Coffee,1,85,0.00,85.00,Credit Card,
T006870,2026-09-07 13:19,B02,M0182,BRONZE,App,Coffee,2,65,0.00,130.00,Credit Card,
T006871,2026-09-07 13:23,B01,,,Delivery,Coffee,1,95,0.00,95.00,Credit Card,4
T006872,2026-09-07 13:28,B08,M0017,Platinum,In-store,Merchandise,3,485,0.00,1455.00,Credit Card,
T006873,2026-09-07 15:05,B06,M0183,Silver,In-store,Coffee,1,55,2.75,52.25,QR PromptPay,4
T006874,2026-09-07 16:29,B05,M0253,Silver,Delivery,Coffee,3,95,0.00,285.00,Cash,4
T006875,2026-09-07 16:35,B07,M0242,Silver,App,Coffee,2,120,48.00,192.00,Credit Card,
T006876,2026-09-07 17:26,B05,M0153,Silver,In-store,Bakery,2,90,0.00,180.00,Cash,3
T006877,2026-09-08 00:51,B01,,,Delivery,Coffee,1,105,0.00,105.00,QR PromptPay,
T006878,2026-09-08 07:11,B06,,,In-store,Coffee,1,95,0.00,95.00,QR PromptPay,
T006879,2026-09-08 11:30,B02,,,in-store,Coffee,3,85,0.00,255.00,Cash,
T006880,2026-09-08 11:31,B03,M9700,Silver,App,Bakery,4,75,30.00,270.00,Credit Card,3
T006881,2026-09-08 12:20,B06,M0029,Silver,Delivery,Tea,1,95,0.00,95.00,Cash,
T006882,08/09/2026 14:04,B04,,,In-store,Coffee,1,60,0.00,60.00,QR PromptPay,5
T006883,08/09/2026 16:54,B04,,,App,Coffee,2,90,0.00,180.00,Credit Card,
T006884,2026-09-08 18:35,B08,M0160,Bronze,Delivery,Coffee,1,75,7.50,67.50,Credit Card,4
T006885,2026-09-08 21:25,B01,,,Delivery,Coffee,3,80,0.00,240.00,Credit Card,
T006886,09/09/2026 07:27,B04,M0059,Bronze,App,Tea,1,75,0.00,75.00,App Wallet,
T006887,2026-09-09 07:51,B07,M0215,Silver,Delivery,Coffee,3,60,0.00,180.00,Cash,
T006888,2026-09-09 09:09,B01,M0140,Silver,In-store,Tea,2,75,0.00,150.00,Credit Card,3
T006889,2026-09-09 10:11,B05,M0110,Gold,In-store,Coffee,1,70,0.00,70.00,QR PromptPay,
T006890,09/09/2026 11:23,B04,M0151,Platinum,In-store,Coffee,2,80,0.00,160.00,QR PromptPay,
T006891,2026-09-09 12:15,B08,M0065,Platinum,Delivery,Coffee,2,115,0.00,230.00,Cash,5
T006892,2026-09-09 12:52,B03,,,App,Coffee,2,75,0.00,150.00,App Wallet,
T006893,2026-09-09 13:23,B07,M0154,Platinum,In-store,Bakery,2,80,0.00,160.00,Cash,3
T006894,2026-09-09 13:36,B08,M0224,Bronze,In-store,Coffee,2,55,0.00,110.00,Cash,
T006895,2026-09-09 13:43,B02,M0018,BRONZE,Instore,Coffee,1,85,12.75,72.25,Cash,4
T006896,09/09/2026 14:20,B04,M0077,Silver,App,Tea,2,70,28.00,112.00,Credit Card,5
T006897,09/09/2026 14:30,B04,M0087,Silver,App,Coffee,1,85,0.00,85.00,Credit Card,5
T006898,2026-09-09 14:43,B05,M0110,Gold,App,Bakery,1,55,0.00,55.00,App Wallet,
T006899,2026-09-09 14:56,B03,M0115,Bronze,In-store,Coffee,1,95,0.00,95.00,QR PromptPay,
T006900,2026-09-09 15:33,B08,M0065,Platinum,App,Tea,4,55,33.00,187.00,App Wallet,
T006901,2026-09-09 15:50,B08,M0089,Platinum,In-store,Tea,2,90,27.00,153.00,Cash,4
T006902,2026-09-09 15:54,B01,,,App,Coffee,3,115,0.00,345.00,Credit Card,5
T006903,2026-09-09 18:01,B01,,,App,Coffee,1,120,0.00,120.00,Credit Card,
T006904,2026-09-09 19:06,B02,,,In-store,Coffee,1,65,0.00,65.00,Cash,3
T006905,09/09/2026 19:15,B04,,,App,Tea,2,75,0.00,150.00,Credit Card,
T006906,2026-09-10 08:16,B06,M0132,Silver,In-store,Coffee,3,100,0.00,300.00,Credit Card,
T006907,2026-09-10 08:32,B05,M0266,Gold,In-store,Coffee,4,105,0.00,420.00,Cash,
T006908,2026-09-10 10:33,B08,M0065,Platinum,In-store,Bakery,1,95,14.25,80.75,Cash,
T006909,2026-09-10 11:01,B06,M0016,Gold,App,Coffee,1,65,0.00,65.00,App Wallet,
T006910,10/09/2026 11:11,B04,M0249,Bronze,App,Coffee,1,120,0.00,120.00,App Wallet,
T006911,2026-09-10 11:26, B07,M0272,Silver,In-store,Bakery,1,90,0.00,90.00,Credit Card,4
T006912,2026-09-10 12:13,B06,M0029,Silver,In-store,Coffee,4,105,63.00,357.00,Cash,
T006913,2026-09-10 12:36,B02,M0161,Silver,In-store,Tea,3,65,0.00,195.00,QR PromptPay,
T006914,10/09/2026 12:38,B04,M0052,Silver,In-store,Coffee,1,70,0.00,70.00,Cash,
T006915,10/09/2026 12:51,B04,M9468,Silver,In-store,Coffee,1,70,0.00,70.00,Credit Card,4
T006916,10/09/2026 13:08,B04,M0057,Silver,In-store,Coffee,2,120,0.00,240.00,Cash,
T006917,10/09/2026 13:36,B04,M0188,Bronze,App,Tea,2,55,0.00,110.00,App Wallet,
T006918,2026-09-10 13:45,B08,M0126,Bronze,In-store,Coffee,1,55,0.00,55.00,QR PromptPay,
T006919,2026-09-10 14:17,B07,M0209,Silver,Delivery,Coffee,1,120,0.00,120.00,QR PromptPay,
T006920,2026-09-10 14:27,B07,,,In-store,Coffee,1,110,0.00,110.00,Credit Card,
T006921,2026-09-10 14:37,B08,,,App,Coffee,1,70,0.00,70.00,Credit Card,
T006922,2026-09-10 15:37,B07,,,App,Coffee,1,110,0.00,110.00,App Wallet,
T006923,2026-09-10 16:24,B08,M0029,Silver,In-store,Coffee,3,95,0.00,285.00,Credit Card,
T006924,2026-09-10 17:17,B06,M0136,Silver,In-store,Bakery,2,90,36.00,144.00,Cash,
T006925,2026-09-10 18:16,B07,M0024,Gold,App,Coffee,1,75,0.00,75.00,App Wallet,
T006926,2026-09-10 18:24,B07,M0209,Silver,In-store,Coffee,1,70,0.00,70.00,Cash,
T006927,2026-09-10 19:04,B02,M0244,Silver,In-store,Coffee,2,105,21.00,189.00,Cash,3
T006928,2026-09-11 07:16,B02,M0144,Bronze,In-store,Coffee,1,105,0.00,105.00,QR PromptPay,
T006929,2026-09-11 08:49,B01,,,App,Coffee,2,115,0.00,230.00,App Wallet,5
T006930,2026-09-11 09:21,B03,,,In-store,Coffee,3,100,0.00,300.00,Credit Card,
T006931,2026-09-11 11:50,B05,M0016,Gold,Delivery,Tea,2,70,0.00,140.00,QR PromptPay,
T006932,2026-09-11 12:28,B02,M0005,Bronze,In-store,Merchandise,2,670,0.00,1340.00,QR PromptPay,4
T006933,11/09/2026 12:35,B04,M0043,Platinum,In-store,Coffee,2,฿105.00,21.00,189.00,QR PromptPay,4
T006934,2026-09-11 12:51,B07,,,In-store,Coffee,1,65,0.00,65.00,Credit Card,3
T006935,2026-09-11 12:56,B06,M0162,Silver,In store,Bakery,2,70,0.00,140.00,QR PromptPay,
T006936,2026-09-11 13:05,B03,,,App,Coffee,1,60,0.00,60.00,App Wallet,
T006937,2026-09-11 13:53,B06,M0262,Silver,In-store,Merchandise,4,465,0.00,1860.00,QR PromptPay,
T006938,2026-09-11 14:27,B06,M0162,Silver,Delivery,Coffee,4,105,0.00,420.00,Cash,4
T006939,2026-09-11 15:40,B01,M9268,Platinum,Delivery,Coffee,4,120,72.00,408.00,Credit Card,4
T006940,2026-09-11 15:53,B02,M0121,Platinum,Delivery,Coffee,3,115,0.00,345.00,Cash,
T006941,2026-09-11 16:11,B02,M0182,Bronze,In-store,Coffee,2,120,0.00,240.00,Credit Card,
T006942,2026-09-11 16:19,B02,M0101,Platinum,Delivery,Bakery,1,80,0.00,80.00,Credit Card,2
T006943,2026-09-11 16:40,B06,M0089,Platinum,In-store,Bakery,1,70,0.00,70.00,Cash,4
T006944,11/09/2026 16:47,B04,M0024,Gold,In-store,Merchandise,4,870,0.00,3480.00,Credit Card,1
T006945,11/09/2026 16:58,B04,M0077,SILVER,In-store,Coffee,4,110,0.00,440.00,QR PromptPay,
T006946,2026-09-11 17:28,B08,M0224,Bronze,Delivery,Coffee,3,70,0.00,210.00,Cash,4
T006947,2026-09-11 18:46,B01,M0151,Platinum,In-store,Coffee,1,80,0.00,80.00,Credit Card,
T006948,2026-09-11 19:51,B06,M9362,Bronze,In-store,Bakery,2,50,0.00,100.00,Credit Card,
T006949,2026-09-12 01:03,B01,M0049,Silver,Delivery,Bakery,1,55,0.00,55.00,QR PromptPay,
T006950,2026-09-12 02:34,B1,,,Delivery,Bakery,1,100,0.00,100.00,Credit Card,
T006951,2026-09-12 07:44,B02,M0101,Platinum,In-store,Tea,1,75,0.00,75.00,Credit Card,
T006952,2026-09-12 07:49,B08,M0065,Platinum,App,Coffee,4,90,0.00,360.00,App Wallet,
T006953,12/09/2026 08:29,B04,M0115,Bronze,Delivery,Coffee,1,105,0.00,105.00,QR PromptPay,4
T006954,2026-09-12 10:00,B06,M0029,Silver,Delivery,Coffee,1,75,15.00,60.00,Cash,
T006955,2026-09-12 10:12,B03,M0184,Bronze,Instore,Bakery,4,75,0.00,300.00,Credit Card,
T006956,2026-09-12 10:23,B06,M0136,Silver,Delivery,Merchandise,2,545,0.00,1090.00,Cash,4
T006957,12/09/2026 11:11,B04,M0077,Silver,In-store,Coffee,1,120,0.00,120.00,Credit Card,
T006958,2026-09-12 12:03,B06,M0198,Bronze,App,Coffee,2,110,0.00,220.00,App Wallet,5
T006959,12/09/2026 12:21,B04,,,In-store,Coffee,2,65,0.00,130.00,Credit Card,
T006960,2026-09-12 12:25,B07,M0089,Platinum,In-store,Coffee,3,95,28.50,256.50,Cash,
T006960,2026-09-12 12:25,B07,M0089,Platinum,In-store,Coffee,3,95,28.50,256.50,Cash,
T006961,2026-09-12 12:35,B08,M0174,Silver,App,Bakery,3,95,14.25,270.75,App Wallet,
T006962,2026-09-12 12:53,B06,M0089,Platinum,App,Merchandise,2,525,0.00,1050.00,Credit Card,
T006963,2026-09-12 12:55,B02,M0244,Silver,App,Coffee,2,110,0.00,220.00,Credit Card,
T006964,2026-09-12 13:09,B02,M0126,Bronze,App,Coffee,2,105,31.50,178.50,Credit Card,5
T006965,2026-09-12 13:27,B02,M0275,Bronze,App,Merchandise,2,845,0.00,1690.00,Credit Card,2
T006966,2026-09-12 14:59,B06,M0223,Bronze,In-store,Coffee,1,70,0.00,70.00,QR PromptPay,3
T006966,2026-09-12 14:59,B06,M0223,Bronze,In-store,Coffee,1,70,0.00,70.00,QR PromptPay,3
T006967,2026-09-12 16:02,B02,M9468,Platinum,In-store,Coffee,1,85,0.00,85.00,Cash,
T006968,2026-09-12 16:20,B01,M0144,Bronze,In-store,Bakery,4,95,0.00,380.00,QR PromptPay,
T006969,2026-09-12 16:40,B01,M0062,Gold,App,Bakery,3,100,0.00,300.00,Credit Card,
T006970,2026-09-12 17:08,B08,M0017,Platinum,Delivery,Bakery,2,70,0.00,140.00,QR PromptPay,
T006969,2026-09-12 17:48,B01,M0062,Gold,App,Bakery,-3,100,-0.00,-300.00,Credit Card,
T006971,12/09/2026 18:52,B04,M0244,Silver,In-store,Bakery,1,50,0.00,50.00,Credit Card,1
T006972,2026-09-13 02:34,B01,,,Delivery,Coffee,1,120,0.00,120.00,Credit Card,3
T006973,2026-09-13 08:02,B05,,,Delivery,Bakery,2,80,0.00,160.00,QR PromptPay,
T006974,2026-09-13 08:07,B08,,,Delivery,Coffee,1,115,0.00,115.00,Credit Card,3
T006975,2026-09-13 08:12,B02,M0101,Platinum,In-store,Coffee,1,110,0.00,110.00,Credit Card,3
T006976,13/09/2026 08:30,B04,M0043,Platinum,In-store,Tea,2,85,0.00,170.00,Credit Card,
T006977,2026-09-13 09:18,B07,M0128,Silver,In-store,Coffee,1,85,12.75,72.25,QR PromptPay,
T006978,2026-09-13 10:12,B06,M0263,Bronze,In-store,Bakery,4,45,0.00,180.00,Cash,
T006979,2026-09-13 11:04,B01,,,In-store,Bakery,1,55,0.00,55.00,Cash,
T006980,13/09/2026 11:49,B04,M0245,Bronze,In-store,Merchandise,1,440,0.00,440.00,Credit Card,4
T006981,2026-09-13 11:53,B07,M0051,Bronze,In-store,Coffee,1,65,0.00,65.00,Credit Card,
T006982,13/09/2026 12:13,B04,M0039,Silver,App,Coffee,2,80,0.00,160.00,Credit Card,2
T006983,2026-09-13 12:17,B03,M0038,Silver,In-store,Merchandise,3,555,0.00,1665.00,QR PromptPay,4
T006984,2026-09-13 12:31,B02,M0244,Silver,In-store,Merchandise,3,275,0.00,825.00,Credit Card,4
T006985,2026-09-13 13:25,B02,,,Deliv.,Merchandise,2,510,0.00,1020.00,Credit Card,
T006986,2026-09-13 13:33,B03,,,In-store,Coffee,1,75,0.00,75.00,Credit Card,5
T006984,2026-09-13 13:56,B02,M0244,Silver,In-store,Merchandise,-3,275,-0.00,-825.00,Credit Card,
T006987,2026-09-13 15:22,B06,M0162,Silver,App,Bakery,2,90,0.00,180.00,Credit Card,
T006988,2026-09-13 16:48,B06,M0089,Platinum,Delivery,Coffee,3,120,72.00,288.00,Credit Card,4
T006989,2026-09-13 16:53,B01,M0221,Silver,In-store,Tea,1,60,0.00,60.00,Credit Card,
T006990,2026-09-13 17:29,B01,M0188,Bronze,In-store,Coffee,1,70,0.00,70.00,Cash,
T006991,2026-09-13 17:30,B01,M0011,Bronze,In-store,Bakery,1,50,0.00,50.00,Credit Card,
T006992,13/09/2026 17:31,B04,M0264,Gold,In-store,Bakery,3,60,18.00,162.00,Cash,5
T006993,2026-09-13 18:15,B08,,,In-store,Merchandise,4,270,0.00,1080.00,Cash,
T006994,2026-09-13 19:13,B01,M0151,Platinum,App,Tea,2,55,16.50,93.50,Credit Card,
T006995,2026-09-13 19:17,B01,M0266,Gold,Delivery,Merchandise,4,540,0.00,2160.00,QR PromptPay,
T006996,2026-09-14 07:03,B08,M0039,Silver,App,Merchandise,4,835,0.00,3340.00,Credit Card,5
T006997,2026-09-14 08:10,B06,M0268,Gold,In-store,Coffee,1,120,18.00,102.00,QR PromptPay,
T006998,2026-09-14 08:16,B06,,,In-store,Merchandise,2,270,0.00,540.00,QR PromptPay,
T006999,2026-09-14 08:18,B01,,,In-store,Coffee,2,90,0.00,180.00,Cash,
T007000,2026-09-14 08:27,B08,M0035,Gold,In-store,Coffee,4,75,45.00,255.00,QR PromptPay,4
T007001,14/09/2026 08:48,B04,,,In-store,Merchandise,1,615,0.00,615.00,Credit Card,5
T007002,2026-09-14 08:57,B02,M0085,Bronze,In-store,Coffee,4,90,0.00,360.00,QR PromptPay,
T007003,2026-09-14 09:21,B03,M0055,Gold,In-store,Merchandise,4,280,0.00,1120.00,QR PromptPay,3
T007004,2026-09-14 09:42,B06,M0089,Platinum,In-store,Coffee,2,95,0.00,190.00,QR PromptPay,
T007005,2026-09-14 11:47,B08,M0198,Bronze,In-store,Coffee,3,100,0.00,300.00,Credit Card,
T007006,2026-09-14 12:03,B06,M9035,PLATINUM,In-store,Coffee,1,110,22.00,88.00,Credit Card,
T007007,2026-09-14 12:16,B06,,,App,Tea,1,50,0.00,50.00,Credit Card,4
T007008,2026-09-14 12:32,B06,M0029,Silver,Delivery,Coffee,1,105,15.75,89.25,QR PromptPay,3
T007009,2026-09-14 12:36,B08,,,App,Bakery,2,80,0.00,160.00,Credit Card,
T007010,2026-09-14 14:19,B05,M0262,Slvr,App,Coffee,4,55,0.00,220.00,Credit Card,3
T007011,14/09/2026 15:49,B04,M0043,Platinum,In store,Coffee,2,60,24.00,96.00,Cash,
T007012,2026-09-14 16:16,B05,M9677,Platinum,In-store,Tea,2,55,0.00,110.00,QR PromptPay,
T007013,2026-09-14 16:19,B05,,,In-store,Coffee,4,55,0.00,220.00,QR PromptPay,4
T007014,2026-09-14 16:48,B02,M0121,Platinum,Delivery,Coffee,3,105,0.00,315.00,QR PromptPay,3
T007015,2026-09-14 16:54,B05,,,In-store,Coffee,2,70,0.00,140.00,Credit Card,2
T007016,2026-09-14 17:37,B05,M0130,Gold,In-store,Tea,2,85,8.50,161.50,QR PromptPay,
T007017,2026-09-14 17:43,B06,M0020,Bronze,In-store,Tea,2,95,0.00,190.00,Cash,
T007018,14/09/2026 17:44,B04,M0043,platinum,In-store,Tea,2,70,21.00,119.00,Cash,
T007019,2026-09-14 18:10,B06,,,In-store,Merchandise,2,575,0.00,1150.00,QR PromptPay,4
T007020,2026-09-14 18:14,B06,M9080,Bronze,In-store,Tea,1,65,0.00,65.00,Credit Card,4
T007021,2026-09-14 18:42,B08,,,Delivery,Coffee,2,70,0.00,140.00,QR PromptPay,4
T007022,2026-09-14 19:14,B06,,,In-store,Tea,1,70 THB,0.00,70.00,QR PromptPay,4
T007023,2026-09-14 19:20,B06,,,In-store,Coffee,2,55,0.00,110.00,Credit Card,
T007024,2026-09-14 19:26,B06,,,In-store,Coffee,1,95,0.00,95.00,Credit Card,2
T007025,2026-09-14 19:31,B06,,,In-store,Coffee,1,65,0.00,65.00,QR PromptPay,4
T007026,14/09/2026 19:41,B04,M0242,Silver,Deliv.,Coffee,3,105,0.00,315.00,Cash,
T007027,2026-09-14 19:44,B02,M0101,Platinum,In-store,Bakery,1,85,12.75,72.25,QR PromptPay,
T007028,2026-09-15 07:02,B03,,,Delivery,Coffee,2,120,0.00,240.00,QR PromptPay,
T007029,2026-09-15 08:08,B06,M0178,Bronze,In-store,Coffee,1,115,0.00,115.00,Cash,
T007030,15/09/2026 08:19,B04,M0249,Bronze,In-store,Coffee,4,90,0.00,360.00,Cash,
T007030,15/09/2026 08:19,B04,M0249,Bronze,In-store,Coffee,4,90,0.00,360.00,Cash,
T007031,2026-09-15 08:44,B01,M0135,Gold,App,Coffee,1,75,0.00,75.00,Credit Card,
T007032,2026-09-15 09:10,B01,M0062,Gold,App,Coffee,1,115,11.50,103.50,Credit Card,
T007033,2026-09-15 09:58,B03,M0074,Silver,App,Coffee,1,95,0.00,95.00,Credit Card,4
T007034,2026-09-15 11:44,B3,M0027,Silver,In-store,Coffee,1,105,0.00,105.00,Cash,
T007035,2026-09-15 12:02,B06,M0198,Bronze,In-store,Coffee,2,60,0.00,120.00,QR PromptPay,5
T007036,2026-09-15 12:23,B08,M0210,Bronze,Delivery,Coffee,1,105,0.00,105.00,QR PromptPay,
T007037,2026-09-15 12:32,B08,,,In-store,Bakery,4,65,0.00,260.00,Credit Card,
T007038,2026-09-15 12:47,B08,M0092,Bronze,In-store,Coffee,1,95,0.00,95.00,QR PromptPay,3
T007039,2026-09-15 13:19,B01,,,In-store,Bakery,2,105,0.00,210.00,Credit Card,
T007040,2026-09-15 13:49,B02,M0244,Silver,Delivery,Coffee,1,60,0.00,60.00,Credit Card,5
T007041,15/09/2026 14:40,B04,M0115,Bronze,Delivery,Coffee,1,115,0.00,115.00,QR PromptPay,
T007042,2026-09-15 15:27,B07,M0272,Silver,In-store,Coffee,4,75,0.00,300.00,Cash,4
T007043,2026-09-15 15:41,B06,M0020,Bronze,Deliv.,Bakery,1,45,0.00,45.00,Cash,3
T007044,2026-09-15 15:54,B01,,,In-store,Bakery,2,90,0.00,180.00,Cash,
T007045,2026-09-15 15:56,B01,M0061,Gold,In-store,Coffee,1,100,15.00,85.00,QR PromptPay,
T007046,2026-09-15 16:17,B08,M0065,Platinum,In-store,Coffee,2,55,5.50,104.50,Credit Card,
T007047,2026-09-15 16:30,B01,M0062,Gold,In-store,Coffee,1,95,0.00,95.00,Credit Card,
T007048,2026-09-15 16:54,B01,M0097,Bronze,In-store,Coffee,1,105,0.00,105.00,QR PromptPay,
T007049,2026-09-15 16:55,B02,M0200,Gold,In-store,Coffee,2,80,8.00,152.00,Cash,5
T007050,2026-09-15 16:58,B02,M0270,Silver,In-store,Merchandise,1,760,0.00,760.00,Credit Card,
T007051,2026-09-15 17:38,B06,M0097,bronze,In-store,Bakery,1,105,0.00,105.00,QR PromptPay,
T007052,2026-09-15 17:58,B1,M0086,Silver,Delivery,Coffee,1,60,3.00,57.00,Cash,
T007052,2026-09-15 18:13,B01,M0086,Silver,Delivery,Coffee,-1,60,-3.00,-57.00,Cash,
T007053,2026-09-15 18:46,B08,M0004,Bronze,Delivery,Coffee,1,55,0.00,55.00,Credit Card,
T007054,2026-09-15 18:58,B03,,,In-store,Coffee,3,95,0.00,285.00,Credit Card,
T007055,2026-09-15 19:28,B08,M0093,Silver,In-store,Tea,4,90,0.00,360.00,QR PromptPay,
