transaction_id,transaction_datetime,branch_id,member_id,member_tier,channel,product_category,quantity,unit_price,discount_amount,total_amount,payment_method,satisfaction_score
T000001,2025-10-01 08:09,B06,,,App,Bakery,1,85,0.00,85.00,App Wallet,
T000002,2025-10-01 08:12,B08,M0010,Bronze,In-store,Coffee,1,110,22.00,88.00,Cash,
T000003,2025-10-01 08:30,B05,,,In-store,Merchandise,1,455,0.00,455.00,QR PromptPay,
T000004,2025-10-01 08:41,B01,M0146,Bronze,App,Coffee,2,110,0.00,220.00,Credit Card,
T000005,2025-10-01 08:48,B01,M0048,Silver,APP,Coffee,2,55,0.00,110.00,Credit Card,
T000006,2025-10-01 08:59,B04,M0159,Platinum,In-store,Coffee,2,100,0.00,200.00,Cash,
T000007,2025-10-01 12:10,B02,M0015,Gold,In-store,Coffee,2,75,15.00,135.00,Cash,
T000008,2025-10-01 13:08,B03,M0078,Bronze,Delivery,Coffee,2,70,0.00,140.00,QR PromptPay,5
T000009,2025-10-01 13:30,B05,M0285,Bronze,In-store,Coffee,2,75,0.00,150.00,Cash,4
T000010,2025-10-01 13:37,B03,M0312,Silver,In-store,Coffee,1,85,0.00,35.00,Cash,3
T000011,2025-10-01 13:45,B03,M0309,Silver,In-store,Tea,1,80,4.00,76.00,Cash,
T000012,2025-10-01 16:28,B07,M9388,Bronze,App,Bakery,4,105,0.00,420.00,Credit Card,
T000013,2025-10-01 16:31,B03,M0171,Gold,In-store,Coffee,1,105,0.00,105.00,Cash,
T000014,2025-10-01 16:36,B05,M0010,Bronze,In-store,Tea,2,60,6.00,114.00,Credit Card,
T000015,2025-10-01 19:19,B04,M0079,Silver,App,Coffee,1,80,12.00,68.00,Credit Card,
T000016,2025-10-02 07:26,B06,,,In-store,Coffee,2,80,0.00,160.00,QR PromptPay,
T000017,2025-10-02 07:33,B04,,,App,Coffee,4,70,0.00,280.00,Credit Card,4
T000018,2025-10-02 08:08,B01,M0104,Silver,In-store,Coffee,4,55,0.00,220.00,QR PromptPay,
T000019,2025-10-02 08:09,B05,M0130,Platinum,In-store,Coffee,1,100,20.00,80.00,Cash,
T000020,2025-10-02 08:16,B05,M0118,Gold,App,Tea,1,75,7.50,67.50,App Wallet,4
T000021,2025-10-02 10:29,B03,M0023,Bronze,In-store,Bakery,4,70,0.00,280.00,Cash,
T000022,2025-10-02 11:56,B07,,,Delivery,Coffee,3,70,0.00,210.00,Cash,
T000023,2025-10-02 12:07,B02,,,In-store,Bakery,1,55,0.00,55.00,Credit Card,
T000024,2025-10-02 12:25,B07,M0040,Bronze,Delivery,Coffee,2,65,0.00,130.00,QR PromptPay,
T000025,2025-10-02 12:50,B01,M0324,Gold,Delivery,Coffee,3,75,11.25,213.75,Cash,
T000026,2025-10-02 13:19,B08,,,App,Coffee,2,60,0.00,120.00,Credit Card,
T000027,2025-10-02 13:34,B04,,,In-store,Tea,4,90,0.00,360.00,Cash,
T000028,2025-10-02 13:35,B06,,,In-store,Coffee,2,70,0.00,140.00,QR PromptPay,
T000029,2025-10-02 14:03,B06,,,In-store,Coffee,4,75,0.00,300.00,Cash,
T000030,2025-10-02 15:29,B08,M0226,Brz,In-store,Bakery,1,85,0.00,85.00,Credit Card,
T000031,2025-10-02 16:19,B03,M0104,Silver,In-store,Coffee,1,110,0.00,110.00,QR PromptPay,
T000032,2025-10-02 16:25,B07,M0325,Platinum,In-store,Coffee,4,95,57.00,323.00,Cash,4
T000033,2025-10-02 16:34,B01,M0261,Platinum,App,Merchandise,1,730,36.50,693.50,Credit Card,3
T000034,2025-10-02 16:35,B03,,,Delivery,Bakery,1,55,0.00,55.00,Credit Card,
T000035,2025-10-02 16:59,B01,,,In-store,Merchandise,2,460,0.00,920.00,Credit Card,
T000036,2025-10-02 17:04,B05,M0173,SILVER,Delivery,Tea,2,55,0.00,110.00,QR PromptPay,
T000037,2025-10-02 18:17,B04,,,In-store,Coffee,3,75,0.00,225.00,Cash,5
T000038,2025-10-02 19:20,B07,,,App,Merchandise,1,430,0.00,430.00,App Wallet,
T000039,2025-10-02 19:29,B02,M0082,Bronze,Delivery,Coffee,1,90,0.00,90.00,Cash,4
T000040,2025-10-03 08:16,B03,M0315,Bronze,In-store,Coffee,1,110,0.00,110.00,Cash,
T000041,2025-10-03 08:29,B04,,,In-store,Coffee,1,115,0.00,115.00,Credit Card,
T000042,2025-10-03 08:56,B04,M0159,Platinum,In-store,Coffee,1,120,0.00,120.00,Cash,
T000042,2025-10-03 09:59,B04,M0159,Platinum,In-store,Coffee,-1,120,-0.00,-120.00,Cash,
T000043,2025-10-03 10:42,B05,M0202,Bronze,In-store,Coffee,3,110,0.00,330.00,QR PromptPay,4
T000044,2025-10-03 11:14,B04,M0144,Silver,Delivery,Coffee,1,55,5.50,49.50,QR PromptPay,
T000045,2025-10-03 11:33,B08,M0051,Gold,Delivery,Tea,1,70,0.00,70.00,Cash,
T000046,2025-10-03 12:08,B07,M0130,Platinum,In-store,Bakery,1,70,0.00,70.00,Cash,3
T000047,2025-10-03 12:21,B07,M0088,Bronze,In-store,Coffee,1,70,0.00,70.00,Cash,
T000048,2025-10-03 12:53,B02,M0265,Gold,In-store,Tea,2,75,15.00,135.00,Credit Card,
T000048,2025-10-03 12:53,B02,M0265,Gold,In-store,Tea,2,75,15.00,135.00,Credit Card,
T000049,2025-10-03 12:59,B01,,,In-store,Tea,1,65,0.00,65.00,Cash,
T000050,2025-10-03 13:42,B04,M0056,Platinum,In-store,Merchandise,2,350,0.00,700.00,QR PromptPay,
T000051,2025-10-03 13:42,B08,,,Delivery,Coffee,2,60,0.00,120.00,Cash,
T000052,2025-10-03 13:54,B07,,,App,Coffee,1,75,0.00,75.00,App Wallet,
T000053,2025-10-03 13:55,B07,M0308,Gold,App,Coffee,1,75,7.50,67.50,Credit Card,
T000054,2025-10-03 15:02,B01,,,In-store,Bakery,1,70,0.00,70.00,Credit Card,
T000055,2025-10-03 15:07,B01,M0196,Bronze,In-store,Merchandise,1,480,0.00,480.00,QR PromptPay,4
T000056,2025-10-03 16:46,B08,M0051,Gold,App,Coffee,3,65,29.25,165.75,Credit Card,
T000057,2025-10-03 16:55,B03,,,In-store,Bakery,3,110,0.00,330.00,Credit Card,
T000058,2025-10-03 17:38,B06,,,In-store,Coffee,1,95,0.00,95.00,QR PromptPay,
T000059,2025-10-03 17:55,B06,,,In-store,Coffee,4,120,0.00,480.00,Cash,4
T000060,2025-10-03 18:43,B05,,,Delivery,Coffee,1,60,0.00,60.00,Cash,
T000061,2025-10-04 07:01,B01,,,APP,Bakery,1,100,0.00,100.00,App Wallet,
T000062,2025-10-04 07:06,B02,,,In-store,Coffee,4,75,0.00,300.00,Credit Card,3
T000063,2025-10-04 08:09,B06,M0260,GOLD,In-store,Coffee,2,75,15.00,135.00,QR PromptPay,
T000064,2025-10-04 08:51,B02,,,In-store,Merchandise,1,485,0.00,485.00,Cash,4
T000065,2025-10-04 09:45,B06,,,App,Bakery,3,55,0.00,165.00,Credit Card,4
T000066,2025-10-04 11:07,B08,M0121,Silver,In-store,Tea,1,55,0.00,55.00,Credit Card,3
T000067,2025-10-04 11:19,B08,M0324,Gold,In-store,Coffee,3,55,24.75,140.25,QR PromptPay,3
T000068,2025-10-04 12:21,B08,M0002,Bronze,In-store,Coffee,2,55,0.00,110.00,Credit Card,
T000069,2025-10-04 13:11,B02,,,In-store,Bakery,4,55,0.00,220.00,QR PromptPay,
T000070,2025-10-04 13:16,B07,M0196,Bronze,App,Coffee,4,120,0.00,480.00,App Wallet,5
T000071,2025-10-04 13:23,B06,,,In-store,Coffee,1,120,0.00,120.00,Credit Card,
T000072,2025-10-04 15:45,B01,M9672,Bronze,In-store,Tea,2,55,0.00,110.00,Cash,
T000073,2025-10-04 15:54,B06,M0273,Silver,In-store,Coffee,2,65,0.00,130.00,Credit Card,3
T000074,2025-10-04 16:56,B07,,,Delivery,Coffee,1,120,0.00,120.00,QR PromptPay,
T000075,2025-10-04 16:57,B06,,,in-store,Coffee,1,100,0.00,100.00,QR PromptPay,
T000076,2025-10-04 17:14,B04,M0263,bronze,App,Coffee,1,80,0.00,80.00,Credit Card,
T000077,2025-10-04 17:57,B02,M0007,Bronze,In-store,Merchandise,1,750,0.00,750.00,Credit Card,
T000078,2025-10-04 19:44,B05,,,In-store,Tea,2,65,0.00,130.00,Cash,
T000079,2025-10-05 07:15,B04,M0308,Gold,App,Coffee,1,65,0.00,65.00,App Wallet,
T000080,2025-10-05 07:17,B08,M0087,Bronze,In-store,Coffee,1,70,14.00,56.00,QR PromptPay,4
T000081,2025-10-05 08:02,B08,M0119,Bronze,In-store,Coffee,2,115,0.00,230.00,QR PromptPay,
T000082,2025-10-05 08:28,B04,M0241,Gold,In-store,Coffee,1,85,4.25,80.75,QR PromptPay,4
T000083,2025-10-05 10:07,B04,M0159,Platinum,In-store,Tea,1,90,0.00,90.00,Cash,
T000084,2025-10-05 10:30,B01,M0048,Silver,In-store,Coffee,4,55,0.00,220.00,Credit Card,
T000085,2025-10-05 11:28,B06,M0003,Bronze,App,Bakery,2,70,28.00,112.00,Credit Card,
T000086,2025-10-05 11:39,B06,M0304,Platinum,App,Tea,2,90,9.00,171.00,App Wallet,
T000087,2025-10-05 13:09,B07,,,In-store,Coffee,2,60,0.00,120.00,Cash,
T000088,2025-10-05 13:19,B06,,,In-store,Coffee,1,120,0.00,120.00,QR PromptPay,
T000089,2025-10-05 14:58,B07,M9039,Gold,Delivery,Coffee,1,75,11.25,63.75,Credit Card,4
T000090,2025-10-05 15:40,B06,,,In-store,Coffee,2,120,0.00,240.00,QR PromptPay,
T000090,2025-10-05 15:40,B06,,,In-store,Coffee,2,120,0.00,240.00,QR PromptPay,
T000091,2025-10-05 16:01,B02,M0171,Gold,Delivery,Bakery,1,55,11.00,44.00,QR PromptPay,
T000092,2025-10-05 18:09,B06,M0045,Gold,App,Coffee,1,65 THB,0.00,65.00,App Wallet,
T000093,2025-10-05 18:20,B08,M0307,Platinum,App,Bakery,1,110,5.50,104.50,Credit Card,
T000094,2025-10-05 18:29,B05,,,Delivery,Coffee,3,85,0.00,255.00,Cash,3
T000095,2025-10-05 18:32,B08,M0051,Gold,Delivery,Merchandise,1,750,0.00,750.00,Cash,4
T000096,2025-10-05 18:33,B06,M0003,Bronze,In-store,Coffee,4,65,0.00,260.00,Cash,
T000097,2025-10-05 19:22,B07,,,In-store,Coffee,1,75,0.00,75.00,QR PromptPay,3
T000098,2025-10-05 19:36,B04,,,Delivery,Coffee,3,55,0.00,165.00,Credit Card,
T000099,2025-10-06 07:10,B07,M0056,Plat.,In-store,Coffee,1,85,8.50,76.50,Credit Card,5
T000100,2025-10-06 07:13,B04,M0115,Silver,Delivery,Tea,3,60,36.00,144.00,QR PromptPay,2
T000101,2025-10-06 08:12,B06,M0285,Bronze,App,Tea,1,50,0.00,50.00,Credit Card,
T000102,2025-10-06 08:13,B01,M0276,Bronze,In-store,Coffee,4,120,0.00,480.00,QR PromptPay,
T000103,2025-10-06 08:27,B05,M0010,Bronze,App,Merchandise,1,710,0.00,710.00,App Wallet,
T000104,2025-10-06 09:51,B05,,,Delivery,Bakery,4,55,0.00,220.00,Cash,3
T000105,2025-10-06 10:07,B02,M0007,Bronze,Delivery,Coffee,4,115,0.00,460.00,Cash,
T000106,2025-10-06 11:04,B03,M0078,Bronze,In-store,Coffee,3,95,0.00,285.00,QR PromptPay,
T000107,2025-10-06 11:41,B02,M0082,Bronze,Instore,Coffee,1,60,0.00,60.00,QR PromptPay,
T000108,2025-10-06 12:10,B03,M0078,Bronze,In-store,Merchandise,2,795,0.00,1590.00,Cash,5
T000109,2025-10-06 12:14,B01,M0147,Silver,Instore,Coffee,2,55,0.00,110.00,Cash,4
T000110,2025-10-06 12:44,B06,,,App,Coffee,4,100,0.00,400.00,Credit Card,
T000111,2025-10-06 13:15,B04,M0146,Bronze,In-store,Bakery,3,70,0.00,210.00,Cash,
T000112,2025-10-06 13:41,B05,M0295,Silver,App,Merchandise,1,805,0.00,805.00,Credit Card,4
T000113,2025-10-06 14:16,B07,M0280,Silver,In-store,Bakery,2,70,0.00,140.00,Credit Card,
T000114,2025-10-06 14:53,B05,M0036,Platinum,In-store,Coffee,1,65,6.50,58.50,QR PromptPay,
T000115,2025-10-06 16:34,B05,M0102,Platinum,Delivery,Coffee,2,120,0.00,240.00,Cash,
T000116,2025-10-06 16:44,B04,M0159,Platinum,In-store,Coffee,4,80,0.00,320.00,QR PromptPay,2
T000117,2025-10-06 17:00,B02,,,In-store,Coffee,1,100,0.00,100.00,Credit Card,
T000118,2025-10-06 18:19,B04,M0115,Silver,In-store,Coffee,2,55,16.50,93.50,QR PromptPay,3
T000119,2025-10-06 18:42,B04,M0096,Gold,Delivery,Tea,2,70,0.00,140.00,Credit Card,
T000120,2025-10-06 18:46,B01,M0281,Silver,Delivery,Coffee,3,100,0.00,300.00,QR PromptPay,5
T000121,2025-10-07 07:50,B06,M0260,Gold,In-store,Coffee,1,65,0.00,65.00,QR PromptPay,3
T000122,2025-10-07 08:00,B07,M0276,Bronze,In-store,Bakery,1,90,0.00,90.00,Cash,
T000122,2025-10-07 08:00,B07,M0276,Bronze,In-store,Bakery,1,90,0.00,90.00,Cash,
T000123,2025-10-07 08:12,B08,M0087,Bronze,In-store,Bakery,1,90,0.00,90.00,Cash,
T000124,2025-10-07 08:42,B08,M0171,Gold,Delivery,Coffee,1,60,0.00,60.00,QR PromptPay,
T000125,2025-10-07 08:46,B04,,,In-store,Bakery,1,70,0.00,70.00,Cash,
T000126,2025-10-07 09:11,B07,,,App,Tea,3,85,0.00,255.00,App Wallet,3
T000127,2025-10-07 09:12,B01,M0114,Silver,App,Tea,1,90,0.00,90.00,App Wallet,
T000128,2025-10-07 09:31,B06,,,App,Coffee,1,55,0.00,55.00,App Wallet,
T000129,2025-10-07 09:35,B05,M0295,Silver,In-store,Coffee,4,75,0.00,300.00,QR PromptPay,
T000130,2025-10-07 10:37,B05,,,In-store,Bakery,1,75,0.00,75.00,QR PromptPay,5
T000131,2025-10-07 11:01,B07,M0077,Gold,In-store,Bakery,1,45,0.00,45.00,Cash,4
T000132,2025-10-07 12:07,B01,M0240,Platinum,Delivery,Coffee,3,80,0.00,240.00,Credit Card,5
T000133,2025-10-07 12:36,B03,,,App,Tea,1,65,0.00,65.00,App Wallet,
T000134,2025-10-07 13:01,B04,,,In-store,Coffee,3,60,0.00,180.00,Credit Card,
T000135,2025-10-07 13:16,B07,M0057,Bronze,App,Coffee,1,80,0.00,80.00,App Wallet,
T000136,2025-10-07 13:19,B07,M0193,Bronze,In-store,Coffee,1,90,4.50,85.50,Cash,
T000137,2025-10-07 14:27,B08,M0010,Bronze,In-store,Coffee,1,65,0.00,65.00,Credit Card,4
T000138,2025-10-07 16:40,B05,,,In-store,Coffee,1,110,0.00,110.00,Credit Card,4
T000139,2025-10-07 17:23,B08,M0149,Bronze,In-store,Coffee,1,90,0.00,90.00,Cash,
T000140,2025-10-07 19:04,B04,,,In-store,Coffee,2,60,0.00,120.00,Credit Card,
T000141,2025-10-08 07:33,B07,M0175,bronze,In store,Tea,1,85,0.00,85.00,Cash,
T000142,2025-10-08 08:56,B05,,,In-store,Coffee,3,75,0.00,225.00,Cash,3
T000143,2025-10-08 12:16,B06,,,App,Bakery,4,45,0.00,180.00,Credit Card,
T000144,2025-10-08 12:24,B02,,,App,Coffee,4,120,0.00,480.00,Credit Card,3
T000145,2025-10-08 12:30,B03,M0245,Platinum,In-store,Merchandise,1,685,34.25,650.75,Credit Card,
T000146,2025-10-08 12:41,B08,M0309,Silver,App,Coffee,1,115,0.00,115.00,App Wallet,
T000147,2025-10-08 12:55,B05,M0223,Silver,In-store,Merchandise,1,790,0.00,790.00,Cash,
T000148,2025-10-08 13:13,B02,,,Instore,Coffee,1,85,0.00,85.00,Cash,
T000149,2025-10-08 13:32,B01,M0045,Gold,In-store,Coffee,1,90,18.00,72.00,QR PromptPay,5
T000150,2025-10-08 14:58,B03,M0175,Bronze,In-store,Bakery,1,60,0.00,60.00,Credit Card,
T000151,2025-10-08 17:33,B02,M0172,Silver,in-store,Coffee,4,100,0.00,400.00,Credit Card,
T000152,2025-10-08 17:39,B04,M0028,Silver,App,Coffee,1,75,15.00,60.00,Credit Card,3
T000153,2025-10-08 17:51,B05,M0288,Gold,App,Coffee,1,85,0.00,85.00,App Wallet,
T000154,2025-10-08 18:38,B01,,,App,Coffee,1,95,0.00,95.00,Credit Card,
T000155,2025-10-08 18:49,B08,,,Delivery,Tea,2,70,0.00,140.00,Credit Card,
T000156,2025-10-08 19:28,B02,M0228,Gold,In-store,Coffee,1,75,7.50,67.50,QR PromptPay,4
T000157,2025-10-08 19:35,B07,M0286,Silver,Instore,Merchandise,1,855,0.00,855.00,QR PromptPay,
T000158,2025-10-08 19:49,B05,,,Instore,Coffee,4,90,0.00,360.00,Credit Card,4
T000159,2025-10-09 08:06,B08,M0324,Gold,App,Coffee,2,80,0.00,160.00,App Wallet,
T000160,2025-10-09 08:49,B06,M0010,Bronze,In-store,Coffee,1,65,0.00,65.00,Cash,
T000161,2025-10-09 08:56,B01,,,In-store,Coffee,3,95,0.00,285.00,Cash,4
T000162,2025-10-09 10:11,B04,M0144,Silver,In-store,Merchandise,1,570,0.00,570.00,Credit Card,
T000163,2025-10-09 10:16,B01,M0295,Silver,In-store,Merchandise,4,865,0.00,3460.00,Cash,
T000164,2025-10-09 10:44,B07,M0143,Bronze,App,Coffee,3,110,0.00,330.00,App Wallet,
T000165,2025-10-09 11:16,B04,,,Delivery,Merchandise,4,530,0.00,2120.00,Cash,
T000166,2025-10-09 11:35,B04,,,In-store,Coffee,1,95,0.00,95.00,Cash,5
T000167,2025-10-09 12:07,B06,M0304,Platinum,In-store,Coffee,2,80,0.00,160.00,Credit Card,
T000168,2025-10-09 12:10,B07,M0054,Bronze,In-store,Coffee,1,100,0.00,100.00,Credit Card,
T000169,2025-10-09 12:24,B05,M0202,Bronze,In-store,Coffee,2,105,0.00,210.00,Credit Card,
T000170,2025-10-09 13:02,B02,,,Delivery,Merchandise,1,325,0.00,325.00,Credit Card,
T000171,2025-10-09 13:21,B05,,,Mobile App,Coffee,1,105,0.00,105.00,Credit Card,
T000172,2025-10-09 13:37,B02,M0279,Bronze,Mobile App,Coffee,3,100,0.00,300.00,Credit Card,
T000173,2025-10-09 14:25,B01,M0325,Platinum,Delivery,Coffee,1,120,12.00,108.00,QR PromptPay,
T000174,2025-10-09 15:25,B06,,,App,Bakery,2,55,0.00,110.00,Credit Card,
T000175,2025-10-09 16:07,B06,M0260,Gold,In-store,Tea,2,85,0.00,170.00,Credit Card,
T000176,2025-10-09 16:37,B01,M0048,Silver,Delivery,Tea,1,65,0.00,65.00,QR PromptPay,
T000177,2025-10-09 16:40,B02,M0148,Gold,In-store,Bakery,2,105,0.00,210.00,Cash,
T000178,2025-10-09 16:41,B02,M0265,Gold,In-store,Merchandise,1,735,73.50,661.50,QR PromptPay,
T000179,2025-10-09 16:54,B02,M0310,Gold,In-store,Bakery,1,45,0.00,45.00,QR PromptPay,4
T000180,2025-10-09 17:19,B05,,,In-store,Merchandise,2,290,0.00,580.00,QR PromptPay,
T000181,2025-10-09 18:56,B07,M0288,Gold,Delivery,Coffee,2,60,24.00,96.00,QR PromptPay,
T000182,2025-10-10 08:44,B07,M0284,Bronze,In-store,Tea,2,55,0.00,110.00,Cash,
T000183,2025-10-10 09:19,B02,,,In-store,Coffee,1,120,0.00,120.00,Cash,4
T000184,2025-10-10 09:53,B04,,,In-store,Coffee,1,90,0.00,90.00,QR PromptPay,
T000185,2025-10-10 10:09,B08,,,In-store,Coffee,2,95,0.00,190.00,QR PromptPay,
T000186,2025-10-10 11:04,b02,,,Delivery,Coffee,3,100,0.00,300.00,QR PromptPay,3
T000187,2025-10-10 11:18,B07,M0088,Bronze,In-store,Coffee,1,65,0.00,65.00,Cash,
T000188,2025-10-10 12:35,B03,M0053,Gold,in-store,Tea,1,70,0.00,70.00,Cash,3
T000189,2025-10-10 13:04,B07,,,In-store,Tea,1,95,0.00,95.00,Cash,
T000190,2025-10-10 13:14,B03,M0288,Gold,Delivery,Bakery,2,110,0.00,220.00,Cash,
T000191,2025-10-10 14:08,B07,M0252,Gold,Delivery,Coffee,4,105,0.00,410.00,Cash,
T000192,2025-10-10 14:30,B05,M0187,Bronze,App,Coffee,3,85,51.00,204.00,Credit Card,5
T000193,2025-10-10 16:19,B07,,,App,Coffee,1,60,0.00,60.00,Credit Card,
T000194,2025-10-10 16:30,B05,M0100,Bronze,In-store,Bakery,1,110,0.00,110.00,Credit Card,
T000195,2025-10-10 17:39,B01,M0048,Silver,delivery,Bakery,4,60,0.00,240.00,Cash,
T000196,2025-10-10 17:50,B01,M0048,Silver,Delivery,Bakery,1,80,0.00,80.00,Cash,4
T000197,2025-10-10 18:51,B02,M0093,Silver,In-store,Bakery,4,75,0.00,300.00,QR PromptPay,
T000198,2025-10-10 18:59,B03,,,in-store,Coffee,3,80,0.00,240.00,Cash,3
T000199,2025-10-10 19:00,B05,,,In-store,Coffee,1,55,0.00,55.00,QR PromptPay,3
T000200,2025-10-11 08:20,B04,M0104,Silver,In-store,Coffee,1,95,19.00,76.00,QR PromptPay,
T000201,2025-10-11 08:30,B06,M0276,Bronze,In-store,Coffee,1,65,0.00,65.00,Credit Card,
T000202,2025-10-11 08:34,B02,,,Delivery,Bakery,1,105,0.00,105.00,QR PromptPay,
T000203,2025-10-11 09:52,B01,M0045,Gold,In-store,Coffee,2,90,0.00,180.00,Cash,
T000204,2025-10-11 10:00,B08,M0324,Gold,App,Bakery,1,105,0.00,105.00,App Wallet,
T000205,2025-10-11 10:45,B05,M0295,Silver,In-store,Bakery,1,100,0.00,100.00,QR PromptPay,
T000204,2025-10-11 10:52,B08,M0324,Gold,App,Bakery,-1,105,-0.00,-105.00,App Wallet,
T000206,2025-10-11 10:53,B07,M0040,Bronze,In-store,Coffee,1,80,0.00,80.00,Credit Card,
T000207,2025-10-11 12:20,B04,M0019,Bronze,In-store,Coffee,1,65,0.00,65.00,Credit Card,5
T000208,2025-10-11 12:23,B06,M0219,Bronze,In-store,Bakery,2,80,0.00,160.00,QR PromptPay,
T000209,2025-10-11 12:27,B01,M0297,Brz,Delivery,Coffee,1,85,0.00,85.00,Cash,
T000210,2025-10-11 12:50,B02,,,In-store,Tea,1,55,0.00,55.00,QR PromptPay,
T000211,2025-10-11 12:54,B05,,,App,Merchandise,3,330,0.00,990.00,Credit Card,
T000212,2025-10-11 13:07,B02,M0007,Bronze,Delivery,Coffee,1,80,0.00,80.00,QR PromptPay,
T000213,2025-10-11 13:50,B01,M0114,Silver,Delivery,Coffee,1,85,0.00,85.00,QR PromptPay,4
T000214,2025-10-11 16:17,B07,,,In-store,Bakery,1,90,0.00,100.00,Credit Card,5
T000215,2025-10-11 16:44,B08,M0002,Bronze,In-store,Bakery,3,65,0.00,195.00,QR PromptPay,
T000216,2025-10-11 16:45,B08,M0119,Bronze,In-store,Tea,1,60,0.00,60.00,Credit Card,
T000217,2025-10-11 17:29,B07,,,In-store,Merchandise,4,670,0.00,2680.00,Cash,3
T000218,2025-10-11 18:10,B02,M0007,Bronze,In-store,Coffee,1,100,0.00,100.00,Credit Card,5
T000219,2025-10-11 18:15,B05,M0240,Platinum,app,Coffee,1,55,0.00,55.00,App Wallet,5
T000220,2025-10-11 18:16,B05,M0295,Silver,App,Coffee,4,120,0.00,480.00,Credit Card,4
T000221,2025-10-11 18:43,B05,M0176,Bronze,In-store,Coffee,1,80,4.00,76.00,Cash,
T000222,2025-10-11 18:56,B03,M0151,Bronze,In-store,Coffee,2,95,0.00,190.00,QR PromptPay,
T000223,2025-10-11 19:41,B07,M0086,Silver,In-store,Coffee,2,60,24.00,96.00,Credit Card,
T000224,2025-10-12 07:14,B05,M0144,Silver,In-store,Bakery,4,50,0.00,200.00,QR PromptPay,
T000225,2025-10-12 07:37,B05,,,In-store,Coffee,1,60,0.00,60.00,Cash,
T000226,2025-10-12 08:16,B04,,,App,Bakery,1,80,0.00,80.00,App Wallet,3
T000227,2025-10-12 09:07,B01,M0003,Bronze,In-store,Merchandise,2,520,52.00,988.00,QR PromptPay,
T000228,2025-10-12 11:25,B03,M0285,Bronze,In-store,Tea,3,75,0.00,225.00,QR PromptPay,
T000229,2025-10-12 12:03,B01,M0276,Bronze,App,Tea,2,75,0.00,190.00,Credit Card,
T000230,2025-10-12 12:18,B05,M0310,Gold,In-store,Tea,1,50,0.00,50.00,Cash,
T000231,2025-10-12 12:27,B04,M0241,Gold,In-store,Coffee,1,100,10.00,90.00,QR PromptPay,
T000232,2025-10-12 12:34,B03,,,In-store,Coffee,2,80,0.00,160.00,QR PromptPay,
T000233,2025-10-12 12:49,B02,,,In-store,Tea,3,80,0.00,240.00,Credit Card,
T000234,2025-10-12 12:50,B01,,,In-store,Tea,1,55,0.00,55.00,QR PromptPay,4
T000235,2025-10-12 13:17,B08,M0119,bronze,In-store,Tea,1,55,11.00,44.00,Credit Card,
T000236,2025-10-12 14:32,B07,M0288,Gold,In-store,Coffee,2,95,0.00,190.00,Cash,
T000237,2025-10-12 16:16,B03,M0071,Bronze,In-store,Coffee,1,100,10.00,90.00,Cash,
T000238,2025-10-12 16:19,B05,,,In-store,Bakery,1,45,0.00,45.00,Credit Card,
T000239,2025-10-12 16:42,B04,,,In-store,Bakery,4,105,0.00,420.00,Credit Card,
T000240,2025-10-12 17:27,B05,,,App,Coffee,1,115,0.00,115.00,Credit Card,
T000241,2025-10-12 17:43,B04,M0258,Bronze,Deliv.,Coffee,4,9999,0.00,39996.00,Cash,4
T000242,2025-10-12 18:16,B04,M0028,Silver,Mobile App,Coffee,4,95,0.00,380.00,Credit Card,4
T000243,2025-10-12 19:29,B08,M0209,Bronze,In-store,Coffee,2,70,0.00,140.00,Cash,
T000244,2025-10-13 07:36,B08,M0002,Bronze,App,Bakery,1,50,5.00,45.00,App Wallet,3
T000245,2025-10-13 08:36,B07,,,In-store,Tea,2,55,0.00,110.00,Credit Card,
T000246,2025-10-13 09:30,B06,,,In-store,Coffee,2,80,0.00,160.00,Credit Card,
T000247,2025-10-13 09:33,B02,M0119,Bronze,In-store,Bakery,3,80,0.00,240.00,QR PromptPay,3
T000248,2025-10-13 10:23,B07,,,In-store,Merchandise,2,285,0.00,570.00,Cash,
T000249,2025-10-13 11:06,B06,M0260,Gold,In-store,Coffee,1,55,0.00,55.00,Cash,
T000250,2025-10-13 11:22,B08,M0173,Silver,In-store,Bakery,1,110,0.00,110.00,Cash,
T000251,2025-10-13 11:29,B05,,,In-store,Bakery,4,75,0.00,300.00,Credit Card,
T000252,2025-10-13 12:07,B05,M0020,Bronze,In-store,Bakery,1,105,0.00,105.00,Cash,
T000253,2025-10-13 13:05,B07,,,Delivery ,Coffee,1,55,0.00,55.00,Cash,
T000254,2025-10-13 13:07,B02,,,In-store,Coffee,4,80,0.00,320.00,Credit Card,
T000255,2025-10-13 13:28,B05,M0297,Bronze,In-store,Tea,3,85,0.00,255.00,QR PromptPay,
T000256,2025-10-13 13:46,B08,M0050,Silver,App,Coffee,1,105,0.00,105.00,Credit Card,
T000257,2025-10-13 16:43,B07,M0088,Bronze,In-store,Tea,3,80,12.00,228.00,Credit Card,3
T000258,2025-10-14 07:35,B03,M0004,Brz,In-store,Coffee,1,65,0.00,65.00,QR PromptPay,4
T000259,2025-10-14 08:08,B03,M0074,Platinum,In-store,Coffee,2,105,0.00,210.00,Credit Card,4
T000260,2025-10-14 08:11,B08,M0204,Gold,Delivery,Coffee,1,55,0.00,55.00,QR PromptPay,5
T000261,2025-10-14 08:12,B03,M0312,Silver,In-store,Tea,1,60,0.00,60.00,Cash,
T000261,2025-10-14 08:12,B03,M0312,Silver,In-store,Tea,1,60,0.00,60.00,Cash,
T000262,2025-10-14 08:17,B04,M0143,Bronze,App,Bakery,1,90,4.50,85.50,Credit Card,
T000263,2025-10-14 08:19,B01,M0045,Gold,Instore,Coffee,2,105 THB,0.00,210.00,Cash,
T000264,2025-10-14 08:43,B01,M0147,Silver,In-store,Coffee,2,55,22.00,88.00,Credit Card,
T000265,2025-10-14 09:28,B07,M0286,Silver,In-store,Coffee,2,120,0.00,240.00,QR PromptPay,
T000266,2025-10-14 09:41, B06,M0285,Bronze,In-store,Coffee,2,110,11.00,209.00,Credit Card,
T000267,2025-10-14 10:26,B01,M0224,Gold,In-store,Bakery,3,105,0.00,315.00,Cash,
T000268,2025-10-14 10:40,B08,M0171,Gold,In-store,Bakery,1,70,0.00,70.00,Credit Card,5
T000269,2025-10-14 10:44,B04,,,App,Bakery,2,95,0.00,190.00,App Wallet,3
T000270,2025-10-14 10:47,B01,M0147,Silver,In store,Coffee,2,95,0.00,190.00,Cash,3
T000271,2025-10-14 11:18,B08,M0087,Bronze,In-store,Coffee,4,85,0.00,340.00,QR PromptPay,
T000272,2025-10-14 11:55,B05,M0288,Gold,In-store,Bakery,1,105,157.09,-52.09,QR PromptPay,3
T000273,2025-10-14 12:12,B03,M0121,Silver,App,Coffee,2,105,0.00,210.00,App Wallet,1
T000274,2025-10-14 13:29,B07,M0284,Bronze,In-store,Bakery,1,80,0.00,80.00,QR PromptPay,5
T000275,2025-10-14 13:34,B01,,,In-store,Coffee,3,95,0.00,285.00,QR PromptPay,
T000276,2025-10-14 13:55,B03,M0309,Silver,In-store,Coffee,1,115,0.00,115.00,Cash,
T000277,2025-10-14 16:01,B07,M0325,Platinum,In-store,Coffee,1,55,0.00,55.00,QR PromptPay,
T000278,2025-10-14 16:09,B07,M0050,Silver,In-store,Bakery,1,60,0.00,60.00,Cash,5
T000279,2025-10-14 18:41,B05,,,In-store,Bakery,1,65,0.00,65.00,Cash,
T000280,2025-10-14 19:09,B05,M0036,Platinum,In-store,Coffee,4,60,0.00,240.00,QR PromptPay,
T000281,2025-10-14 19:11,B04,,,App,Coffee,2,55,0.00,110.00,App Wallet,
T000282,2025-10-14 19:33,B06,M0099,Gold,In-store,Coffee,4,65,0.00,260.00,Credit Card,4
T000283,2025-10-14 19:41,B01,M0147,Silver,App,Coffee,1,110,0.00,110.00,App Wallet,
T000284,2025-10-15 07:23,B02,M0015,Gold,In-store,Tea,1,80,0.00,80.00,QR PromptPay,
T000285,2025-10-15 07:46,B06,,,In-store,Tea,3,90,0.00,270.00,Credit Card,
T000286,2025-10-15 07:55,B03,,,In-store,Bakery,3,75,0.00,225.00,QR PromptPay,4
T000287,2025-10-15 09:12,B06,,,App,Tea,2,70,0.00,140.00,Credit Card,5
T000288,2025-10-15 10:44,B01,M0114,Silver,In-store,Coffee,1,75,0.00,75.00,QR PromptPay,
T000289,2025-10-15 10:54,B02,,,In-store,Coffee,3,105,0.00,315.00,Cash,
T000290,2025-10-15 10:59,B01,,,In-store,Bakery,2,70,0.00,140.00,QR PromptPay,
T000291,2025-10-15 11:13,B01,M0181,Bronze,In-store,Bakery,1,100,0.00,100.00,Cash,4
T000292,2025-10-15 12:18,B04,M0258,Bronze,In-store,Coffee,2,90,0.00,140.00,Cash,
T000293,2025-10-15 12:22,B05,M0036,Platinum,Delivery,Coffee,2,90,0.00,180.00,Credit Card,3
T000294,2025-10-15 12:32,B06,M0311,Bronze,In-store,Bakery,1,70,0.00,70.00,QR PromptPay,
T000295,2025-10-15 12:37,B06,,,In-store,Bakery,2,85,0.00,170.00,Credit Card,
T000296,2025-10-15 13:16,B07,,,App,Merchandise,2,630,0.00,1260.00,App Wallet,3
T000297,2025-10-15 13:20,B08,M0002,Bronze,In-store,Tea,1,85,0.00,85.00,Cash,
T000298,2025-10-15 14:56,B03,,,In-store,Coffee,3,80,0.00,240.00,QR PromptPay,
T000299,2025-10-15 15:48,B07,M0170,Gold,In-store,Coffee,2,80,0.00,160.00,Credit Card,
T000300,2025-10-15 16:04,B07,M0193,Bronze,App,Tea,1,95,4.75,90.25,App Wallet,3
T000301,2025-10-15 16:23,B07,M0196,Bronze,In-store,Coffee,1,55,0.00,55.00,Cash,4
T000302,2025-10-15 17:12,B05,,,In-store,Coffee,1,95 THB,0.00,95.00,QR PromptPay,
T000303,2025-10-15 18:05,B01,M0114,Silver,In-store,Coffee,1,60,0.00,60.00,Credit Card,
T000304,2025-10-15 19:27,B05,,,In-store,Coffee,2,70,0.00,140.00,QR PromptPay,4
T000305,2025-10-16 07:11,B03,M0074,Platinum,App,Tea,1,90,18.00,72.00,App Wallet,4
T000306,2025-10-16 07:54,B07,M0077,gold,In-store,Tea,2,75,0.00,150.00,QR PromptPay,3
T000307,2025-10-16 08:00,B01,M0077,Gold,Delivery,Coffee,1,60,0.00,60.00,Credit Card,3
T000308,2025-10-16 08:32,B06,M0056,Platinum,App,Coffee,2,90,36.00,144.00,Credit Card,
T000309,2025-10-16 08:57,B07,M0130,Platinum,In-store,Bakery,3,80,0.00,240.00,Credit Card,
T000310,2025-10-16 11:18,B08,,,In-store,Tea,2,60,0.00,120.00,Cash,3
T000311,2025-10-16 12:02,B03,M0004,Bronze,Instore,Bakery,1,70,0.00,70.00,QR PromptPay,4
T000312,2025-10-16 12:19,B05,M0297,Bronze,Delivery,Coffee,1,110,11.00,99.00,Cash,
T000313,2025-10-16 12:19,B03,M0059,Gold,App,Coffee,1,95,0.00,95.00,App Wallet,
T000314,2025-10-16 13:01,B06,M0304,Platinum,In-store,Coffee,2,65,19.50,110.50,Credit Card,
T000315,2025-10-16 16:00,B08,M0199,SILVER,Delivery,Coffee,2,95,0.00,190.00,QR PromptPay,
T000316,2025-10-16 16:08,B07,M0284,Bronze,In-store,Coffee,3,฿60.00,0.00,180.00,Credit Card,
T000317,2025-10-16 16:21,B03,M0053,Gold,Delivery,Coffee,3,120,72.00,288.00,Credit Card,4
T000318,2025-10-16 16:24,B02,,,In-store,Merchandise,4,290,0.00,1160.00,QR PromptPay,5
T000319,2025-10-16 16:43,B08,,,App,Bakery,1,60,0.00,60.00,App Wallet,
T000320,2025-10-16 16:54,B07,M0088,Bronze,App,Coffee,1,120,0.00,120.00,App Wallet,
T000321,2025-10-16 17:52,B04,,,In-store,Coffee,4,110,0.00,440.00,Credit Card,
T000322,2025-10-16 18:37,B01,,,In-store,Coffee,1,85,0.00,85.00,Credit Card,4
T000323,2025-10-16 18:44,B03,M0059,Gold,In-store,Coffee,2,60,0.00,120.00,Credit Card,
T000324,2025-10-17 07:03,B06,M0219,Bronze,Delivery,Bakery,2,50,0.00,100.00,Cash,5
T000325,2025-10-17 08:03,B07,,,App,Bakery,1,45,0.00,45.00,App Wallet,
T000326,2025-10-17 08:09,B04,M0115,Silver,In-store,Coffee,2,65,0.00,130.00,QR PromptPay,5
T000327,2025-10-17 08:17,B03,,,Delivery,Bakery,4,90,0.00,360.00,QR PromptPay,
T000328,2025-10-17 08:35,B07,M0056,Platinum,In-store,Coffee,2,100,0.00,200.00,QR PromptPay,
T000329,2025-10-17 09:40,B07,M0040,Bronze,App,Merchandise,1,665,0.00,665.00,App Wallet,
T000330,2025-10-17 10:03,B02,M0015,Gold,Delivery,Bakery,1,100,5.00,95.00,Credit Card,4
T000331,2025-10-17 10:26,B05,M0036,PLATINUM,App,Coffee,1,70,10.50,59.50,Credit Card,
T000331,2025-10-17 11:09,B05,M0036,Platinum,App,Coffee,-1,70,-10.50,-59.50,Credit Card,
T000332,2025-10-17 11:09,B05,M0240,Platinum,App,Tea,2,50,0.00,100.00,Credit Card,4
T000333,2025-10-17 12:57,B04,,,In-store,Coffee,2,115,0.00,230.00,Credit Card,4
T000334,2025-10-17 13:23,B05,,,App,Bakery,2,110,0.00,220.00,App Wallet,
T000335,2025-10-17 13:37,B07,M0077,Gold,App,Bakery,2,80,16.00,144.00,App Wallet,
T000336,2025-10-17 15:00,B03,,,App,Coffee,1,90,0.00,90.00,Credit Card,5
T000337,2025-10-17 15:56,B07,M0224,Gold,In-store,Bakery,1,฿95.00,4.75,90.25,QR PromptPay,5
T000338,2025-10-17 16:13,B06,M0260,Gold,In-store,Coffee,1,115,0.00,115.00,Credit Card,
T000339,2025-10-17 16:59,B06,,,Instore,Coffee,1,115,0.00,115.00,QR PromptPay,
T000340,2025-10-17 17:37,B03,M0023,bronze,App,Coffee,1,120,0.00,120.00,App Wallet,
T000341,2025-10-17 17:37,B08,,,In-store,Coffee,2,85,0.00,170.00,QR PromptPay,4
T000342,2025-10-17 17:45,B01,,,App,Coffee,2,110,0.00,220.00,App Wallet,4
T000343,2025-10-17 19:20,B01,M0033,Silver,In-store,Merchandise,3,420,0.00,1260.00,Cash,
T000344,2025-10-17 19:29,B03,,,In-store,Coffee,4,70,0.00,280.00,Credit Card,
T000345,2025-10-18 08:08,B05,,,App,Tea,3,60,0.00,180.00,App Wallet,4
T000346,2025-10-18 08:56,B02,M0015,Gold,In-store,Bakery,1,50,0.00,50.00,Credit Card,4
T000347,2025-10-18 12:11,B07,M0279,Bronze,Delivery,Coffee,2,110,0.00,220.00,Cash,2
T000348,2025-10-18 12:18,B01,M0045,Gold,App,Merchandise,4,515,309.00,1751.00,Credit Card,5
T000349,2025-10-18 12:38,B04,M0012,Platinum,In-store,Coffee,1,55,0.00,55.00,Cash,
T000350,2025-10-18 12:41,B06,,,In-store,Coffee,1,60,0.00,60.00,Credit Card,4
T000351,2025-10-18 12:58,B07,,,Delivery ,Bakery,1,80,0.00,80.00,Cash,4
T000352,2025-10-18 13:00,B03,M0090,Bronze,In-store,Coffee,3,70,0.00,210.00,QR PromptPay,1
T000353,2025-10-18 13:09,B06,,,In-store,Coffee,1,90,0.00,90.00,Cash,
T000354,2025-10-18 14:04,B04,M0323,Bronze,Delivery,Tea,1,55,0.00,55.00,Cash,
T000355,2025-10-18 14:29,B02,,,In-store,Merchandise,2,445,0.00,890.00,QR PromptPay,
T000356,2025-10-18 14:56,b03,M0071,Bronze,App,Bakery,1,50,0.00,50.00,App Wallet,
T000357,2025-10-18 16:01,B01,M0208,Gold,In-store,Coffee,2,90,0.00,180.00,QR PromptPay,3
T000358,2025-10-18 16:52,B01,,,In-store,Coffee,1,55,0.00,55.00,Cash,
T000359,2025-10-18 16:58,B07,M0077,Gold,App,Coffee,1,85,8.50,76.50,Credit Card,3
T000360,2025-10-18 18:36,B08,M0180,Bronze,App,Coffee,1,120,0.00,120.00,App Wallet,
T000361,2025-10-18 19:02,B08,M0265,Gold,In-store,Coffee,1,70,0.00,70.00,Credit Card,5
T000362,2025-10-18 19:36,B03,M0164,Bronze,In-store,Coffee,2,90,0.00,180.00,QR PromptPay,
T000363,2025-10-18 19:39,b01,M0147,Silver,Delivery,Coffee,4,110,88.00,352.00,QR PromptPay,
T000364,2025-10-19 07:00,B02,M0269,Gold,Delivery,Coffee,1,90,9.00,81.00,Credit Card,5
T000365,2025-10-19 07:14,B08,M0087,Bronze,In-store,Coffee,1,65,9.75,55.25,QR PromptPay,
T000366,2025-10-19 07:30,B04,,,App,Bakery,3,110,0.00,330.00,App Wallet,3
T000367,2025-10-19 07:40,B07,,,App,Coffee,4,70,0.00,280.00,App Wallet,5
T000368,2025-10-19 07:54,B04,M0007,BRONZE,In-store,Coffee,2,105,0.00,210.00,Cash,4
T000369,2025-10-19 08:10,B07,M0307,Platinum,App,Coffee,4,75,0.00,300.00,Credit Card,
T000370,2025-10-19 08:14,B05,,,App,Bakery,3,80,0.00,240.00,App Wallet,2
T000371,2025-10-19 08:30,B07,M0170,Gold,App,Coffee,1,55,2.75,52.25,App Wallet,
T000372,2025-10-19 08:52,B03,M0059,Gold,Delivery,Tea,1,90,9.00,81.00,QR PromptPay,
T000373,2025-10-19 08:58,B04,M0045,Gold,In-store,Bakery,1,70,3.50,66.50,Cash,4
T000374,2025-10-19 11:26,B02,M0228,Gold,In-store,Merchandise,1,660,0.00,660.00,QR PromptPay,
T000375,2025-10-19 11:50,B08,,,App,Coffee,1,105,0.00,105.00,App Wallet,
T000376,2025-10-19 12:17,B02,,,App,Tea,4,85,0.00,340.00,App Wallet,5
T000377,2025-10-19 12:48,B08,,,In-store,Coffee,1,75,0.00,75.00,QR PromptPay,
T000378,2025-10-19 13:02,B01,M0077,Gold,In-store,Coffee,1,60,3.00,57.00,QR PromptPay,
T000379,2025-10-19 13:15,B04,,,In-store,Tea,3,95,0.00,285.00,Cash,5
T000380,2025-10-19 13:22,B08,M0292,Silver,Delivery,Merchandise,2,275,0.00,580.00,QR PromptPay,
T000381,2025-10-19 13:31,B02,M0142,Silver,App,Coffee,4,60,0.00,240.00,App Wallet,
T000382,2025-10-19 13:33,B03,M0078,Bronze,In-store,Coffee,1,120,0.00,120.00,QR PromptPay,
T000383,2025-10-19 13:37,B07,M0286,Silver,In-store,Tea,1,80,0.00,80.00,Credit Card,3
T000384,2025-10-19 14:38,B01,M0114,Silver,Delivery,Bakery,3,75,0.00,225.00,QR PromptPay,
T000385,2025-10-19 16:04,B07,M0040,Bronze,Delivery,Bakery,2,75,0.00,150.00,Cash,4
T000386,2025-10-19 16:11,B04,M0301,Bronze,In-store,Bakery,1,95,0.00,95.00,Credit Card,
T000387,2025-10-19 16:12,B05,M0092,Bronze,In-store,Tea,2,75,0.00,150.00,QR PromptPay,
T000388,2025-10-19 17:01,B08,M0051,Gold,In-store,Coffee,1,95,0.00,95.00,QR PromptPay,
T000389,2025-10-19 18:31,B03,,,In-store,Coffee,1,55,0.00,55.00,Credit Card,
T000390,2025-10-19 18:50,B02,M0015,Gold,In-store,Coffee,1,95,0.00,95.00,Credit Card,5
T000391,2025-10-20 07:47,B05,M0222,Silver,App,Tea,2,60,12.00,108.00,App Wallet,
T000392,2025-10-20 08:31,B07,M0050,Silver,In-store,Coffee,4,55,0.00,220.00,QR PromptPay,
T000393,2025-10-20 08:35,B06,M0219,Bronze,In-store,Tea,4,90,0.00,360.00,QR PromptPay,
T000394,2025-10-20 08:43,B05,,,In-store,Coffee,1,105,0.00,105.00,QR PromptPay,5
T000395,2025-10-20 08:54,B07,,,App,Bakery,1,55,0.00,55.00,App Wallet,5
T000396,2025-10-20 09:04,B08,,,App,Tea,3,65,0.00,195.00,Credit Card,
T000397,2025-10-20 09:08,B07,,,App,Coffee,2,60,0.00,120.00,App Wallet,
T000398,2025-10-20 09:25,B03,M0214,Silver,In-store,Bakery,1,70,0.00,70.00,Credit Card,
T000399,2025-10-20 10:59,B05,M0213,Silver,Delivery,Tea,1,95,0.00,95.00,Credit Card,3
T000400,2025-10-20 11:18,B05,,,Delivery,Coffee,3,60,0.00,180.00,Cash,
T000401,2025-10-20 12:39,B03,M0074,Platinum,In-store,Coffee,4,115,0.00,460.00,Credit Card,4
T000402,2025-10-20 12:39,B06,,,Delivery,Coffee,1,115,0.00,115.00,QR PromptPay,
T000403,2025-10-20 14:26,B05,,,Delivery,Bakery,1,60,0.00,60.00,QR PromptPay,
T000404,2025-10-20 16:31,B03,,,In-store,Coffee,1,75,0.00,75.00,Cash,
T000405,2025-10-20 16:33,B08,M0015,Gold,In-store,Coffee,3,65,0.00,195.00,QR PromptPay,5
T000406,2025-10-20 17:14,B03,,,In-store,Bakery,3,70,0.00,210.00,QR PromptPay,5
T000407,2025-10-20 18:56,B07,,,In-store,Merchandise,2,390,0.00,700.00,Credit Card,
T000408,2025-10-20 19:22,B04,,,In-store,Coffee,1,110,0.00,110.00,QR PromptPay,
T000409,2025-10-21 08:14,B04,M0204,Gold,In-store,Bakery,1,70,0.00,70.00,QR PromptPay,3
T000410,2025-10-21 08:23,B06,M0260,Gold,App,Merchandise,3,690,103.50,1966.50,App Wallet,
T000411,2025-10-21 08:26,B02,M0025,Gold,App,Coffee,1,120,0.00,120.00,Credit Card,
T000412,2025-10-21 08:54,B06,,,App,Coffee,2,85,0.00,170.00,App Wallet,5
T000413,2025-10-21 09:24,B02,M0015,Gold,Delivery,Coffee,1,85,0.00,85.00,Credit Card,4
T000414,2025-10-21 09:54,B01,M0045,Gold,Instore,Bakery,3,75,11.25,213.75,Cash,
T000415,2025-10-21 10:37,B07,M0279,Bronze,App,Tea,3,60,0.00,180.00,Credit Card,4
T000416,2025-10-21 10:39,B02,M0269,Gold,In-store,Coffee,4,90,0.00,360.00,Credit Card,4
T000417,2025-10-21 12:18,B01,M0114,Silver,In-store,Coffee,1,110,0.00,110.00,Cash,4
T000418,2025-10-21 12:59,B04,M0019,Bronze,In-store,Coffee,2,95,0.00,190.00,Cash,2
T000419,2025-10-21 13:20,B05,M0307,Platinum,App,Bakery,1,70,7.00,63.00,Credit Card,
T000420,2025-10-21 13:44,B07,M0224,Gld,In-store,Bakery,2,90,27.00,153.00,Credit Card,4
T000421,2025-10-21 14:43,B08,M0012,Platinum,Delivery,Coffee,4,120,72.00,408.00,Cash,
T000422,2025-10-21 14:45,B03,M0059,Gold,In-store,Merchandise,1,445,0.00,445.00,Credit Card,
T000423,2025-10-21 15:29,B05,M0307,platinum,In-store,Coffee,1,85,12.75,72.25,Cash,4
T000424,2025-10-21 17:48,B08,M0259,Bronze,In-store,Merchandise,4,315,0.00,1260.00,Credit Card,4
T000425,2025-10-21 18:00,B03,,,Mobile App,Coffee,2,120,0.00,240.00,App Wallet,
T000426,2025-10-21 18:02,B01,M0058,Gold,Delivery,Bakery,1,45,0.00,45.00,Credit Card,
T000427,2025-10-21 19:50,B04,M0240,Platinum,In-store,Coffee,1,75,3.75,71.25,Cash,
T000428,2025-10-22 08:29,B01,M0048,Silver,In-store,Tea,3,60,0.00,180.00,Cash,
T000429,2025-10-22 08:41,B03,,,App,Bakery,1,100,0.00,100.00,Credit Card,
T000430,2025-10-22 09:32,B06,M0226,Bronze,App,Coffee,3,55,0.00,165.00,App Wallet,4
T000431,2025-10-22 10:13,B02,,,App,Merchandise,1,505,0.00,505.00,App Wallet,4
T000432,2025-10-22 11:34,B02,M0172,Silver,In-store,Coffee,1,90,0.00,90.00,Credit Card,
T000433,2025-10-22 12:46,B04,M0168,Gold,Delivery,Coffee,4,120,24.00,456.00,Cash,
T000434,2025-10-22 12:56,B06,,,Delivery,Bakery,2,45,0.00,90.00,Cash,
T000435,2025-10-22 13:24,B06,M0056,Platinum,In-store,Merchandise,1,600,0.00,600.00,Cash,
T000436,2025-10-22 13:43,B01,M0070,bronze,App,Coffee,1,110,0.00,110.00,App Wallet,2
T000437,2025-10-22 15:55,B04,M0096,Gold,App,Tea,2,80,0.00,160.00,Credit Card,
T000438,2025-10-22 18:28,B07,M0077,Gold,App,Merchandise,4,390,0.00,1560.00,Credit Card,4
T000439,2025-10-22 18:32,B05,M0297,Bronze,In-store,Coffee,2,90,0.00,170.00,Credit Card,5
T000440,2025-10-22 19:35,B08,M0013,Bronze,App,Coffee,1,65,0.00,65.00,Credit Card,4
T000441,2025-10-22 19:39,B02,,,App,Coffee,4,85,0.00,340.00,App Wallet,3
T000442,2025-10-23 08:22,B07,,,In-store,Bakery,1,110,0.00,110.00,QR PromptPay,
T000443,2025-10-23 09:10,B05,M0307,Platinum,In-store,Coffee,1,95,19.00,76.00,Cash,
T000444,2025-10-23 10:20,B02,M0020,Bronze,In-store,Coffee,2,110,11.00,209.00,QR PromptPay,
T000444,2025-10-23 11:05,B02,M0020,Bronze,In-store,Coffee,-2,110,-11.00,-209.00,QR PromptPay,
T000445,2025-10-23 11:32,B05,M0240,PLATINUM,In-store,Coffee,3,110,49.50,280.50,Credit Card,
T000446,2025-10-23 11:51,B04,M0099,Gold,Delivery,Bakery,1,90,0.00,90.00,QR PromptPay,
T000447,2025-10-23 11:54,B03,M0305,Gold,Delivery,Coffee,1,105,0.00,105.00,Cash,4
T000448,2025-10-23 12:58,B04,M0143,bronze,Delivery,Bakery,2,105,31.50,178.50,Cash,2
T000449,2025-10-23 13:01,B06,M0020,Bronze,In-store,Coffee,2,95,0.00,190.00,Credit Card,
T000450,2025-10-23 13:18,B05,,,App,Coffee,2,100,0.00,200.00,Credit Card,
T000451,2025-10-23 13:57,B04,,,In-store,Merchandise,2,390,0.00,780.00,Cash,3
T000452,2025-10-23 14:48,b03,M0305,Gold,app,Coffee,3,70,21.00,189.00,Credit Card,
T000453,2025-10-23 15:03,B05,M0315,Bronze,Delivery,Coffee,1,90,0.00,90.00,Cash,4
T000454,2025-10-23 15:16,B06,,,In-store,Bakery,1,70,0.00,70.00,Cash,
T000455,2025-10-23 15:18,B06,,,In-store,Bakery,2,110,0.00,220.00,QR PromptPay,
T000456,2025-10-23 15:21,B08,M0051,Gold,In-store,Bakery,1,80,8.00,72.00,Cash,
T000457,2025-10-23 15:41,B03,,,Delivery,Coffee,1,60,0.00,60.00,Cash,
T000458,2025-10-23 15:59,B08,M0002,Bronze,Delivery,Coffee,1,65,0.00,65.00,QR PromptPay,5
T000459,2025-10-23 16:17,B08,M0193,Bronze,App,Coffee,4,110,0.00,440.00,App Wallet,
T000459,2025-10-23 16:17,B08,M0193,Bronze,App,Coffee,4,110,0.00,440.00,App Wallet,
T000460,2025-10-23 16:38,B02,,,In-store,Coffee,1,65,0.00,65.00,Credit Card,
T000461,2025-10-23 16:45,B06,M0304,Platinum,In-store,Coffee,2,55,0.00,110.00,Cash,
T000462,2025-10-23 16:58,B08,,,In-store,Coffee,2,60,0.00,120.00,Credit Card,4
T000463,2025-10-23 18:24,B02,M0222,Slvr,Delivery,Coffee,1,90,0.00,90.00,Credit Card,
T000464,2025-10-23 19:43,B07,,,In-store,Merchandise,2,760,0.00,1520.00,QR PromptPay,5
T000465,2025-10-24 07:13,B06,,,App,Bakery,1,70,0.00,70.00,Credit Card,
T000466,2025-10-24 07:38,B03,M0090,Bronze,App,Coffee,3,85,0.00,255.00,App Wallet,
T000467,2025-10-24 07:52,B03,M0254,Bronze,In-store,Merchandise,1,790,118.50,671.50,QR PromptPay,
T000468,2025-10-24 08:40,B07,M0193,Bronze,In-store,Coffee,1,60,3.00,57.00,Cash,
T000469,2025-10-24 08:40,B05,M0047,Gold,In-store,Coffee,4,85,17.00,323.00,Cash,
T000470,2025-10-24 10:50,B07,M0130,Platinum,In-store,Bakery,1,100,0.00,100.00,Cash,
T000471,2025-10-24 10:59,B05,M0129,Silver,In store,Coffee,2,120,0.00,240.00,Credit Card,
T000472,2025-10-24 11:25,B06,M0056,Platinum,In-store,Merchandise,1,710,71.00,639.00,Credit Card,
T000473,2025-10-24 12:00,B03,M0051,Gold,Delivery,Tea,1,95,14.25,80.75,QR PromptPay,
T000474,2025-10-24 12:20,B07,M0224,Gold,In-store,Bakery,1,50,0.00,50.00,Credit Card,5
T000475,2025-10-24 12:54,B02,,,In-store,Coffee,1,115,0.00,115.00,QR PromptPay,4
T000476,2025-10-24 13:03,B08,,,In-store,Bakery,1,110,0.00,110.00,Credit Card,
T000477,2025-10-24 13:35,B03,,,In-store,Coffee,2,105,0.00,210.00,QR PromptPay,4
T000478,2025-10-24 14:26,B02,M0233,Bronze,APP,Coffee,1,55,0.00,55.00,Credit Card,
T000479,2025-10-24 15:19,B02,M0007,Bronze,Delivery,Coffee,1,100,0.00,100.00,QR PromptPay,
T000480,2025-10-24 15:22,B07,M0224,Gold,In-store,Tea,1,90,0.00,90.00,Credit Card,
T000481,2025-10-24 16:13,B04,M0028,Silver,Delivery,Coffee,2,55,0.00,110.00,QR PromptPay,
T000482,2025-10-24 16:19,B7,,,In-store,Merchandise,1,385,0.00,385.00,Credit Card,
T000483,2025-10-24 16:35,B02,M0275,Gold,In-store,Bakery,4,100,0.00,400.00,Cash,
T000484,2025-10-24 17:31,B08,M0056,Platinum,In-store,Coffee,1,115,5.75,109.25,Cash,
T000485,2025-10-24 19:46,B03,,,In-store,Coffee,4,120,0.00,480.00,Cash,4
T000486,2025-10-25 08:20,B07,M0077,Gold,App,Merchandise,3,9999,0.00,29997.00,Credit Card,
T000487,2025-10-25 08:38,B04,M0038,Gold,Delivery,Merchandise,2,475,95.00,855.00,Cash,
T000487,2025-10-25 08:38,B04,M0038,Gold,Delivery,Merchandise,2,475,95.00,855.00,Cash,
T000488,2025-10-25 10:09,B01,,,Delivery,Tea,1,65,0.00,65.00,Credit Card,
T000489,2025-10-25 10:36,B07,M0077,Gold,Delivery,Bakery,2,85,34.00,136.00,QR PromptPay,3
T000490,2025-10-25 10:51,B06,M0003,Bronze,In-store,Coffee,1,75,15.00,60.00,Cash,
T000491,2025-10-25 10:56,B08,M0180,Bronze,In-store,Coffee,1,70,0.00,70.00,Credit Card,3
T000492,2025-10-25 11:14,B06,,,In-store,Bakery,3,45,0.00,135.00,Cash,
T000493,2025-10-25 11:59,B06,M0304,Platinum,In-store,Merchandise,4,530,0.00,2120.00,Cash,
T000494,2025-10-25 13:05,B01,,,In-store,Coffee,1,120,0.00,120.00,Cash,3
T000495,2025-10-25 13:47,B03,M0004,Bronze,In-store,Coffee,2,55,0.00,110.00,Credit Card,
T000496,2025-10-25 14:28,B01,M0147,Silver,In-store,Bakery,1,55,2.75,52.25,Cash,
T000497,2025-10-25 16:30,B01,M0114,Silver,App,Tea,4,80,32.00,288.00,Credit Card,
T000498,2025-10-25 17:15,B07,M0325,Platinum,In-store,Tea,2,65,26.00,104.00,Cash,
T000499,2025-10-25 17:45,B07,M0325,Plat.,App,Tea,3,65,0.00,195.00,Credit Card,3
T000500,2025-10-25 19:59,B04,M0096,Gold,In-store,Bakery,2,75,15.00,135.00,QR PromptPay,
T000501,2025-10-26 07:45,B03,M0059,Gold,App,Coffee,3,90,0.00,270.00,App Wallet,
T000502,2025-10-26 08:05,B07,M0286,Silver,App,Coffee,4,115,0.00,460.00,App Wallet,3
T000502,2025-10-26 08:05,B07,M0286,Silver,App,Coffee,4,115,0.00,460.00,App Wallet,3
T000503,2025-10-26 08:35,B08,M0051,Gold,Delivery,Coffee,1,65,13.00,52.00,QR PromptPay,4
T000504,2025-10-26 08:40,B02,M0160,Bronze,App,Tea,3,75,0.00,225.00,Credit Card,4
T000505,2025-10-26 08:44,B07,M0286,Silver,In-store,Coffee,2,70,0.00,140.00,QR PromptPay,4
T000506,2025-10-26 09:48,B04,M0143,Bronze,App,Bakery,3,75,22.50,202.50,App Wallet,
T000507,2025-10-26 09:59,B01,,,In-store,Coffee,1,70,0.00,70.00,QR PromptPay,
T000508,2025-10-26 12:13,B02,,,In-store,Bakery,4,65,0.00,260.00,QR PromptPay,
T000509,2025-10-26 12:13,B02,M0172,Silver,App,Coffee,1,90,0.00,90.00,Credit Card,
T000510,2025-10-26 12:38,B05,M0055,Silver,Delivery,Coffee,3,80,36.00,204.00,Cash,3
T000511,2025-10-26 13:25,B04,,,In-store,Coffee,1,95,0.00,95.00,Cash,
T000512,2025-10-26 13:42,B03,,,In-store,Tea,1,50,0.00,50.00,QR PromptPay,
T000512,2025-10-26 13:42,B03,,,In-store,Tea,1,50,0.00,50.00,QR PromptPay,
T000513,2025-10-26 14:41,B02,M0265,Gold,Delivery,Coffee,4,65,0.00,260.00,QR PromptPay,3
T000514,2025-10-26 15:26,B06,M0273,Silver,App,Coffee,3,70,0.00,210.00,Credit Card,
T000515,2025-10-26 15:30,B07,M0289,Silver,In-store,Tea,4,60,0.00,240.00,QR PromptPay,
T000516,2025-10-26 15:40,B05,M0276,BRONZE,Delivery,Coffee,1,60,0.00,60.00,Credit Card,
T000517,2025-10-26 15:43,B06,M0273,Silver,App,Bakery,1,110,0.00,110.00,Credit Card,
T000518,2025-10-26 15:46,B07,M0286,Silver,In-store,Coffee,3,55,0.00,165.00,Cash,4
T000519,2025-10-26 16:35,B08,M0209,Bronze,App,Tea,3,75,0.00,225.00,Credit Card,3
T000520,2025-10-26 16:51,B08,M0010,Bronze,App,Coffee,2,75,0.00,150.00,App Wallet,
T000521,2025-10-26 17:17,B06,M0223,Silver,In-store,Coffee,1,115,0.00,115.00,QR PromptPay,5
T000522,2025-10-26 18:06,B04,,,In-store,Tea,3,65,0.00,195.00,QR PromptPay,
T000523,2025-10-27 08:21,B04,,,Delivery,Coffee,1,60,0.00,60.00,QR PromptPay,3
T000524,2025-10-27 08:21,B07,M0130,Platinum,In-store,Coffee,1,65,9.75,55.25,QR PromptPay,
T000525,2025-10-27 08:56,B06,M0196,Bronze,App,Bakery,2,105,0.00,210.00,Credit Card,
T000526,2025-10-27 09:28,B03,,,App,Coffee,1,95,0.00,95.00,App Wallet,
T000527,2025-10-27 10:16,B01,M0114,Silver,In-store,Bakery,3,65,0.00,195.00,QR PromptPay,
T000528,2025-10-27 10:52,B01,M0045,Gold,In-store,Coffee,1,110,5.50,104.50,Credit Card,3
T000529,2025-10-27 10:55,B07,M0193,Bronze,In-store,Coffee,1,55,8.25,136.75,QR PromptPay,4
T000530,2025-10-27 10:58,B07,M0051,Gold,In-store,Coffee,3,100,0.00,300.00,QR PromptPay,
T000531,2025-10-27 11:21,B05,M0230,Silver,In-store,Coffee,4,95,19.00,361.00,Credit Card,
T000532,2025-10-27 11:42,B03,M0316,Platinum,App,Coffee,2,110,0.00,220.00,Credit Card,
T000533,2025-10-27 12:45,B03,,,In-store,Bakery,3,95,0.00,285.00,Cash,
T000534,2025-10-27 12:56,B07,M0204,Gold,App,Coffee,2,80,0.00,160.00,App Wallet,
T000535,2025-10-27 13:28,B08,M0173,Silver,App,Coffee,1,55,0.00,55.00,App Wallet,
T000536,2025-10-27 13:32,B08,M0324,Gold,In-store,Merchandise,1,625,62.50,562.50,Cash,4
T000537,2025-10-27 14:22,B05,M0120,Bronze,In-store,Coffee,2,115,23.00,207.00,Credit Card,5
T000538,2025-10-27 16:22,B06,,,Delivery,Tea,1,70,0.00,70.00,Credit Card,
T000539,2025-10-27 16:32,B07,M0130,Platinum,Delivery,Bakery,1,65,0.00,65.00,Cash,
T000540,2025-10-27 16:46,B04,,,In-store,Coffee,1,110,0.00,110.00,Cash,3
T000541,2025-10-27 17:23,B07,M0288,Gold,In-store,Merchandise,1,515,51.50,463.50,QR PromptPay,
T000542,2025-10-27 17:41,B07,M0295,Silver,App,Merchandise,1,610,0.00,610.00,Credit Card,
T000543,2025-10-27 18:26,B08,M0324,Gold,In-store,Tea,1,80,0.00,80.00,Cash,4
T000544,2025-10-27 19:05,B07,,,In-store,Coffee,3,120,0.00,360.00,QR PromptPay,
T000545,2025-10-28 08:36,B04,,,In-store,Coffee,2,60,0.00,120.00,QR PromptPay,5
T000546,2025-10-28 08:40,B04,,,In-store,Bakery,2,100,0.00,200.00,QR PromptPay,
T000547,2025-10-28 09:23,B03,M0257,Silver,In-store,Tea,2,90,0.00,180.00,Credit Card,
T000548,2025-10-28 09:38,B06,M0175,Bronze,App,Merchandise,4,450,0.00,1800.00,App Wallet,
T000549,2025-10-28 10:22,B07,M9349,Bronze,App,Coffee,1,115,17.25,97.75,Credit Card,3
T000550,2025-10-28 12:00,B05,M0315,Bronze,In-store,Bakery,3,75,0.00,225.00,Credit Card,
T000551,2025-10-28 12:06,B07,M0196,Bronze,App,Bakery,1,80,0.00,80.00,Credit Card,
T000552,2025-10-28 12:10,B01,M0166,Platinum,In-store,Tea,1,85,4.25,80.75,Cash,5
T000553,2025-10-28 12:46,B05,M0180,Bronze,In-store,Coffee,1,100,15.00,85.00,Cash,3
T000554,2025-10-28 13:51,B05,M0055,Silver,App,Bakery,2,80,0.00,160.00,Credit Card,
T000555,2025-10-28 14:31,B06,,,In-store,Coffee,2,100,0.00,200.00,QR PromptPay,
T000556,2025-10-28 16:27,B03,M0312,Silver,In-store,Coffee,1,65,0.00,65.00,Cash,
T000557,2025-10-28 16:40,B04,M0155,Silver,In-store,Merchandise,1,805,0.00,805.00,QR PromptPay,
T000558,2025-10-28 16:56,B05,,,App,Coffee,4,120,0.00,480.00,App Wallet,5
T000559,2025-10-28 17:42,b08,,,App,Coffee,3,115 THB,0.00,345.00,App Wallet,
T000560,2025-10-28 18:13,B02,M0142,Silver,In-store,Coffee,1,70,0.00,70.00,QR PromptPay,4
T000561,2025-10-28 18:24,B07,M0143,Bronze,In-store,Tea,2,95,0.00,190.00,Cash,4
T000562,2025-10-28 18:27,B04,M0079,silver,Delivery,Merchandise,1,285,42.75,242.25,QR PromptPay,4
T000563,2025-10-29 07:09,B08,M0119,Bronze,Delivery,Merchandise,1,350,0.00,350.00,Cash,3
T000564,2025-10-29 07:25,B06,M0003,Bronze,in-store,Coffee,2,70,0.00,140.00,Cash,3
T000565,2025-10-29 08:11,B03,M0288,gold,Delivery,Tea,2,55,0.00,110.00,QR PromptPay,
T000566,2025-10-29 08:37,B04,,,App,Coffee,2,95,0.00,190.00,App Wallet,3
T000567,2025-10-29 08:41,B05,M0047,Gold,In-store,Bakery,1,50,10.00,40.00,Cash,4
T000568,2025-10-29 09:30,B07,M0286,Silver,In-store,Tea,3,60,0.00,180.00,QR PromptPay,2
T000569,2025-10-29 09:56,B01,,,In-store,Bakery,1,70,0.00,70.00,QR PromptPay,
T000570,2025-10-29 12:03,B04,M0159,Platinum,In-store,Tea,1,95,0.00,95.00,QR PromptPay,4
T000571,2025-10-29 12:44,B05,M0240,Platinum,Mobile App,Bakery,1,80,0.00,80.00,App Wallet,
T000572,2025-10-29 13:33,B07,,,Delivery,Coffee,1,85,0.00,85.00,Cash,3
T000573,2025-10-29 13:39,B05,M0307,Platinum,App,Coffee,4,110,0.00,440.00,Credit Card,
T000574,2025-10-29 13:50,B03,,,Delivery,Coffee,2,120,0.00,240.00,QR PromptPay,
T000575,2025-10-29 14:49,B04,M0143,bronze,In-store,Merchandise,2,720,0.00,1440.00,Credit Card,
T000576,2025-10-29 15:15,B06,,,In-store,Coffee,1,90,0.00,90.00,Cash,
T000577,2025-10-29 16:04,B03,M0316,Platinum,In-store,Coffee,1,110,0.00,110.00,Credit Card,
T000578,2025-10-29 16:27,B07,M0289,Silver,Delivery,Merchandise,2,550,0.00,1100.00,Credit Card,
T000579,2025-10-29 16:31,B05,M0248,Gold,In-store,Merchandise,1,570,28.50,541.50,Credit Card,
T000580,2025-10-29 16:46,B08,M0051,Gold,In-store,Coffee,4,55,0.00,220.00,Cash,
T000581,2025-10-29 18:45,B02,,,In-store,Coffee,2,75,0.00,150.00,Cash,5
T000582,2025-10-30 07:03,B03,M0078,Bronze,In-store,Coffee,1,105,21.00,84.00,Cash,4
T000583,2025-10-30 09:50,B02,,,In-store,Coffee,1,95,0.00,95.00,Cash,
T000584,2025-10-30 10:47,B07,M0077,Gold,In-store,Coffee,2,115,34.50,195.50,QR PromptPay,3
T000585,2025-10-30 12:38,B05,M0252,Gold,Delivery,Coffee,1,75,11.25,63.75,Cash,5
T000586,2025-10-30 12:43,B01,M0083,Bronze,Delivery,Bakery,1,105,0.00,105.00,Credit Card,
T000587,2025-10-30 12:46,B03,,,Delivery,Coffee,2,80,0.00,160.00,Cash,3
T000588,2025-10-30 12:55,B01,M0208,Gold,App,Coffee,2,120,36.00,204.00,Credit Card,
T000589,2025-10-30 12:56,B07,M0224,Gold,App,Coffee,2,115,46.00,184.00,App Wallet,5
T000590,2025-10-30 13:26,B04,,,Delivery,Bakery,2,100,0.00,200.00,Cash,
T000591,2025-10-30 14:42,B05,M0118,Gold,In-store,Coffee,1,65,0.00,65.00,Credit Card,
T000592,2025-10-30 14:46,B03,M0078,BRONZE,App,Coffee,1,110,0.00,110.00,App Wallet,3
T000593,2025-10-30 15:13,B07,M0175,Bronze,App,Coffee,4,85,0.00,340.00,Credit Card,
T000594,2025-10-30 15:45,B08,M0149,Bronze,In-store,Coffee,4,80,0.00,320.00,Cash,
T000595,2025-10-30 17:37,B06,M0020,Bronze,In-store,Coffee,3,105,31.50,283.50,QR PromptPay,
T000596,2025-10-30 17:38,B04,M0010,Bronze,App,Coffee,4,120,72.00,408.00,App Wallet,
T000597,2025-10-30 17:50,B07,M0284,Bronze,In-store,Coffee,4,80,0.00,320.00,QR PromptPay,
T000598,2025-10-30 18:44,B03,M0078,Bronze,App,Coffee,2,65,19.50,110.50,Credit Card,
T000599,2025-10-30 19:34,B02,M0275,Gold,In-store,Coffee,1,95,0.00,95.00,QR PromptPay,
T000600,2025-10-31 07:32,B02,,,In-store,Tea,2,85,0.00,170.00,Credit Card,4
T000601,2025-10-31 07:59,B03,M0251,Bronze,delivery,Coffee,1,120,12.00,108.00,Cash,3
T000602,2025-10-31 08:07,B03,M0059,Gold,App,Merchandise,1,760,0.00,760.00,App Wallet,4
T000603,2025-10-31 08:14,B07,M0196,Bronze,In-store,Coffee,3,95,0.00,285.00,Credit Card,3
T000604,2025-10-31 08:35,B06,M0056,Platinum,Delivery,Coffee,1,100,5.00,95.00,Credit Card,
T000605,2025-10-31 08:47,B05,M0045,Gold,In-store,Coffee,2,95,0.00,190.00,Cash,
T000606,2025-10-31 08:51,B1,M9672,Silver,APP,Bakery,2,95,0.00,190.00,Credit Card,
T000607,2025-10-31 09:17,B03,,,In-store,Coffee,2,80,0.00,160.00,QR PromptPay,
T000608,2025-10-31 09:34,B01,M0016,Gold,In-store,Coffee,2,110,44.00,176.00,Cash,
T000609,2025-10-31 09:36,B07,,,In-store,Coffee,1,65,0.00,65.00,Cash,3
T000610,2025-10-31 09:38,B08,,,In-store,Tea,1,60,0.00,60.00,QR PromptPay,3
T000611,2025-10-31 09:49,B01,M0276,Bronze,In-store,Coffee,1,100,10.00,90.00,Credit Card,5
T000612,2025-10-31 10:18,B04,M0099,Gold,In-store,Coffee,3,60,27.00,153.00,QR PromptPay,3
T000613,2025-10-31 10:20,B03,,,Delivery,Coffee,45,90,0.00,4050.00,Credit Card,
T000614,2025-10-31 11:24,B07,M0088,Bronze,In-store,Bakery,1,70,0.00,70.00,Credit Card,
T000615,2025-10-31 11:31,B08,M0002,Bronze,In-store,Merchandise,3,275,0.00,825.00,Credit Card,
T000616,2025-10-31 11:35,B07,,,App,Tea,2,60,0.00,120.00,Credit Card,
T000617,2025-10-31 12:12,B06,,,In-store,Tea,1,80,0.00,80.00,Credit Card,4
T000618,2025-10-31 12:17,B05,M0297,Bronze,App,Coffee,1,75,3.75,71.25,App Wallet,
T000619,2025-10-31 12:34,B06,M0056,Platinum,Delivery,Merchandise,1,640,0.00,640.00,Cash,
T000620,2025-10-31 12:45,B05,M0047,Gold,In-store,Tea,1,75,7.50,67.50,QR PromptPay,4
T000621,2025-10-31 12:52,B02,M0057,BRONZE,In-store,Coffee,1,115,0.00,115.00,QR PromptPay,
T000622,2025-10-31 12:54,B05,,,delivery,Bakery,1,50,0.00,50.00,Credit Card,
T000623,2025-10-31 12:57,B02,M0045,Gold,In-store,Bakery,2,50,15.00,85.00,Credit Card,
T000624,2025-10-31 13:00,B06,M0285,Bronze,Delivery,Coffee,1,90,0.00,90.00,QR PromptPay,
T000625,2025-10-31 13:07,B03,M0312,Silver,App,Coffee,1,55,0.00,55.00,App Wallet,
T000626,2025-10-31 13:08,B03,,,In-store,Coffee,2,95,0.00,190.00,Cash,
T000627,2025-10-31 14:47,B05,,,App,Coffee,2,100,0.00,200.00,Credit Card,
T000628,2025-10-31 15:12,B06,M0056,Platinum,In-store,Coffee,4,110,22.00,418.00,QR PromptPay,4
T000629,2025-10-31 16:09,B03,,,In-store,Coffee,1,85,0.00,85.00,QR PromptPay,3
T000630,2025-10-31 16:14,B03,,,App,Tea,2,75,0.00,150.00,App Wallet,
T000631,2025-10-31 16:14,B05,M0193,Bronze,In-store,Coffee,1,80,0.00,80.00,Credit Card,5
T000632,2025-10-31 16:18, B03,M0023,Bronze,In-store,Tea,3,70,0.00,210.00,QR PromptPay,3
T000633,2025-10-31 16:32,B06,M0245,Platinum,In-store,Coffee,1,115,5.75,109.25,Credit Card,
T000634,2025-10-31 16:34,B07,M0284,Bronze,Delivery,Tea,1,65,0.00,65.00,Credit Card,5
T000635,2025-10-31 16:58,B07,M0115,Silver,In-store,Coffee,2,95,0.00,190.00,Cash,4
T000636,2025-10-31 17:16,B06,M0058,Gold,App,Coffee,1,85,0.00,85.00,App Wallet,
T000637,2025-10-31 17:44,B05,M0120,Bronze,In-store,Coffee,1,110,0.00,110.00,QR PromptPay,
T000638,2025-10-31 19:07,B03,M0059,Gold,App,Tea,4,85,0.00,340.00,Credit Card,
T000639,2025-10-31 19:08,B06,M0056,Platinum,In-store,Coffee,2,75,0.00,150.00,Cash,
T000640,2025-10-31 19:28,B02,M0292,Silver,Delivery,Coffee,1,90,0.00,90.00,Credit Card,
T000641,2025-11-01 08:14,B01,M0045,Gold,Delivery,Coffee,1,115,11.50,103.50,Credit Card,
T000642,2025-11-01 08:30,B01,M0204,Gold,In-store,Bakery,3,75,0.00,225.00,QR PromptPay,
T000643,2025-11-01 09:11,B05,M0297,Bronze,In-store,Coffee,2,120,0.00,240.00,QR PromptPay,
T000644,2025-11-01 09:54,B02,M0199,Silver,In-store,Bakery,2,55,0.00,110.00,Cash,
T000645,2025-11-01 11:42,B05,M0036,Platinum,In-store,Coffee,4,110,0.00,440.00,QR PromptPay,
T000646,2025-11-01 12:39,B08,M0010,Bronze,In-store,Tea,1,50,0.00,50.00,Cash,5
T000647,2025-11-01 13:08,B05,,,In-store,Tea,3,80,0.00,240.00,Cash,
T000648,2025-11-01 13:35,B01,M0276,Bronze,In-store,Coffee,3,85,0.00,255.00,Cash,
T000649,2025-11-01 16:14,B02,M0272,Bronze,App,Coffee,1,80,0.00,80.00,App Wallet,4
T000650,2025-11-01 16:44,B07,M0325,Platinum,App,Bakery,1,75,0.00,75.00,App Wallet,
T000651,2025-11-01 17:35,B01,M0048,Silver,In-store,Coffee,1,75,15.00,60.00,Credit Card,4
T000652,2025-11-01 18:48,B04,M0143,Bronze,In-store,Coffee,1,115,0.00,115.00,QR PromptPay,
T000653,2025-11-01 19:51,B03,,,Deliv.,Coffee,3,110,0.00,330.00,Credit Card,
T000654,2025-11-02 08:13,B04,M0144,Silver,In-store,Coffee,1,110,0.00,110.00,Cash,5
T000655,2025-11-02 08:35,B08,,,App,Coffee,3,65,0.00,195.00,App Wallet,4
T000656,2025-11-02 08:45,B06,M0010,Bronze,App,Coffee,2,80,24.00,136.00,Credit Card,
T000657,2025-11-02 09:49,B03,M0151,Bronze,App,Bakery,1,80,4.00,76.00,App Wallet,5
T000658,2025-11-02 09:57,B05,M9039,Bronze,In-store,Coffee,1,120,0.00,120.00,QR PromptPay,5
T000659,2025-11-02 10:15,B07,M0224,Gold,In-store,Coffee,1,80,8.00,72.00,QR PromptPay,
T000660,2025-11-02 11:01,B01,,,Delivery,Bakery,2,55,0.00,110.00,Credit Card,
T000661,2025-11-02 11:03,B05,M9064,Gold,In-store,Coffee,1,105,0.00,105.00,QR PromptPay,4
T000662,2025-11-02 11:31,B04,,,In-store,Coffee,2,105,0.00,210.00,Credit Card,
T000663,2025-11-02 12:21,B05,M0204,Gold,In-store,Coffee,1,65,0.00,65.00,Cash,3
T000664,2025-11-02 12:29,B08,,,In-store,Merchandise,3,835,0.00,2505.00,QR PromptPay,5
T000665,2025-11-02 13:29,B06,M0304,Platinum,In-store,Coffee,1,80,12.00,68.00,Credit Card,3
T000666,2025-11-02 13:51,B03,M0077,Gold,App,Coffee,2,65,0.00,130.00,Credit Card,
T000667,2025-11-02 14:22,B05,,,In-store,Coffee,4,60,0.00,240.00,QR PromptPay,
T000668,2025-11-02 14:57,B05,,,App,Coffee,1,110,0.00,110.00,Credit Card,
T000669,2025-11-02 15:45,B04,M0115,Silver,In-store,Tea,1,95,0.00,95.00,Credit Card,
T000670,2025-11-02 19:14,B05,M0297,Bronze,Delivery,Tea,1,55,0.00,55.00,Cash,5
T000671,2025-11-02 19:51,B04,M0250,Bronze,In-store,Bakery,1,50,0.00,50.00,QR PromptPay,
T000671,2025-11-02 19:51,B04,M0250,Bronze,In-store,Bakery,1,50,0.00,50.00,QR PromptPay,
T000672,2025-11-02 19:58,B03,,,In-store,Tea,1,60,0.00,60.00,QR PromptPay,
T000673,2025-11-03 07:42, B04,M0155,Silver,Instore,Coffee,2,80,0.00,160.00,QR PromptPay,4
T000674,2025-11-03 08:03,B08,,,Delivery,Coffee,1,85,0.00,85.00,Credit Card,
T000675,2025-11-03 08:20,B04,,,In-store,Coffee,2,75,0.00,150.00,QR PromptPay,5
T000676,2025-11-03 09:15,B04,M0007,Bronze,in-store,Merchandise,2,545,0.00,1090.00,QR PromptPay,5
T000677,2025-11-03 09:56,B02,,,in-store,Coffee,1,115,0.00,115.00,Credit Card,3
T000678,2025-11-03 10:09,B05,M0055,Silver,In-store,Merchandise,2,685,68.50,1301.50,Cash,3
T000679,2025-11-03 11:21,B02,M0269,Gold,App,Merchandise,4,720,144.00,2736.00,Credit Card,4
T000680,2025-11-03 11:59,B07,M9388,Gold,Delivery,Coffee,3,95,0.00,285.00,Credit Card,4
T000681,2025-11-03 12:13,B08,M0259,Bronze,In store,Coffee,2,55,22.00,88.00,Credit Card,
T000682,2025-11-03 12:29,B04,M0159,Plat.,In-store,Bakery,2,110,11.00,209.00,Credit Card,4
T000683,2025-11-03 13:15,B05,M0202,Bronze,In-store,Coffee,2,105,0.00,210.00,QR PromptPay,
T000684,2025-11-03 13:17,B07,M0077,Gold,In-store,Coffee,4,120,72.00,408.00,QR PromptPay,4
T000685,2025-11-03 13:32,B06,,,App,Coffee,2,55,0.00,110.00,App Wallet,2
T000686,2025-11-03 13:41,B03,M0066,Bronze,Delivery,Coffee,3,100,45.00,255.00,QR PromptPay,4
T000687,2025-11-03 14:44,B05,,,App,Coffee,1,100,0.00,100.00,Credit Card,4
T000687,2025-11-03 14:44,B05,,,App,Coffee,1,100,0.00,100.00,Credit Card,4
T000688,2025-11-03 14:44,B08,M0119,Bronze,In-store,Bakery,1,60,0.00,60.00,Credit Card,
T000689,2025-11-03 16:47,B06,M0058,Gold,In-store,Bakery,2,105,0.00,210.00,Cash,
T000690,2025-11-03 16:59,B01,M0131,Bronze,In-store,Tea,1,60,9.00,51.00,QR PromptPay,3
T000691,2025-11-03 18:05,B02,M0007,Bronze,In-store,Coffee,2,55,0.00,110.00,Cash,
T000692,2025-11-03 18:31,B02,M0233,Bronze,In-store,Coffee,1,80,0.00,80.00,Cash,
T000693,2025-11-03 19:32,B04,M0115,Silver,In-store,Coffee,1,80,0.00,80.00,Credit Card,
T000694,2025-11-04 07:24,B02,,,App,Coffee,2,115,0.00,230.00,App Wallet,4
T000695,2025-11-04 08:03,B03,M0071,Bronze,Delivery,Merchandise,3,485,0.00,1455.00,QR PromptPay,
T000696,2025-11-04 08:04,B07,,,In-store,Coffee,1,80,0.00,80.00,QR PromptPay,
T000697,2025-11-04 08:15,B07,,,App,Coffee,3,85,0.00,255.00,Credit Card,
T000698,2025-11-04 08:21,B08,,,Delivery,Bakery,93,65,0.00,6045.00,Credit Card,
T000699,2025-11-04 08:24,B01,M0045,Gold,In-store,Bakery,3,฿70,10.50,199.50,Cash,
T000700,2025-11-04 08:47,B07,M9039,Silver,In-store,Bakery,1,85,4.25,80.75,QR PromptPay,
T000701,2025-11-04 09:06,B07,M0130,Platinum,App,Bakery,1,70,0.00,70.00,App Wallet,
T000702,2025-11-04 09:17,B08,M0051,Gold,Delivery,Coffee,2,90,0.00,180.00,Cash,5
T000703,2025-11-04 10:23,B02,M9388,Silver,Delivery,Coffee,2,70,7.00,133.00,Credit Card,
T000704,2025-11-04 10:36,B01,M0285,Bronze,Delivery,Coffee,4,70,0.00,280.00,Credit Card,2
T000705,2025-11-04 11:15,B06,,,In-store,Tea,1,60,0.00,60.00,Credit Card,
T000706,2025-11-04 11:44,B07,M0077,Gold,In-store,Coffee,3,85,0.00,255.00,QR PromptPay,
T000706,2025-11-04 12:05,B07,M0077,Gold,In-store,Coffee,-3,85,-0.00,-255.00,QR PromptPay,
T000707,2025-11-04 12:09,B02,M0025,Gold,Delivery ,Coffee,4,120,0.00,480.00,QR PromptPay,3
T000708,2025-11-04 12:39,B07,M0193,Bronze,In-store,Bakery,1,110,0.00,110.00,Credit Card,
T000709,2025-11-04 12:53,B04,M0253,Gold,App,Coffee,1,100,20.00,80.00,Credit Card,
T000710,2025-11-04 13:05,B06,M0285,Bronze,In-store,Coffee,3,115,0.00,345.00,Credit Card,2
T000711,2025-11-04 13:11,B03,,,App,Tea,2,85,0.00,170.00,Credit Card,4
T000711,2025-11-04 13:11,B03,,,App,Tea,2,85,0.00,170.00,Credit Card,4
T000712,2025-11-04 13:26,B01,M0048,Slvr,In-store,Tea,1,65,0.00,65.00,QR PromptPay,
T000713,2025-11-04 13:29,B07,M0077,Gold,In-store,Coffee,1,75,3.75,71.25,Credit Card,
T000714,2025-11-04 14:10,B05,,,In-store,Coffee,1,70,0.00,70.00,Credit Card,
T000715,2025-11-04 15:46,B05,M0261,Platinum,In-store,Tea,1,50,10.00,40.00,QR PromptPay,
T000716,2025-11-04 15:59,B05,M0096,Gold,In-store,Bakery,1,55,0.00,55.00,Cash,2
T000717,2025-11-04 16:35,B08,,,In-store,Coffee,3,95,0.00,285.00,QR PromptPay,
T000718,2025-11-04 17:51,B01,M0281,Silver,In-store,Merchandise,4,650,520.00,2080.00,QR PromptPay,
T000719,2025-11-04 18:43,B04,M0066,Bronze,In-store,Tea,1,80,0.00,80.00,Cash,5
T000720,2025-11-05 07:13,B08,M0119,Bronze,In-store,Bakery,2,110,0.00,220.00,QR PromptPay,
T000721,2025-11-05 07:48,B04,M0099,Gold,In-store,Bakery,1,60,0.00,60.00,Credit Card,
T000721,2025-11-05 08:01,B04,M0099,Gold,In-store,Bakery,-1,60,-0.00,-60.00,Credit Card,
T000722,2025-11-05 08:51,B05,M0054,Bronze,Delivery ,Coffee,3,120,0.00,360.00,QR PromptPay,4
T000723,2025-11-05 09:35,B05,M0154,Bronze,app,Bakery,2,45,0.00,90.00,Credit Card,2
T000724,2025-11-05 09:38,B06,M0056,Platinum,In-store,Coffee,2,75,15.00,135.00,QR PromptPay,
T000725,2025-11-05 11:05,B01,,,App,Coffee,4,75,0.00,300.00,Credit Card,
T000726,2025-11-05 11:56,B07,M0088,Bronze,App,Coffee,1,105,0.00,105.00,App Wallet,4
T000727,2025-11-05 12:18,B03,M0078,Bronze,App,Tea,1,55,0.00,55.00,Credit Card,
T000728,2025-11-05 12:33,B06,M0058,Gold,In-store,Tea,2,60,12.00,108.00,Cash,
T000729,2025-11-05 12:56,B07,M9039,Platinum,App,Merchandise,2,405,121.50,688.50,App Wallet,
T000730,2025-11-05 13:07,B02,M0148,Gold,In-store,Tea,1,75,3.75,71.25,QR PromptPay,
T000731,2025-11-05 13:31,B08,,,App,Coffee,2,105,0.00,200.00,App Wallet,2
T000732,2025-11-05 13:34,B07,M0286,Silver,In-store,Coffee,1,75,0.00,75.00,Credit Card,4
T000733,2025-11-05 13:38,B08,M0051,GOLD,App,Coffee,2,95,0.00,190.00,App Wallet,
T000734,2025-11-05 13:46,B08,,,App,Coffee,1,105,0.00,105.00,Credit Card,
T000735,2025-11-05 15:42,B03,M0164,Bronze,In-store,Tea,4,95,0.00,380.00,Credit Card,4
T000736,2025-11-05 16:12,B08,,,In-store,Coffee,2,70,0.00,140.00,Cash,5
T000737,2025-11-05 16:33,B01,,,Instore,Coffee,1,70,0.00,70.00,QR PromptPay,4
T000738,2025-11-05 17:09,B01,,,In-store,Coffee,1,75,0.00,75.00,Credit Card,
T000739,2025-11-05 17:16,B04,,,In-store,Coffee,1,80,0.00,80.00,QR PromptPay,
T000740,2025-11-05 18:51,B01,M0070,Bronze,In-store,Coffee,1,80,0.00,80.00,Credit Card,2
T000741,2025-11-05 19:05,B06,,,Delivery,Coffee,1,95,0.00,95.00,Credit Card,
T000742,2025-11-06 07:20,B05,M0248,Gold,In-store,Coffee,1,120,0.00,120.00,Cash,
T000743,2025-11-06 08:09,B07,M0224,Gold,In-store,Coffee,4,115,0.00,460.00,Credit Card,
T000744,2025-11-06 08:16,B02,M0228,Gold,App,Merchandise,2,670,0.00,1340.00,Credit Card,4
T000745,2025-11-06 08:22,B05,M0092,Bronze,Delivery,Coffee,2,115,0.00,230.00,Credit Card,
T000746,2025-11-06 08:46,B07,,,App,Coffee,3,65,0.00,195.00,App Wallet,
T000747,2025-11-06 09:18,B03,M9064,Silver,In-store,Bakery,2,105,0.00,210.00,Cash,
T000748,2025-11-06 09:35,B04,M0079,Silver,In-store,Coffee,1,75,0.00,75.00,Credit Card,3
T000749,2025-11-06 11:58,B02,,,In-store,Coffee,1,120,0.00,120.00,QR PromptPay,4
T000750,2025-11-06 12:15,B08,M0010,Bronze,In-store,Coffee,2,115,0.00,230.00,Credit Card,
T000751,2025-11-06 13:18,B07,M0050,Silver,Delivery,Coffee,2,75,0.00,150.00,Cash,3
T000752,2025-11-06 13:29,B05,M0094,Bronze,App,Merchandise,2,315,0.00,630.00,Credit Card,
T000753,2025-11-06 16:16,B04,M0159,Platinum,App,Coffee,1,85,0.00,85.00,Credit Card,
T000754,2025-11-06 16:48,B05,M0187,Bronze,Delivery,Merchandise,1,450,0.00,450.00,Cash,
T000755,2025-11-06 18:30,B04,,,In-store,Coffee,2,70,0.00,140.00,QR PromptPay,
T000756,2025-11-06 18:30,B04,M0057,Bronze,In-store,Coffee,1,105,5.25,99.75,Cash,
T000757,2025-11-07 07:31,B07,,,App,Tea,1,60,0.00,60.00,Credit Card,
T000758,2025-11-07 07:49,B03,M0059,Gold,In store,Tea,2,95,0.00,190.00,QR PromptPay,3
T000759,2025-11-07 08:05,B01,,,App,Tea,3,85,0.00,255.00,Credit Card,
T000760,2025-11-07 08:24,B01,M0070,Bronze,In-store,Bakery,3,110,0.00,330.00,Credit Card,2
T000761,2025-11-07 08:33,B03,M0263,Bronze,App,Bakery,2,80,8.00,152.00,Credit Card,5
T000762,2025-11-07 08:44,B04,M0019,Bronze,In-store,Bakery,1,55,0.00,55.00,Credit Card,
T000761,2025-11-07 09:11,B03,M0263,Bronze,App,Bakery,-2,80,-8.00,-152.00,Credit Card,
T000763,2025-11-07 11:24,B03,M0067,Bronze,In-store,Coffee,3,55,0.00,165.00,QR PromptPay,4
T000764,2025-11-07 11:47,B02,M0160,Bronze,App,Coffee,1,60,0.00,60.00,App Wallet,4
T000765,2025-11-07 12:21,B01,M0127,SILVER,In-store,Coffee,2,60,0.00,120.00,Credit Card,4
T000766,2025-11-07 12:28,B05,M0128,Bronze,In-store,Merchandise,2,555,0.00,1110.00,QR PromptPay,
T000767,2025-11-07 13:10,B03,M0067,Bronze,In-store,Coffee,2,85,0.00,170.00,Credit Card,4
T000768,2025-11-07 13:25,B04,M0287,Silver,In-store,Coffee,3,85,0.00,255.00,QR PromptPay,
T000769,2025-11-07 13:31,B06,M0074,Platinum,In-store,Coffee,2,105,0.00,210.00,Cash,
T000769,2025-11-07 14:13,B06,M0074,Platinum,In-store,Coffee,-2,105,-0.00,-210.00,Cash,
T000770,2025-11-07 16:28,B08,M0145,Bronze,Delivery,Merchandise,4,310,124.00,1116.00,Cash,
T000771,2025-11-07 16:35,B07,M0224,Gold,In-store,Bakery,4,55,0.00,220.00,QR PromptPay,
T000772,2025-11-07 17:33,B03,,,Delivery ,Coffee,1,55,0.00,55.00,QR PromptPay,5
T000773,2025-11-07 17:56,B05,,,In-store,Merchandise,1,825,0.00,825.00,QR PromptPay,
T000774,2025-11-07 18:20,B06,,,In-store,Tea,3,80,0.00,240.00,Credit Card,
T000775,2025-11-08 07:44,B04,M0061,Silver,In-store,Coffee,1,95,9.50,85.50,QR PromptPay,2
T000776,2025-11-08 07:56,B07,M0225,Bronze,App,Coffee,1,90,0.00,90.00,App Wallet,5
T000777,2025-11-08 08:06,B01,M0114,Slvr,Delivery,Bakery,4,100,0.00,400.00,QR PromptPay,4
T000778,2025-11-08 08:11,B07,M0224,Gold,In-store,Coffee,1,85,8.50,76.50,Cash,
T000779,2025-11-08 08:21,B01,M0181,Brz,In store,Bakery,1,70,0.00,70.00,Cash,
T000780,2025-11-08 08:54,B02,M0233,Bronze,In-store,Tea,1,95,4.75,90.25,QR PromptPay,
T000781,2025-11-08 08:58,B06,M0282,Silver,In-store,Bakery,1,110,0.00,110.00,Credit Card,5
T000782,2025-11-08 09:42,B07,M0077,Gold,In-store,Coffee,2,75,30.00,120.00,Credit Card,
T000783,2025-11-08 11:10,B07,M0202,Bronze,In-store,Coffee,1,105,0.00,105.00,QR PromptPay,5
T000784,2025-11-08 11:15,B04,M0099,Gold,In-store,Coffee,2,55,16.50,93.50,Cash,
T000785,2025-11-08 11:31,B08,M0002,Bronze,In-store,Coffee,1,115,0.00,115.00,QR PromptPay,5
T000786,2025-11-08 11:43,B03,M0208,Gold,Delivery,Bakery,1,90,13.50,76.50,QR PromptPay,
T000787,2025-11-08 12:27,B04,M0307,Platinum,In-store,Coffee,1,65,0.00,65.00,Credit Card,
T000788,2025-11-08 12:37,b02,M0233,Bronze,In-store,Coffee,1,95,0.00,95.00,Cash,4
T000789,2025-11-08 13:05,B02,,,Delivery,Coffee,1,85,0.00,85.00,Cash,
T000790,2025-11-08 13:14,B03,M0023,Bronze,In-store,Coffee,2,105,0.00,210.00,Cash,
T000791,2025-11-08 15:04,B05,M0202,Bronze,In-store,Tea,1,90,0.00,90.00,Cash,
T000792,2025-11-08 15:58,B08,M0180,BRONZE,In-store,Coffee,1,120,0.00,120.00,QR PromptPay,
T000793,2025-11-08 16:07,B06,M0273,Silver,In-store,Bakery,2,90,0.00,180.00,Cash,4
T000793,2025-11-08 16:07,B06,M0273,Silver,In-store,Bakery,2,90,0.00,180.00,Cash,4
T000794,2025-11-08 16:24,B07,M0050,Silver,In-store,Bakery,4,100,20.00,380.00,Credit Card,
T000795,2025-11-08 16:28,B06,M0304,Platinum,Delivery,Coffee,4,70,0.00,280.00,QR PromptPay,
T000796,2025-11-08 16:41,B01,M0135,Silver,In-store,Coffee,2,105,0.00,210.00,Credit Card,
T000797,2025-11-08 16:52,B6,M0003,Bronze,In-store,Tea,1,95,0.00,95.00,Cash,
T000798,2025-11-08 16:54,B01,M0135,Silver,In-store,Bakery,1,110,0.00,110.00,Credit Card,
T000799,2025-11-08 17:10,B01,M0135,Silver,In-store,Bakery,1,฿85,0.00,85.00,Cash,
T000799,2025-11-08 17:10,B01,M0135,Silver,In-store,Bakery,1,฿85,0.00,85.00,Cash,
T000800,2025-11-08 17:16,B08,M0010,BRONZE,App,Coffee,1,105,0.00,105.00,Credit Card,
T000801,2025-11-09 07:23,B06,M0304,Platinum,In-store,Tea,3,65,0.00,195.00,Cash,
T000802,2025-11-09 07:39,B06,,,Delivery,Merchandise,1,630,0.00,630.00,Credit Card,
T000803,2025-11-09 09:52,B07,M0170,Gold,In-store,Coffee,3,70,21.00,189.00,Credit Card,5
T000804,2025-11-09 10:19,B06,,,Delivery,Coffee,1,120,0.00,120.00,Credit Card,
T000805,2025-11-09 11:18,B02,,,App,Merchandise,2,295,0.00,590.00,App Wallet,
T000806,2025-11-09 11:45,B08,,,Delivery,Coffee,4,70,0.00,280.00,Credit Card,3
T000807,2025-11-09 12:08,B04,M0198,Bronze,In-store,Coffee,2,90,0.00,180.00,Credit Card,2
T000808,2025-11-09 12:14, B01,M0061,Silver,In-store,Coffee,1,75,0.00,75.00,Credit Card,
T000809,2025-11-09 13:06,B08,,,App,Tea,1,95,0.00,95.00,App Wallet,4
T000810,2025-11-09 13:53,B08,M0062,Bronze,App,Coffee,3,105,47.25,267.75,App Wallet,3
T000811,2025-11-09 14:17,B07,M0252,GOLD,In-store,Coffee,3,70,31.50,178.50,Cash,
T000812,2025-11-09 16:02,B04,M0143,Bronze,In-store,Tea,2,75,0.00,150.00,Credit Card,
T000813,2025-11-09 16:10,B08,,,App,Bakery,3,110,0.00,330.00,Credit Card,
T000814,2025-11-09 16:31,B03,M0164,Bronze,App,Coffee,1,105,0.00,105.00,App Wallet,
T000815,2025-11-09 16:35,B04,M0308,Gold,In-store,Coffee,1,120,0.00,120.00,Credit Card,3
T000816,2025-11-09 17:23,B7,,,Delivery,Coffee,1,100,0.00,100.00,QR PromptPay,
T000817,2025-11-09 17:34,B01,M0310,Gold,In-store,Bakery,3,95,28.50,256.50,QR PromptPay,
T000818,2025-11-09 18:01,b08,M0199,Silver,In-store,Coffee,2,100,0.00,200.00,Cash,
T000819,2025-11-09 18:23,B08,M0012,Platinum,In-store,Coffee,3,100,0.00,300.00,Cash,
T000820,2025-11-09 18:27,B01,M0048,Silver,In-store,Tea,4,95,0.00,380.00,QR PromptPay,
T000821,2025-11-10 08:22,B08,M0324,Gold,Delivery,Merchandise,1,275,0.00,275.00,QR PromptPay,3
T000822,2025-11-10 08:49,B04,M0096,Gold,In-store,Coffee,1,115,5.75,109.25,QR PromptPay,
T000823,2025-11-10 08:58,B05,M0056,Platinum,In-store,Coffee,2,75,0.00,150.00,QR PromptPay,3
T000824,2025-11-10 09:06,B03,M0066,Bronze,In-store,Coffee,1,80,0.00,80.00,Cash,2
T000825,2025-11-10 09:19,B07,M0078,Bronze,App,Bakery,1,70,0.00,70.00,Credit Card,
T000826,2025-11-10 10:32,B06,M0005,Bronze,Delivery,Coffee,1,120,0.00,120.00,Cash,
T000827,2025-11-10 10:36,B04,M0082,Bronze,In-store,Merchandise,1,880,0.00,880.00,Cash,
T000828,2025-11-10 11:39,B06,M0273,Silver,In-store,Coffee,1,95,0.00,95.00,QR PromptPay,2
T000829,2025-11-10 12:05,B06,M0052,bronze,Delivery,Merchandise,1,735,0.00,735.00,Credit Card,
T000830,2025-11-10 14:05,B08,M0204,Gold,App,Bakery,1,80,0.00,80.00,Credit Card,
T000831,2025-11-10 14:28,B02,,,Delivery,Bakery,3,95,0.00,285.00,QR PromptPay,
T000832,2025-11-10 14:30,B06,M0142,Silver,App,Coffee,4,85,0.00,340.00,App Wallet,5
T000833,2025-11-10 15:07,B06,M0015,Gold,Delivery,Coffee,1,70,0.00,70.00,QR PromptPay,
T000834,2025-11-10 15:33,B08,M0204,Gold,In-store,Coffee,4,100,20.00,380.00,QR PromptPay,
T000835,2025-11-10 16:02,B03,M0281,Silver,App,Bakery,3,45,27.00,108.00,App Wallet,
T000836,2025-11-10 16:12,B01,,,App,Tea,1,95,0.00,95.00,Credit Card,
T000837,2025-11-10 17:02,B05,M0092,Bronze,Delivery,Coffee,2,85,0.00,170.00,Cash,
T000838,2025-11-10 18:18,B01,,,In-store,Coffee,3,85,0.00,255.00,Credit Card,
T000839,2025-11-10 19:02,B02,M0262,Silver,App,Bakery,1,60,3.00,57.00,Credit Card,
T000840,2025-11-11 07:34,B01,M0045,Gold,In-store,Bakery,2,60,0.00,120.00,QR PromptPay,
T000841,2025-11-11 08:03,B04,M0143,Bronze,In-store,Coffee,3,55,0.00,165.00,QR PromptPay,5
T000842,2025-11-11 08:14,B07,,,In-store,Coffee,1,100,0.00,100.00,QR PromptPay,3
T000843,2025-11-11 08:35,B01,M0015,Gold,App,Coffee,1,105,0.00,105.00,Credit Card,
T000844,2025-11-11 09:00,B06,,,App,Tea,2,75,0.00,150.00,Credit Card,
T000845,2025-11-11 09:27,B05,M0102,Platinum,Delivery,Bakery,1,55,8.25,46.75,Cash,
T000846,2025-11-11 09:50,B05,,,Delivery,Tea,4,50,0.00,200.00,Cash,
T000847,2025-11-11 10:01,B08,M0258,Bronze,Delivery,Coffee,2,120,0.00,240.00,Cash,
T000848,2025-11-11 10:27,B01,M0147,Silver,In-store,Merchandise,1,735,0.00,735.00,Cash,
T000849,2025-11-11 12:37,B02,M0007,Bronze,In-store,Coffee,1,120,0.00,120.00,Credit Card,
T000850,2025-11-11 12:51,B02,,,App,Tea,1,75,0.00,75.00,App Wallet,
T000851,2025-11-11 13:50,B02,,,In-store,Bakery,3,105,0.00,315.00,Cash,
T000852,2025-11-11 15:58,B08,M0171,Gold,In-store,Coffee,2,115,46.00,184.00,Cash,3
T000853,2025-11-11 16:04,B03,M0305,Gold,In-store,Coffee,1,65,0.00,65.00,Credit Card,
T000854,2025-11-11 16:18,B01,M0045,Gold,In-store,Bakery,4,100,0.00,400.00,QR PromptPay,
T000855,2025-11-11 16:30,B02,,,App,Merchandise,1,515,0.00,515.00,Credit Card,
T000856,2025-11-11 17:01,B08,M0051,Gold,In-store,Coffee,1,105,21.00,84.00,Credit Card,5
T000857,2025-11-11 18:48,B06,,,App,Coffee,3,60,0.00,180.00,App Wallet,
T000858,2025-11-11 19:03,B01,M0051,Gold,In-store,Tea,1,60,0.00,60.00,Cash,
T000859,2025-11-11 19:29,B01,M0048,Silver,In-store,Coffee,1,80,0.00,80.00,QR PromptPay,
T000860,2025-11-11 19:30,B04,M0159,Platinum,In-store,Coffee,1,75,0.00,75.00,QR PromptPay,
T000861,2025-11-12 08:23,B06,M0260,Gold,In-store,Coffee,2,฿95.00,0.00,190.00,QR PromptPay,3
T000862,2025-11-12 08:30,B07,,,In-store,Bakery,4,80,0.00,320.00,Cash,
T000863,2025-11-12 08:30,B05,M0120,Bronze,In store,Coffee,1,100,0.00,100.00,Credit Card,
T000864,2025-11-12 08:55,B02,M0238,Bronze,In-store,Tea,1,75,0.00,75.00,Credit Card,5
T000865,2025-11-12 09:21,B04,M0078,Bronze,In-store,Tea,1,90,0.00,90.00,Credit Card,4
T000866,2025-11-12 10:25,B08,M0049,Silver,Delivery,Bakery,1,95,0.00,95.00,Cash,4
T000867,2025-11-12 10:44,B06,,,Delivery,Merchandise,1,฿680.00,0.00,680.00,Credit Card,
T000868,2025-11-12 12:14,B08,M0209,Bronze,In-store,Bakery,2,55,0.00,110.00,Cash,
T000869,2025-11-12 12:27,B06,,,In-store,Merchandise,1,430,0.00,430.00,QR PromptPay,
T000870,2025-11-12 12:52,B05,M0177,Bronze,In-store,Coffee,1,120,0.00,120.00,QR PromptPay,5
T000871,2025-11-12 12:57,B08,M0012,Platinum,App,Coffee,1,55,11.00,44.00,Credit Card,5
T000872,2025-11-12 13:34,B05,,,App,Coffee,2,95,0.00,190.00,App Wallet,4
T000873,2025-11-12 13:57,B07,M0196,Bronze,In-store,Bakery,2,75,0.00,150.00,Credit Card,5
T000874,2025-11-12 15:12,B01,M0027,Silver,App,Bakery,1,90,0.00,90.00,Credit Card,3
T000875,2025-11-12 16:35,B03,,,Delivery,Merchandise,3,675,0.00,2025.00,Cash,
T000876,2025-11-12 16:42,B03,M0312,Silver,app,Coffee,2,120,36.00,204.00,Credit Card,
T000877,2025-11-12 16:54,B01,M0045,Gold,In-store,Coffee,1,90,0.00,90.00,Cash,2
T000878,2025-11-12 17:09,B03,M0265,Gold,In-store,Tea,1,70,7.00,123.00,Cash,
T000879,2025-11-12 18:40,B03,,,In-store,Coffee,1,120,0.00,120.00,Cash,5
T000880,2025-11-13 07:35,B05,M0287,Silver,In-store,Bakery,2,100,0.00,200.00,Credit Card,1
T000881,2025-11-13 07:44,B01,M0135,Silver,Delivery,Coffee,1,65,0.00,65.00,Cash,3
T000882,2025-11-13 08:16,B07,,,In-store,Coffee,4,55,0.00,220.00,QR PromptPay,
T000883,2025-11-13 08:34,B04,M0250,Bronze,In-store,Coffee,2,55,0.00,110.00,Cash,3
T000884,2025-11-13 08:48,B06,,,App,Merchandise,1,800,0.00,800.00,App Wallet,
T000885,2025-11-13 08:56,B02,M0166,Platinum,In-store,Coffee,4,65,52.00,208.00,Cash,
T000885,2025-11-13 10:19,B02,M0166,Platinum,In-store,Coffee,-4,65,-52.00,-208.00,Cash,
T000886,2025-11-13 11:25,B07,M9672,Platinum,Delivery,Bakery,1,60,3.00,57.00,Credit Card,
T000887,2025-11-13 11:43,B02,M0015,Gold,App,Coffee,1,120,0.00,120.00,App Wallet,
T000888,2025-11-13 12:27,B07,M0325,Platinum,Delivery,Coffee,1,65,0.00,65.00,Cash,
T000889,2025-11-13 12:42,B07,M0284,Bronze,In-store,Tea,4,85,0.00,340.00,Credit Card,
T000890,2025-11-13 12:43,B08,M0238,Bronze,In-store,Bakery,2,90,0.00,180.00,QR PromptPay,
T000891,2025-11-13 13:07,B02,,,In-store,Coffee,3,95,0.00,285.00,QR PromptPay,4
T000892,2025-11-13 13:25,B05,M0297,Bronze,Instore,Coffee,1,110,0.00,110.00,Cash,
T000893,2025-11-13 15:16,b06,M0056,Platinum,In-store,Bakery,3,50,0.00,150.00,QR PromptPay,5
T000894,2025-11-13 15:42,B01,M0083,BRONZE,Delivery,Coffee,1,70,0.00,70.00,Credit Card,
T000895,2025-11-13 16:09,B01,,,In-store,Coffee,1,110,0.00,110.00,Credit Card,
T000896,2025-11-13 16:44,B07,M0054,Bronze,In-store,Coffee,1,55,0.00,55.00,Credit Card,
T000897,2025-11-13 16:46,B02,M9672,Gold,App,Bakery,1,45,4.50,40.50,Credit Card,
T000898,2025-11-13 17:13,B01,,,App,Merchandise,2,835,0.00,1670.00,Credit Card,4
T000899,2025-11-13 17:20,B07,M0175,Bronze,In-store,Coffee,4,65,0.00,260.00,QR PromptPay,
T000900,2025-11-13 17:56,B07,M0077,Gold,In-store,Coffee,2,85,0.00,170.00,Cash,
T000901,2025-11-14 07:06,B04,M0274,Bronze,App,Coffee,1,115,0.00,115.00,Credit Card,
T000902,2025-11-14 07:15,B08,M0051,Gold,In-store,Coffee,1,95,0.00,95.00,Credit Card,4
T000903,2025-11-14 07:55,B07,M0302,Silver,Delivery,Coffee,2,105,10.50,199.50,Credit Card,
T000903,2025-11-14 07:55,B07,M0302,Silver,Delivery,Coffee,2,105,10.50,199.50,Credit Card,
T000904,2025-11-14 08:02,B02,,,App,Tea,1,70,0.00,70.00,Credit Card,4
T000905,2025-11-14 08:36,B03,,,In-store,Bakery,3,85,0.00,255.00,QR PromptPay,4
T000906,2025-11-14 10:32,B07,M0325,Platinum,App,Bakery,2,70,0.00,140.00,Credit Card,
T000907,2025-11-14 11:15,B01,M0127,Silver,In-store,Coffee,1,100,0.00,100.00,QR PromptPay,
T000908,2025-11-14 11:17,B02,,,In-store,Bakery,3,50,0.00,150.00,Credit Card,4
T000909,2025-11-14 12:04,B06,M0020,Bronze,In-store,Tea,3,85,0.00,255.00,QR PromptPay,
T000910,2025-11-14 12:04,B04,M0168,Gold,In-store,Bakery,2,95,0.00,190.00,QR PromptPay,
T000911,2025-11-14 12:08,B02,M0272,Bronze,Delivery,Coffee,1,70,0.00,70.00,Credit Card,4
T000912,2025-11-14 12:11,B02,M0160,Bronze,In-store,Coffee,2,60,0.00,120.00,Cash,4
T000913,2025-11-14 12:27,B03,,,App,Coffee,2,60,0.00,120.00,Credit Card,
T000914,2025-11-14 12:29,B08,,,In-store,Tea,3,70,0.00,210.00,Credit Card,5
T000915,2025-11-14 12:39,B02,M0222,Silver,Delivery,Coffee,1,110,0.00,110.00,QR PromptPay,
T000916,2025-11-14 12:56,B03,,,In-store,Coffee,2,65,0.00,130.00,Cash,3
T000916,2025-11-14 12:56,B03,,,In-store,Coffee,2,65,0.00,130.00,Cash,3
T000917,2025-11-14 13:08,B06,,,In-store,Coffee,1,60,0.00,60.00,QR PromptPay,
T000918,2025-11-14 13:34,B05,,,In-store,Tea,1,65,0.00,65.00,Credit Card,
T000919,2025-11-14 14:56,B07,,,Delivery,Bakery,2,80,0.00,160.00,QR PromptPay,
T000920,2025-11-14 15:13,B06,M0058,GOLD,In-store,Coffee,1,75,15.00,60.00,Cash,
T000921,2025-11-14 15:55,B05,,,In-store,Tea,1,80,0.00,80.00,Cash,
T000922,2025-11-14 16:19,B02,,,Delivery,Coffee,1,60,0.00,60.00,Credit Card,5
T000923,2025-11-14 16:39,B03,,,Instore,Bakery,2,60,0.00,120.00,Cash,4
T000924,2025-11-14 16:51,B02,,,App,Tea,1,90,0.00,130.00,Credit Card,3
T000925,2025-11-14 18:00,B07,,,In-store,Tea,2,60,0.00,120.00,QR PromptPay,4
T000926,2025-11-14 18:31,B05,M0274,Bronze,App,Coffee,4,95,0.00,380.00,Credit Card,2
T000927,2025-11-14 18:43,B08,M0002,Bronze,In-store,Coffee,1,105,0.00,105.00,QR PromptPay,
T000927,2025-11-14 19:50,B08,M0002,Bronze,In-store,Coffee,-1,105,-0.00,-105.00,QR PromptPay,
T000928,2025-11-15 07:10,B07,M0132,Bronze,App,Coffee,1,80,0.00,80.00,Credit Card,
T000929,2025-11-15 07:53,B03,M0132,Bronze,In-store,Merchandise,2,570,0.00,1140.00,Cash,
T000930,2025-11-15 08:34,B03,,,Delivery,Coffee,1,80,0.00,80.00,QR PromptPay,4
T000931,2025-11-15 08:51,B04,M0292,Silver,In-store,Coffee,2,95,0.00,190.00,Credit Card,
T000932,2025-11-15 09:17,B03,M0311,Bronze,Delivery,Coffee,4,105,0.00,420.00,QR PromptPay,
T000933,2025-11-15 09:32,B01,M0114,Slvr,App,Tea,1,95,0.00,95.00,Credit Card,4
T000934,2025-11-15 10:13,b01,,,In-store,Coffee,2,55,0.00,110.00,QR PromptPay,
T000935,2025-11-15 12:11,B04,M0173,Silver,In-store,Coffee,1,110,5.50,104.50,Credit Card,
T000936,2025-11-15 12:34,B02,,,In-store,Coffee,1,70,0.00,70.00,QR PromptPay,
T000937,2025-11-15 12:42,B04,M0115,Silver,In-store,Coffee,1,110,0.00,110.00,Credit Card,
T000938,2025-11-15 12:54,B04,,,App,Bakery,1,100,0.00,100.00,Credit Card,
T000939,2025-11-15 13:08,B08,M0171,Gold,In-store,Coffee,3,75,0.00,225.00,QR PromptPay,
T000940,2025-11-15 14:43,B04,M0115,Silver,In-store,Merchandise,1,835,0.00,835.00,Credit Card,
T000941,2025-11-15 14:49,B08,M0049,Silver,Delivery,Coffee,2,75,0.00,150.00,QR PromptPay,
T000942,2025-11-15 14:51,B01,M0092,Brz,Delivery,Bakery,1,100,20.00,80.00,Credit Card,
T000943,2025-11-15 16:03,B05,M0119,Bronze,App,Merchandise,3,730,0.00,2190.00,App Wallet,
T000944,2025-11-15 16:17,B02,M0265,Gold,In-store,Coffee,2,85,25.50,144.50,Cash,
T000945,2025-11-15 17:27,B02,,,In-store,Coffee,3,70,0.00,210.00,QR PromptPay,4
T000946,2025-11-15 18:09,B04,,,Delivery,Tea,1,75,0.00,75.00,Cash,3
T000947,2025-11-15 18:29,B08,M0171,Gold,Delivery,Coffee,1,105,15.75,89.25,Credit Card,
T000948,2025-11-15 18:37,B04,,,In-store,Tea,4,95,0.00,380.00,Credit Card,
T000949,2025-11-15 19:20,B01,M0224,Gold,Delivery,Bakery,2,110,33.00,187.00,Credit Card,4
T000950,2025-11-15 19:53,B03,M0309,Silver,In-store,Coffee,3,75,0.00,225.00,Credit Card,5
T000951,2025-11-16 08:01,B07,,,In-store,Coffee,1,95,0.00,95.00,QR PromptPay,4
T000952,2025-11-16 08:33,B07,M0077,Gold,Delivery,Tea,1,60,0.00,120.00,Cash,3
T000953,2025-11-16 08:44,B01,M0251,BRONZE,In-store,Merchandise,1,565,0.00,565.00,QR PromptPay,3
T000954,2025-11-16 09:58,B03,M0323,Bronze,In-store,Coffee,3,55,0.00,165.00,QR PromptPay,
T000955,2025-11-16 12:23,B06,M0058,Gold,In-store,Bakery,4,90,0.00,360.00,Cash,
T000956,2025-11-16 12:30,B07,M0093,Silver,App,Tea,1,70,0.00,70.00,Credit Card,
T000957,2025-11-16 13:41,B02,,,In-store,Coffee,3,85,0.00,255.00,QR PromptPay,
T000958,2025-11-16 13:52,B06,M0050,Silver,In-store,Tea,3,70,0.00,210.00,Cash,4
T000959,2025-11-16 14:26,B05,M0310,Gold,Delivery,Bakery,2,50,0.00,100.00,QR PromptPay,
T000960,2025-11-16 15:01,B08,,,In-store,Coffee,1,90,0.00,90.00,Credit Card,
T000961,2025-11-16 16:29,B04,M9672,Bronze,In-store,Bakery,3,45,0.00,135.00,Cash,
T000962,2025-11-16 16:29,B02,,,Delivery,Coffee,4,65,0.00,260.00,Cash,5
T000963,2025-11-16 16:45,B01,M0127,Silver,In-store,Bakery,2,60,6.00,114.00,QR PromptPay,
T000964,2025-11-16 17:20,B07,M0286,Silver,In-store,Tea,4,50,0.00,200.00,QR PromptPay,
T000965,2025-11-16 17:57,B08,M0048,Silver,In-store,Coffee,1,75,11.25,63.75,Cash,
T000966,2025-11-16 18:05,B07,M0170,Gold,In-store,Bakery,4,55,11.00,209.00,Credit Card,
T000964,2025-11-16 18:39,B07,M0286,Silver,In-store,Tea,-4,50,-0.00,-200.00,QR PromptPay,
T000967,2025-11-16 18:57,B06,M0053,Gold,In-store,Bakery,1,90,4.50,85.50,Cash,
T000968,2025-11-16 18:58, B07,M0051,Gold,App,Coffee,1,80,16.00,64.00,App Wallet,
T000969,2025-11-16 19:30,B01,M0276,Bronze,App,Tea,4,55,11.00,209.00,Credit Card,
T000970,2025-11-17 07:21,B02,M0257,Silver,In-store,Coffee,2,85,0.00,170.00,Cash,3
T000971,2025-11-17 07:32,B05,M0310,Gold,In-store,Coffee,2,115,0.00,230.00,Cash,
T000972,2025-11-17 08:11,B05,,,In-store,Bakery,2,80,0.00,160.00,QR PromptPay,
T000973,2025-11-17 08:29,B06,M0304,Platinum,In-store,Tea,3,80,24.00,216.00,QR PromptPay,
T000974,2025-11-17 08:50,B07,,,In-store,Bakery,1,110,0.00,110.00,QR PromptPay,
T000975,2025-11-17 09:06,B02,M0136,Bronze,In-store,Merchandise,2,490,0.00,980.00,QR PromptPay,3
T000976,2025-11-17 10:37,B08,M0184,Bronze,In-store,Bakery,1,95,0.00,95.00,QR PromptPay,
T000977,2025-11-17 11:13,B03,,,In-store,Coffee,1,75,0.00,75.00,QR PromptPay,
T000978,2025-11-17 11:35,B06,,,In-store,Bakery,1,95,0.00,95.00,Cash,4
T000979,2025-11-17 12:05,B04,M0164,Bronze,Delivery,Tea,1,55,0.00,55.00,Cash,3
T000980,2025-11-17 12:48,B06,M0285,Bronze,Delivery,Coffee,1,75,0.00,75.00,Cash,3
T000981,2025-11-17 12:59,B01,,,In-store,Coffee,3,75,0.00,225.00,QR PromptPay,
T000982,2025-11-17 13:01,B08,,,Delivery,Coffee,1,85,0.00,85.00,QR PromptPay,4
T000983,2025-11-17 13:10,B03,M0312,Silver,Delivery,Coffee,1,110,0.00,110.00,Credit Card,
T000984,2025-11-17 13:17,B01,,,In-store,Tea,1,50,0.00,50.00,Cash,
T000985,2025-11-17 13:49,B06,,,In-store,Bakery,1,85,0.00,85.00,QR PromptPay,4
T000986,2025-11-17 13:52,B07,M0021,Bronze,Delivery,Merchandise,1,375,0.00,375.00,Cash,
T000987,2025-11-17 13:56,B08,M0310,Gold,In-store,Coffee,1,90,0.00,90.00,Credit Card,
T000988,2025-11-17 13:59,B02,M0320,Bronze,Delivery,Coffee,1,90,0.00,90.00,Cash,3
T000989,2025-11-17 14:48,B01,,,In-store,Merchandise,1,460,0.00,460.00,Credit Card,
T000990,2025-11-17 15:13,B01,,,In-store,Coffee,2,65,0.00,130.00,QR PromptPay,3
T000991,2025-11-17 15:45,B03,M0023,Bronze,Delivery,Merchandise,2,425,0.00,850.00,QR PromptPay,
T000992,2025-11-17 16:11,B08,M0324,Gold,In-store,Coffee,1,115,0.00,115.00,Credit Card,
T000993,2025-11-17 16:40,B08,,,Delivery,Bakery,3,90,0.00,270.00,Cash,
T000994,2025-11-17 18:53,B03,,,In-store,Coffee,1,105,0.00,105.00,Credit Card,
T000995,2025-11-18 07:04,B05,M0297,Bronze,App,Coffee,1,65,6.50,58.50,App Wallet,4
T000996,2025-11-18 08:03,B01,M0027,Silver,In-store,Coffee,3,60,36.00,144.00,QR PromptPay,
T000997,2025-11-18 08:40,B01,M0304,Platinum,In-store,Coffee,1,85,17.00,68.00,QR PromptPay,
T000998,2025-11-18 08:56,B07,M0142,Silver,Delivery,Bakery,2,75,0.00,150.00,Cash,
T000999,2025-11-18 09:10,B05,M0273,Silver,App,Tea,1,70,0.00,70.00,Credit Card,
T001000,2025-11-18 11:00,B07,M0170,Gld,In-store,Tea,4,80,48.00,272.00,Credit Card,
T001001,2025-11-18 11:33,B04,,,delivery,Coffee,2,100,0.00,200.00,QR PromptPay,
T001001,2025-11-18 11:33,B04,,,delivery,Coffee,2,100,0.00,200.00,QR PromptPay,
T001002,2025-11-18 12:29,B05,M0194,Silver,In-store,Coffee,3,55,0.00,165.00,QR PromptPay,
T001003,2025-11-18 13:38,B04,,,In-store,Coffee,2,95,0.00,190.00,Credit Card,
T001004,2025-11-18 13:56,B08,M0040,Bronze,In-store,Bakery,1,100,0.00,100.00,QR PromptPay,
T001005,2025-11-18 16:04,B01,M0051,Gold,Delivery,Merchandise,1,545,0.00,545.00,Credit Card,
T001006,2025-11-18 17:18,B3,,,In-store,Merchandise,4,410,0.00,1640.00,Cash,
T001007,2025-11-18 17:23,B04,M0019,bronze,In-store,Bakery,3,110,0.00,330.00,Cash,
T001008,2025-11-18 17:39,B07,M0130,Platinum,In-store,Coffee,1,60,9.00,51.00,QR PromptPay,
T001009,2025-11-19 07:56,B03,,,In-store,Tea,1,50,0.00,50.00,Credit Card,
T001010,2025-11-19 08:27,B01,M0114,Silver,In-store,Tea,4,75,45.00,255.00,Credit Card,
T001011,2025-11-19 08:55,B01,,,App,Bakery,1,65,0.00,65.00,Credit Card,
T001012,2025-11-19 09:35,B03,M0118,Gold,In-store,Tea,1,95,19.00,76.00,Credit Card,
T001013,2025-11-19 11:46,B07,M0284,Bronze,In-store,Coffee,2,95,0.00,190.00,QR PromptPay,
T001014,2025-11-19 12:36,B07,M0224,Gold,In-store,Coffee,1,65,0.00,65.00,QR PromptPay,5
T001015,2025-11-19 12:41,B02,M0228,Gold,Delivery,Coffee,2,100,20.00,180.00,Credit Card,
T001016,2025-11-19 12:42,B05,M0092,Bronze,App,Coffee,1,75,0.00,75.00,App Wallet,
T001017,2025-11-19 12:43,B08,M0288,Gold,App,Coffee,2,110,0.00,220.00,App Wallet,
T001018,2025-11-19 13:12,B03,M0090,Bronze,Delivery,Coffee,3,55,0.00,165.00,Cash,
T001016,2025-11-19 13:13,B05,M0092,Bronze,App,Coffee,-1,75,-0.00,-75.00,App Wallet,
T001019,2025-11-19 13:15,B08,,,Delivery,Tea,1,65,0.00,65.00,QR PromptPay,4
T001020,2025-11-19 13:24,B04,M9388,Gold,In-store,Coffee,3,80,0.00,240.00,QR PromptPay,
T001021,2025-11-19 13:47,B01,,,In-store,Coffee,1,55,0.00,55.00,Cash,
T001022,2025-11-19 13:52,B02,M0292,Silver,In-store,Bakery,2,60,0.00,120.00,Cash,4
T001023,2025-11-19 14:18,B05,M9349,Gld,Delivery,Tea,2,95,0.00,190.00,Credit Card,4
T001024,2025-11-19 14:48,B02,M0265,Gold,In-store,Coffee,2,110,22.00,198.00,QR PromptPay,4
T001025,2025-11-19 15:29,B01,M0048,Silver,App,Tea,3,65,0.00,195.00,Credit Card,
T001026,2025-11-19 15:31,B06,M9388,Platinum,In-store,Coffee,2,105,0.00,210.00,QR PromptPay,
T001027,2025-11-19 15:53,B02,M0265,Gold,In-store,Tea,4,65,0.00,260.00,Credit Card,5
T001028,2025-11-19 16:05,B06,M0219,Bronze,App,Tea,2,55,0.00,130.00,Credit Card,
T001029,2025-11-19 16:30,B05,,,App,Merchandise,2,750,0.00,1500.00,Credit Card,4
T001030,2025-11-19 18:13,B02,M0142,Silver,In-store,Bakery,1,65,0.00,65.00,QR PromptPay,5
T001030,2025-11-19 18:13,B02,M0142,Silver,In-store,Bakery,1,65,0.00,65.00,QR PromptPay,5
T001031,2025-11-19 18:35,B06,M0171,Gold,Instore,Coffee,1,120,0.00,120.00,Credit Card,4
T001032,2025-11-19 18:36,B03,M0059,Gold,App,Bakery,1,70,0.00,70.00,Credit Card,
T001033,2025-11-19 19:23,B01,M0281,Silver,In-store,Coffee,2,55,0.00,110.00,Credit Card,
T001034,2025-11-20 07:15,B04,M0144,Silver,Delivery,Coffee,1,55,0.00,55.00,QR PromptPay,
T001035,2025-11-20 07:52,B04,M0007,Bronze,In-store,Bakery,1,45,0.00,45.00,QR PromptPay,3
T001036,2025-11-20 07:58,B05,M0155,Silver,In-store,Coffee,1,80,0.00,80.00,QR PromptPay,
T001037,2025-11-20 07:58,B01,M0027,Silver,In-store,Coffee,1,95,0.00,95.00,Cash,
T001038,2025-11-20 08:12,B08,,,App,Bakery,4,75,0.00,300.00,App Wallet,5
T001039,2025-11-20 08:29,B04,M0274,Bronze,In-store,Tea,2,70,0.00,140.00,QR PromptPay,5
T001040,2025-11-20 08:52,B03,M0012,Platinum,In-store,Coffee,1,60,12.00,48.00,Cash,4
T001041,2025-11-20 11:24,B03,M0305,Gold,App,Merchandise,2,525,0.00,1050.00,Credit Card,
T001042,2025-11-20 11:33,B01,M0048,Silver,Delivery,Coffee,2,80,0.00,160.00,QR PromptPay,
T001043,2025-11-20 12:03,B04,M0143,Bronze,Delivery,Coffee,3,95,0.00,285.00,QR PromptPay,
T001044,2025-11-20 13:10,B05,M0070,Bronze,In-store,Coffee,1,80,0.00,80.00,QR PromptPay,
T001045,2025-11-20 13:28,B06,M0020,Bronze,In-store,Coffee,3,75,0.00,225.00,QR PromptPay,
T001046,2025-11-20 13:33,B02,M0262,Silver,In-store,Coffee,2,80,0.00,160.00,QR PromptPay,
T001047,2025-11-20 13:59,B06,M0058,Gold,In store,Coffee,3,100,15.00,285.00,Cash,
T001048,2025-11-20 14:51,B02,M0202,Bronze,In-store,Bakery,1,80,16.00,64.00,Cash,
T001049,2025-11-20 15:36,B01,M0127,Silver,In-store,Tea,1,55,0.00,55.00,QR PromptPay,
T001050,2025-11-20 15:57,B02,M0222,SILVER,In-store,Coffee,1,75,0.00,75.00,Credit Card,
T001051,2025-11-20 17:44,B07,M0054,Bronze,App,Bakery,1,55,0.00,55.00,App Wallet,5
T001052,2025-11-20 17:46,B07,M0223,Silver,In-store,Bakery,2,85,0.00,170.00,QR PromptPay,5
T001053,2025-11-20 18:55,B06,,,In-store,Coffee,4,100,0.00,400.00,QR PromptPay,
T001054,2025-11-20 19:45,B06,M0273,Silver,In-store,Tea,1,90,0.00,90.00,Cash,5
T001055,2025-11-20 19:50,B05,,,App,Tea,2,65,0.00,130.00,App Wallet,
T001056,2025-11-21 08:20,B04,M0308,Gold,In-store,Coffee,2,115,0.00,230.00,Credit Card,
T001057,2025-11-21 08:24,B01,M0127,Silver,In-store,Coffee,4,120,0.00,480.00,QR PromptPay,3
T001058,2025-11-21 08:47,B08,M0184,Bronze,In-store,Coffee,3,120,0.00,360.00,Cash,
T001059,2025-11-21 08:51,B01,M0045,Gold,In-store,Bakery,1,90,0.00,90.00,Credit Card,5
T001060,2025-11-21 09:33,B08,M0184,Bronze,App,Merchandise,1,810,0.00,810.00,Credit Card,
T001061,2025-11-21 10:16,B04,M0028,Silver,in-store,Bakery,1,100,20.00,80.00,QR PromptPay,
T001062,2025-11-21 10:20,B04,M0250,Bronze,In-store,Bakery,1,90,0.00,90.00,QR PromptPay,
T001063,2025-11-21 11:23,B04,M0096,Gold,Delivery,Coffee,4,90,0.00,360.00,Cash,
T001064,2025-11-21 12:00,B06,M0304,Platinum,In-store,Tea,2,50,0.00,100.00,QR PromptPay,
T001065,2025-11-21 12:11,B06,M0003,Bronze,In-store,Coffee,4,85,0.00,340.00,QR PromptPay,5
T001066,2025-11-21 12:26,B05,M0120,Bronze,App,Coffee,1,80,0.00,80.00,App Wallet,
T001067,2025-11-21 12:47,B03,M0292,Silver,App,Merchandise,1,860,0.00,860.00,Credit Card,
T001068,2025-11-21 12:57,B07,M0224,Gold,In-store,Coffee,2,110,0.00,220.00,Credit Card,
T001069,2025-11-21 13:04,B05,,,In-store,Coffee,1,95,0.00,95.00,QR PromptPay,
T001070,2025-11-21 13:44,B01,M0208,Gold,App,Tea,3,95,57.00,228.00,Credit Card,
T001071,2025-11-21 14:38,B04,M0077,Gold,In-store,Tea,2,85,25.50,144.50,QR PromptPay,
T001072,2025-11-21 15:35,B08,M0049,Silver,In-store,Coffee,2,85,17.00,153.00,Credit Card,4
T001073,2025-11-21 15:48,B02,M0187,Bronze,Delivery,Coffee,2,80,0.00,160.00,QR PromptPay,
T001074,2025-11-21 17:05,B08,,,In-store,Bakery,2,105,0.00,210.00,Credit Card,4
T001075,2025-11-21 17:10,B03,M0002,Bronze,Delivery,Coffee,3,120,0.00,360.00,Cash,
T001076,2025-11-21 19:27,B03,,,Delivery,Coffee,1,65,0.00,65.00,QR PromptPay,
T001077,2025-11-21 19:29,B04,M0027,Silver,Delivery,Coffee,2,110,0.00,220.00,Credit Card,
T001078,2025-11-22 07:48,B07,M0286,Silver,Delivery,Bakery,1,50,0.00,50.00,Credit Card,4
T001079,2025-11-22 08:26,B08,M0119,Bronze,In-store,Bakery,4,70,0.00,280.00,QR PromptPay,4
T001080,2025-11-22 08:29,B02,,,In-store,Coffee,2,75,0.00,150.00,Credit Card,5
T001081,2025-11-22 08:36,B06,,,Delivery,Coffee,1,70,0.00,70.00,QR PromptPay,
T001082,2025-11-22 09:58,B01,M0027,Silver,In-store,Coffee,4,65,52.00,208.00,Credit Card,4
T001083,2025-11-22 10:10,B07,,,In-store,Coffee,1,65,0.00,65.00,QR PromptPay,
T001084,2025-11-22 12:44,B01,M0325,Platinum,app,Tea,2,95,0.00,190.00,App Wallet,3
T001085,2025-11-22 13:41,B07,,,Delivery,Coffee,1,120,0.00,120.00,QR PromptPay,
T001086,2025-11-22 13:43,B04,,,In-store,Bakery,4,70,0.00,280.00,QR PromptPay,
T001087,2025-11-22 13:47,B08,M0087,Bronze,Delivery,Tea,1,60,0.00,60.00,Cash,
T001088,2025-11-22 13:57,B08,M0051,Gold,In-store,Coffee,4,105,0.00,420.00,QR PromptPay,5
T001089,2025-11-22 16:12,B01,M0045,Gold,In-store,Coffee,1,70,3.50,66.50,QR PromptPay,
T001090,2025-11-22 16:54,B04,M0316,Platinum,In-store,Bakery,4,50,0.00,200.00,Cash,
T001091,2025-11-22 19:21,B07,M0130,Platinum,In-store,Bakery,1,55,2.75,52.25,Cash,4
T001092,2025-11-23 08:02,B02,M0025,Gold,Delivery,Bakery,3,80,0.00,240.00,QR PromptPay,
T001093,2025-11-23 08:19,B07,,,In-store,Coffee,3,90,0.00,270.00,QR PromptPay,
T001094,2025-11-23 08:45,B02,M0265,gold,Delivery,Coffee,1,60,9.00,51.00,QR PromptPay,
T001095,2025-11-23 09:55,B07,M0193,Bronze,In-store,Bakery,1,100,0.00,100.00,QR PromptPay,
T001096,2025-11-23 10:28,B07,,,Delivery,Bakery,4,95,0.00,380.00,Credit Card,
T001097,2025-11-23 10:52,B08,M0002,Bronze,Delivery,Coffee,2,60,0.00,120.00,Credit Card,5
T001098,2025-11-23 12:25,B02,M0007,Bronze,App,Tea,1,90,0.00,90.00,Credit Card,4
T001099,2025-11-23 14:14,B07,M0077,Gold,App,Coffee,1,115,0.00,115.00,Credit Card,
T001099,2025-11-23 14:58,B07,M0077,Gold,App,Coffee,-1,115,-0.00,-115.00,Credit Card,
T001100,2025-11-23 15:49,B05,M0187,Bronze,In-store,Bakery,1,95,0.00,95.00,Credit Card,
T001101,2025-11-23 15:49,B01,,,In-store,Bakery,4,45,0.00,180.00,Credit Card,4
T001102,2025-11-23 16:08,B04,M0258,Bronze,App,Coffee,1,60,0.00,60.00,Credit Card,
T001103,2025-11-23 16:08,B07,M0202,Bronze,In-store,Tea,4,55,0.00,220.00,QR PromptPay,
T001104,2025-11-23 16:55,B02,,,In-store,Coffee,2,90,0.00,180.00,QR PromptPay,
T001105,2025-11-23 18:16,B05,,,In-store,Tea,1,70,0.00,70.00,Credit Card,4
T001106,2025-11-23 18:19,B02,,,In-store,Coffee,1,80,0.00,80.00,Credit Card,
T001107,2025-11-23 18:22,B01,M0310,Gold,In-store,Coffee,1,75,0.00,75.00,QR PromptPay,
T001108,2025-11-23 19:01,B05,M0240,Platinum,In-store,Bakery,1,100,0.00,100.00,Credit Card,
T001109,2025-11-24 08:57,B05,M0058,Gold,Delivery,Coffee,1,105,0.00,105.00,Credit Card,
T001110,2025-11-24 09:37,B08,,,In-store,Coffee,3,65,0.00,195.00,Credit Card,3
T001111,2025-11-24 10:44,B02,,,In-store,Coffee,1,70,0.00,70.00,Cash,
T001112,2025-11-24 10:53,B03,M0308,Gold,In-store,Tea,2,65,19.50,110.50,Credit Card,3
T001113,2025-11-24 11:03,B01,M0302,Silver,App,Coffee,3,60,9.00,171.00,Credit Card,
T001114,2025-11-24 11:53,B08,,,Delivery,Coffee,1,90,0.00,90.00,QR PromptPay,
T001115,2025-11-24 12:03,B04,,,In-store,Coffee,1,70,0.00,70.00,Credit Card,
T001116,2025-11-24 12:22,B05,,,In-store,Coffee,1,85,0.00,85.00,Credit Card,
T001117,2025-11-24 12:44,B06,M0056,Platinum,In-store,Bakery,1,55,0.00,55.00,QR PromptPay,5
T001118,2025-11-24 14:21,B02,M0316,Platinum,In-store,Coffee,3,75,33.75,191.25,QR PromptPay,5
T001119,2025-11-24 14:59,B05,,,App,Coffee,3,60,0.00,180.00,Credit Card,4
T001120,2025-11-24 15:18,B04,M0016,Gld,In-store,Bakery,1,85,8.50,76.50,Credit Card,
T001121,2025-11-24 16:33,B05,M0310,Gold,App,Bakery,2,75,22.50,127.50,Credit Card,
T001122,2025-11-24 16:39,B03,M0132,Bronze,Delivery,Coffee,1,105,0.00,105.00,Cash,
T001123,2025-11-24 16:43,B06,,,Delivery,Tea,2,90,0.00,180.00,QR PromptPay,3
T001124,2025-11-24 16:46,B05,M0223,Silver,App,Bakery,2,90,0.00,180.00,App Wallet,
T001125,2025-11-24 16:49,B03,M0085,Bronze,In-store,Coffee,2,80,0.00,160.00,Credit Card,
T001124,2025-11-24 17:10,B05,M0223,Silver,app,Bakery,-2,90,-0.00,-180.00,App Wallet,
T001126,2025-11-24 18:19,B02,M0262,Silver,delivery,Coffee,1,85,0.00,85.00,Cash,3
T001127,2025-11-24 19:29,B03,M0054,Bronze,App,Coffee,1,55,0.00,55.00,App Wallet,5
T001128,2025-11-25 07:00,B01,,,App,Coffee,1,95,0.00,95.00,Credit Card,
T001129,2025-11-25 07:13,B06,M0002,BRONZE,App,Bakery,2,60,0.00,120.00,App Wallet,
T001130,2025-11-25 07:41,B01,M0302,Silver,In-store,Coffee,1,90,0.00,90.00,QR PromptPay,4
T001131,2025-11-25 07:51,B01,M0261,Platinum,Delivery,Bakery,1,80,16.00,64.00,Cash,
T001132,2025-11-25 08:08,B06,,,In-store,Coffee,1,120,0.00,120.00,Cash,
T001133,2025-11-25 08:51,B02,,,In-store,Tea,2,75,0.00,150.00,Cash,
T001134,2025-11-25 09:55,B06,M0056,Platinum,Delivery,Coffee,4,120,0.00,480.00,Cash,
T001135,2025-11-25 10:10,B08,,,Delivery,Coffee,1,80,0.00,80.00,Credit Card,4
T001136,2025-11-25 10:57,B08,,,In-store,Merchandise,1,800,0.00,800.00,Cash,
T001137,2025-11-25 11:28,B04,M0287,Silver,App,Bakery,1,80,16.00,64.00,App Wallet,
T001138,2025-11-25 11:57,B03,M0078,Bronze,App,Coffee,1,75,0.00,75.00,Credit Card,
T001139,2025-11-25 12:20,B08,M0002,Bronze,In-store,Coffee,3,80,0.00,240.00,QR PromptPay,
T001140,2025-11-25 12:21,B05,M0001,Bronze,App,Coffee,3,55,8.25,156.75,App Wallet,
T001141,2025-11-25 12:26,B07,M0289,Silver,In-store,Coffee,1,80,16.00,64.00,Cash,
T001142,2025-11-25 12:45,B03,,,Delivery,Coffee,3,120,0.00,360.00,Credit Card,2
T001143,2025-11-25 12:48,B01,M0031,Bronze,In-store,Coffee,2,115,0.00,230.00,Cash,
T001144,2025-11-25 13:09,B01,M0070,Bronze,Instore,Coffee,2,105,31.50,178.50,QR PromptPay,
T001145,2025-11-25 13:58,B07,M0003,Bronze,In-store,Coffee,1,95,0.00,95.00,Cash,
T001146,2025-11-25 14:34,B08,M0119,Bronze,In-store,Merchandise,1,615,0.00,615.00,Credit Card,
T001147,2025-11-25 14:41,B02,M0222,Silver,In-store,Coffee,1,65,0.00,65.00,Cash,
T001148,2025-11-25 15:06,B05,M0321,Bronze,In-store,Bakery,1,55,0.00,55.00,QR PromptPay,
T001149,2025-11-25 15:15,B04,M0115,Silver,App,Coffee,3,115,69.00,276.00,App Wallet,5
T001150,2025-11-25 16:34,B01,M0045,Gold,Delivery,Coffee,3,120,54.00,306.00,Cash,
T001151,2025-11-25 16:51,B07,M0286,Silver,In-store,Bakery,2,90,0.00,180.00,Cash,3
T001152,2025-11-25 18:09,B07,M0093,Silver,In-store,Merchandise,1,665,66.50,598.50,Cash,
T001153,2025-11-25 18:26,B06,M0056,Platinum,App,Coffee,1,60,0.00,60.00,App Wallet,4
T001154,2025-11-25 18:28,B04,M0079,Silver,Delivery,Tea,1,65,0.00,65.00,QR PromptPay,
T001155,2025-11-25 19:26,B04,M0301,Bronze,App,Merchandise,3,835,0.00,2505.00,Credit Card,4
T001156,2025-11-25 19:46,B06,M0229,Platinum,In store,Tea,2,55,5.50,104.50,QR PromptPay,
T001157,2025-11-26 07:18,B08,M0180,Bronze,In-store,Merchandise,1,705,0.00,705.00,Credit Card,3
T001158,2025-11-26 09:28,B05,M0295,Silver,App,Coffee,4,60,0.00,240.00,Credit Card,
T001159,2025-11-26 12:06,B05,M0202,Bronze,In-store,Coffee,1,115,0.00,115.00,Cash,
T001160,2025-11-26 12:13,B06,,,In-store,Bakery,1,70,0.00,70.00,Credit Card,
T001161,2025-11-26 12:49,B07,,,Delivery,Bakery,2,75,0.00,150.00,QR PromptPay,
T001162,2025-11-26 12:54,B06,M0282,Silver,In-store,Coffee,1,70,0.00,70.00,Credit Card,
T001163,2025-11-26 13:10,B02,M0082,Bronze,APP,Coffee,1,100,0.00,100.00,Credit Card,
T001164,2025-11-26 13:30,B03,M0025,Gold,In-store,Tea,4,80,32.00,288.00,Credit Card,4
T001165,2025-11-26 13:59,B03,M0151,Bronze,App,Coffee,1,70,0.00,70.00,App Wallet,5
T001166,2025-11-26 14:27,B06,M0003,Bronze,In-store,Bakery,1,100,0.00,100.00,Credit Card,
T001167,2025-11-26 15:07,B07,M0286,Silver,App,Coffee,1,65,0.00,65.00,App Wallet,4
T001168,2025-11-26 15:20,B01,,,In-store,Coffee,1,70,0.00,70.00,Cash,
T001169,2025-11-26 16:12,B01,M0213,Silver,In-store,Coffee,2,75,0.00,150.00,Credit Card,4
T001170,2025-11-26 16:33,B01,M9772,Silver,App,Coffee,1,110,0.00,110.00,Credit Card,
T001171,2025-11-26 16:40,B05,M0307,Platinum,App,Tea,2,75,15.00,135.00,App Wallet,
T001172,2025-11-26 16:54,B07,,,In-store,Coffee,3,90,0.00,270.00,Credit Card,
T001173,2025-11-26 17:02,B05,M0001,Bronze,App,Coffee,1,90,0.00,90.00,Credit Card,
T001174,2025-11-26 17:13,B01,M0033,SILVER,In-store,Bakery,4,55,44.00,176.00,Credit Card,
T001175,2025-11-26 18:08,B01,M0045,Gold,In-store,Coffee,1,95,14.25,80.75,QR PromptPay,
T001176,2025-11-26 19:37,B08,,,In-store,Coffee,1,105,0.00,105.00,QR PromptPay,
T001177,2025-11-26 19:39,B02,,,In-store,Coffee,2,65,0.00,130.00,Credit Card,4
T001178,2025-11-26 19:57,B02,M0025,Gold,In-store,Coffee,4,80,0.00,320.00,QR PromptPay,
T001179,2025-11-27 07:51,B04,,,Delivery,Coffee,1,115,0.00,115.00,QR PromptPay,
T001180,2025-11-27 08:09,B08,M0149,Bronze,App,Coffee,3,55,0.00,165.00,Credit Card,
T001181,2025-11-27 09:05,B01,M0208,Gold,In-store,Coffee,2,55,0.00,110.00,QR PromptPay,
T001182,2025-11-27 09:37,B07,M0040,Bronze,In-store,Coffee,1,85,0.00,85.00,QR PromptPay,3
T001181,2025-11-27 09:45,B01,M0208,Gold,In-store,Coffee,-2,55,-0.00,-110.00,QR PromptPay,
T001183,2025-11-27 10:50,B07,,,In-store,Coffee,1,55,0.00,55.00,Cash,
T001184,2025-11-27 11:16,B07,M0193,Bronze,In-store,Coffee,1,70,0.00,70.00,Credit Card,3
T001185,2025-11-27 11:18,B08,,,App,Coffee,3,70,0.00,210.00,App Wallet,5
T001186,2025-11-27 12:10,B03,M0245,Platinum,App,Tea,1,85,17.00,68.00,App Wallet,
T001187,2025-11-27 12:17,B08,M0252,Gold,In-store,Coffee,1,110,16.50,93.50,QR PromptPay,3
T001188,2025-11-27 12:26,B06,,,App,Bakery,1,60,0.00,60.00,App Wallet,
T001189,2025-11-27 12:43,B01,,,In-store,Coffee,1,115,0.00,115.00,Cash,
T001190,2025-11-27 14:23,B05,M0176,Bronze,In-store,Tea,4,70,0.00,280.00,Credit Card,3
T001191,2025-11-27 15:03,B02,M0170,Gold,Delivery,Merchandise,4,545,0.00,2180.00,Cash,
T001192,2025-11-27 15:08,B07,M0196,Bronze,App,Coffee,3,65,0.00,195.00,Credit Card,3
T001193,2025-11-27 15:22,B03,M0224,Gold,App,Bakery,2,95,0.00,190.00,App Wallet,5
T001194,2025-11-27 16:31,B05,M0092,Bronze,In-store,Coffee,1,55,5.50,49.50,QR PromptPay,
T001195,2025-11-27 16:35,B02,M0265,Gold,In-store,Coffee,3,100,0.00,300.00,QR PromptPay,
T001196,2025-11-27 16:36,B07,,,In-store,Coffee,3,55,0.00,165.00,Credit Card,3
T001197,2025-11-27 16:51,B04,M0302,Silver,App,Coffee,2,75,0.00,150.00,App Wallet,
T001198,2025-11-27 17:10,B05,M0180,Bronze,In-store,Bakery,1,100,0.00,100.00,QR PromptPay,3
T001199,2025-11-27 17:18,B01,M0135,Silver,Delivery,Coffee,1,70,0.00,70.00,Credit Card,
T001200,2025-11-27 18:58,B03,,,App,Coffee,1,80,0.00,80.00,App Wallet,
T001201,2025-11-27 19:11,B06,,,App,Bakery,1,55,0.00,55.00,App Wallet,4
T001202,2025-11-27 19:27,B01,,,In-store,Coffee,2,60,0.00,60.00,QR PromptPay,4
T001203,2025-11-27 19:44,B04,M0274,Bronze,In-store,Merchandise,1,280,0.00,280.00,QR PromptPay,
T001204,2025-11-28 07:13,B02,,,In-store,Tea,2,65,0.00,130.00,Cash,
T001205,2025-11-28 08:11,B08,M9064,Gold,Delivery,Bakery,1,45,0.00,45.00,Credit Card,5
T001206,2025-11-28 08:22,B07,M0093,silver,App,Coffee,3,90,0.00,270.00,App Wallet,2
T001207,2025-11-28 08:31,B01,M0281,Silver,In-store,Tea,3,60,0.00,180.00,QR PromptPay,
T001208,2025-11-28 09:22,B06,,,App,Bakery,2,105,0.00,210.00,App Wallet,
T001209,2025-11-28 09:24,B03,M0132,Bronze,In-store,Coffee,4,120,0.00,480.00,Cash,
T001210,2025-11-28 09:44,B08,,,App,Coffee,3,60,0.00,180.00,App Wallet,
T001211,2025-11-28 10:52, B04,M0287,Silver,In-store,Coffee,1,90,0.00,90.00,Cash,
T001212,2025-11-28 11:27,B05,,,In-store,Bakery,1,90,0.00,90.00,Credit Card,4
T001213,2025-11-28 13:16,B08,,,In-store,Coffee,1,60,0.00,60.00,QR PromptPay,4
T001214,2025-11-28 13:43,B04,M0143,Bronze,Delivery,Coffee,1,60,6.00,54.00,QR PromptPay,
T001215,2025-11-28 13:55,B04,M0115,Silver,Delivery,Tea,1,95,0.00,95.00,Credit Card,
T001216,2025-11-28 14:16,B06,,,In-store,Bakery,2,65,0.00,130.00,QR PromptPay,
T001217,2025-11-28 15:59,B08,,,App,Coffee,1,100,0.00,100.00,App Wallet,3
T001218,2025-11-28 16:16,B01,M0070,Bronze,Delivery,Coffee,1,115,0.00,115.00,Cash,3
T001219,2025-11-29 08:15,B02,M0082,Bronze,In-store,Coffee,1,55,11.00,44.00,Cash,
T001220,2025-11-29 08:46,B07,,,App,Coffee,2,70,0.00,140.00,App Wallet,3
T001221,2025-11-29 12:06,B05,M0288,Gold,In-store,Tea,2,75,22.50,127.50,QR PromptPay,4
T001222,2025-11-29 12:31,B04,,,App,Bakery,4,95,0.00,380.00,App Wallet,5
T001223,2025-11-29 12:42,B01,M0061,Silver,Delivery,Coffee,2,95,0.00,190.00,QR PromptPay,
T001224,2025-11-29 12:59,B05,M0240,PLATINUM,App,Merchandise,2,890,178.00,1602.00,Credit Card,4
T001225,2025-11-29 13:05,B01,M0224,Gold,In-store,Bakery,2,100,40.00,160.00,QR PromptPay,
T001226,2025-11-29 14:23,B03,M0164,Bronze,App,Bakery,1,90,13.50,76.50,App Wallet,4
T001227,2025-11-29 14:34,B04,M0099,Gold,Delivery,Coffee,1,65,3.25,61.75,QR PromptPay,
T001228,2025-11-29 14:49,B02,M0265,Gold,App,Coffee,2,65,0.00,130.00,App Wallet,
T001229,2025-11-29 14:56,B01,M0127,Silver,App,Bakery,1,55,0.00,55.00,Credit Card,
T001230,2025-11-29 16:10,B02,M0059,Gold,App,Coffee,1,70,0.00,70.00,App Wallet,
T001231,2025-11-29 16:47,B07,M0077,Gold,In-store,Merchandise,4,470,0.00,1880.00,Credit Card,
T001232,2025-11-29 16:48,B02,,,In-store,Tea,1,80,0.00,80.00,QR PromptPay,
T001233,2025-11-29 17:51,B01,M0290,Silver,App,Coffee,1,85,0.00,85.00,Credit Card,
T001234,2025-11-29 18:14,B02,M0302,Silver,App,Coffee,1,120,24.00,96.00,App Wallet,
T001235,2025-11-30 07:47,B5,M0055,Silver,App,Tea,2,65,0.00,130.00,App Wallet,3
T001236,2025-11-30 07:59,B04,M0145,Bronze,In-store,Tea,1,55,0.00,55.00,QR PromptPay,
T001237,2025-11-30 08:31,B01,,,Delivery,Coffee,67,85,0.00,5695.00,Credit Card,4
T001238,2025-11-30 09:21,B04,M0051,Gold,In-store,Coffee,1,110,0.00,110.00,Cash,5
T001239,2025-11-30 09:29,B08,M0203,Bronze,In-store,Coffee,3,105,63.00,252.00,Credit Card,2
T001240,2025-11-30 09:33,B06,,,In-store,Tea,1,75,0.00,75.00,Cash,
T001241,2025-11-30 09:55,B07,M0284,Bronze,In-store,Bakery,4,105,63.00,357.00,Credit Card,
T001242,2025-11-30 10:13,B05,,,in-store,Coffee,2,80,0.00,160.00,QR PromptPay,
T001243,2025-11-30 10:21,B03,M0309,Silver,Delivery,Coffee,1,70,0.00,70.00,Cash,
T001244,2025-11-30 10:39,B02,M0228,Gld,In-store,Coffee,4,65,0.00,260.00,Credit Card,
T001245,2025-11-30 10:41,B07,,,In-store,Coffee,4,80,0.00,320.00,Cash,
T001246,2025-11-30 10:55,B07,M9388,Bronze,Delivery,Coffee,1,85,0.00,85.00,Cash,
T001247,2025-11-30 11:30,B06,M0045,Gold,in-store,Tea,1,90,9.00,81.00,Credit Card,5
T001248,2025-11-30 12:07,B04,M0001,Bronze,Delivery,Bakery,3,75,0.00,225.00,QR PromptPay,3
T001249,2025-11-30 12:19,B01,M0276,Bronze,In-store,Coffee,4,90,0.00,360.00,QR PromptPay,
T001248,2025-11-30 12:58,b04,M0001,Bronze,Delivery,Bakery,-3,75,-0.00,-225.00,QR PromptPay,
T001250,2025-11-30 13:09,B07,M0093,Silver,In-store,Tea,3,85,0.00,255.00,QR PromptPay,1
T001251,2025-11-30 13:11,B04,M0252,Gold,Delivery,Coffee,1,75,0.00,75.00,QR PromptPay,
T001252,2025-11-30 13:17,B05,M0092,Bronze,In-store,Bakery,2,60,0.00,120.00,Cash,2
T001253,2025-11-30 13:58,B07,,,Delivery,Tea,1,55,0.00,55.00,Cash,
T001254,2025-11-30 14:30,B01,M0045,Gold,Delivery,Coffee,3,100,0.00,300.00,Credit Card,
T001255,2025-11-30 15:26, B01,M0147,Silver,In-store,Coffee,1,60,0.00,60.00,Credit Card,
T001256,2025-11-30 15:43,B05,M0052,Bronze,In-store,Coffee,3,120,0.00,360.00,QR PromptPay,
T001257,2025-11-30 16:44,B06,M0229,Platinum,Delivery,Coffee,3,115,0.00,345.00,Cash,3
T001258,2025-11-30 17:20,B07,M0077,Gold,App,Tea,1,75,0.00,75.00,Credit Card,
T001259,2025-11-30 17:21,B05,M0193,Bronze,Delivery,Coffee,1,105,0.00,105.00,QR PromptPay,
T001260,2025-11-30 17:24,B04,M0308,Gold,Delivery,Merchandise,1,810,0.00,810.00,Cash,
T001261,2025-11-30 17:27,B08,M0051,Gold,App,Tea,3,60,0.00,180.00,Credit Card,
T001262,2025-11-30 17:36,B04,,,App,Coffee,1,90,0.00,80.00,App Wallet,5
T001263,2025-11-30 17:53,B07,,,In-store,Coffee,2,105,0.00,210.00,Credit Card,3
T001264,2025-11-30 18:15,B02,M0233,Bronze,In-store,Tea,2,70,0.00,140.00,Credit Card,
T001258,2025-11-30 18:33,B07,M0077,Gold,App,Tea,-1,75,-0.00,-75.00,Credit Card,
T001265,2025-11-30 18:47,B01,M0208,Gold,App,Coffee,2,70,0.00,140.00,Credit Card,2
T001266,2025-11-30 19:04,B07,M0252,gold,Delivery,Merchandise,4,655,0.00,2620.00,QR PromptPay,
T001267,2025-11-30 19:39,B03,M0004,Bronze,App,Coffee,3,85,0.00,255.00,App Wallet,
T001268,2025-11-30 19:39,B05,M0310,Gold,App,Coffee,4,110,66.00,374.00,App Wallet,
T001269,2025-12-01 07:16,B03,,,In-store,Bakery,2,70,0.00,140.00,Credit Card,4
T001269,2025-12-01 07:16,B03,,,In-store,Bakery,2,70,0.00,140.00,Credit Card,4
T001270,2025-12-01 08:01,B01,M0045,Gold,In-store,Coffee,4,55,0.00,220.00,Cash,4
T001271,2025-12-01 08:06,B05,M0120,bronze,In-store,Bakery,3,50,0.00,150.00,QR PromptPay,
T001272,2025-12-01 08:09,B02,,,Delivery,Coffee,1,70,0.00,70.00,QR PromptPay,
T001273,2025-12-01 08:13,B04,,,App,Coffee,3,70,0.00,210.00,App Wallet,4
T001274,2025-12-01 08:28,B08,M0184,Bronze,In-store,Coffee,2,85,0.00,170.00,QR PromptPay,
T001275,2025-12-01 08:40,B02,M0142,Silver,App,Coffee,2,55,22.00,88.00,App Wallet,4
T001276,2025-12-01 09:30,B01,,,In-store,Bakery,2,45,0.00,90.00,Cash,
T001277,2025-12-01 10:03,B07,M0015,Gold,In-store,Bakery,1,95,0.00,95.00,QR PromptPay,5
T001278,2025-12-01 12:09,B05,,,In-store,Coffee,2,100,0.00,200.00,Cash,
T001278,2025-12-01 12:09,B05,,,In-store,Coffee,2,100,0.00,200.00,Cash,
T001279,2025-12-01 13:04,B03,M0004,Bronze,In-store,Coffee,2,55,0.00,110.00,QR PromptPay,
T001280,2025-12-01 13:09,B02,,,In-store,Coffee,3,105,0.00,315.00,QR PromptPay,3
T001281,2025-12-01 13:37,B03,M0059,Gold,App,Bakery,1,90,18.00,72.00,App Wallet,
T001282,2025-12-01 13:43,B01,M0059,Gold,In-store,Tea,1,65,3.25,61.75,Credit Card,5
T001283,2025-12-01 14:00,B04,M0079,Silver,In-store,Coffee,3,120,0.00,360.00,QR PromptPay,
T001284,2025-12-01 14:16,B05,,,In-store,Bakery,1,85,0.00,85.00,Cash,4
T001285,2025-12-01 14:27,B07,M0325,Platinum,App,Bakery,1,50,0.00,50.00,Credit Card,2
T001286,2025-12-01 15:33,B05,M0222,Silver,App,Coffee,2,55,0.00,110.00,Credit Card,5
T001287,2025-12-01 15:53,B08,M0051,Gold,Delivery,Bakery,1,55,11.00,44.00,QR PromptPay,
T001288,2025-12-01 15:54,B01,M0147,Silver,In-store,Tea,1,55,2.75,52.25,Cash,
T001289,2025-12-01 16:01,B01,,,In-store,Bakery,4,50,0.00,200.00,Credit Card,4
T001290,2025-12-01 16:38,B07,,,In-store,Coffee,1,100,0.00,100.00,Cash,
T001291,2025-12-01 16:57,B07,,,In-store,Bakery,1,105,0.00,105.00,Cash,
T001292,2025-12-01 16:59,B05,M0055,Silver,In-store,Coffee,1,115,0.00,115.00,Credit Card,
T001293,2025-12-01 17:15,B01,M0198,Bronze,In-store,Coffee,1,110,0.00,110.00,Cash,
T001294,2025-12-01 17:32,B04,M0274,Bronze,In-store,Coffee,3,105,47.25,267.75,Cash,
T001295,2025-12-01 19:15,B05,,,App,Bakery,1,70,0.00,70.00,App Wallet,
T001296,2025-12-02 07:45,B08,M0171,Gold,In-store,Coffee,1,115,5.75,109.25,Credit Card,
T001297,2025-12-02 09:07,B05,M0223,Silver,App,Coffee,1,90,0.00,90.00,Credit Card,5
T001298,2025-12-02 09:22,B01,M0261,Platinum,In-store,Coffee,3,105,47.25,267.75,QR PromptPay,5
T001299,2025-12-02 09:48,B05,M0055,Silver,Delivery,Coffee,2,115,0.00,230.00,QR PromptPay,
T001300,2025-12-02 12:04,B07,,,In-store,Coffee,1,110,0.00,110.00,QR PromptPay,5
T001301,2025-12-02 12:28,B04,M9772,Gold,In-store,Coffee,3,120,72.00,288.00,Cash,5
T001302,2025-12-02 13:01,B02,M0007,Bronze,Delivery,Coffee,1,75,0.00,75.00,QR PromptPay,
T001303,2025-12-02 13:20,B07,M0193,Bronze,In-store,Merchandise,2,375,0.00,750.00,Credit Card,
T001304,2025-12-02 13:42,B05,M0240,Platinum,App,Bakery,4,75,45.00,255.00,Credit Card,5
T001305,2025-12-02 13:47,B1,,,Delivery,Tea,1,80,0.00,80.00,Cash,5
T001306,2025-12-02 14:50,B05,,,In-store,Coffee,3,55,0.00,165.00,QR PromptPay,4
T001307,2025-12-02 15:44,B02,M0142,Silver,App,Coffee,1,120,0.00,120.00,Credit Card,
T001308,2025-12-02 16:11,B08,M0049,Silver,Delivery,Coffee,2,70,0.00,140.00,Cash,4
T001309,2025-12-02 16:19,B08,M0222,Silver,In-store,Merchandise,1,315,0.00,315.00,QR PromptPay,
T001310,2025-12-02 16:58,B07,,,In-store,Bakery,1,60,0.00,60.00,Credit Card,
T001311,2025-12-02 17:38,B05,,,Delivery,Coffee,1,55,0.00,55.00,Credit Card,5
T001312,2025-12-02 17:47,B04,M0301,Bronze,In-store,Tea,4,60,0.00,240.00,Credit Card,3
T001313,2025-12-02 18:56,B03,M0164,Bronze,In-store,Coffee,2,55,0.00,110.00,QR PromptPay,3
T001314,2025-12-03 07:30,b06,M0273,Silver,In-store,Coffee,1,95,0.00,95.00,Credit Card,2
T001315,2025-12-03 07:51,B07,M0279,Bronze,App,Coffee,2,115,0.00,230.00,App Wallet,
T001316,2025-12-03 08:11,B03,,,In-store,Coffee,2,65,0.00,130.00,Credit Card,
T001317,2025-12-03 08:40,B06,M0129,Silver,Delivery,Bakery,1,85,0.00,85.00,Cash,
T001318,2025-12-03 09:49,B04,M0096,Gold,In-store,Bakery,4,100,0.00,400.00,Credit Card,
T001319,2025-12-03 11:21,B05,,,Delivery,Bakery,1,55,0.00,55.00,QR PromptPay,
T001320,2025-12-03 11:23,B05,,,App,Merchandise,1,755,0.00,755.00,App Wallet,4
T001321,2025-12-03 11:27,B05,M0285,Bronze,App,Coffee,4,115,0.00,460.00,App Wallet,4
T001322,2025-12-03 11:27,B08,M0199,Silver,App,Coffee,1,100,0.00,100.00,App Wallet,
T001323,2025-12-03 11:33,B04,M0028,Silver,In-store,Coffee,2,55,0.00,110.00,Credit Card,
T001324,2025-12-03 11:34,B07,M0088,Bronze,In-store,Coffee,1,70,0.00,70.00,Cash,
T001325,2025-12-03 11:43,B01,M0048,Silver,In-store,Coffee,1,90,0.00,90.00,Cash,3
T001326,2025-12-03 11:54,B07,M0093,Silver,Delivery,Coffee,1,90,0.00,90.00,Cash,
T001327,2025-12-03 13:19,B05,,,In-store,Coffee,3,85,0.00,255.00,Cash,
T001328,2025-12-03 13:54,B05,M0202,Brz,In-store,Coffee,1,65,0.00,65.00,Cash,5
T001329,2025-12-03 14:32,B02,,,Delivery,Coffee,3,100,0.00,300.00,Cash,4
T001330,2025-12-03 14:49,B01,M0203,Bronze,In-store,Tea,3,60,0.00,180.00,Cash,4
T001331,2025-12-03 15:14,B06,M0304,Platinum,In-store,Bakery,2,100,40.00,160.00,Cash,1
T001332,2025-12-03 16:04,B01,M0070,Bronze,Delivery,Bakery,2,45,0.00,90.00,Cash,5
T001333,2025-12-03 17:36,B06,M0313,Brz,In-store,Coffee,2,70,0.00,140.00,Cash,2
T001334,2025-12-03 17:51,B08,,,In-store,Coffee,3,120,0.00,360.00,Credit Card,
T001335,2025-12-03 19:21,B04,M0274,Bronze,In-store,Coffee,1,80,0.00,80.00,Credit Card,5
T001336,2025-12-04 07:11,B01,M0276,Bronze,App,Bakery,2,70,0.00,140.00,Credit Card,
T001337,2025-12-04 08:03,B01,M0276,Bronze,In-store,Coffee,2,110,0.00,220.00,QR PromptPay,
T001338,2025-12-04 09:36,B03,M0254,Bronze,In-store,Tea,1,55,5.50,49.50,Credit Card,5
T001339,2025-12-04 09:51,B03,,,In-store,Coffee,1,90,0.00,90.00,Cash,
T001340,2025-12-04 10:40,B02,M0142,Silver,Delivery,Bakery,1,95,0.00,95.00,Credit Card,5
T001341,2025-12-04 11:27,B06,M0313,Bronze,Delivery,Coffee,1,110,0.00,110.00,QR PromptPay,
T001342,2025-12-04 11:59,B07,M0259,Brz,App,Coffee,1,55,0.00,55.00,App Wallet,
T001343,2025-12-04 12:26,B05,M0297,Bronze,In-store,Tea,3,60,0.00,180.00,QR PromptPay,4
T001344,2025-12-04 12:38,B04,,,App,Coffee,4,110,0.00,440.00,App Wallet,
T001345,2025-12-04 12:41,B06,M0260,Gld,Delivery,Coffee,1,105,0.00,105.00,Credit Card,
T001346,2025-12-04 12:54,B08,M0119,Bronze,In store,Coffee,1,80,0.00,80.00,Cash,
T001347,2025-12-04 13:11,B03,M0115,Silver,Delivery,Coffee,1,110,0.00,110.00,QR PromptPay,
T001348,2025-12-04 13:15,B03,M0085,Bronze,Delivery,Coffee,4,70,0.00,280.00,Cash,3
T001349,2025-12-04 13:19,B02,M0015,Gold,Delivery,Coffee,1,65,0.00,65.00,Cash,
T001350,2025-12-04 13:37,B02,M0007,Bronze,In-store,Bakery,3,80,0.00,240.00,QR PromptPay,
T001351,2025-12-04 13:50,B02,,,In-store,Bakery,1,100,0.00,100.00,Credit Card,4
T001352,2025-12-04 14:30,B04,,,In-store,Coffee,1,120,0.00,120.00,QR PromptPay,
T001353,2025-12-04 14:44,B06,M0313,bronze,In-store,Coffee,3,80,0.00,240.00,QR PromptPay,3
T001354,2025-12-04 15:24,B01,M0114,Silver,App,Coffee,2,85,0.00,170.00,App Wallet,
T001355,2025-12-04 16:24,B04,M0019,Bronze,App,Coffee,1,120,0.00,120.00,App Wallet,3
T001356,2025-12-04 16:39,B04,M0082,Bronze,APP,Merchandise,3,670,0.00,2010.00,App Wallet,4
T001357,2025-12-04 19:04,B08,M0316,Platinum,In-store,Tea,3,90,0.00,270.00,QR PromptPay,
T001358,2025-12-05 07:53,B04,M0294,Bronze,App,Coffee,1,75,0.00,75.00,Credit Card,4
T001359,2025-12-05 08:03,B07,M0040,Bronze,In-store,Coffee,2,115,0.00,230.00,Credit Card,5
T001360,2025-12-05 08:20,B04,M0258,Bronze,app,Tea,2,80,0.00,160.00,Credit Card,
T001361,2025-12-05 08:25,B01,M0324,Gold,In-store,Coffee,1,110,22.00,88.00,Credit Card,3
T001362,2025-12-05 08:32,B06,M0056,Platinum,App,Coffee,1,105,21.00,84.00,App Wallet,
T001363,2025-12-05 09:15,B06,M0273,Silver,In store,Merchandise,2,365,36.50,693.50,Cash,
T001364,2025-12-05 09:54,B03,M0078,Bronze,In-store,Coffee,4,65,39.00,221.00,QR PromptPay,
T001365,2025-12-05 09:57,B07,M0130,Platinum,In-store,Coffee,1,55,11.00,44.00,QR PromptPay,
T001366,2025-12-05 10:28,B06,M0056,Platinum,Delivery,Coffee,4,80,0.00,320.00,QR PromptPay,
T001367,2025-12-05 10:41,B02,M0069,Platinum,in-store,Coffee,1,120,24.00,96.00,QR PromptPay,
T001368,2025-12-05 10:46,B03,M0118,Gold,App,Coffee,1,105,10.50,94.50,App Wallet,
T001369,2025-12-05 10:48,B05,M9772,Gold,In-store,Tea,1,65,0.00,65.00,Credit Card,
T001370,2025-12-05 10:49,B02,M0160,Bronze,In-store,Bakery,4,95,0.00,380.00,Credit Card,
T001371,2025-12-05 11:52,B03,,,App,Tea,2,95,0.00,190.00,Credit Card,
T001372,2025-12-05 12:41,B03,M0132,Bronze,App,Coffee,1,105,0.00,105.00,App Wallet,
T001373,2025-12-05 12:45,B07,M0325,Platinum,In-store,Coffee,2,110,0.00,220.00,Credit Card,
T001374,2025-12-05 12:54,B07,M0077,Gold,In-store,Coffee,1,115,0.00,115.00,Credit Card,
T001375,2025-12-05 13:20,B02,M0269,Gold,App,Coffee,1,120,0.00,120.00,App Wallet,
T001376,2025-12-05 13:26,B04,,,App,Tea,3,75,0.00,225.00,Credit Card,
T001377,2025-12-05 13:49,B04,M0287,Silver,In-store,Coffee,3,100,0.00,300.00,QR PromptPay,
T001378,2025-12-05 16:10,B08,M0056,Platinum,In-store,Merchandise,2,615,0.00,1230.00,QR PromptPay,
T001379,2025-12-05 16:22,B01,M0048,Silver,App,Bakery,1,105,0.00,105.00,App Wallet,3
T001380,2025-12-05 16:29,B05,M0223,Silver,App,Coffee,1,120,6.00,114.00,App Wallet,4
T001381,2025-12-05 16:41,B03,,,Delivery,Coffee,4,75,0.00,300.00,Cash,5
T001382,2025-12-05 17:08,B05,,,App,Coffee,1,75,0.00,75.00,Credit Card,3
T001380,2025-12-05 17:39,B05,M0223,Silver,App,Coffee,-1,120,-6.00,-114.00,App Wallet,
T001383,2025-12-05 18:35,B02,,,In-store,Coffee,2,65,0.00,130.00,Credit Card,
T001384,2025-12-05 18:41,B01,M0045,Gold,Delivery,Bakery,1,100,0.00,100.00,Cash,4
T001385,2025-12-05 19:34,B07,M0050,Silver,In-store,Coffee,1,90,0.00,90.00,QR PromptPay,4
T001386,2025-12-05 19:38,B01,M0031,Bronze,In-store,Coffee,1,60,9.00,51.00,QR PromptPay,3
T001387,2025-12-06 08:03,B05,M0240,Platinum,In-store,Bakery,1,฿55.00,5.50,49.50,QR PromptPay,
T001388,2025-12-06 08:09,B04,M0144,Silver,App,Coffee,1,55,11.00,44.00,Credit Card,
T001389,2025-12-06 08:25,B04,M0308,Gold,Delivery,Coffee,1,90,0.00,90.00,QR PromptPay,
T001390,2025-12-06 08:30,B04,,,In-store,Coffee,1,80,0.00,80.00,Cash,
T001391,2025-12-06 08:40,B05,M0267,Silver,In-store,Coffee,1,55,0.00,55.00,Credit Card,
T001392,2025-12-06 08:40,B06,,,In-store,Coffee,4,65,0.00,260.00,Cash,5
T001393,2025-12-06 08:57,B02,,,In-store,Coffee,1,75,0.00,75.00,Credit Card,
T001394,2025-12-06 09:06,B02,M0148,Gold,In-store,Merchandise,1,835,125.25,709.75,Cash,5
T001395,2025-12-06 10:03,B02,M0082,Bronze,In store,Coffee,2,105,0.00,210.00,QR PromptPay,
T001396,2025-12-06 10:09,B01,M0096,Gold,App,Coffee,4,60,48.00,192.00,App Wallet,
T001397,2025-12-06 10:29,B08,M0143,Bronze,In-store,Bakery,4,60,0.00,240.00,QR PromptPay,
T001398,2025-12-06 11:02,B03,M0121,SILVER,In-store,Bakery,1,100,20.00,80.00,QR PromptPay,3
T001399,2025-12-06 11:24,B01,M0276,Bronze,In-store,Coffee,2,80,0.00,160.00,Cash,3
T001400,2025-12-06 11:48,B07,M0279,Bronze,In-store,Merchandise,2,620,0.00,1240.00,Credit Card,
T001401,2025-12-06 12:34,B06,M0288,Gold,In-store,Coffee,3,105,15.75,299.25,Credit Card,
T001402,2025-12-06 12:53,B01,M0114,silver,In-store,Bakery,1,100,20.00,80.00,Cash,
T001403,2025-12-06 12:59,B08,M0274,Bronze,Delivery,Coffee,2,75,7.50,142.50,Cash,3
T001404,2025-12-06 13:13,B01,,,APP,Coffee,1,70,0.00,70.00,Credit Card,
T001405,2025-12-06 13:19,B08,M0053,Gold,Instore,Tea,2,75,7.50,142.50,Credit Card,
T001406,2025-12-06 14:21,B03,M0078,Bronze,In-store,Coffee,3,105,0.00,315.00,Credit Card,
T001407,2025-12-06 16:25,B08,M0119,Bronze,In-store,Tea,2,65,0.00,130.00,Credit Card,
T001408,2025-12-06 16:43,B01,M0114,Silver,Delivery,Coffee,1,65,0.00,65.00,Credit Card,
T001409,2025-12-06 19:13,B04,M0258,Bronze,App,Coffee,1,65,0.00,65.00,Credit Card,
T001410,2025-12-06 19:21,B07,M0170,Gold,Delivery,Tea,1,95,0.00,95.00,QR PromptPay,
T001411,2025-12-07 08:01,B08,,,In-store,Bakery,2,60,0.00,120.00,Cash,
T001412,2025-12-07 08:23,B08,M0069,Platinum,In-store,Bakery,1,70,0.00,70.00,Cash,
T001413,2025-12-07 08:28,B02,M0015,Gold,Delivery,Coffee,3,80,0.00,240.00,Credit Card,3
T001414,2025-12-07 08:51,B01,M0061,Silver,In-store,Merchandise,1,760,0.00,760.00,QR PromptPay,2
T001415,2025-12-07 09:01,B07,M0284,Bronze,In-store,Bakery,2,9999,0.00,19998.00,Credit Card,4
T001416,2025-12-07 09:25,B08,M0013,Bronze,In-store,Coffee,1,65,0.00,65.00,QR PromptPay,
T001417,2025-12-07 10:51,B05,M0118,Gold,Delivery,Coffee,3,100,30.00,270.00,Cash,4
T001418,2025-12-07 11:03,B04,,,In-store,Coffee,1,115,0.00,115.00,QR PromptPay,
T001419,2025-12-07 12:01,B04,M0059,Gold,Delivery,Coffee,2,90,0.00,180.00,QR PromptPay,3
T001420,2025-12-07 12:10,B06,M0219,Bronze,App,Coffee,2,120,0.00,240.00,App Wallet,
T001421,2025-12-07 12:11,B06,M0164,Bronze,In-store,Coffee,3,95,0.00,285.00,Cash,4
T001422,2025-12-07 12:16,B02,,,In-store,Coffee,1,70,0.00,70.00,QR PromptPay,
T001423,2025-12-07 12:58,B01,M0058,Gold,Delivery,Coffee,1,70,10.50,59.50,QR PromptPay,5
T001424,2025-12-07 13:04,B08,M0297,Bronze,In-store,Bakery,1,95,0.00,95.00,QR PromptPay,
T001425,2025-12-07 13:12,B07,M0196,Bronze,In-store,Coffee,1,120,0.00,120.00,Credit Card,
T001426,2025-12-07 13:33,B07,M0288,Gold,In-store,Coffee,1,90,0.00,90.00,QR PromptPay,
T001427,2025-12-07 16:00,B01,M0045,Gold,App,Coffee,1,95,0.00,95.00,App Wallet,
T001428,2025-12-07 16:21,B08,M0119,Bronze,In-store,Tea,4,55,44.00,176.00,Cash,4
T001429,2025-12-07 16:21,B08,M0002,Bronze,In-store,Bakery,2,110,0.00,220.00,QR PromptPay,
T001430,2025-12-07 16:33,B07,,,Delivery,Coffee,1,105,0.00,105.00,Credit Card,
T001431,2025-12-07 17:05,B06,M0003,Bronze,In-store,Coffee,1,70,0.00,70.00,QR PromptPay,
T001432,2025-12-07 17:17,B07,M0077,Gold,Delivery,Coffee,1,55,0.00,55.00,Cash,4
T001433,2025-12-07 18:50,B04,M0308,Gold,In-store,Tea,2,50,0.00,100.00,Credit Card,
T001434,2025-12-08 07:23,B05,M0129,Silver,Delivery,Coffee,4,70,0.00,280.00,QR PromptPay,
T001435,2025-12-08 09:05,B07,,,In-store,Tea,1,70,0.00,70.00,Credit Card,4
T001436,2025-12-08 09:56,B08,M0149,Bronze,App,Tea,1,฿95,0.00,95.00,Credit Card,
T001437,2025-12-08 10:35,B01,M0045,gold,In-store,Bakery,2,95,38.00,152.00,Cash,
T001438,2025-12-08 10:46,B02,M0262,Silver,App,Coffee,2,85,17.00,153.00,Credit Card,3
T001439,2025-12-08 10:54,B02,M0177,Bronze,In-store,Tea,1,65,0.00,65.00,Cash,
T001440,2025-12-08 11:52,B01,,,In-store,Coffee,1,85,0.00,85.00,QR PromptPay,
T001441,2025-12-08 12:03,B08,M9064,Bronze,In-store,Bakery,1,50,0.00,50.00,Cash,
T001442,2025-12-08 12:14,B03,,,In-store,Coffee,2,95,0.00,190.00,Cash,
T001443,2025-12-08 12:18,B03,M0142,Silver,In-store,Bakery,4,75,60.00,240.00,Credit Card,
T001444,2025-12-08 13:25,B01,M0261,Platinum,App,Bakery,2,105,0.00,210.00,Credit Card,4
T001445,2025-12-08 13:54,B07,,,In-store,Coffee,3,85,0.00,255.00,Credit Card,
T001446,2025-12-08 14:13,B03,,,In-store,Coffee,4,70,0.00,280.00,Cash,4
T001447,2025-12-08 14:22,B02,M0272,Bronze,In-store,Coffee,1,115,0.00,115.00,Cash,3
T001448,2025-12-08 15:52,B01,M0307,Platinum,In-store,Tea,1,85,0.00,85.00,QR PromptPay,5
T001449,2025-12-08 15:57,B07,,,App,Merchandise,1,565,0.00,565.00,App Wallet,
T001450,2025-12-08 16:06,B01,M0294,Bronze,In-store,Bakery,4,65,0.00,260.00,Cash,5
T001451,2025-12-08 16:08,B02,M0119,Bronze,In-store,Tea,3,75,0.00,225.00,Cash,
T001452,2025-12-08 16:24,B04,,,In-store,Coffee,1,100,0.00,100.00,QR PromptPay,
T001453,2025-12-08 16:25,B08,M0077,Gold,App,Tea,2,95,0.00,190.00,Credit Card,
T001454,2025-12-08 16:56,B05,M0297,Bronze,App,Coffee,1,70,0.00,70.00,Credit Card,5
T001455,2025-12-08 18:44,B03,M0066,Bronze,In-store,Coffee,2,110,11.00,209.00,QR PromptPay,3
T001456,2025-12-08 19:55,B02,M0061,Silver,In-store,Coffee,3,65,0.00,195.00,QR PromptPay,4
T001457,2025-12-08 19:56,B04,M0038,Gold,In-store,Coffee,1,85,4.25,80.75,Cash,
T001458,2025-12-09 07:37,B01,M0261,Platinum,In-store,Merchandise,1,500,100.00,400.00,QR PromptPay,
T001459,2025-12-09 08:06,B02,M0222,Silver,App,Bakery,3,85,12.75,242.25,Credit Card,
T001460,2025-12-09 08:18,B02,M0228,gold,In-store,Coffee,2,105,42.00,168.00,Cash,
T001461,2025-12-09 08:26,B4,M0048,Silver,In-store,Coffee,2,55,0.00,110.00,Cash,3
T001462,2025-12-09 08:30,B01,,,Delivery,Coffee,4,85,0.00,340.00,Cash,4
T001463,2025-12-09 08:44,B01,,,Delivery,Coffee,1,115,0.00,115.00,QR PromptPay,
T001464,2025-12-09 09:18,B05,M0240,Platinum,In-store,Coffee,1,60,0.00,60.00,Credit Card,
T001465,2025-12-09 09:29,B06,M0304,Platinum,App,Coffee,3,100,30.00,270.00,Credit Card,
T001466,2025-12-09 10:58,B02,M0222,silver,In-store,Tea,1,70,0.00,70.00,QR PromptPay,5
T001467,2025-12-09 12:18,B04,,,App,Coffee,1,60,0.00,60.00,App Wallet,
T001468,2025-12-09 13:08,B04,M0115,Silver,In-store,Bakery,1,105,0.00,105.00,Cash,4
T001469,2025-12-09 13:30,B04,,,App,Coffee,1,60,0.00,60.00,Credit Card,3
T001470,2025-12-09 13:42,B07,M0040,BRONZE,Delivery,Coffee,1,70,10.50,59.50,QR PromptPay,
T001471,2025-12-09 14:33,B02,M0102,Platinum,In-store,Bakery,1,75,105.21,-30.21,Credit Card,
T001472,2025-12-09 14:41,B07,M0040,Bronze,In-store,Coffee,1,110,0.00,110.00,Cash,
T001473,2025-12-09 14:59,B06,,,In-store,Coffee,1,65,0.00,65.00,Cash,
T001474,2025-12-09 15:20,B05,M0055,Silver,App,Tea,1,85,0.00,85.00,Credit Card,
T001475,2025-12-09 15:59,B03,,,Delivery,Coffee,1,75,0.00,75.00,Credit Card,4
T001476,2025-12-09 16:51,B07,M0077,Gold,App,Coffee,3,105,0.00,315.00,Credit Card,
T001477,2025-12-09 17:08,B05,M0092,Bronze,in-store,Tea,1,75,0.00,75.00,Credit Card,4
T001478,2025-12-09 19:10,B05,M0176,Bronze,App,Coffee,1,95,0.00,95.00,Credit Card,
T001478,2025-12-09 19:48,B05,M0176,Bronze,App,Coffee,-1,95,-0.00,-95.00,Credit Card,
T001479,2025-12-10 07:09,B03,M0059,Gold,In-store,Bakery,3,70,0.00,210.00,Credit Card,5
T001480,2025-12-10 07:16,B07,M0124,Bronze,Delivery,Coffee,3,60,0.00,180.00,Credit Card,4
T001481,2025-12-10 08:04,B08,M0051,GOLD,App,Coffee,1,90,9.00,81.00,App Wallet,
T001482,2025-12-10 08:08,B01,M0261,Platinum,In-store,Coffee,4,75,60.00,240.00,QR PromptPay,
T001483,2025-12-10 08:33,B07,M0050,Silver,In-store,Coffee,1,85,0.00,85.00,QR PromptPay,2
T001484,2025-12-10 08:38,B08,M0184,Bronze,In-store,Coffee,3,80,0.00,240.00,Credit Card,5
T001485,2025-12-10 08:50,B08,M0259,Bronze,Delivery,Coffee,1,65,0.00,65.00,QR PromptPay,
T001486,2025-12-10 08:55,B08,M0160,Bronze,In-store,Tea,2,70,0.00,140.00,QR PromptPay,
T001487,2025-12-10 10:37,B04,,,In-store,Merchandise,1,410,0.00,410.00,Credit Card,5
T001488,2025-12-10 10:46,B05,,,Delivery,Coffee,2,80,0.00,160.00,QR PromptPay,
T001489,2025-12-10 11:30,B01,M0114,Silver,App,Coffee,1,85,0.00,85.00,Credit Card,
T001490,2025-12-10 13:12,B03,,,In-store,Bakery,1,95,0.00,95.00,Credit Card,
T001491,2025-12-10 13:12,B07,,,Delivery,Bakery,4,110,0.00,440.00,Credit Card,
T001492,2025-12-10 13:15,B01,M0045,Gold,App,Tea,2,60,18.00,102.00,Credit Card,5
T001493,2025-12-10 14:51,B07,M0077,Gold,In-store,Coffee,3,115,0.00,345.00,Cash,
T001494,2025-12-10 15:20,B06,M0171,Gold,Delivery,Coffee,1,100,20.00,80.00,Credit Card,
T001495,2025-12-10 16:39,B06,M0058,Gold,Delivery,Coffee,4,105,0.00,420.00,Credit Card,
T001496,2025-12-10 16:40,B06,,,Delivery,Tea,3,65,0.00,195.00,Credit Card,4
T001497,2025-12-10 17:26,B01,M0302,Silver,Delivery,Merchandise,1,695,0.00,695.00,QR PromptPay,
T001498,2025-12-10 18:02,B02,M0142,Silver,App,Coffee,1,55,0.00,55.00,App Wallet,3
T001499,2025-12-10 18:21,B02,M0007,Bronze,In-store,Coffee,2,115,0.00,230.00,QR PromptPay,
T001500,2025-12-10 19:07,B04,,,In-store,Merchandise,1,615,0.00,615.00,Credit Card,5
T001501,2025-12-10 19:37,B05,M0276,Bronze,App,Coffee,1,65,0.00,65.00,Credit Card,
T001502,2025-12-11 07:18,B06,M0257,Silver,App,Coffee,1,75,0.00,75.00,Credit Card,
T001503,2025-12-11 09:44,B06,M0003,Bronze,In-store,Bakery,1,105,0.00,105.00,Cash,4
T001504,2025-12-11 09:45,B02,,,In-store,Coffee,2,110,0.00,220.00,Credit Card,
T001505,2025-12-11 09:46,B06,,,App,Coffee,2,60,0.00,120.00,Credit Card,
T001506,2025-12-11 10:08,B06,,,App,Coffee,1,70,0.00,70.00,Credit Card,
T001507,2025-12-11 10:45,B07,M0077,Gold,App,Coffee,1,95,0.00,95.00,Credit Card,
T001508,2025-12-11 10:48,B03,,,In-store,Coffee,1,95,0.00,95.00,QR PromptPay,
T001508,2025-12-11 10:48,B03,,,In-store,Coffee,1,95,0.00,95.00,QR PromptPay,
T001509,2025-12-11 12:10,B06,M0229,Platinum,App,Coffee,1,80,0.00,80.00,Credit Card,
T001510,2025-12-11 12:11,B06,M0260,Gold,In-store,Merchandise,3,870,0.00,2610.00,Cash,
T001511,2025-12-11 12:17,B07,M0224,Gold,In-store,Tea,1,75,0.00,75.00,Cash,3
T001512,2025-12-11 12:25,B08,,,Delivery,Coffee,1,70,0.00,70.00,QR PromptPay,
T001513,2025-12-11 12:31,B03,M0078,Bronze,In-store,Bakery,2,45,0.00,90.00,Credit Card,
T001514,2025-12-11 12:40,B04,,,Instore,Coffee,2,110,0.00,220.00,QR PromptPay,
T001515,2025-12-11 12:53,B03,M0059,Gold,In-store,Coffee,3,110,0.00,330.00,QR PromptPay,
T001516,2025-12-11 13:00,B03,,,Delivery,Tea,2,70,0.00,140.00,QR PromptPay,
T001517,2025-12-11 13:15,B02,M9672,Gold,In-store,Merchandise,1,790,0.00,790.00,QR PromptPay,5
T001518,2025-12-11 13:28,B06,,,Delivery,Coffee,1,120,0.00,120.00,QR PromptPay,
T001519,2025-12-11 13:40,B07,M0245,Platinum,App,Coffee,1,90,4.50,85.50,App Wallet,
T001520,2025-12-11 13:51,B07,M0280,Silver,App,Coffee,1,105,15.75,89.25,App Wallet,
T001521,2025-12-11 14:00,B08,M0204,Gold,In-store,Coffee,2,85,34.00,136.00,Cash,
T001522,2025-12-11 14:04,B06,M0304,Platinum,App,Bakery,4,110,88.00,352.00,App Wallet,
T001523,2025-12-11 14:26,B01,,,Delivery,Tea,1,85,0.00,85.00,QR PromptPay,
T001524,2025-12-11 16:07,B07,M0170,Gold,App,Coffee,3,120,0.00,360.00,App Wallet,
T001525,2025-12-11 16:47,B03,M0324,Gold,In-store,Coffee,3,85,0.00,255.00,Cash,
T001526,2025-12-11 16:50,B01,M0048,Silver,In-store,Coffee,1,115,0.00,115.00,QR PromptPay,4
T001527,2025-12-11 17:15,B08,M0180,Bronze,Delivery,Coffee,1,80,0.00,80.00,QR PromptPay,
T001528,2025-12-11 17:59,B02,M0003,Bronze,Delivery,Coffee,1,90,0.00,90.00,Credit Card,
T001529,2025-12-11 18:20,B05,,,In-store,Coffee,2,60,0.00,120.00,Credit Card,
T001530,2025-12-11 18:43,B08,M0012,Platinum,In-store,Coffee,1,75,15.00,60.00,QR PromptPay,
T001531,2025-12-11 18:54,B07,,,In-store,Coffee,2,85,0.00,170.00,Cash,
T001532,2025-12-11 18:56,B06,M0003,Brz,In-store,Coffee,2,95,0.00,120.00,Cash,3
T001533,2025-12-11 19:50,B08,M0226,Bronze,App,Coffee,1,55,0.00,55.00,App Wallet,
T001534,2025-12-12 07:36,B03,M0104,Silver,In-store,Bakery,1,75,0.00,75.00,QR PromptPay,
T001535,2025-12-12 07:42,B05,M0092,Bronze,Delivery,Tea,1,55,0.00,55.00,QR PromptPay,
T001536,2025-12-12 09:55,B02,M0082,Bronze,In-store,Coffee,2,60,24.00,96.00,QR PromptPay,2
T001537,2025-12-12 10:03,B07,,,App,Tea,1,85,0.00,85.00,Credit Card,5
T001538,2025-12-12 10:13,B03,M0078,Bronze,App,Bakery,1,95,9.50,85.50,App Wallet,5
T001539,2025-12-12 10:42,B04,M0099,Gold,In-store,Coffee,1,75,0.00,75.00,Cash,4
T001540,2025-12-12 11:17,B07,,,In-store,Coffee,2,105,0.00,210.00,Credit Card,
T001541,2025-12-12 12:28,B08,M0259,Bronze,In-store,Coffee,1,65,0.00,65.00,QR PromptPay,
T001542,2025-12-12 12:44,B08,M0171,Gold,In-store,Coffee,1,110,0.00,110.00,QR PromptPay,
T001543,2025-12-12 14:18,B02,M0051,Gold,App,Merchandise,1,820,0.00,820.00,Credit Card,
T001544,2025-12-12 14:34,B03,M0104,Silver,In-store,Coffee,4,60,0.00,240.00,Cash,4
T001545,2025-12-12 14:41,B02,M0058,Gold,In-store,Bakery,1,60,12.00,48.00,Credit Card,
T001546,2025-12-12 14:52,B04,,,In-store,Coffee,1,95,0.00,95.00,QR PromptPay,3
T001547,2025-12-12 15:21,B02,,,In-store,Bakery,2,90,0.00,180.00,QR PromptPay,4
T001548,2025-12-12 15:25,B06,M0304,Platinum,In-store,Tea,4,55,0.00,220.00,Credit Card,2
T001548,2025-12-12 15:25,B06,M0304,Platinum,In-store,Tea,4,55,0.00,220.00,Credit Card,2
T001549,2025-12-12 15:26,B06,M0059,Gold,In-store,Merchandise,1,585,117.00,468.00,QR PromptPay,3
T001550,2025-12-12 16:03,B08,,,In-store,Bakery,1,50,0.00,50.00,QR PromptPay,
T001551,2025-12-12 16:09, B05,,,Delivery,Coffee,1,65,0.00,65.00,QR PromptPay,
T001552,2025-12-12 17:43,B08,M0050,Silver,In-store,Bakery,1,85,0.00,85.00,Cash,3
T001553,2025-12-12 18:22,B04,M0099,Gold,App,Bakery,1,45,0.00,45.00,App Wallet,
T001554,2025-12-12 19:21,B07,,,In-store,Coffee,1,115,0.00,115.00,QR PromptPay,5
T001555,2025-12-13 07:23,B02,,,Delivery,Coffee,1,60,0.00,60.00,QR PromptPay,
T001556,2025-12-13 08:46,B07,,,In-store,Coffee,3,110,0.00,330.00,Credit Card,
T001557,2025-12-13 08:55,B01,M0181,Bronze,In-store,Coffee,4,60,0.00,240.00,Credit Card,
T001558,2025-12-13 09:05,B01,,,In-store,Bakery,1,100,0.00,100.00,Cash,4
T001559,2025-12-13 09:32,B05,,,In-store,Coffee,1,105,0.00,105.00,Credit Card,4
T001560,2025-12-13 09:53,B06,,,In-store,Coffee,1,110,0.00,110.00,QR PromptPay,
T001561,2025-12-13 10:09,B04,M0177,Bronze,In-store,Coffee,1,85,0.00,115.00,QR PromptPay,
T001562,2025-12-13 10:52,B01,M0096,Gold,In-store,Bakery,1,70,14.00,56.00,QR PromptPay,
T001563,2025-12-13 11:27,B06,,,In-store,Coffee,1,80,0.00,80.00,Cash,
T001564,2025-12-13 12:15,B06,,,In-store,Coffee,2,85,0.00,170.00,Credit Card,
T001565,2025-12-13 12:34,B07,M0310,Gold,Delivery,Coffee,2,100,20.00,180.00,Credit Card,
T001566,2025-12-13 12:49,B07,M0284,Bronze,App,Coffee,1,60,0.00,60.00,App Wallet,
T001567,2025-12-13 12:50,B03,M0132,Bronze,App,Bakery,2,55,0.00,110.00,App Wallet,
T001568,2025-12-13 12:57,B04,M0104,Silver,App,Bakery,2,45,0.00,90.00,Credit Card,
T001569,2025-12-13 12:58,B01,,,In-store,Coffee,2,110,0.00,220.00,Cash,
T001569,2025-12-13 12:58,B01,,,In-store,Coffee,2,110,0.00,220.00,Cash,
T001570,2025-12-13 13:39,B02,M0020,BRONZE,In-store,Bakery,3,80,12.00,228.00,Credit Card,
T001571,2025-12-13 14:34,B08,M0171,Gold,In-store,Bakery,4,85,0.00,340.00,Credit Card,
T001572,2025-12-13 16:04,B02,M0077,Gold,In-store,Coffee,1,120,0.00,120.00,Credit Card,
T001573,2025-12-13 16:44,B05,M0295,Silver,In-store,Coffee,1,55,5.50,49.50,QR PromptPay,4
T001574,2025-12-13 18:12,B02,M0222,Silver,In store,Bakery,1,50,7.50,42.50,Cash,
T001575,2025-12-13 18:43,B06,M0127,Slvr,In-store,Tea,3,65,0.00,195.00,QR PromptPay,
T001576,2025-12-13 19:27,B07,M0279,Bronze,In-store,Merchandise,1,265,39.75,225.25,Cash,3
T001577,2025-12-13 19:27,B02,M0015,Gold,App,Coffee,2,60,6.00,114.00,Credit Card,
T001578,2025-12-13 19:30,B08,M0119,Bronze,In-store,Coffee,2,90,0.00,180.00,QR PromptPay,4
T001579,2025-12-13 19:45,B04,M0099,Gold,App,Bakery,1,45,0.00,45.00,App Wallet,
T001580,2025-12-13 19:59,B05,M0120,Bronze,In-store,Coffee,2,85,0.00,170.00,QR PromptPay,5
T001581,2025-12-14 07:37,B05,,,In-store,Coffee,2,100,0.00,200.00,Credit Card,
T001582,2025-12-14 07:45,B08,,,In-store,Coffee,1,75,0.00,75.00,QR PromptPay,4
T001583,2025-12-14 08:18,B01,M0276,Bronze,In-store,Coffee,1,115,0.00,115.00,Credit Card,4
T001584,2025-12-14 08:34,B05,M0102,Platinum,In-store,Coffee,4,85,68.00,272.00,Credit Card,
T001585,2025-12-14 08:45,b03,M0104,Silver,In-store,Coffee,4,70,0.00,370.00,Credit Card,3
T001586,2025-12-14 09:43,B02,M0082,Bronze,In-store,Bakery,1,65,0.00,65.00,Cash,
T001587,2025-12-14 09:50,B05,M0315,Bronze,Instore,Coffee,1,60,0.00,60.00,QR PromptPay,
T001588,2025-12-14 12:44,B02,M0275,Gold,In-store,Coffee,1,65,0.00,65.00,QR PromptPay,1
T001589,2025-12-14 12:45,B08,M0056,Platinum,In-store,Merchandise,1,370,18.50,351.50,Cash,
T001590,2025-12-14 12:48,B04,M0038,Gold,delivery,Tea,1,70,0.00,70.00,Credit Card,
T001591,2025-12-14 12:54,B03,M0074,Platinum,In-store,Tea,2,55,22.00,88.00,Credit Card,
T001592,2025-12-14 12:58,B01,M0130,Platinum,App,Tea,2,70,0.00,140.00,App Wallet,
T001593,2025-12-14 13:07,B07,M0077,Gold,In-store,Coffee,2,60,0.00,120.00,Credit Card,
T001594,2025-12-14 13:10,B08,M0049,Silver,In-store,Coffee,4,55,0.00,220.00,QR PromptPay,
T001595,2025-12-14 13:12,B08,,,In-store,Merchandise,1,525,0.00,525.00,Credit Card,
T001596,2025-12-14 15:24,B03,M0132,bronze,In-store,Coffee,1,110,0.00,110.00,QR PromptPay,
T001597,2025-12-14 15:30,B07,M0324,Gold,Instore,Coffee,1,100,10.00,90.00,QR PromptPay,4
T001598,2025-12-14 16:10,B02,M0082,Bronze,In-store,Coffee,4,110,0.00,440.00,Credit Card,5
T001599,2025-12-14 16:19,B02,M0233,Bronze,In-store,Coffee,1,90,0.00,90.00,Credit Card,
T001600,2025-12-14 17:42,B08,M0171,Gold,App,Coffee,3,55,24.75,140.25,App Wallet,
T001600,2025-12-14 17:42,B08,M0171,Gold,App,Coffee,3,55,24.75,140.25,App Wallet,
T001601,2025-12-14 18:21,B05,M0310,GOLD,In-store,Coffee,4,70,14.00,266.00,Cash,
T001602,2025-12-14 19:21,B07,M0224,Gold,In-store,Coffee,1,120,24.00,96.00,Cash,5
T001603,2025-12-15 08:01,B03,M0078,Bronze,In-store,Coffee,1,95,0.00,95.00,Cash,
T001604,2025-12-15 08:04,B05,M0077,Gold,In-store,Bakery,1,65,0.00,65.00,Cash,3
T001605,2025-12-15 09:18,B06,M9772,Gold,In-store,Coffee,1,115,0.00,115.00,QR PromptPay,
T001606,2025-12-15 10:31,B01,M0198,Bronze,App,Tea,4,95,0.00,380.00,App Wallet,
T001607,2025-12-15 11:52,B04,M0290,Silver,App,Bakery,2,85,17.00,153.00,App Wallet,
T001608,2025-12-15 12:09,B06,,,In-store,Bakery,1,85,0.00,85.00,Cash,
T001609,2025-12-15 13:15,B08,M0199,Silver,App,Tea,4,95,0.00,380.00,Credit Card,4
T001610,2025-12-15 13:33,B06,,,App,Coffee,4,65,0.00,260.00,App Wallet,
T001611,2025-12-15 13:43,B06,M0260,Gold,Delivery,Merchandise,2,250,0.00,500.00,Cash,5
T001612,2025-12-15 14:08,B02,M0252,Gold,App,Coffee,2,85,34.00,136.00,Credit Card,3
T001613,2025-12-15 14:38,B07,M0051,Gold,In-store,Bakery,1,80,4.00,76.00,QR PromptPay,5
T001614,2025-12-15 15:08,B08,M0012,Platinum,App,Coffee,3,100,0.00,300.00,App Wallet,5
T001615,2025-12-15 15:09,B07,M0050,Silver,In-store,Coffee,1,70,0.00,70.00,Credit Card,
T001616,2025-12-15 17:53,B06,M0003,Bronze,Delivery,Bakery,4,90,0.00,360.00,Credit Card,
T001617,2025-12-15 19:20,B01,M0070,Bronze,Delivery,Coffee,1,90,13.50,76.50,Cash,4
T001618,2025-12-15 19:44,B07,M0077,gold,In-store,Coffee,3,120,0.00,360.00,QR PromptPay,
T001619,2025-12-15 19:51,B03,M0124,Bronze,App,Bakery,4,90,0.00,360.00,Credit Card,3
T001620,2025-12-16 07:11,B07,M0114,Silver,In-store,Bakery,1,60,0.00,60.00,Cash,
T001621,2025-12-16 08:17,B08,M0087,Bronze,In-store,Bakery,4,75,0.00,300.00,QR PromptPay,
T001622,2025-12-16 08:51,B01,M0114,Silver,In-store,Tea,1,70,0.00,70.00,QR PromptPay,
T001623,2025-12-16 08:57,B07,M0224,Gold,In-store,Coffee,2,115,23.00,207.00,Credit Card,5
T001624,2025-12-16 09:37,B06,M0101,Bronze,In-store,Tea,2,60,0.00,120.00,QR PromptPay,
T001625,2025-12-16 10:36,B06,M0324,Gold,Delivery,Coffee,1,100,0.00,100.00,QR PromptPay,4
T001626,2025-12-16 10:46,B01,M0114,Silver,App,Bakery,2,65,0.00,130.00,Credit Card,4
T001627,2025-12-16 11:21,B02,M0272,Bronze,In-store,Coffee,2,115,0.00,230.00,Cash,4
T001628,2025-12-16 12:08,B04,M0159,Platinum,In-store,Coffee,2,120,0.00,240.00,Cash,4
T001629,2025-12-16 12:23,B04,M0308,Gld,Delivery,Coffee,1,80,0.00,80.00,QR PromptPay,
T001630,2025-12-16 13:17,B07,M0288,Gold,In-store,Coffee,3,65,0.00,195.00,QR PromptPay,2
T001631,2025-12-16 13:40,b01,M0204,GOLD,In-store,Bakery,2,70,0.00,140.00,Credit Card,
T001632,2025-12-16 13:53,B01,M0135,Silver,In-store,Coffee,2,65,0.00,130.00,QR PromptPay,
T001633,2025-12-16 14:32,B04,M0274,Bronze,In-store,Tea,1,95,0.00,95.00,Cash,3
T001634,2025-12-16 15:05,B08,M0013,Bronze,App,Tea,2,55,0.00,110.00,App Wallet,
T001635,2025-12-16 16:10,B05,M0094,Bronze,Deliv.,Tea,1,55,0.00,55.00,QR PromptPay,3
T001636,2025-12-16 16:50,B04,M0274,Bronze,delivery,Bakery,3,55,0.00,165.00,QR PromptPay,
T001637,2025-12-16 16:53,B02,M0275,Gold,App,Coffee,2,60,6.00,114.00,App Wallet,3
T001638,2025-12-16 17:53,B08,M0199,Silver,App,Coffee,3,110,0.00,330.00,App Wallet,4
T001639,2025-12-16 18:02,B04,M0069,Platinum,App,Bakery,4,55,22.00,198.00,Credit Card,
T001640,2025-12-16 18:12,B3,M0054,Bronze,In-store,Bakery,1,75,0.00,75.00,Credit Card,
T001641,2025-12-16 19:09,B03,M0066,Bronze,App,Bakery,3,95,0.00,285.00,App Wallet,
T001642,2025-12-16 19:15,B07,M0224,gold,In-store,Tea,2,70,0.00,140.00,Credit Card,5
T001643,2025-12-17 08:16,B03,,,In-store,Merchandise,1,365,0.00,445.00,Cash,
T001644,2025-12-17 08:30,B01,M0276,Bronze,In-store,Bakery,1,100,0.00,100.00,Cash,3
T001645,2025-12-17 08:31,B08,M9351,Gold,In-store,Bakery,1,90,0.00,90.00,Credit Card,
T001646,2025-12-17 08:42,B03,,,In-store,Merchandise,1,560,0.00,560.00,Credit Card,4
T001647,2025-12-17 10:18,B06,M0313,Bronze,In-store,Coffee,1,115,0.00,115.00,QR PromptPay,4
T001648,2025-12-17 10:31,B01,M0276,Bronze,In-store,Merchandise,3,695,312.75,1772.25,Credit Card,4
T001649,2025-12-17 12:36,B03,M0059,Gold,Delivery,Merchandise,1,680,102.00,578.00,Credit Card,
T001650,2025-12-17 12:59,B01,,,Delivery,Bakery,3,110,0.00,330.00,Cash,
T001651,2025-12-17 13:04,B06,,,In-store,Tea,1,55,0.00,55.00,Cash,4
T001652,2025-12-17 13:56,B07,M0130,Platinum,In-store,Coffee,1,90,9.00,81.00,QR PromptPay,4
T001653,2025-12-17 14:08,B02,M0285,BRONZE,In-store,Coffee,1,65,0.00,65.00,Credit Card,
T001654,2025-12-17 14:41,B08,M0051,Gold,In-store,Tea,1,55,0.00,55.00,QR PromptPay,4
T001655,2025-12-17 16:02,B08,M0115,Silver,App,Tea,3,70,0.00,210.00,Credit Card,
T001656,2025-12-17 17:52,B02,M0233,Bronze,In store,Coffee,1,110,0.00,110.00,Cash,
T001657,2025-12-17 18:20,B08,,,In-store,Coffee,1,55,0.00,55.00,QR PromptPay,
T001658,2025-12-17 18:27,B02,M0222,Silver,App,Bakery,2,90,0.00,180.00,Credit Card,
T001658,2025-12-17 18:27,B02,M0222,Silver,App,Bakery,2,90,0.00,180.00,Credit Card,
T001659,2025-12-17 19:55,B05,,,In-store,Coffee,1,110,0.00,110.00,QR PromptPay,4
T001660,2025-12-18 08:18,B07,M0325,Platinum,In-store,Coffee,4,95,19.00,401.00,QR PromptPay,2
T001661,2025-12-18 08:19,B05,,,App,Tea,2,60,0.00,120.00,Credit Card,
T001662,2025-12-18 08:41, B04,M0308,Gold,Delivery,Coffee,2,95,9.50,180.50,QR PromptPay,
T001663,2025-12-18 08:46,B05,M0273,Silver,In-store,Coffee,1,100,0.00,100.00,Cash,
T001664,2025-12-18 08:58,B07,M0186,Gold,App,Bakery,2,75,0.00,150.00,App Wallet,
T001665,2025-12-18 10:27,B05,M0176,Brz,Delivery,Coffee,2,85,0.00,170.00,Cash,
T001666,2025-12-18 11:04,B03,,,App,Coffee,1,65,0.00,65.00,App Wallet,
T001667,2025-12-18 12:00,B06,,,In-store,Bakery,2,105,0.00,210.00,QR PromptPay,
T001668,2025-12-18 12:26,B03,M0254,Bronze,App,Bakery,2,70,0.00,140.00,App Wallet,
T001669,2025-12-18 12:48,B05,M0202,Bronze,App,Tea,1,65,0.00,15.00,App Wallet,5
T001670,2025-12-18 15:20,B06,M0304,Platinum,In-store,Bakery,1,105,0.00,105.00,Cash,3
T001671,2025-12-18 16:48,B03,M0143,Bronze,In-store,Merchandise,1,300,0.00,300.00,Credit Card,
T001672,2025-12-18 17:48,B07,M0316,Platinum,In-store,Coffee,1,100,5.00,95.00,Credit Card,5
T001673,2025-12-18 19:00,B05,M0202,Bronze,Delivery,Tea,1,75,0.00,75.00,QR PromptPay,
T001674,2025-12-18 19:45,B05,,,In-store,Coffee,1,110,0.00,110.00,Cash,4
T001675,2025-12-18 19:51,B03,M0312,Silver,App,Bakery,1,90,0.00,90.00,App Wallet,3
T001676,2025-12-19 07:53,B02,,,In store,Tea,1,85,0.00,85.00,Credit Card,
T001677,2025-12-19 07:57,B01,M0114,Silver,In-store,Coffee,1,105,0.00,105.00,QR PromptPay,
T001678,2025-12-19 08:11,B04,,,In-store,Coffee,1,120,0.00,120.00,Credit Card,
T001679,2025-12-19 08:52,B04,M0274,Bronze,In-store,Bakery,1,55,5.50,49.50,QR PromptPay,
T001680,2025-12-19 09:18,B05,M0307,Platinum,In-store,Tea,1,90,4.50,85.50,Cash,4
T001681,2025-12-19 09:22,B04,M0157,Silver,Delivery,Coffee,1,110,0.00,110.00,Cash,
T001682,2025-12-19 09:46,B06,M0058,Gold,app,Coffee,3,110,0.00,330.00,Credit Card,
T001683,2025-12-19 09:46,B08,M0010,Bronze,App,Tea,1,70,0.00,70.00,App Wallet,
T001684,2025-12-19 10:39,B08,,,In-store,Bakery,1,55,0.00,55.00,Credit Card,
T001685,2025-12-19 12:03,B01,M0127,Silver,In-store,Coffee,1,120,18.00,102.00,QR PromptPay,
T001686,2025-12-19 12:07,B06,M0020,Bronze,App,Tea,1,55,5.50,49.50,Credit Card,
T001687,2025-12-19 12:26,B07,,,In-store,Coffee,2,110,0.00,220.00,QR PromptPay,
T001688,2025-12-19 12:39,B06,,,App,Tea,3,60,0.00,180.00,App Wallet,
T001689,2025-12-19 12:47,B03,M0132,BRONZE,In-store,Coffee,2,80,0.00,160.00,Credit Card,
T001690,2025-12-19 13:05,B07,M0050,Silver,In-store,Coffee,2,105,42.00,168.00,QR PromptPay,
T001691,2025-12-19 13:15,B01,M0147,Silver,in-store,Bakery,1,55,0.00,55.00,Credit Card,
T001692,2025-12-19 13:24,B04,M0287,Silver,App,Coffee,1,55,0.00,55.00,App Wallet,4
T001693,2025-12-19 14:27,B07,,,In-store,Bakery,1,65,0.00,65.00,QR PromptPay,
T001694,2025-12-19 15:19,B08,,,In-store,Bakery,1,85,0.00,85.00,Credit Card,5
T001695,2025-12-19 15:24,B01,M0045,Gold,APP,Coffee,1,120,0.00,120.00,App Wallet,
T001696,2025-12-19 16:26,B07,M0119,Bronze,App,Coffee,3,80,0.00,240.00,App Wallet,4
T001697,2025-12-19 16:51,B04,M0099,Gold,In-store,Coffee,1,105,0.00,105.00,QR PromptPay,4
T001698,2025-12-19 16:56,B07,,,Delivery,Coffee,3,95,0.00,285.00,QR PromptPay,3
T001699,2025-12-19 17:00,B01,M0070,Bronze,delivery,Coffee,3,95,0.00,285.00,Cash,2
T001700,2025-12-19 18:09,B06,,,In-store,Merchandise,1,610,0.00,610.00,QR PromptPay,3
T001701,2025-12-19 19:12,B02,,,In-store,Coffee,2,95,0.00,190.00,QR PromptPay,4
T001702,2025-12-20 07:13,B06,M0273,Silver,Delivery,Coffee,1,105,15.75,89.25,Credit Card,3
T001703,2025-12-20 08:00,B08,M0049,Silver,Delivery,Bakery,1,70,0.00,70.00,Cash,4
T001704,2025-12-20 08:22,B02,M0077,Gold,In-store,Tea,1,55,0.00,55.00,Cash,
T001705,2025-12-20 08:35,B07,,,In-store,Coffee,4,70,0.00,280.00,QR PromptPay,4
T001706,2025-12-20 08:52,B04,M0168,Gold,In-store,Merchandise,1,335,50.25,284.75,Credit Card,5
T001706,2025-12-20 08:52,B04,M0168,Gold,In-store,Merchandise,1,335,50.25,284.75,Credit Card,5
T001707,2025-12-20 10:03,B04,,,App,Coffee,3,55,0.00,165.00,App Wallet,
T001708,2025-12-20 10:08,B06,M0003,Bronze,Delivery,Bakery,2,45,0.00,90.00,Cash,
T001709,2025-12-20 10:37,B07,M0093,Silver,In-store,Tea,2,65,6.50,123.50,Credit Card,4
T001710,2025-12-20 11:20,B06,M0130,Platinum,In-store,Coffee,1,110,11.00,99.00,Credit Card,
T001711,2025-12-20 11:25,B06,,,In-store,Bakery,4,55,0.00,220.00,QR PromptPay,4
T001712,2025-12-20 11:31,B04,M0019,Bronze,In-store,Tea,1,80,8.00,72.00,QR PromptPay,
T001713,2025-12-20 13:18,B08,M0324,Gold,In-store,Coffee,4,75,30.00,270.00,QR PromptPay,3
T001714,2025-12-20 13:25,B05,M0227,Silver,In-store,Bakery,1,95,0.00,95.00,QR PromptPay,
T001715,2025-12-20 13:39,B08,,,In-store,Bakery,4,110,0.00,440.00,QR PromptPay,
T001716,2025-12-20 14:34,B03,M0078,Bronze,In-store,Merchandise,2,755,0.00,1510.00,QR PromptPay,4
T001717,2025-12-20 15:12,B07,M0222,Silver,In-store,Coffee,2,75,0.00,150.00,Cash,5
T001718,2025-12-20 15:15,B04,M0274,Bronze,App,Coffee,1,85,0.00,85.00,Credit Card,4
T001719,2025-12-20 15:40,B08,M0002,Brz,In-store,Coffee,2,85,17.00,153.00,Credit Card,
T001720,2025-12-20 16:03,B04,M0294,Bronze,In-store,Bakery,2,110,0.00,220.00,QR PromptPay,
T001721,2025-12-20 17:29,B07,M0040,Bronze,in-store,Coffee,3,55,0.00,165.00,QR PromptPay,
T001722,2025-12-20 17:31,B05,M0295,Silver,In-store,Bakery,2,65,0.00,130.00,QR PromptPay,
T001723,2025-12-20 17:47,B06,M0058,Gold,Delivery,Bakery,2,85,34.00,136.00,Credit Card,
T001724,2025-12-20 17:59,B06,M0147,silver,In-store,Bakery,1,105,0.00,105.00,QR PromptPay,
T001725,2025-12-20 18:46,B08,M0324,Gold,App,Coffee,2,80,16.00,144.00,App Wallet,
T001726,2025-12-20 19:35,B01,,,App,Coffee,1,90,0.00,90.00,Credit Card,
T001727,2025-12-21 07:02,B08,M0087,Bronze,In-store,Tea,1,90,0.00,90.00,Cash,
T001728,2025-12-21 07:29,B05,M0092,Bronze,In-store,Tea,1,85,0.00,85.00,Credit Card,4
T001729,2025-12-21 07:36,B03,M0212,SILVER,App,Coffee,1,110,0.00,110.00,App Wallet,
T001730,2025-12-21 08:13,B03,,,In-store,Coffee,1,70,0.00,70.00,Credit Card,
T001731,2025-12-21 08:24,B08,,,Delivery,Coffee,2,65,0.00,130.00,Credit Card,4
T001732,2025-12-21 08:25,B08,M0077,Gold,Delivery,Tea,1,80,0.00,80.00,Credit Card,3
T001733,2025-12-21 10:17,B04,M0144,Silver,in-store,Coffee,1,75,0.00,75.00,Cash,5
T001734,2025-12-21 10:25,B08,M0143,Bronze,App,Coffee,1,75,0.00,75.00,Credit Card,
T001735,2025-12-21 10:55,B08,M0304,Platinum,In-store,Tea,2,90,0.00,180.00,Cash,3
T001736,2025-12-21 11:11,B08,,,App,Tea,2,75,0.00,150.00,App Wallet,
T001737,2025-12-21 11:31,B01,M0135,Silver,App,Coffee,2,120,0.00,240.00,Credit Card,4
T001738,2025-12-21 12:33,B06,M0020,Bronze,Delivery,Bakery,1,45,0.00,45.00,QR PromptPay,
T001739,2025-12-21 13:48,B01,,,In-store,Bakery,2,105,0.00,210.00,Cash,
T001740,2025-12-21 14:09,B02,,,In-store,Tea,1,80,0.00,80.00,QR PromptPay,
T001741,2025-12-21 14:25,B05,M0047,Platinum,In-store,Bakery,3,105,0.00,315.00,Credit Card,
T001742,2025-12-21 14:26,B05,,,Delivery,Coffee,1,95,0.00,95.00,Credit Card,
T001743,2025-12-21 15:30,B01,M0208,Gold,App,Coffee,1,120,18.00,102.00,App Wallet,
T001744,2025-12-21 16:09,B06,,,In-store,Bakery,1,55,0.00,55.00,Cash,
T001745,2025-12-21 16:16,B05,,,In-store,Merchandise,1,420,0.00,420.00,Cash,3
T001746,2025-12-21 16:33,B08,M0324,Gold,Delivery,Coffee,1,80,0.00,80.00,QR PromptPay,4
T001747,2025-12-21 16:36,B03,M0053,Gold,App,Tea,1,95,0.00,95.00,Credit Card,
T001748,2025-12-21 18:18,B02,,,In-store,Coffee,2,75,0.00,150.00,Credit Card,
T001749,2025-12-21 18:20,B07,M0053,GOLD,In-store,Bakery,3,50,0.00,150.00,QR PromptPay,
T001750,2025-12-21 18:41,B03,M0132,Bronze,In-store,Coffee,3,110,0.00,330.00,QR PromptPay,4
T001751,2025-12-21 18:54,B08,M0324,Gold,App,Bakery,1,105,0.00,105.00,Credit Card,
T001752,2025-12-22 07:16,B01,M0048,Silver,App,Bakery,2,50,0.00,100.00,App Wallet,
T001753,2025-12-22 07:23,B01,,,Delivery,Merchandise,1,790,0.00,790.00,QR PromptPay,
T001754,2025-12-22 08:11,B02,,,In-store,Tea,4,95,0.00,380.00,QR PromptPay,3
T001755,2025-12-22 08:17,B06,,,In-store,Coffee,2,฿80,0.00,160.00,QR PromptPay,
T001756,2025-12-22 09:08,B08,M0222,Silver,In-store,Merchandise,2,680,0.00,1360.00,QR PromptPay,5
T001757,2025-12-22 10:27,B06,M0229,Platinum,in-store,Coffee,1,55,0.00,55.00,QR PromptPay,
T001758,2025-12-22 12:18,B02,M0265,Gold,In-store,Bakery,1,65,0.00,65.00,QR PromptPay,3
T001758,2025-12-22 12:23,B02,M0265,Gold,In-store,Bakery,-1,65,-0.00,-65.00,QR PromptPay,
T001759,2025-12-22 13:09,B03,,,In-store,Coffee,2,120,0.00,240.00,QR PromptPay,
T001760,2025-12-22 13:12,B05,,,App,Coffee,1,95,0.00,95.00,App Wallet,
T001761,2025-12-22 15:15,B04,M0263,Bronze,In-store,Tea,1,60,0.00,60.00,Cash,5
T001762,2025-12-22 15:49,B03,,,In-store,Coffee,1,80,0.00,80.00,Credit Card,
T001763,2025-12-22 16:00,B05,M0240,Platinum,In-store,Coffee,3,60,18.00,162.00,Cash,
T001764,2025-12-22 16:17,B03,M0309,Silver,App,Coffee,4,90,0.00,360.00,App Wallet,
T001765,2025-12-22 16:22,B05,M0092,BRONZE,app,Bakery,1,55,2.75,52.25,Credit Card,
T001766,2025-12-22 16:56,B07,M0056,Platinum,App,Bakery,1,55,5.50,49.50,Credit Card,
T001767,2025-12-22 17:43,B03,,,App,Coffee,1,70,0.00,70.00,App Wallet,
T001768,2025-12-22 18:51,B08,M0077,Gold,App,Tea,1,60,0.00,60.00,Credit Card,
T001769,2025-12-22 19:01,B07,M0144,Silver,App,Coffee,1,85,4.25,80.75,App Wallet,
T001770,2025-12-22 19:33,B01,M0027,Silver,Delivery,Coffee,1,115,17.25,97.75,QR PromptPay,
T001771,2025-12-22 19:36,B01,M0070,Bronze,App,Coffee,4,110,0.00,440.00,Credit Card,
T001772,2025-12-23 07:12,B02,M0292,Silver,In-store,Coffee,1,100,0.00,100.00,Cash,
T001773,2025-12-23 07:18,B01,M0045,Gold,In-store,Merchandise,2,630,63.00,1197.00,Cash,
T001774,2025-12-23 07:35,B02,,,App,Coffee,2,115,0.00,230.00,Credit Card,4
T001775,2025-12-23 07:36,B02,,,In-store,Coffee,2,105,0.00,210.00,QR PromptPay,4
T001776,2025-12-23 07:55,B03,M9064,Bronze,In-store,Merchandise,2,785,0.00,1570.00,QR PromptPay,
T001777,2025-12-23 08:14,B04,M0159,Platinum,App,Coffee,3,90,0.00,270.00,Credit Card,
T001778,2025-12-23 08:25,B07,,,In-store,Coffee,1,65,0.00,65.00,QR PromptPay,3
T001779,2025-12-23 08:34,B06,M0056,Platinum,Delivery,Coffee,4,105,84.00,336.00,Cash,3
T001780,2025-12-23 09:00,B06,,,In-store,Bakery,1,75,0.00,75.00,Credit Card,
T001781,2025-12-23 12:07,B03,M0059,Gold,App,Tea,1,85,0.00,85.00,Credit Card,
T001782,2025-12-23 12:55,B07,,,App,Tea,1,70,0.00,70.00,App Wallet,
T001783,2025-12-23 13:03,B06,M0304,Platinum,App,Merchandise,1,730,73.00,657.00,Credit Card,
T001784,2025-12-23 13:25,B04,M0144,Silver,In-store,Tea,2,70,14.00,126.00,QR PromptPay,
T001785,2025-12-23 15:20,B04,M0155,Silver,Delivery,Bakery,3,70,21.00,189.00,QR PromptPay,4
T001786,2025-12-23 16:02,B05,M0120,Bronze,In-store,Bakery,1,55,0.00,55.00,Credit Card,4
T001787,2025-12-23 16:31,B01,M0276,Bronze,In-store,Coffee,4,110,88.00,352.00,QR PromptPay,
T001788,2025-12-23 16:50,B05,M0020,BRONZE,App,Coffee,1,65,0.00,65.00,Credit Card,
T001788,2025-12-23 16:50,B05,M0020,BRONZE,App,Coffee,1,65,0.00,65.00,Credit Card,
T001789,2025-12-23 16:55,B08,M0119,Bronze,In-store,Merchandise,2,375,0.00,750.00,Cash,
T001790,2025-12-23 17:03,B08,M0171,Gold,In-store,Bakery,1,100,20.00,80.00,QR PromptPay,4
T001791,2025-12-23 17:24,B01,M0070,Bronze,In-store,Coffee,1,55,0.00,55.00,QR PromptPay,
T001792,2025-12-24 07:42,B07,M0193,Bronze,In-store,Coffee,1,100,0.00,100.00,Cash,
T001793,2025-12-24 08:37,B08,M0016,Gold,In-store,Coffee,1,85,0.00,85.00,Credit Card,
T001794,2025-12-24 11:05,B06,M0229,Platinum,In-store,Coffee,2,75,30.00,120.00,Cash,
T001795,2025-12-24 11:09,B03,,,In-store,Coffee,1,75,0.00,75.00,QR PromptPay,3
T001796,2025-12-24 12:01,B05,,,App,Coffee,1,85,0.00,85.00,Credit Card,3
T001797,2025-12-24 12:45,B07,M0325,platinum,App,Coffee,3,115,0.00,345.00,App Wallet,
T001798,2025-12-24 12:45,B02,,,In-store,Tea,1,55,0.00,55.00,Cash,
T001799,2025-12-24 13:29,B05,M0092,Bronze,In-store,Tea,1,55,0.00,55.00,QR PromptPay,
T001800,2025-12-24 13:46,B07,,,App,Merchandise,1,615,0.00,615.00,Credit Card,
T001801,2025-12-24 14:16,B07,,,In-store,Bakery,4,65,0.00,260.00,Credit Card,4
T001802,2025-12-24 14:34,B03,M0074,Platinum,In-store,Coffee,3,110,33.00,297.00,Credit Card,
T001803,2025-12-24 15:30,B06,M0260,Gold,App,Bakery,3,85,0.00,255.00,App Wallet,3
T001804,2025-12-24 16:23,B08,M0199,Silver,App,Tea,2,50,10.00,90.00,App Wallet,
T001805,2025-12-24 16:39,B01,,,In-store,Coffee,2,120,0.00,240.00,QR PromptPay,
T001806,2025-12-24 18:01,B01,M0224,Gold,Delivery,Coffee,1,120,6.00,114.00,Credit Card,5
T001807,2025-12-24 18:23,B05,M0059,Gold,Delivery,Coffee,1,70,14.00,56.00,Credit Card,
T001808,2025-12-24 19:01,B08,M0119,Bronze,Delivery,Coffee,1,105,0.00,105.00,Credit Card,
T001809,2025-12-25 07:19,B07,M0051,Gold,In-store,Coffee,1,75,15.00,60.00,Cash,4
T001810,2025-12-25 07:20, B03,,,In-store,Coffee,2,55,0.00,110.00,QR PromptPay,
T001811,2025-12-25 08:12,B05,M0307,Platinum,In-store,Coffee,3,95,0.00,285.00,QR PromptPay,
T001812,2025-12-25 08:21,B02,,,In-store,Tea,1,70,0.00,70.00,Credit Card,4
T001813,2025-12-25 08:25,B01,M0248,Gold,In-store,Bakery,3,45,6.75,128.25,QR PromptPay,3
T001814,2025-12-25 09:05,B04,,,In-store,Coffee,2,60,0.00,120.00,Cash,5
T001815,2025-12-25 10:29,B03,M0224,Gold,In-store,Bakery,2,50,0.00,100.00,Cash,
T001816,2025-12-25 10:29,B03,M0151,BRONZE,Delivery,Coffee,3,115,0.00,345.00,Cash,
T001817,2025-12-25 12:25,B01,M0114,Silver,In store,Bakery,3,95,0.00,285.00,QR PromptPay,
T001818,2025-12-25 12:35,B03,,,App,Tea,2,50,0.00,100.00,App Wallet,4
T001819,2025-12-25 12:37,B08,M0171,Gold,In-store,Coffee,3,65,0.00,195.00,Credit Card,4
T001820,2025-12-25 13:24,B06,M0304,Platinum,In-store,Coffee,1,100,5.00,95.00,QR PromptPay,
T001821,2025-12-25 13:31,B05,M0051,Gold,App,Coffee,1,95,0.00,95.00,Credit Card,
T001822,2025-12-25 13:34,B01,M0181,Bronze,Delivery,Merchandise,3,665,0.00,1995.00,Credit Card,4
T001823,2025-12-25 14:00,B04,,,Delivery,Coffee,1,80,0.00,80.00,QR PromptPay,
T001824,2025-12-25 14:03,B01,M0147,Silver,App,Coffee,1,65,0.00,65.00,App Wallet,
T001825,2025-12-25 14:07,B04,M0100,Bronze,In-store,Coffee,1,110,0.00,110.00,QR PromptPay,5
T001826,2025-12-25 14:45,B01,,,Delivery,Bakery,2,70,0.00,140.00,Cash,
T001827,2025-12-25 15:28,B07,M0054,Bronze,App,Coffee,1,85,8.50,76.50,App Wallet,
T001828,2025-12-25 18:34,B04,,,In-store,Coffee,2,105,0.00,210.00,Cash,4
T001829,2025-12-25 18:53,B08,,,In-store,Coffee,3,85,0.00,255.00,Cash,
T001830,2025-12-25 19:02,B06,M0058,Gold,In-store,Merchandise,1,715,0.00,715.00,QR PromptPay,4
T001831,2025-12-26 08:11,B05,M0102,Platinum,In-store,Bakery,1,110,0.00,110.00,Credit Card,4
T001832,2025-12-26 08:32,B05,,,Delivery,Bakery,4,55,0.00,220.00,QR PromptPay,
T001833,2025-12-26 08:47,B04,M0014,Bronze,In-store,Coffee,2,85,0.00,170.00,QR PromptPay,4
T001834,2025-12-26 11:10,B08,M0324,Gold,In-store,Coffee,4,55,22.00,198.00,QR PromptPay,4
T001835,2025-12-26 11:17,B06,,,In-store,Coffee,2,75,0.00,150.00,QR PromptPay,
T001836,2025-12-26 11:51,B01,,,In-store,Bakery,2,100,0.00,180.00,QR PromptPay,
T001837,2025-12-26 12:04,B01,M0027,Slvr,Instore,Coffee,2,55,0.00,110.00,QR PromptPay,
T001838,2025-12-26 12:16,B05,M0124,Bronze,In-store,Coffee,2,70,0.00,140.00,Credit Card,3
T001839,2025-12-26 12:17,B01,,,In-store,Coffee,4,55,0.00,220.00,QR PromptPay,
T001840,2025-12-26 12:35,B01,M0045,Gold,In-store,Coffee,1,80,0.00,80.00,QR PromptPay,
T001841,2025-12-26 12:44,B08,M0051,Gold,In-store,Coffee,4,110,0.00,440.00,Cash,4
T001842,2025-12-26 13:03,B04,M0284,Bronze,In-store,Merchandise,1,340,0.00,340.00,QR PromptPay,
T001843,2025-12-26 13:44,B02,,,Delivery,Coffee,1,90,0.00,90.00,Credit Card,4
T001844,2025-12-26 14:45,B01,M0261,Platinum,In store,Coffee,2,65,0.00,130.00,Cash,
T001845,2025-12-26 14:59,B04,M0115,Silver,In-store,Coffee,1,100,20.00,80.00,Credit Card,4
T001846,2025-12-26 16:00,B01,M0208,Gold,In-store,Coffee,3,115,34.50,310.50,Cash,2
T001847,2025-12-26 16:14,B07,M0265,Gold,Delivery,Coffee,1,85,17.00,68.00,Cash,
T001848,2025-12-26 16:19,B03,M0284,Bronze,In-store,Coffee,3,105,0.00,315.00,QR PromptPay,
T001849,2025-12-26 16:47,B05,M0240,PLATINUM,In-store,Coffee,1,60,0.00,60.00,QR PromptPay,5
T001850,2025-12-26 17:01,B01,M0144,Silver,Delivery,Coffee,1,60,0.00,60.00,Cash,4
T001851,2025-12-26 17:10,B04,M0168,Gld,App,Tea,1,85,8.50,76.50,Credit Card,
T001852,2025-12-26 17:33,B07,,,App,Coffee,1,100,0.00,100.00,Credit Card,
T001853,2025-12-26 18:05,B04,,,App,Coffee,1,105,0.00,105.00,Credit Card,
T001854,2025-12-26 18:52,B07,,,In-store,Tea,1,70,0.00,70.00,Credit Card,4
T001855,2025-12-26 19:34,B04,,,App,Coffee,1,55,0.00,55.00,App Wallet,
T001856,2025-12-27 07:09,B02,,,In-store,Bakery,1,110,0.00,110.00,QR PromptPay,4
T001857,2025-12-27 08:03,B05,M0171,Gold,In-store,Coffee,1,75,15.00,60.00,Credit Card,
T001858,2025-12-27 08:23,B02,M0082,Bronze,In-store,Tea,1,75,0.00,75.00,Cash,5
T001859,2025-12-27 08:54,B05,,,In-store,Bakery,3,50,0.00,150.00,QR PromptPay,
T001860,2025-12-27 10:12,B04,M0016,Gold,In-store,Coffee,1,110,0.00,110.00,QR PromptPay,
T001861,2025-12-27 10:30,B08,,,App,Coffee,1,80,0.00,80.00,Credit Card,
T001862,2025-12-27 13:04,B01,M0286,Silver,Delivery,Coffee,2,65,0.00,130.00,QR PromptPay,4
T001863,2025-12-27 13:52,B05,M0128,Bronze,In-store,Bakery,1,90,0.00,90.00,Credit Card,
T001864,2025-12-27 13:57,B07,M0265,Gold,Delivery,Coffee,1,80,4.00,76.00,QR PromptPay,
T001865,2025-12-27 16:33,B06,M0020,Bronze,Delivery,Coffee,1,90,0.00,90.00,Credit Card,4
T001866,2025-12-27 16:42,B08,,,Delivery,Tea,2,55,0.00,110.00,Credit Card,
T001867,2025-12-27 16:45,B02,M0142,Silver,In-store,Tea,1,80,12.00,68.00,QR PromptPay,3
T001868,2025-12-27 17:17,B01,M0290,Silver,In-store,Coffee,1,55,0.00,55.00,QR PromptPay,4
T001869,2025-12-27 17:52,B06,M0313,Bronze,In-store,Coffee,2,70,28.00,112.00,QR PromptPay,
T001870,2025-12-27 19:08,B03,,,App,Coffee,1,85,0.00,85.00,App Wallet,
T001871,2025-12-27 19:32,B01,M0147,Silver,App,Merchandise,2,680,0.00,1360.00,Credit Card,5
T001872,2025-12-27 19:45,B06,,,App,Coffee,1,60,0.00,60.00,Credit Card,4
T001873,2025-12-27 19:59,B07,M0088,Bronze,In-store,Coffee,4,100,0.00,400.00,QR PromptPay,4
T001874,2025-12-28 07:25,B08,M0184,Bronze,In-store,Coffee,1,115,0.00,115.00,Cash,
T001875,2025-12-28 08:09,B05,M0295,Silver,App,Tea,4,90,0.00,360.00,App Wallet,5
T001876,2025-12-28 08:27,B07,M0077,Gold,App,Bakery,1,95,9.50,85.50,Credit Card,
T001877,2025-12-28 08:37,B06,M0058,Gold,Delivery,Bakery,1,75,0.00,75.00,Cash,5
T001878,2025-12-28 08:52,B02,M0015,Gold,In store,Coffee,2,80,8.00,152.00,QR PromptPay,4
T001879,2025-12-28 09:00,B04,M0099,Gold,In-store,Merchandise,1,835,0.00,835.00,Cash,
T001880,2025-12-28 10:23,B05,,,In-store,Tea,3,95,0.00,285.00,QR PromptPay,
T001881,2025-12-28 12:02,B03,M0210,Bronze,In-store,Coffee,2,90,0.00,180.00,QR PromptPay,3
T001882,2025-12-28 12:04,B05,,,In-store,Tea,2,50,0.00,100.00,QR PromptPay,3
T001883,2025-12-28 12:09,B07,,,App,Coffee,1,120,0.00,120.00,App Wallet,4
T001884,2025-12-28 13:36,B01,,,In-store,Merchandise,2,845,0.00,1690.00,Cash,2
T001885,2025-12-28 13:59,B01,,,App,Tea,1,95,0.00,95.00,App Wallet,4
T001886,2025-12-28 16:01,B06,M0002,Bronze,In-store,Coffee,4,90,0.00,360.00,QR PromptPay,
T001887,2025-12-28 16:23,B05,M0248,Gold,In-store,Coffee,2,55,0.00,110.00,Cash,
T001888,2025-12-28 16:41,B02,,,Delivery,Coffee,4,120,0.00,480.00,QR PromptPay,5
T001889,2025-12-28 16:44,B07,M0284,Bronze,In-store,Merchandise,1,695,0.00,695.00,Credit Card,5
T001890,2025-12-28 16:58,B03,M0053,Gold,Delivery,Merchandise,2,270,81.00,459.00,Credit Card,
T001891,2025-12-28 17:18,B05,,,In-store,Merchandise,4,645,0.00,2580.00,Cash,
T001892,2025-12-28 17:18,B07,M0128,Bronze,In-store,Coffee,1,100,0.00,100.00,QR PromptPay,3
T001893,2025-12-28 17:20,B01,,,App,Coffee,2,100,0.00,200.00,App Wallet,5
T001894,2025-12-28 17:21,B07,M0325,Platinum,App,Coffee,2,100,0.00,200.00,Credit Card,3
T001895,2025-12-28 17:50,B07,M0224,Gold,In-store,Bakery,1,55,0.00,55.00,QR PromptPay,4
T001896,2025-12-28 19:41,B05,,,Delivery,Bakery,1,50,0.00,50.00,Credit Card,
T001897,2025-12-29 07:42,B01,,,App,Bakery,1,45,0.00,45.00,App Wallet,
T001898,2025-12-29 08:23,B01,M0061,Silver,In-store,Tea,1,80,0.00,80.00,Cash,
T001899,2025-12-29 08:37,B08,M0051,Gold,In-store,Coffee,1,100,20.00,80.00,QR PromptPay,4
T001900,2025-12-29 08:37,B01,M0096,Gold,In-store,Coffee,3,90,13.50,256.50,Credit Card,4
T001901,2025-12-29 08:58,B03,M0199,Silver,App,Bakery,2,60,0.00,120.00,Credit Card,5
T001902,2025-12-29 09:07,B04,,,In-store,Coffee,4,90,0.00,360.00,Cash,
T001903,2025-12-29 09:10,B01,,,In-store,Bakery,1,90,0.00,90.00,Cash,3
T001904,2025-12-29 10:19,B08,,,App,Merchandise,2,875,0.00,1750.00,Credit Card,
T001905,2025-12-29 12:01,B08,M0324,GOLD,App,Coffee,2,55,0.00,110.00,Credit Card,4
T001906,2025-12-29 12:01,B03,M0053,Gold,delivery,Tea,1,80,0.00,80.00,Cash,
T001907,2025-12-29 12:03,B04,M0100,Bronze,Delivery,Coffee,4,90,0.00,360.00,Credit Card,
T001908,2025-12-29 12:09,B01,M0061,Silver,In-store,Coffee,4,75,0.00,300.00,Cash,
T001909,2025-12-29 12:33,B06,M0003,Bronze,In-store,Tea,1,90,0.00,90.00,Credit Card,
T001910,2025-12-29 13:03,B08,M0114,Silver,in-store,Bakery,1,45,0.00,45.00,QR PromptPay,5
T001911,2025-12-29 13:16,B03,M0066,Bronze,In-store,Coffee,1,100,0.00,100.00,Credit Card,
T001912,2025-12-29 13:59,B05,M0036,Platinum,Delivery,Coffee,2,80,0.00,160.00,QR PromptPay,
T001912,2025-12-29 13:59,B05,M0036,Platinum,Delivery,Coffee,2,80,0.00,160.00,QR PromptPay,
T001913,2025-12-29 14:28,B07,M9039,Silver,App,Merchandise,3,335,0.00,1005.00,App Wallet,
T001914,2025-12-29 15:08,B08,M0184,Bronze,In-store,Coffee,2,115,0.00,230.00,Cash,
T001915,2025-12-29 16:28,B07,,,In-store,Coffee,1,75,0.00,75.00,Cash,
T001916,2025-12-29 16:36,B02,M0276,Bronze,In-store,Coffee,1,110,0.00,110.00,Cash,
T001917,2025-12-29 16:42,B05,M0307,Platinum,Delivery,Coffee,1,120,0.00,120.00,QR PromptPay,5
T001918,2025-12-29 16:43,B05,M0048,Slvr,App,Tea,2,95,0.00,190.00,Credit Card,
T001919,2025-12-29 16:52,B06,M0315,Bronze,In-store,Coffee,3,65,0.00,195.00,Credit Card,
T001920,2025-12-29 17:04,B05,M0307,Platinum,Instore,Coffee,2,55,22.00,88.00,QR PromptPay,
T001921,2025-12-29 17:26,B05,,,App,Tea,1,95,0.00,95.00,Credit Card,
T001922,2025-12-29 17:27,B07,,,App,Coffee,3,90,0.00,270.00,Credit Card,
T001923,2025-12-29 17:47,B02,,,Delivery,Bakery,1,70,0.00,70.00,Credit Card,
T001924,2025-12-29 18:18,B04,M0168,Gold,Delivery,Bakery,1,70,0.00,70.00,Cash,
T001925,2025-12-29 18:29,B01,M0135,Silver,In-store,Tea,1,65,0.00,65.00,Credit Card,
T001926,2025-12-29 18:41,B01,M0208,Gold,App,Coffee,4,75,45.00,255.00,App Wallet,
T001927,2025-12-29 19:38,B04,,,In-store,Coffee,2,90,0.00,180.00,Credit Card,4
T001928,2025-12-30 07:10,B08,M0119,Bronze,In-store,Merchandise,1,295,0.00,295.00,Credit Card,
T001929,2025-12-30 08:31,B08,M0204,Gold,In-store,Bakery,2,90,0.00,180.00,QR PromptPay,
T001930,2025-12-30 08:39,B07,M0093,SILVER,In-store,Coffee,2,100,0.00,200.00,QR PromptPay,
T001931,2025-12-30 09:54,B01,M0281,Silver,App,Bakery,1,85,8.50,76.50,App Wallet,
T001932,2025-12-30 10:31,B03,M0164,Bronze,In-store,Coffee,1,85,0.00,85.00,Credit Card,
T001933,2025-12-30 10:56,B03,M0132,Bronze,In-store,Tea,1,80,0.00,80.00,QR PromptPay,
T001934,2025-12-30 10:57,B05,M0047,PLATINUM,Delivery,Merchandise,3,290,0.00,870.00,Cash,4
T001935,2025-12-30 11:07,B05,,,In-store,Bakery,1,65,0.00,65.00,Credit Card,
T001936,2025-12-30 12:11,B02,M0041,Bronze,Delivery,Coffee,1,70,10.50,59.50,Credit Card,
T001937,2025-12-30 12:28,B02,,,In-store,Tea,1,95,0.00,95.00,QR PromptPay,4
T001938,2025-12-30 12:52,B08,,,In-store,Coffee,2,105,0.00,210.00,Cash,
T001939,2025-12-30 12:54,B05,M0297,Bronze,In-store,Coffee,1,75,0.00,75.00,Credit Card,
T001940,2025-12-30 13:42,B01,M0078,Bronze,Instore,Coffee,1,75,0.00,75.00,Cash,
T001941,2025-12-30 14:05,B01,M0127,Silver,In-store,Coffee,3,75,0.00,225.00,Credit Card,
T001942,2025-12-30 14:17,B08,M0051,Gold,In-store,Coffee,1,55,0.00,55.00,QR PromptPay,4
T001943,2025-12-30 15:41,B01,M0083,Bronze,In-store,Tea,1,90,13.50,76.50,QR PromptPay,5
T001944,2025-12-30 15:45,B4,,,App,Tea,2,85,0.00,170.00,App Wallet,4
T001945,2025-12-30 16:02,B02,M0233,Bronze,in-store,Bakery,1,45,0.00,45.00,Cash,2
T001946,2025-12-30 16:08,B02,M0222,Silver,Instore,Tea,1,95,0.00,95.00,QR PromptPay,
T001947,2025-12-30 16:31,B04,,,App,Bakery,3,65,0.00,195.00,App Wallet,
T001948,2025-12-30 17:52,B06,M0058,Gold,App,Bakery,1,85,0.00,85.00,App Wallet,
T001949,2025-12-30 17:58,B02,M0025,Gold,In-store,Merchandise,2,825,0.00,1650.00,QR PromptPay,
T001950,2025-12-30 19:08,B03,M0309,Silver,App,Bakery,1,110,0.00,110.00,Credit Card,
T001951,2025-12-31 07:37,B06,M0058,Gold,In-store,Coffee,1,110,0.00,110.00,QR PromptPay,3
T001952,2025-12-31 08:22,B05,M0128,Bronze,In-store,Tea,3,80,24.00,216.00,Cash,
T001953,2025-12-31 09:58,B02,,,In-store,Coffee,3,65,0.00,195.00,Cash,5
T001954,2025-12-31 12:12,B04,,,In-store,Coffee,2,110,0.00,220.00,Cash,5
T001955,2025-12-31 12:47,B03,M0104,Silver,Delivery,Bakery,1,60,9.00,51.00,Cash,5
T001956,2025-12-31 13:08,B06,,,In-store,Merchandise,4,620,0.00,2480.00,Cash,
T001957,2025-12-31 13:46,B04,M0143,Bronze,Delivery,Coffee,1,115,0.00,115.00,Credit Card,3
T001958,2025-12-31 13:51,B05,,,In-store,Bakery,3,80,0.00,240.00,Cash,
T001959,2025-12-31 13:54,B04,,,In-store,Coffee,4,90,0.00,360.00,Credit Card,
T001960,2025-12-31 14:15,B01,,,In-store,Coffee,3,55,0.00,165.00,QR PromptPay,2
T001961,2025-12-31 16:06,B07,M0175,Bronze,Delivery,Coffee,1,105,10.50,94.50,QR PromptPay,4
T001962,2025-12-31 16:12,B05,M0240,Platinum,In-store,Bakery,2,110,22.00,198.00,QR PromptPay,4
T001963,2025-12-31 16:22,B05,,,In-store,Merchandise,1,445,0.00,445.00,Credit Card,
T001964,2025-12-31 16:41,B03,M0132,Bronze,In-store,Coffee,1,65,0.00,65.00,QR PromptPay,
T001965,2025-12-31 16:48,B01,,,In-store,Merchandise,2,850,0.00,1700.00,Credit Card,
T001966,2025-12-31 16:54,B03,,,In-store,Coffee,2,90,0.00,180.00,QR PromptPay,
T001967,2025-12-31 17:48,B04,,,In-store,Coffee,4,60,0.00,240.00,QR PromptPay,
T001968,2025-12-31 18:13,B06,,,App,Coffee,1,75,0.00,75.00,Credit Card,
T001969,2025-12-31 19:31,B08,M0259,Bronze,In-store,Bakery,4,80,0.00,320.00,Cash,
T001970,2026-01-01 07:09,B02,M0222,Silver,In-store,Coffee,3,95,0.00,285.00,Credit Card,
T001971,2026-01-01 07:50,B06,M0304,Platinum,App,Coffee,3,90,0.00,270.00,Credit Card,
T001972,2026-01-01 08:01,B06,M0101,Bronze,In-store,Coffee,4,115,0.00,460.00,QR PromptPay,
T001973,2026-01-01 09:14,B01,M0114,Silver,In-store,Coffee,1,65,0.00,65.00,QR PromptPay,
T001974,2026-01-01 09:44,B05,,,App,Coffee,1,65,0.00,65.00,App Wallet,
T001975,2026-01-01 11:20,B04,,,In-store,Bakery,1,55,0.00,55.00,QR PromptPay,4
T001976,2026-01-01 12:50,B07,M0196,Bronze,In-store,Coffee,2,80,0.00,160.00,Credit Card,
T001977,2026-01-01 12:58,B01,M9388,Silver,Delivery,Coffee,1,95,0.00,95.00,Credit Card,3
T001978,2026-01-01 13:00,B06,M0058,Gold,App,Coffee,1,95,9.50,85.50,Credit Card,
T001979,2026-01-01 13:06,B07,M0130,Platinum,Delivery,Coffee,1,95,9.50,85.50,Credit Card,
T001980,2026-01-01 13:18,B08,,,App,Coffee,3,55,0.00,165.00,App Wallet,4
T001981,2026-01-01 13:19,B03,M0059,Gold,In-store,Bakery,3,80,48.00,192.00,QR PromptPay,
T001981,2026-01-01 13:19,B03,M0059,Gold,In-store,Bakery,3,80,48.00,192.00,QR PromptPay,
T001982,2026-01-01 13:21,B01,M0208,Gold,In-store,Coffee,1,120,12.00,108.00,QR PromptPay,2
T001983,2026-01-01 13:35,B04,,,App,Coffee,1,80,0.00,80.00,Credit Card,
T001984,2026-01-01 14:23,B05,M0129,Silver,In-store,Bakery,1,55,0.00,55.00,QR PromptPay,5
T001985,2026-01-01 14:38,B07,M0308,Gold,App,Coffee,2,70,14.00,126.00,Credit Card,3
T001986,2026-01-01 15:07,B07,,,Instore,Tea,1,80,0.00,80.00,QR PromptPay,
T001987,2026-01-01 16:12,B02,,,In-store,Bakery,4,45,0.00,180.00,Cash,
T001988,2026-01-01 16:55,B03,,,App,Tea,1,80,0.00,80.00,App Wallet,
T001989,2026-01-01 16:58,B08,M0077,Gold,App,Tea,1,90,0.00,90.00,Credit Card,
T001990,2026-01-01 19:03,B01,M0048,Silver,In-store,Tea,1,85,0.00,85.00,QR PromptPay,
T001991,2026-01-01 19:16,B04,M0294,bronze,In-store,Coffee,1,120,6.00,114.00,Cash,
T001992,2026-01-01 19:38,B01,M0157,Slvr,In-store,Coffee,2,115,0.00,230.00,QR PromptPay,
T001993,2026-01-01 19:59,B01,M0169,Bronze,In-store,Tea,3,55,0.00,165.00,Credit Card,
T001994,2026-01-02 07:47,B04,M0007,Bronze,App,Bakery,3,55,0.00,165.00,Credit Card,
T001995,2026-01-02 08:43,B01,M0061,Silver,In-store,Coffee,2,85,0.00,170.00,Credit Card,
T001996,2026-01-02 08:56,B01,M0114,Silver,In-store,Coffee,1,120,0.00,120.00,QR PromptPay,
T001997,2026-01-02 08:57,B03,M0078,Bronze,App,Tea,1,50,0.00,50.00,App Wallet,4
T001998,2026-01-02 09:21,B01,M0220,Bronze,In-store,Coffee,1,80,0.00,80.00,Credit Card,4
T001999,2026-01-02 11:41,B03,M9039,Gold,App,Bakery,2,90,0.00,180.00,App Wallet,
T002000,2026-01-02 12:05,B02,,,Delivery,Coffee,1,70,0.00,70.00,Cash,
T002001,2026-01-02 12:30,B05,,,App,Merchandise,1,875,0.00,875.00,Credit Card,
T002002,2026-01-02 12:50,B04,M0274,Bronze,In-store,Coffee,2,65,0.00,130.00,Credit Card,
T002003,2026-01-02 13:34,B03,M0323,Bronze,App,Bakery,1,60,0.00,60.00,Credit Card,
T002004,2026-01-02 13:42,B05,M0206,Bronze,In-store,Bakery,1,100,0.00,100.00,QR PromptPay,
T002005,2026-01-02 14:19,B01,,,In-store,Coffee,2,90,0.00,180.00,Credit Card,5
T002006,2026-01-02 15:00,B08,,,In-store,Bakery,4,100,0.00,400.00,QR PromptPay,3
T002007,2026-01-02 17:03,B06,,,In-store,Tea,2,95,0.00,190.00,QR PromptPay,3
T002008,2026-01-02 17:19,B04,,,App,Coffee,2,70,0.00,140.00,Credit Card,4
T002009,2026-01-02 17:32,B08,,,In-store,Coffee,3,60,0.00,180.00,Cash,
T002010,2026-01-02 18:18,B05,M0297,Brz,In-store,Coffee,1,90,0.00,90.00,Cash,
T002011,2026-01-02 18:30,B06,M0283,Bronze,In-store,Merchandise,1,715,0.00,715.00,QR PromptPay,4
T002012,2026-01-03 07:00,B06,M0101,Bronze,Delivery,Tea,1,80,4.00,76.00,Credit Card,5
T002013,2026-01-03 08:09,B08,,,App,Merchandise,3,715,0.00,2145.00,Credit Card,
T002014,2026-01-03 08:14,B06,M0062,Bronze,App,Coffee,3,60,0.00,180.00,App Wallet,
T002015,2026-01-03 08:17,B06,M0187,Bronze,App,Coffee,1,80,0.00,80.00,Credit Card,
T002016,2026-01-03 08:47,B03,M0151,Bronze,In-store,Tea,2,50,0.00,100.00,Credit Card,
T002017,2026-01-03 09:07,B01,M0048,Slvr,App,Coffee,1,70,0.00,70.00,Credit Card,
T002018,2026-01-03 09:19,B02,M0010,Bronze,In-store,Bakery,4,70,0.00,280.00,Credit Card,2
T002019,2026-01-03 09:41,B03,M0276,Bronze,In-store,Coffee,4,80,0.00,320.00,Cash,3
T002020,2026-01-03 10:48,B02,M0323,Bronze,In-store,Coffee,1,85,8.50,76.50,Credit Card,
T002021,2026-01-03 10:53,B02,M0169,Bronze,App,Bakery,4,85,0.00,340.00,App Wallet,
T002022,2026-01-03 12:43,B07,M0036,Platinum,In-store,Coffee,1,105,0.00,105.00,Credit Card,
T002023,2026-01-03 12:47,B08,M0226,Bronze,Delivery,Coffee,1,95,0.00,95.00,Credit Card,
T002024,2026-01-03 13:12,B03,M0324,Gold,In store,Coffee,1,90,18.00,72.00,Credit Card,3
T002025,2026-01-03 13:22,B05,M0047,Platinum,App,Bakery,2,100,0.00,200.00,Credit Card,
T002026,2026-01-03 13:32,B03,M0053,Gold,In-store,Coffee,1,115,0.00,115.00,Cash,
T002027,2026-01-03 14:37,B02,M0269,Gold,In-store,Tea,4,70,56.00,224.00,QR PromptPay,4
T002028,2026-01-03 14:52,B05,M0295,Silver,In-store,Coffee,1,70,0.00,70.00,Credit Card,
T002029,2026-01-03 15:08,B04,M0258,Bronze,Deliv.,Tea,4,55,0.00,220.00,Cash,
T002030,2026-01-03 15:19,B06,M0061,Silver,In-store,Coffee,1,75,0.00,75.00,Credit Card,
T002031,2026-01-03 15:48,B03,,,APP,Coffee,4,85,0.00,340.00,App Wallet,5
T002032,2026-01-03 16:05,B03,M0023,Bronze,In-store,Tea,3,75,0.00,225.00,Credit Card,
T002033,2026-01-03 17:13,B06,M0058,Gold,App,Coffee,1,75,0.00,75.00,Credit Card,
T002034,2026-01-03 17:20,B08,M0010,Bronze,In-store,Coffee,1,80,0.00,80.00,Credit Card,
T002035,2026-01-03 17:40,B01,,,App,Merchandise,1,800,0.00,800.00,App Wallet,3
T002036,2026-01-03 17:44,B05,,,In-store,Coffee,3,75,0.00,225.00,Cash,
T002037,2026-01-03 18:09,B08,M0199,Silver,In-store,Tea,1,80,0.00,80.00,QR PromptPay,
T002038,2026-01-03 18:58,B07,M0077,Gold,In-store,Tea,1,75,3.75,71.25,Cash,
T002039,2026-01-04 07:13,B03,,,Mobile App,Coffee,2,70,0.00,140.00,Credit Card,
T002040,2026-01-04 07:30,B07,,,In-store,Coffee,2,55,0.00,110.00,QR PromptPay,
T002041,2026-01-04 08:35,B06,M0015,Gold,In-store,Merchandise,3,420,63.00,1197.00,Cash,
T002042,2026-01-04 10:17,B05,,,In-store,Coffee,1,100,0.00,100.00,QR PromptPay,
T002043,2026-01-04 10:28,B05,M0128,Bronze,In-store,Coffee,4,95,0.00,380.00,QR PromptPay,
T002044,2026-01-04 11:05,B04,M0301,bronze,Delivery,Tea,3,85,25.50,229.50,Credit Card,
T002045,2026-01-04 11:25,B07,M0093,Silver,Delivery,Coffee,1,55,8.25,46.75,Credit Card,
T002046,2026-01-04 12:12,B05,,,App,Coffee,2,75,0.00,150.00,App Wallet,
T002047,2026-01-04 12:28,B02,M0148,Gold,In-store,Coffee,4,60,0.00,240.00,QR PromptPay,
T002048,2026-01-04 13:27,B08,M0180,Bronze,In-store,Coffee,1,90,0.00,90.00,QR PromptPay,2
T002049,2026-01-04 15:45,B06,,,In store,Tea,1,60,0.00,60.00,Credit Card,4
T002050,2026-01-04 15:58,B06,M0105,Gold,In-store,Tea,1,90,0.00,90.00,QR PromptPay,5
T002051,2026-01-04 17:40,B04,,,In-store,Bakery,1,80,0.00,80.00,Credit Card,
T002052,2026-01-04 17:58,B07,M0077,Gold,App,Coffee,4,70,0.00,280.00,App Wallet,
T002053,2026-01-04 19:59,B03,M0127,Silver,In-store,Bakery,2,45,0.00,90.00,Credit Card,
T002054,2026-01-05 07:09,B01,M0199,Silver,In-store,Tea,1,90,0.00,90.00,Credit Card,
T002055,2026-01-05 08:00,B07,,,Delivery,Coffee,1,110,0.00,110.00,QR PromptPay,4
T002056,2026-01-05 08:15,B03,M0245,Platinum,Delivery,Coffee,1,105,0.00,105.00,QR PromptPay,5
T002057,2026-01-05 08:19,B01,M0045,Gold,Delivery,Coffee,1,65,9.75,55.25,Cash,5
T002058,2026-01-05 08:34,B07,M0284,Bronze,App,Coffee,1,115,0.00,115.00,App Wallet,
T002059,2026-01-05 08:54,B03,M0071,Bronze,In-store,Coffee,1,105,0.00,105.00,QR PromptPay,3
T002060,2026-01-05 09:31,B04,M0057,Bronze,App,Bakery,1,70,0.00,70.00,App Wallet,4
T002061,2026-01-05 09:35,B07,M0307,Platinum,In-store,Coffee,1,115,0.00,115.00,Cash,
T002062,2026-01-05 10:13,B04,M0208,Gold,In-store,Coffee,2,65,0.00,130.00,Cash,4
T002063,2026-01-05 11:06,B04,,,In-store,Bakery,2,50,0.00,100.00,Credit Card,
T002064,2026-01-05 12:19,B08,,,In-store,Bakery,2,80,0.00,160.00,QR PromptPay,
T002065,2026-01-05 12:23,B01,M0276,Bronze,In-store,Merchandise,1,830,0.00,830.00,Credit Card,
T002066,2026-01-05 13:05,B06,,,Delivery,Coffee,2,100,0.00,200.00,QR PromptPay,
T002067,2026-01-05 13:55,B08,M0012,Platinum,In-store,Coffee,1,80,16.00,64.00,Credit Card,2
T002067,2026-01-05 14:42,B08,M0012,PLATINUM,In-store,Coffee,-1,80,-16.00,-64.00,Credit Card,
T002068,2026-01-05 14:49,B04,M0177,Bronze,In-store,Coffee,1,65,0.00,65.00,Credit Card,4
T002069,2026-01-05 15:17,B03,M0053,Gold,App,Bakery,1,105,5.25,99.75,App Wallet,
T002070,2026-01-05 16:12,B02,M0050,Silver,App,Bakery,1,70,0.00,70.00,App Wallet,4
T002071,2026-01-05 16:14,B03,M0309,Silver,App,Coffee,2,65,0.00,130.00,App Wallet,4
T002072,2026-01-05 17:21,B01,M0027,Silver,Delivery,Coffee,1,80,0.00,80.00,Cash,
T002073,2026-01-05 18:21,B06,,,App,Coffee,4,55,0.00,220.00,App Wallet,
T002074,2026-01-05 18:24,B07,,,In-store,Tea,1,65,0.00,65.00,Cash,
T002075,2026-01-05 18:38,B03,,,In-store,Coffee,1,115,0.00,115.00,Cash,
T002076,2026-01-05 19:22,B08,M0051,Gold,In-store,Coffee,2,105,0.00,210.00,Cash,
T002077,2026-01-06 08:32,B02,,,Delivery,Coffee,3,120,0.00,360.00,Credit Card,
T002078,2026-01-06 08:38,B07,M0077,Gold,App,Bakery,2,55,16.50,93.50,App Wallet,
T002079,2026-01-06 08:39,B02,M0082,Bronze,In-store,Coffee,1,100,0.00,100.00,Cash,4
T002080,2026-01-06 09:11,B08,,,In-store,Tea,4,90,0.00,360.00,QR PromptPay,
T002081,2026-01-06 10:06,B02,,,In-store,Coffee,2,115,0.00,230.00,QR PromptPay,
T002082,2026-01-06 10:09,B07,M0286,Silver,In-store,Bakery,3,75,0.00,225.00,Cash,
T002083,2026-01-06 10:18,B02,M0286,Silver,In-store,Coffee,4,80,0.00,320.00,Cash,3
T002084,2026-01-06 11:07,B01,M9351,Silver,App,Bakery,1,90,0.00,90.00,App Wallet,3
T002085,2026-01-06 11:21,B06,M0304,Platinum,In-store,Coffee,1,55,0.00,55.00,QR PromptPay,3
T002086,2026-01-06 11:29,B08,M0184,Bronze,Delivery,Tea,1,85,17.00,68.00,Credit Card,
T002087,2026-01-06 12:25,B04,,,Delivery,Coffee,2,60,0.00,120.00,Credit Card,
T002088,2026-01-06 14:27,b08,,,In-store,Coffee,4,95,0.00,380.00,QR PromptPay,5
T002089,2026-01-06 14:48,B03,M0197,Gold,In-store,Bakery,1,45,0.00,45.00,Credit Card,
T002090,2026-01-06 15:30,B03,,,App,Coffee,1,95,0.00,95.00,Credit Card,5
T002091,2026-01-06 15:32,B04,M0159,Platinum,In-store,Bakery,4,80,0.00,320.00,QR PromptPay,
T002092,2026-01-06 16:04,B08,M0324,Gold,In-store,Coffee,2,75,15.00,135.00,Cash,
T002093,2026-01-06 16:16,B07,,,In-store,Coffee,1,105,0.00,105.00,Credit Card,
T002094,2026-01-06 16:35,B02,,,In-store,Coffee,4,100,0.00,400.00,Cash,
T002095,2026-01-06 16:37,B07,M0093,Silver,In-store,Tea,1,70,0.00,70.00,QR PromptPay,
T002096,2026-01-06 16:42,B01,M0276,Bronze,In-store,Merchandise,2,475,0.00,950.00,QR PromptPay,4
T002097,2026-01-06 16:50,B06,M0197,Gold,App,Tea,1,85,0.00,85.00,App Wallet,
T002098,2026-01-06 16:53,B05,M0315,Bronze,In-store,Coffee,1,60,3.00,57.00,Credit Card,5
T002099,2026-01-06 17:19,B04,,,In-store,Coffee,1,65,0.00,65.00,QR PromptPay,
T002100,2026-01-06 17:35,B06,M0304,Platinum,In-store,Merchandise,1,610,0.00,610.00,Cash,
T002101,2026-01-06 17:43,B05,M0102,PLATINUM,Delivery,Bakery,4,95,0.00,380.00,Credit Card,
T002102,2026-01-06 18:44,B03,,,In-store,Coffee,1,80,0.00,80.00,Credit Card,
T002103,2026-01-07 07:54,B07,M0083,Bronze,In-store,Coffee,2,80,24.00,136.00,QR PromptPay,
T002104,2026-01-07 08:01,B03,M0245,Platinum,In-store,Coffee,2,85,8.50,161.50,Credit Card,
T002105,2026-01-07 08:10,B08,,,Delivery,Coffee,2,115,0.00,230.00,QR PromptPay,
T002106,2026-01-07 08:43,B07,M0101,BRONZE,In-store,Tea,1,55,0.00,55.00,Credit Card,
T002107,2026-01-07 08:52,B08,M0307,Platinum,App,Coffee,1,90,4.50,85.50,Credit Card,
T002108,2026-01-07 08:58,B05,M0297,Bronze,In-store,Coffee,4,115,0.00,460.00,Cash,5
T002109,2026-01-07 09:02,B05,,,In-store,Coffee,1,85,0.00,85.00,QR PromptPay,
T002110,2026-01-07 10:27,B05,M0120,Bronze,In-store,Coffee,1,90,0.00,90.00,Credit Card,
T002110,2026-01-07 10:27,B05,M0120,Bronze,In-store,Coffee,1,90,0.00,90.00,Credit Card,
T002111,2026-01-07 10:31,B06,M0047,Platinum,App,Coffee,1,85,12.75,72.25,App Wallet,
T002112,2026-01-07 10:41,B02,,,App,Coffee,2,65,0.00,130.00,Credit Card,4
T002113,2026-01-07 10:48,B05,M0120,Bronze,In-store,Bakery,1,80,0.00,30.00,Cash,4
T002114,2026-01-07 11:26,B04,M0284,Bronze,Delivery,Tea,2,75,0.00,150.00,QR PromptPay,5
T002115,2026-01-07 12:38,B03,,,app,Coffee,1,120,0.00,120.00,App Wallet,
T002116,2026-01-07 13:03,B08,,,In-store,Coffee,2,80,0.00,160.00,QR PromptPay,3
T002117,2026-01-07 13:39,B06,M0056,Platinum,Delivery,Bakery,2,100,10.00,190.00,Credit Card,
T002118,2026-01-07 13:48,B08,M0002,Bronze,Delivery,Coffee,2,95,0.00,190.00,Credit Card,
T002119,2026-01-07 13:52,B01,M0320,Bronze,In-store,Coffee,2,75,30.00,120.00,Cash,
T002120,2026-01-07 14:25,B08,M0002,Bronze,In-store,Coffee,3,120,0.00,360.00,QR PromptPay,4
T002121,2026-01-07 14:44,B07,M0196,Bronze,App,Coffee,1,80,0.00,80.00,Credit Card,
T002122,2026-01-07 15:00,B07,M0077,Gold,In-store,Coffee,2,105,0.00,210.00,Cash,
T002123,2026-01-07 16:21,B05,M0128,Bronze,In-store,Bakery,1,80,0.00,80.00,Credit Card,3
T002124,2026-01-07 16:24,B06,M0005,Bronze,App,Bakery,1,85,0.00,85.00,App Wallet,4
T002125,2026-01-07 16:30,B07,,,App,Coffee,1,105,0.00,105.00,Credit Card,
T002126,2026-01-07 16:34,B05,M0056,Platinum,In-store,Bakery,2,90,0.00,180.00,QR PromptPay,5
T002127,2026-01-07 16:45,B03,M0208,Gold,In-store,Coffee,1,85,12.75,72.25,Credit Card,
T002128,2026-01-07 16:59,B05,M0297,Bronze,Delivery,Coffee,2,110,0.00,220.00,Credit Card,5
T002129,2026-01-07 17:02,B02,,,App,Coffee,3,110,0.00,330.00,App Wallet,
T002130,2026-01-07 17:12,B04,M0274,Bronze,Delivery,Tea,1,70,0.00,70.00,QR PromptPay,
T002131,2026-01-07 17:34,B04,,,In-store,Coffee,4,55,0.00,220.00,Credit Card,3
T002132,2026-01-07 17:46,B07,,,In-store,Tea,2,55,0.00,110.00,Credit Card,5
T002133,2026-01-07 18:52,B03,,,In-store,Merchandise,3,810,0.00,2430.00,Cash,
T002134,2026-01-07 18:55,B06,,,In-store,Bakery,2,90,0.00,180.00,Cash,
T002135,2026-01-07 19:32,B07,,,Delivery,Coffee,3,120,0.00,360.00,QR PromptPay,
T002136,2026-01-07 19:41,B08,M0002,Bronze,In-store,Tea,1,75,0.00,75.00,QR PromptPay,4
T002137,2026-01-08 07:00,B05,M0310,Gold,In-store,Tea,2,55,0.00,110.00,Credit Card,
T002138,2026-01-08 07:47,B05,M0297,Bronze,In-store,Tea,1,75,0.00,75.00,Credit Card,
T002139,2026-01-08 08:03,B03,M0132,Bronze,App,Bakery,1,90,0.00,90.00,App Wallet,
T002140,2026-01-08 08:05,B08,,,In-store,Bakery,4,95,0.00,380.00,QR PromptPay,
T002141,2026-01-08 08:07,B07,M0050,Silver,In-store,Bakery,2,75,0.00,150.00,Cash,
T002142,2026-01-08 08:25,B01,M0127,Silver,App,Coffee,2,90,0.00,180.00,Credit Card,4
T002143,2026-01-08 09:47,B02,,,In-store,Bakery,1,95,0.00,95.00,Credit Card,
T002144,2026-01-08 10:07,B08,,,In-store,Tea,1,60,0.00,60.00,Credit Card,4
T002145,2026-01-08 12:37,B08,M0257,Silver,In-store,Merchandise,2,430,129.00,731.00,Credit Card,
T002146,2026-01-08 13:10,B02,,,App,Coffee,3,85,0.00,255.00,Credit Card,3
T002147,2026-01-08 13:27,B06,,,In-store,Coffee,1,80,0.00,80.00,Cash,
T002148,2026-01-08 13:51,B05,,,Delivery,Coffee,1,120,0.00,120.00,QR PromptPay,
T002149,2026-01-08 15:13,B06,M0058,Gold,App,Merchandise,1,485,0.00,485.00,App Wallet,
T002150,2026-01-08 15:21,B02,,,Delivery,Tea,2,70,0.00,140.00,Cash,
T002151,2026-01-08 15:46,B02,M0088,Bronze,Delivery,Merchandise,3,740,0.00,2220.00,QR PromptPay,
T002152,2026-01-08 15:59,B01,M0070,Bronze,In-store,Coffee,3,105,0.00,315.00,Credit Card,3
T002153,2026-01-08 17:57,B07,M0307,Platinum,In-store,Coffee,2,60,6.00,114.00,Credit Card,
T002154,2026-01-08 18:21,B06,M0058,Gold,App,Coffee,4,95,76.00,304.00,Credit Card,4
T002155,2026-01-08 18:51,B04,M0024,Platinum,In-store,Coffee,3,55,16.50,148.50,Cash,3
T002156,2026-01-08 19:01,B07,M9772,Bronze,Delivery,Tea,1,50,2.50,47.50,QR PromptPay,4
T002157,2026-01-09 07:18,B04,,,App,Coffee,1,95,0.00,95.00,App Wallet,
T002157,2026-01-09 07:18,B04,,,App,Coffee,1,95,0.00,95.00,App Wallet,
T002158,2026-01-09 07:44,B08,M0310,Gold,App,Tea,2,80,32.00,128.00,Credit Card,2
T002159,2026-01-09 08:03,B02,M0103,Silver,App,Bakery,4,100,0.00,400.00,Credit Card,
T002160,2026-01-09 08:09,B06,,,Delivery,Coffee,59,80,0.00,4720.00,Credit Card,3
T002161,2026-01-09 08:18,B05,M0297,Bronze,In-store,Coffee,4,115,0.00,460.00,Credit Card,5
T002162,2026-01-09 08:23,B04,M0324,Gold,In-store,Bakery,2,70,0.00,140.00,Credit Card,2
T002163,2026-01-09 08:38,B08,M0119,Bronze,In-store,Coffee,3,60,0.00,180.00,Cash,5
T002164,2026-01-09 11:01,B06,M0260,Gold,In-store,Bakery,2,45,0.00,90.00,QR PromptPay,
T002164,2026-01-09 11:01,B06,M0260,Gold,In-store,Bakery,2,45,0.00,90.00,QR PromptPay,
T002165,2026-01-09 11:29,B06,M0229,Platinum,In-store,Coffee,2,60,0.00,120.00,Credit Card,
T002166,2026-01-09 12:40,B04,M0171,Gold,In-store,Tea,1,90,18.00,72.00,Credit Card,
T002167,2026-01-09 12:48,B05,M0145,Brz,In-store,Bakery,2,60,0.00,120.00,Cash,
T002168,2026-01-09 13:07,B08,M0310,Gold,App,Coffee,1,110,5.50,104.50,Credit Card,4
T002169,2026-01-09 13:11,B04,,,App,Tea,2,65,0.00,130.00,Credit Card,4
T002170,2026-01-09 13:27,B6,M0273,Silver,App,Bakery,3,50,0.00,150.00,Credit Card,
T002171,2026-01-09 14:13,B06,M0304,Plat.,In-store,Coffee,2,60,0.00,120.00,Credit Card,2
T002172,2026-01-09 15:09,B04,M0019,Bronze,In-store,Bakery,2,80,0.00,160.00,Credit Card,4
T002173,2026-01-09 15:43,B03,M0096,Gold,App,Bakery,1,95,14.25,80.75,App Wallet,
T002174,2026-01-09 16:02,B07,M0054,Bronze,In-store,Coffee,1,95,0.00,95.00,Cash,5
T002175,2026-01-09 16:45,B08,M0051,Gold,App,Coffee,1,80,16.00,64.00,Credit Card,4
T002176,2026-01-09 17:15,B05,M0118,Gold,In-store,Merchandise,2,345,0.00,690.00,QR PromptPay,
T002175,2026-01-09 17:33,B08,M0051,Gold,App,Coffee,-1,80,-16.00,-64.00,Credit Card,
T002177,2026-01-09 17:40,B04,M0038,Gold,Delivery,Merchandise,2,545,218.00,872.00,Credit Card,
T002178,2026-01-09 18:58,B07,M0124,Bronze,In-store,Coffee,4,90,0.00,360.00,Credit Card,3
T002179,2026-01-10 07:37,B05,M0202,Bronze,App,Merchandise,4,785,0.00,3140.00,Credit Card,
T002180,2026-01-10 07:49,B01,M0302,Silver,In-store,Coffee,1,75,0.00,75.00,Cash,
T002181,2026-01-10 12:03,B01,,,App,Coffee,2,70,0.00,140.00,App Wallet,
T002182,2026-01-10 12:11,B06,M0273,Silver,In-store,Coffee,4,100,0.00,400.00,QR PromptPay,3
T002183,2026-01-10 12:18,B07,M0077,Gold,Delivery ,Bakery,2,100,0.00,200.00,QR PromptPay,4
T002184,2026-01-10 12:59,B08,M0051,Gold,In-store,Bakery,2,105,0.00,210.00,Credit Card,
T002185,2026-01-10 13:29,B01,M0114,Silver,Delivery,Coffee,2,65,6.50,123.50,QR PromptPay,
T002186,2026-01-10 14:30,B05,,,App,Coffee,1,95,0.00,95.00,Credit Card,
T002187,2026-01-10 15:47,B07,,,App,Coffee,2,65,0.00,130.00,Credit Card,
T002188,2026-01-10 17:14,B04,M0096,Gold,Delivery,Tea,2,90,0.00,180.00,QR PromptPay,4
T002188,2026-01-10 17:14,B04,M0096,Gold,Delivery,Tea,2,90,0.00,180.00,QR PromptPay,4
T002189,2026-01-10 18:05,B07,,,Delivery,Bakery,1,60,0.00,60.00,QR PromptPay,3
T002190,2026-01-10 18:20,B06,M0101,Bronze,In-store,Tea,1,65,0.00,-25.00,Cash,
T002191,2026-01-10 18:42,B07,,,In-store,Bakery,1,105,0.00,105.00,Credit Card,
T002192,2026-01-10 19:18,B04,M0016,Gold,In-store,Merchandise,1,705,141.00,564.00,QR PromptPay,
T002193,2026-01-11 07:14,B05,,,Delivery,Tea,4,80,0.00,320.00,Credit Card,4
T002194,2026-01-11 07:17,B05,,,Delivery,Bakery,2,90,0.00,180.00,Cash,
T002195,2026-01-11 07:22,B07,,,App,Coffee,2,65,0.00,130.00,App Wallet,
T002196,2026-01-11 07:35,B04,,,App,Coffee,1,75,0.00,75.00,App Wallet,
T002197,2026-01-11 07:43,B03,,,Delivery,Tea,2,65,0.00,130.00,Credit Card,
T002198,2026-01-11 08:41,B06,,,In-store,Coffee,1,120,0.00,120.00,Cash,4
T002199,2026-01-11 08:45,B05,,,App,Coffee,1,75,0.00,75.00,App Wallet,5
T002200,2026-01-11 08:53,B07,M0015,gold,In-store,Bakery,1,85,0.00,85.00,QR PromptPay,
T002201,2026-01-11 09:03,B07,M0175,Bronze,In-store,Coffee,1,75,0.00,-15.00,QR PromptPay,
T002202,2026-01-11 09:53,B05,M0209,Bronze,In-store,Coffee,1,110,0.00,110.00,Credit Card,
T002203,2026-01-11 10:10,B05,M0230,Silver,Delivery,Bakery,1,85,17.00,68.00,QR PromptPay,3
T002204,2026-01-11 10:26,B03,M0296,Bronze,In-store,Coffee,1,120,0.00,120.00,QR PromptPay,
T002205,2026-01-11 12:37,B07,M0040,bronze,Delivery,Bakery,1,60,0.00,60.00,QR PromptPay,4
T002206,2026-01-11 13:03,B06,,,App,Coffee,1,85,0.00,85.00,Credit Card,
T002207,2026-01-11 13:09,B06,M0304,Platinum,App,Bakery,1,105,0.00,105.00,App Wallet,
T002208,2026-01-11 13:53,B07,M0093,Silver,In-store,Coffee,4,80,0.00,320.00,QR PromptPay,
T002209,2026-01-11 13:55,B01,M0281,Silver,In-store,Bakery,4,100,0.00,400.00,Cash,
T002210,2026-01-11 14:05,B01,M0048,Silver,In-store,Coffee,3,80,0.00,240.00,Cash,2
T002211,2026-01-11 14:40,B02,,,In-store,Coffee,2,85,0.00,170.00,Cash,
T002212,2026-01-11 15:11,B06,M0003,Bronze,in-store,Merchandise,1,350,0.00,350.00,QR PromptPay,5
T002213,2026-01-11 15:13,b06,,,In-store,Coffee,1,60,0.00,60.00,Credit Card,
T002214,2026-01-11 15:38,B05,M0297,Bronze,In-store,Bakery,1,80,0.00,80.00,Credit Card,4
T002215,2026-01-11 15:59,B07,,,In-store,Coffee,1,110,0.00,110.00,Credit Card,
T002216,2026-01-11 16:08,B01,M0127,silver,App,Tea,1,60,0.00,60.00,App Wallet,
T002217,2026-01-11 16:19,B01,,,App,Coffee,1,55,0.00,55.00,App Wallet,
T002218,2026-01-11 16:21,B05,M0094,Bronze,In-store,Coffee,1,95,14.25,80.75,QR PromptPay,
T002219,2026-01-11 16:53,B02,M0142,Silver,App,Coffee,1,60,0.00,60.00,App Wallet,5
T002220,2026-01-11 17:35,B02,M0007,Bronze,In-store,Coffee,1,95,9.50,85.50,Credit Card,
T002221,2026-01-11 17:44,B08,M0002,Bronze,In-store,Merchandise,4,660,0.00,2640.00,QR PromptPay,4
T002222,2026-01-11 18:39,B01,M0056,Platinum,In-store,Merchandise,2,635,127.00,1143.00,Cash,
T002223,2026-01-11 18:56,B01,M0220,Bronze,In-store,Merchandise,1,480,0.00,480.00,Cash,
T002224,2026-01-11 19:18,B02,M0114,Silver,App,Bakery,1,95,0.00,95.00,App Wallet,
T002225,2026-01-12 07:37,B04,M0045,Gold,App,Tea,2,65,6.50,123.50,App Wallet,4
T002226,2026-01-12 07:41,B08,M0119,Bronze,Delivery,Merchandise,1,885,0.00,885.00,QR PromptPay,3
T002227,2026-01-12 08:15,B04,,,In-store,Coffee,2,80,0.00,160.00,Credit Card,3
T002228,2026-01-12 08:31,B07,M0275,Gold,In-store,Coffee,3,90,0.00,270.00,Cash,
T002229,2026-01-12 08:46,B02,M0222,Silver,In-store,Merchandise,1,460,46.00,414.00,Cash,
T002230,2026-01-12 10:03,B04,,,App,Coffee,1,100,0.00,100.00,App Wallet,4
T002231,2026-01-12 10:08,B04,M0024,Platinum,In-store,Bakery,4,55,44.00,176.00,Cash,
T002232,2026-01-12 11:17,B07,,,In-store,Bakery,1,65,0.00,65.00,QR PromptPay,
T002233,2026-01-12 12:10,B08,M0087,Bronze,In-store,Tea,3,80,0.00,250.00,QR PromptPay,
T002234,2026-01-12 12:12,B07,M0286,Silver,In-store,Coffee,1,65,13.00,52.00,Cash,
T002235,2026-01-12 12:34,B05,,,In-store,Tea,1,75,0.00,75.00,Credit Card,5
T002236,2026-01-12 12:48,B08,M0051,Gold,In-store,Coffee,2,105,0.00,210.00,QR PromptPay,
T002237,2026-01-12 13:04,B05,,,In-store,Coffee,1,100,0.00,100.00,Credit Card,
T002238,2026-01-12 13:31,B03,M0197,Gold,App,Bakery,1,90,18.00,72.00,App Wallet,
T002239,2026-01-12 14:18,B02,M0292,Silver,In-store,Bakery,1,110,0.00,110.00,Credit Card,
T002240,2026-01-12 15:11,B03,M0049,Silver,App,Tea,4,60,0.00,240.00,Credit Card,
T002241,2026-01-12 15:35,B07,,,In-store,Coffee,1,65,0.00,65.00,QR PromptPay,
T002242,2026-01-12 16:09,B07,M0077,Gold,In-store,Coffee,1,60,0.00,60.00,QR PromptPay,
T002243,2026-01-12 16:35,B06,M0058,Gold,App,Coffee,2,100,0.00,200.00,App Wallet,
T002244,2026-01-12 17:41,B02,M0210,Bronze,App,Coffee,1,55,0.00,55.00,App Wallet,
T002245,2026-01-12 17:48,B04,M0184,Bronze,App,Coffee,4,75,0.00,300.00,Credit Card,5
T002246,2026-01-12 17:48,B06,M0056,Platinum,In-store,Coffee,1,105,0.00,105.00,QR PromptPay,3
T002247,2026-01-12 18:25,B02,M0069,Platinum,In-store,Tea,2,80,0.00,160.00,Credit Card,3
T002248,2026-01-12 19:14,B04,M0144,Silver,App,Tea,1,75,0.00,75.00,Credit Card,
T002249,2026-01-12 19:38,B04,M0105,Gold,in-store,Coffee,4,70,0.00,280.00,QR PromptPay,
T002249,2026-01-12 19:59,B04,M0105,Gold,In-store,Coffee,-4,70,-0.00,-280.00,QR PromptPay,
T002250,2026-01-13 07:02,B03,M0132,Bronze,App,Bakery,1,80,4.00,76.00,Credit Card,
T002251,2026-01-13 08:35,B08,M0276,Bronze,Delivery,Coffee,1,80,0.00,80.00,Cash,
T002252,2026-01-13 08:58,B02,M0233,Bronze,In-store,Coffee,4,90,0.00,360.00,QR PromptPay,4
T002253,2026-01-13 09:07,B05,M0245,Platinum,In-store,Coffee,2,70,21.00,119.00,Credit Card,
T002254,2026-01-13 09:17,B01,,,In-store,Coffee,1,115,0.00,115.00,QR PromptPay,
T002255,2026-01-13 09:46,B01,M0032,Bronze,Delivery,Coffee,4,120,0.00,480.00,Credit Card,
T002256,2026-01-13 09:58,B07,M0196,Bronze,Delivery,Coffee,4,95,0.00,380.00,Cash,5
T002257,2026-01-13 12:35,B04,M0264,Bronze,In-store,Coffee,1,95,0.00,95.00,Cash,
T002258,2026-01-13 12:55,B01,M0114,Silver,In-store,Coffee,1,105,0.00,105.00,QR PromptPay,
T002259,2026-01-13 14:02,B06,M9351,Silver,In-store,Bakery,4,75,15.00,285.00,Credit Card,
T002260,2026-01-13 14:55,B01,M0284,Bronze,App,Bakery,4,65,0.00,260.00,App Wallet,
T002261,2026-01-13 15:13,B05,,,Delivery,Coffee,2,105,0.00,210.00,Credit Card,4
T002262,2026-01-13 16:00,B04,,,App,Coffee,4,80,0.00,320.00,Credit Card,4
T002263,2026-01-13 17:48,B03,M0264,Bronze,App,Coffee,1,95,0.00,95.00,App Wallet,4
T002264,2026-01-13 18:13,B07,M0170,Gold,In-store,Coffee,1,115,17.25,97.75,Cash,
T002265,2026-01-13 18:53,B06,M0147,Silver,In-store,Coffee,1,105,0.00,105.00,QR PromptPay,
T002266,2026-01-13 19:35,B05,M0092,Bronze,Delivery,Coffee,2,110,0.00,220.00,QR PromptPay,3
T002267,2026-01-13 19:53,B03,M0309,Silver,In-store,Coffee,4,90,0.00,360.00,Cash,4
T002268,2026-01-14 07:06,B05,M0297,Bronze,In-store,Merchandise,1,765,0.00,765.00,QR PromptPay,
T002269,2026-01-14 07:59,B01,,,In-store,Bakery,1,65,0.00,65.00,Cash,
T002270,2026-01-14 08:13,B02,M0136,Bronze,In-store,Coffee,1,115,0.00,115.00,QR PromptPay,
T002271,2026-01-14 08:27,B04,,,App,Bakery,2,45,0.00,90.00,App Wallet,
T002272,2026-01-14 08:32,B03,M0074,Platinum,Delivery,Coffee,2,85,17.00,153.00,Credit Card,4
T002273,2026-01-14 08:41,B07,M9388,Gld,App,Tea,1,95,0.00,95.00,App Wallet,2
T002274,2026-01-14 09:03,B02,,,In-store,Coffee,2,70,0.00,140.00,QR PromptPay,
T002275,2026-01-14 09:56,B01,M0208,Gold,In-store,Coffee,2,105,0.00,210.00,QR PromptPay,3
T002276,2026-01-14 10:13,B05,,,In-store,Bakery,1,105,0.00,105.00,Cash,
T002277,2026-01-14 11:20,B05,M0144,Silver,In-store,Coffee,1,115,0.00,115.00,QR PromptPay,
T002278,2026-01-14 12:52,B02,M0136,Bronze,In-store,Bakery,2,45,0.00,90.00,Cash,
T002279,2026-01-14 13:12,B03,M0038,Gold,App,Coffee,1,120,0.00,120.00,App Wallet,
T002280,2026-01-14 13:14,B04,M0250,Bronze,In-store,Coffee,3,60,0.00,180.00,QR PromptPay,3
T002281,2026-01-14 13:48,B07,M0115,Silver,In-store,Merchandise,2,670,0.00,1340.00,Cash,4
T002282,2026-01-14 14:50,B03,M0164,Bronze,Delivery,Coffee,1,60,0.00,60.00,QR PromptPay,
T002281,2026-01-14 15:04,B07,M0115,Silver,In-store,Merchandise,-2,670,-0.00,-1340.00,Cash,
T002283,2026-01-14 15:37,B07,M0086,Silver,In-store,Bakery,1,75,3.75,71.25,Cash,
T002284,2026-01-14 16:00,B02,,,App,Tea,1,60,0.00,60.00,Credit Card,
T002285,2026-01-14 16:00,B07,M0170,Gold,In-store,Bakery,2,65,26.00,104.00,QR PromptPay,
T002286,2026-01-14 17:04,B05,M0015,Gold,App,Coffee,3,75,0.00,225.00,App Wallet,
T002287,2026-01-15 08:14,B03,M0168,Gold,App,Coffee,4,105,63.00,357.00,Credit Card,
T002288,2026-01-15 08:26,B04,M0115,Silver,Delivery,Coffee,1,75,0.00,75.00,QR PromptPay,
T002289,2026-01-15 08:29,B06,M0273,Silver,In-store,Coffee,1,90,0.00,90.00,Credit Card,
T002290,2026-01-15 08:34,B04,M0250,Bronze,Delivery,Merchandise,2,870,0.00,1740.00,Cash,4
T002291,2026-01-15 09:28,B02,M0142,Silver,App,Merchandise,1,375,0.00,375.00,Credit Card,3
T002292,2026-01-15 10:15,B01,,,In-store,Bakery,2,60,0.00,120.00,Cash,4
T002293,2026-01-15 11:11,B04,M0258,BRONZE,In-store,Coffee,1,115,0.00,115.00,Cash,
T002294,2026-01-15 11:49,B04,M0144,Silver,In-store,Coffee,1,75,0.00,75.00,Cash,
T002295,2026-01-15 12:06,B05,,,In-store,Coffee,2,110,0.00,220.00,QR PromptPay,
T002296,2026-01-15 14:33,B06,M0056,Platinum,In store,Coffee,4,100,20.00,380.00,Cash,
T002297,2026-01-15 14:44,B05,M0307,Platinum,In-store,Coffee,1,95,0.00,95.00,Cash,
T002298,2026-01-15 15:03,B01,,,In-store,Tea,3,85,0.00,255.00,Credit Card,
T002299,2026-01-15 15:09,B01,M0114,Silver,In-store,Tea,2,55,22.00,88.00,Cash,4
T002300,2026-01-15 15:48,B04,M0115,Silver,App,Tea,2,70,0.00,140.00,App Wallet,
T002301,2026-01-15 16:07,B08,M0114,silver,In-store,Coffee,1,70,0.00,70.00,Cash,
T002302,2026-01-15 16:52,B03,M0197,Gold,In-store,Tea,1,55,0.00,55.00,Cash,
T002303,2026-01-15 17:29,B05,,,App,Merchandise,1,535,0.00,535.00,App Wallet,
T002304,2026-01-15 18:56,B03,M0103,Silver,Delivery,Merchandise,2,485,0.00,970.00,Cash,
T002305,2026-01-16 08:20,B04,M0155,Silver,In-store,Coffee,1,110,0.00,110.00,Cash,
T002306,2026-01-16 08:28,B02,M0170,Gold,In-store,Coffee,1,90,18.00,72.00,Credit Card,4
T002307,2026-01-16 08:54,B05,M0310,Gold,In-store,Bakery,2,85,0.00,170.00,QR PromptPay,
T002308,2026-01-16 10:26,B01,M0276,Bronze,App,Bakery,1,90,18.00,72.00,Credit Card,5
T002309,2026-01-16 10:32,B03,,,App,Coffee,1,70,0.00,70.00,Credit Card,
T002310,2026-01-16 11:21,B07,M0077,Gold,App,Coffee,3,100,60.00,240.00,App Wallet,3
T002311,2026-01-16 11:27,B03,M0214,Silver,In-store,Bakery,3,65,9.75,185.25,Credit Card,
T002312,2026-01-16 12:16,B05,M0102,Platinum,In-store,Bakery,3,45,0.00,135.00,QR PromptPay,3
T002313,2026-01-16 12:19,B07,M0054,Bronze,In-store,Tea,2,85,17.00,153.00,QR PromptPay,4
T002314,2026-01-16 12:45,B06,M0213,Slvr,In-store,Merchandise,1,405,0.00,405.00,QR PromptPay,
T002315,2026-01-16 13:50,B04,M0251,Bronze,In-store,Coffee,3,80,0.00,240.00,Credit Card,5
T002316,2026-01-16 13:57,B01,M0281,Silver,App,Coffee,2,95,0.00,190.00,Credit Card,4
T002317,2026-01-16 14:15,B04,M0263,Bronze,In-store,Coffee,1,110,0.00,110.00,Credit Card,
T002318,2026-01-16 14:38,B01,M0325,Platinum,App,Coffee,1,60,12.00,48.00,Credit Card,
T002319,2026-01-16 16:06,B06,M0304,Platinum,In-store,Bakery,1,70,0.00,70.00,Credit Card,
T002320,2026-01-16 16:18,B06,M0229,Platinum,In-store,Bakery,1,80,0.00,80.00,QR PromptPay,
T002321,2026-01-16 16:33,B02,M0248,Gold,In-store,Coffee,1,55,0.00,55.00,QR PromptPay,
T002322,2026-01-16 17:02,B07,M0284,Bronze,App,Coffee,3,80,36.00,204.00,Credit Card,5
T002323,2026-01-16 17:22,B01,,,In-store,Tea,3,55,0.00,165.00,QR PromptPay,3
T002324,2026-01-16 17:57,B05,M0240,Platinum,In-store,Tea,1,65,13.00,52.00,Credit Card,
T002325,2026-01-16 19:57,b01,,,App,Coffee,4,55,0.00,220.00,Credit Card,
T002326,2026-01-17 08:00,B07,,,Delivery,Coffee,2,110,0.00,220.00,Credit Card,4
T002327,2026-01-17 09:58,B06,,,App,Tea,1,85,0.00,85.00,Credit Card,
T002328,2026-01-17 10:06,B08,M0180,Bronze,In-store,Coffee,1,75,0.00,75.00,Credit Card,
T002329,2026-01-17 11:55,B04,M0294,Bronze,Instore,Bakery,2,45,0.00,90.00,Credit Card,5
T002330,2026-01-17 12:06,B02,M0160,Bronze,In-store,Coffee,1,95,0.00,95.00,QR PromptPay,
T002331,2026-01-17 12:45,B02,M0069,Platinum,In-store,Merchandise,2,630,0.00,1260.00,QR PromptPay,4
T002332,2026-01-17 13:25,B06,,,Delivery,Tea,1,80,0.00,80.00,QR PromptPay,5
T002333,2026-01-17 14:02,B01,M0276,Bronze,App,Tea,1,95,0.00,95.00,App Wallet,4
T002334,2026-01-17 14:32,B07,,,In-store,Tea,1,65,0.00,65.00,Credit Card,
T002335,2026-01-17 14:50,B02,M0222,Silver,In-store,Coffee,4,60,0.00,240.00,Credit Card,5
T002336,2026-01-17 17:16,B04,,,Delivery,Coffee,2,75,0.00,150.00,QR PromptPay,
T002337,2026-01-17 17:54,B04,M0038,Gold,Instore,Bakery,2,95,38.00,152.00,Cash,
T002338,2026-01-17 17:56,B08,,,In-store,Coffee,1,85,0.00,85.00,Credit Card,
T002339,2026-01-17 18:20,B05,,,In-store,Coffee,1,55,0.00,55.00,QR PromptPay,
T002340,2026-01-17 19:35,B03,,,App,Merchandise,2,365,0.00,730.00,App Wallet,4
T002341,2026-01-17 19:53,B05,M0092,Bronze,In-store,Merchandise,1,320,0.00,320.00,Credit Card,
T002342,2026-01-18 08:10,B01,,,In-store,Coffee,1,110,0.00,110.00,QR PromptPay,
T002343,2026-01-18 08:13,B03,M0296,Bronze,In-store,Coffee,4,60,0.00,240.00,Cash,
T002344,2026-01-18 09:34,B03,M0323,Bronze,In-store,Coffee,1,75,0.00,75.00,Cash,
T002345,2026-01-18 09:46,B05,M0315,Bronze,App,Coffee,1,95,0.00,95.00,Credit Card,4
T002346,2026-01-18 11:00,B03,M0197,Gold,App,Coffee,1,85,0.00,85.00,App Wallet,
T002347,2026-01-18 11:18,B08,M0259,Bronze,In-store,Merchandise,1,460,0.00,460.00,Cash,4
T002348,2026-01-18 12:53,B06,,,In-store,Coffee,2,110,0.00,220.00,Credit Card,
T002349,2026-01-18 13:55,B02,,,App,Coffee,2,55,0.00,110.00,App Wallet,4
T002350,2026-01-18 13:57,B01,M0061,Silver,In-store,Bakery,1,110,0.00,110.00,Credit Card,2
T002351,2026-01-18 14:46,B01,M0045,Gold,In-store,Coffee,2,120,12.00,228.00,Credit Card,5
T002352,2026-01-18 15:26,B03,M0312,Silver,In-store,Coffee,2,90,0.00,180.00,Credit Card,
T002353,2026-01-18 16:06,B01,M0127,Silver,In-store,Bakery,2,75,0.00,150.00,Cash,
T002354,2026-01-18 16:07,B03,M0059,Gold,In-store,Coffee,4,80,64.00,256.00,QR PromptPay,
T002355,2026-01-18 16:39,B04,M0115,Silver,App,Coffee,2,90,27.00,153.00,App Wallet,
T002356,2026-01-18 16:47,B07,M0274,Bronze,App,Coffee,2,75,0.00,150.00,Credit Card,4
T002357,2026-01-18 17:07,B01,M0276,Bronze,In-store,Coffee,3,75,0.00,225.00,QR PromptPay,
T002358,2026-01-18 17:20,B02,M0222,Silver,In-store,Merchandise,3,340,0.00,1020.00,QR PromptPay,5
T002359,2026-01-18 17:45,B01,M0208,Gold,App,Coffee,1,90,0.00,90.00,App Wallet,
T002360,2026-01-18 19:04,B03,M0053,Gold,In-store,Coffee,1,85,0.00,85.00,QR PromptPay,4
T002361,2026-01-18 19:08,B08,M0180,Bronze,In-store,Merchandise,1,365,18.25,346.75,Cash,3
T002362,2026-01-19 07:20,B01,M0288,Gold,Delivery,Tea,1,65,0.00,65.00,Cash,
T002363,2026-01-19 08:02,B03,,,App,Coffee,1,75,0.00,75.00,App Wallet,
T002364,2026-01-19 08:10,B01,M0297,Bronze,Delivery,Tea,2,85,0.00,170.00,QR PromptPay,
T002365,2026-01-19 08:52,B05,M0307,Platinum,Delivery,Coffee,1,85,0.00,85.00,QR PromptPay,
T002366,2026-01-19 09:12,B08,,,App,Merchandise,4,690,0.00,2760.00,App Wallet,
T002367,2026-01-19 10:10,B06,M0206,Bronze,App,Tea,1,95,0.00,95.00,Credit Card,
T002368,2026-01-19 11:52,B07,M0280,Silver,App,Merchandise,3,315,0.00,995.00,Credit Card,
T002369,2026-01-19 12:02,B04,M0177,bronze,App,Coffee,1,90,0.00,90.00,Credit Card,4
T002370,2026-01-19 13:13,B03,,,App,Coffee,1,70,0.00,70.00,Credit Card,
T002371,2026-01-19 13:38,B03,,,Delivery,Coffee,3,70,0.00,210.00,Cash,4
T002372,2026-01-19 13:47,B08,,,In-store,Coffee,1,105,0.00,105.00,QR PromptPay,5
T002373,2026-01-19 14:29,B02,M0142,Silver,In-store,Bakery,2,105,0.00,210.00,QR PromptPay,
T002374,2026-01-19 15:17,B05,M0286,Silver,app,Bakery,1,75,0.00,75.00,App Wallet,4
T002375,2026-01-19 15:27,b08,M0002,Bronze,In-store,Coffee,3,65,39.00,156.00,Cash,
T002376,2026-01-19 16:30,B03,,,In-store,Coffee,1,90,0.00,90.00,Credit Card,
T002377,2026-01-19 16:41,B01,,,In-store,Bakery,4,55,0.00,220.00,Credit Card,2
T002378,2026-01-19 17:37,B04,M0155,Silver,In-store,Coffee,3,105,0.00,315.00,QR PromptPay,4
T002379,2026-01-19 17:53,B04,M0143,Bronze,App,Tea,4,75,60.00,240.00,Credit Card,
T002380,2026-01-19 18:07,B03,,,In-store,Coffee,1,60,0.00,60.00,Credit Card,
T002381,2026-01-19 19:04,B07,M0281,Silver,In-store,Bakery,1,50,0.00,50.00,Credit Card,
T002382,2026-01-20 07:27,B07,M0077,Gold,App,Bakery,2,60,0.00,120.00,App Wallet,2
T002383,2026-01-20 08:54,B07,M0077,Gold,In-store,Coffee,1,80,8.00,72.00,Credit Card,
T002384,2026-01-20 09:16,B08,,,In-store,Coffee,1,55,0.00,95.00,QR PromptPay,
T002385,2026-01-20 09:49,B07,,,In-store,Coffee,1,100,0.00,100.00,QR PromptPay,5
T002386,2026-01-20 10:49,B06,M0056,Platinum,App,Bakery,1,65,0.00,65.00,Credit Card,
T002387,2026-01-20 10:53,B05,M0310,Gold,In-store,Coffee,1,100,0.00,100.00,QR PromptPay,
T002388,2026-01-20 11:32,B04,M0144,Silver,App,Coffee,4,90,0.00,360.00,Credit Card,
T002389,2026-01-20 12:04,B04,M0274,Bronze,In-store,Coffee,3,85,0.00,255.00,Cash,
T002390,2026-01-20 12:56,B05,,,In-store,Coffee,1,75,0.00,75.00,Credit Card,
T002391,2026-01-20 15:23,B01,M0114,Silver,Delivery,Bakery,1,45,0.00,45.00,QR PromptPay,
T002392,2026-01-20 15:34,B08,M0259,Bronze,In-store,Coffee,1,80,0.00,80.00,Cash,
T002393,2026-01-20 16:16,B04,M0274,Bronze,Instore,Coffee,1,115,0.00,115.00,Cash,
T002394,2026-01-20 16:18,B05,M0015,Gold,In-store,Tea,1,85,0.00,85.00,Credit Card,
T002395,2026-01-20 16:20,B03,M0085,Bronze,In-store,Bakery,1,85,0.00,85.00,Credit Card,
T002396,2026-01-20 16:46,B05,M0307,Platinum,In-store,Merchandise,1,455,0.00,455.00,QR PromptPay,4
T002397,2026-01-20 17:09,B02,M0257,Silver,In-store,Bakery,1,90,0.00,90.00,Cash,
T002398,2026-01-20 17:27,B03,,,App,Tea,3,65,0.00,195.00,App Wallet,
T002397,2026-01-20 18:17,B02,M0257,Silver,In-store,Bakery,-1,90,-0.00,-90.00,Cash,
T002399,2026-01-20 19:21,B07,M0175,Bronze,App,Coffee,2,95,28.50,161.50,App Wallet,
T002400,2026-01-20 19:32,B06,,,App,Merchandise,1,555,0.00,555.00,Credit Card,4
T002401,2026-01-21 07:29,B01,M0281,Silver,App,Coffee,2,100,0.00,200.00,Credit Card,3
T002402,2026-01-21 08:03,B05,M0240,Platinum,App,Coffee,1,110,11.00,99.00,App Wallet,
T002403,2026-01-21 08:19,B01,M0147,Silver,App,Merchandise,3,430,0.00,1290.00,App Wallet,
T002404,2026-01-21 08:27,B04,,,In-store,Bakery,3,110,0.00,330.00,QR PromptPay,5
T002405,2026-01-21 08:35,B08,M0171,Gold,Delivery,Coffee,2,120,48.00,192.00,Cash,
T002406,2026-01-21 08:54,B01,M0290,Silver,In-store,Coffee,3,100,0.00,300.00,QR PromptPay,
T002407,2026-01-21 10:42,B07,M0124,Bronze,Delivery,Bakery,4,65,0.00,260.00,QR PromptPay,2
T002408,2026-01-21 12:20,B02,M0272,Bronze,App,Coffee,3,65,0.00,195.00,App Wallet,
T002409,2026-01-21 12:42,B07,M0124,Bronze,App,Bakery,1,85,0.00,85.00,Credit Card,
T002410,2026-01-21 12:53,B02,,,In-store,Coffee,3,105,0.00,325.00,Credit Card,
T002411,2026-01-21 13:38,B08,,,In-store,Bakery,1,105,0.00,105.00,Cash,5
T002412,2026-01-21 14:31,B01,,,Delivery,Bakery,1,50,0.00,50.00,Credit Card,2
T002413,2026-01-21 16:13,B04,M0143,Bronze,In-store,Tea,3,90,40.50,229.50,Credit Card,
T002414,2026-01-21 16:34,B07,,,In-store,Tea,1,70,0.00,70.00,Credit Card,
T002415,2026-01-21 16:42,B03,M0248,Gold,App,Coffee,3,100,0.00,300.00,Credit Card,
T002416,2026-01-21 16:45,B01,M0070,Bronze,App,Bakery,2,110,22.00,198.00,App Wallet,4
T002417,2026-01-21 16:48,B01,M0208,Gold,In-store,Coffee,2,115,0.00,230.00,Credit Card,
T002418,2026-01-21 17:26,B03,M0173,Silver,App,Coffee,4,60,0.00,240.00,Credit Card,
T002419,2026-01-21 17:28,B01,M0070,Bronze,In-store,Coffee,1,85,0.00,85.00,Cash,
T002420,2026-01-21 18:00,B06,M0101,Bronze,In-store,Coffee,1,100,15.00,85.00,Credit Card,5
T002421,2026-01-21 18:34,B03,M0245,Platinum,App,Coffee,4,95,0.00,380.00,App Wallet,
T002422,2026-01-21 19:12,B03,M0071,Bronze,Delivery,Tea,4,95,0.00,380.00,Cash,
T002421,2026-01-21 19:39,B03,M0245,Platinum,App,Coffee,-4,95,-0.00,-380.00,App Wallet,
T002423,2026-01-21 19:53,B07,M0077,Gold,In-store,Coffee,1,110,16.50,93.50,Credit Card,
T002424,2026-01-22 07:11,B04,,,App,Coffee,2,75,0.00,150.00,Credit Card,4
T002425,2026-01-22 08:02,B01,,,App,Bakery,1,95,0.00,95.00,App Wallet,
T002426,2026-01-22 08:09,B01,M0058,Gold,In-store,Coffee,1,105 THB,0.00,105.00,Credit Card,4
T002427,2026-01-22 08:23,B03,,,In-store,Coffee,3,90,0.00,270.00,Cash,
T002428,2026-01-22 08:39,B06,M0101,Bronze,In-store,Coffee,2,105,0.00,210.00,Cash,
T002429,2026-01-22 08:46,B04,M0137,Bronze,App,Coffee,1,70,0.00,70.00,Credit Card,3
T002430,2026-01-22 08:50,B06,M0203,Bronze,In-store,Bakery,3,95,0.00,285.00,Credit Card,
T002431,2026-01-22 09:30,B08,,,Instore,Bakery,2,90,0.00,180.00,QR PromptPay,
T002432,2026-01-22 09:54,B05,M0310,Gold,In-store,Bakery,2,50,0.00,100.00,Credit Card,
T002433,2026-01-22 10:46,B06,,,In-store,Coffee,4,60,0.00,240.00,Credit Card,
T002434,2026-01-22 12:04,B06,M0308,Gold,App,Bakery,2,105,31.50,178.50,Credit Card,
T002435,2026-01-22 12:08,B06,M0304,Platinum,App,Coffee,2,60,0.00,120.00,Credit Card,3
T002436,2026-01-22 12:38,B04,M0202,Bronze,APP,Bakery,2,75,0.00,150.00,Credit Card,3
T002437,2026-01-22 12:51,B03,M0245,Platinum,App,Coffee,1,60,0.00,60.00,Credit Card,
T002438,2026-01-22 13:30,B07,M0264,Bronze,In-store,Coffee,1,95,0.00,95.00,Cash,4
T002439,2026-01-22 13:45,B01,M0031,Bronze,App,Coffee,1,115,0.00,115.00,App Wallet,
T002440,2026-01-22 14:16,B08,M9388,Silver,In-store,Coffee,2,90,0.00,180.00,Cash,
T002441,2026-01-22 15:51,B04,M0028,Silver,In-store,Coffee,1,75,0.00,75.00,Cash,4
T002442,2026-01-22 16:32,B01,M0061,Silver,In-store,Coffee,2,85,0.00,170.00,Cash,
T002443,2026-01-22 16:41,B07,M0088,Bronze,In-store,Coffee,2,105,21.00,189.00,Cash,
T002444,2026-01-22 17:09,B03,,,App,Coffee,1,75,0.00,75.00,Credit Card,
T002445,2026-01-22 17:09,B07,M0325,Platinum,In-store,Tea,1,65,0.00,65.00,Cash,5
T002446,2026-01-22 17:34,B08,M0087,BRONZE,In-store,Tea,1,55,0.00,55.00,Credit Card,
T002447,2026-01-22 18:21,B01,,,In-store,Coffee,1,60,0.00,60.00,QR PromptPay,
T002448,2026-01-22 18:38,B01,M0045,Gold,In-store,Coffee,1,60,0.00,60.00,Cash,
T002449,2026-01-22 18:47,B04,M0115,Silver,App,Coffee,1,80,0.00,80.00,App Wallet,4
T002450,2026-01-22 19:09,B04,,,In-store,Coffee,3,85,0.00,255.00,QR PromptPay,
T002451,2026-01-23 07:32,B03,,,In-store,Tea,4,50,0.00,200.00,Cash,3
T002452,2026-01-23 07:58,B02,,,App,Tea,1,95,0.00,95.00,App Wallet,
T002453,2026-01-23 09:33,B03,,,In-store,Coffee,2,60,0.00,120.00,QR PromptPay,
T002454,2026-01-23 09:37,B08,M0324,Gold,In-store,Coffee,2,60,6.00,114.00,QR PromptPay,
T002455,2026-01-23 09:38,B04,,,In-store,Bakery,1,45,0.00,45.00,QR PromptPay,3
T002456,2026-01-23 09:54,B07,,,In-store,Coffee,4,115,0.00,460.00,QR PromptPay,
T002457,2026-01-23 10:20,B01,M0251,Bronze,In-store,Bakery,1,95,0.00,95.00,QR PromptPay,
T002458,2026-01-23 11:56,B02,M0007,Silver,App,Bakery,1,105,0.00,105.00,App Wallet,5
T002459,2026-01-23 12:00,B06,M0273,Silver,App,Merchandise,3,820,0.00,2460.00,Credit Card,4
T002460,2026-01-23 12:05,B08,M0323,Bronze,App,Coffee,1,65,0.00,65.00,Credit Card,
T002461,2026-01-23 12:14,B05,M0197,Gold,Delivery,Bakery,2,45,9.00,81.00,QR PromptPay,
T002462,2026-01-23 12:36,B07,,,In-store,Coffee,2,65,0.00,130.00,QR PromptPay,4
T002463,2026-01-23 12:38,B07,M0130,Platinum,Delivery,Coffee,1,65,0.00,65.00,Credit Card,
T002461,2026-01-23 12:44,B05,M0197,GOLD,Delivery,Bakery,-2,45,-9.00,-81.00,QR PromptPay,
T002464,2026-01-23 12:54,B05,M0048,Silver,In-store,Bakery,2,85,0.00,170.00,Cash,
T002465,2026-01-23 13:09,B07,M0196,Bronze,In-store,Bakery,4,105,0.00,420.00,QR PromptPay,
T002466,2026-01-23 13:53,B08,M0119,Bronze,Delivery,Tea,4,55,0.00,220.00,QR PromptPay,
T002467,2026-01-23 16:21,B01,M0061,Silver,App,Coffee,1,65,0.00,65.00,Credit Card,
T002468,2026-01-23 17:15,B05,M0047,Platinum,App,Bakery,4,105,21.00,399.00,App Wallet,
T002469,2026-01-23 17:25,B08,,,In-store,Coffee,1,90,0.00,90.00,Cash,
T002470,2026-01-23 17:36,B06,,,In-store,Bakery,1,45,0.00,45.00,QR PromptPay,5
T002471,2026-01-23 17:37,B07,,,In-store,Coffee,2,105,0.00,210.00,Credit Card,4
T002472,2026-01-23 19:28,B02,M0228,Gold,App,Bakery,1,110,11.00,99.00,App Wallet,3
T002473,2026-01-24 07:23,B07,M0279,Bronze,In-store,Merchandise,1,625,0.00,625.00,Credit Card,3
T002474,2026-01-24 07:36,B08,M0308,Gold,App,Merchandise,2,560,0.00,1120.00,Credit Card,
T002475,2026-01-24 08:04,B03,M0233,Bronze,In-store,Coffee,2,100,40.00,160.00,QR PromptPay,4
T002476,2026-01-24 08:38,B08,,,App,Bakery,1,75,0.00,75.00,Credit Card,
T002477,2026-01-24 08:40,B08,M0144,Silver,App,Bakery,1,60,0.00,60.00,App Wallet,5
T002478,2026-01-24 08:48,B05,M0092,Bronze,App,Coffee,2,100,0.00,200.00,App Wallet,
T002479,2026-01-24 09:20,b03,M9772,Gold,App,Merchandise,1,875,0.00,875.00,App Wallet,
T002480,2026-01-24 09:32,B08,,,APP,Coffee,3,85,0.00,255.00,Credit Card,5
T002481,2026-01-24 10:04,B03,M0078,Bronze,Delivery,Coffee,1,85,0.00,85.00,Cash,
T002482,2026-01-24 10:11,b02,M0265,Gold,App,Coffee,2,105,0.00,210.00,Credit Card,
T002483,2026-01-24 10:28,B06,,,In-store,Tea,4,85,0.00,340.00,Cash,3
T002481,2026-01-24 10:43,B03,M0078,Bronze,Delivery,Coffee,-1,85,-0.00,-85.00,Cash,
T002484,2026-01-24 11:36,B04,M0115,Silver,App,Coffee,1,110,16.50,93.50,App Wallet,
T002482,2026-01-24 11:38,B02,M0265,Gold,App,Coffee,-2,105,-0.00,-210.00,Credit Card,
T002485,2026-01-24 12:49,B07,,,Delivery,Coffee,1,60,0.00,60.00,QR PromptPay,
T002486,2026-01-24 13:38,B05,M0295,Silver,In-store,Tea,4,50,0.00,200.00,QR PromptPay,
T002487,2026-01-24 16:35,B07,M0021,Bronze,App,Bakery,1,70,10.50,59.50,Credit Card,
T002488,2026-01-24 16:46,B08,,,In-store,Tea,3,85,0.00,255.00,Cash,
T002489,2026-01-24 16:55,B04,M0159,Platinum,In-store,Coffee,1,110,11.00,99.00,QR PromptPay,5
T002490,2026-01-24 17:35,B02,M0015,Gold,App,Tea,2,85,0.00,170.00,Credit Card,
T002491,2026-01-24 17:43,B01,M0290,Silver,In-store,Coffee,1,120,12.00,108.00,QR PromptPay,
T002492,2026-01-24 18:25,B06,M0058,Gold,Delivery,Coffee,1,75,3.75,71.25,Credit Card,
T002493,2026-01-24 19:42,B06,M0304,Platinum,In-store,Merchandise,3,260,0.00,780.00,QR PromptPay,3
T002494,2026-01-25 08:11,B06,M0056,Platinum,Delivery,Tea,3,85,0.00,255.00,QR PromptPay,
T002495,2026-01-25 08:48,B04,,,App,Coffee,2,65,0.00,130.00,App Wallet,
T002496,2026-01-25 09:32,B06,M0279,Bronze,In-store,Tea,2,55,0.00,110.00,QR PromptPay,3
T002497,2026-01-25 09:36,B02,,,Delivery,Bakery,1,55,0.00,55.00,QR PromptPay,4
T002498,2026-01-25 10:23,B07,M0077,Gold,App,Tea,1,90,0.00,90.00,App Wallet,1
T002499,2026-01-25 10:31,B03,,,In-store,Bakery,2,70,0.00,140.00,QR PromptPay,3
T002500,2026-01-25 10:52,B05,M0310,Gold,In-store,Coffee,1,70,7.00,63.00,Credit Card,
T002501,2026-01-25 11:19,B02,M0275,Gold,Mobile App,Coffee,2,115,0.00,230.00,Credit Card,
T002502,2026-01-25 11:29,B07,M9351,Gold,App,Bakery,1,90,9.00,81.00,App Wallet,
T002503,2026-01-25 11:57,B08,,,In-store,Bakery,4,110,0.00,440.00,Credit Card,
T002504,2026-01-25 12:21,B01,M0114,Silver,Delivery,Coffee,2,90,0.00,180.00,Cash,
T002505,2026-01-25 12:27,B05,,,In-store,Tea,2,80,0.00,160.00,Cash,
T002506,2026-01-25 12:39,B08,M9349,Bronze,In-store,Bakery,2,75,0.00,150.00,QR PromptPay,
T002507,2026-01-25 13:04,B02,M0069,Platinum,App,Tea,1,50,5.00,45.00,Credit Card,
T002508,2026-01-25 13:27,B07,,,App,Coffee,1,75,0.00,75.00,Credit Card,
T002509,2026-01-25 13:54,B06,M0115,Silver,In-store,Bakery,1,65,9.75,55.25,Credit Card,
T002510,2026-01-25 14:02,b04,M0038,Gold,In-store,Coffee,1,70,10.50,59.50,Credit Card,4
T002511,2026-01-25 14:39,B06,,,In-store,Coffee,1,100,0.00,100.00,QR PromptPay,3
T002512,2026-01-25 15:03, B02,M0142,Silver,In-store,Coffee,4,55,0.00,220.00,Cash,
T002513,2026-01-25 15:17,B05,M0120,Bronze,In-store,Merchandise,4,500,0.00,2000.00,Credit Card,5
T002514,2026-01-25 16:05,B02,M0069,Platinum,App,Coffee,4,60,24.00,216.00,Credit Card,
T002515,2026-01-25 16:34,B04,M0258,Bronze,Delivery,Coffee,1,55,0.00,55.00,Cash,
T002516,2026-01-25 16:35,B06,M0304,Platinum,Instore,Bakery,2,45,0.00,90.00,QR PromptPay,
T002517,2026-01-25 16:41,B04,,,App,Coffee,1,55,0.00,55.00,Credit Card,
T002518,2026-01-25 16:53,B04,M0308,Gold,In-store,Coffee,1,110,0.00,110.00,Credit Card,
T002519,2026-01-25 17:49,B01,M0276,Bronze,Delivery,Coffee,2,70,0.00,140.00,Cash,
T002520,2026-01-25 18:00,B08,M0012,Platinum,In-store,Merchandise,1,555,0.00,555.00,Credit Card,
T002521,2026-01-25 18:04,B03,M0170,Gold,In-store,Coffee,1,100,0.00,100.00,QR PromptPay,
T002522,2026-01-25 18:52,B03,,,App,Coffee,1,120,0.00,120.00,App Wallet,5
T002523,2026-01-26 07:33,B07,M0124,BRONZE,In-store,Coffee,1,60,9.00,51.00,QR PromptPay,3
T002524,2026-01-26 07:34,B07,M0040,Bronze,Delivery,Coffee,2,120,0.00,240.00,Cash,
T002525,2026-01-26 10:29,B08,M0119,Bronze,In-store,Coffee,2,65,0.00,130.00,Cash,
T002526,2026-01-26 10:37,B07,,,app,Coffee,1,70,0.00,150.00,Credit Card,
T002527,2026-01-26 11:00,B06,,,In-store,Coffee,3,85,0.00,255.00,QR PromptPay,
T002528,2026-01-26 12:48,B07,M0288,Gold,In-store,Tea,2,50,0.00,100.00,Cash,
T002529,2026-01-26 13:33,B02,,,Delivery,Bakery,2,65,0.00,130.00,QR PromptPay,
T002530,2026-01-26 13:36,B08,,,In-store,Tea,1,65,0.00,65.00,Cash,3
T002531,2026-01-26 14:10,B06,,,In-store,Bakery,4,60,0.00,240.00,Credit Card,
T002532,2026-01-26 14:20,B03,M0132,Bronze,In-store,Tea,2,90,0.00,180.00,QR PromptPay,
T002533,2026-01-26 14:48,B03,M0254,Bronze,App,Bakery,4,50,0.00,200.00,Credit Card,4
T002534,2026-01-26 15:07, B03,M0066,Bronze,In-store,Tea,3,80,0.00,240.00,Cash,
T002535,2026-01-26 15:16,B03,,,Delivery,Coffee,1,70,0.00,70.00,Cash,5
T002536,2026-01-26 16:39,B03,M0323,BRONZE,Deliv.,Coffee,1,75,0.00,75.00,Cash,
T002537,2026-01-26 16:50,B04,M0308,Gold,In-store,Tea,2,80,0.00,160.00,Credit Card,
T002538,2026-01-26 16:54,B07,M0284,Bronze,App,Merchandise,2,250,50.00,450.00,Credit Card,
T002539,2026-01-26 18:59,B02,M0265,Gold,App,Merchandise,1,265,0.00,265.00,App Wallet,
T002540,2026-01-27 07:58,B03,M0323,Bronze,Delivery,Tea,3,85,0.00,255.00,Credit Card,2
T002541,2026-01-27 08:27,B04,M0274,Bronze,App,Coffee,1,95,14.25,80.75,App Wallet,
T002542,2026-01-27 08:27,B05,,,In-store,Bakery,3,110,0.00,330.00,Credit Card,
T002543,2026-01-27 08:30,B01,M0027,Silver,Delivery,Merchandise,2,265,0.00,530.00,Cash,
T002544,2026-01-27 11:33,B05,M0055,Silver,App,Coffee,3,90,0.00,270.00,App Wallet,2
T002545,2026-01-27 11:37,B06,,,In store,Coffee,1,55,0.00,145.00,QR PromptPay,
T002546,2026-01-27 12:04,B02,M0309,Silver,In-store,Bakery,1,110,11.00,99.00,QR PromptPay,
T002547,2026-01-27 13:16,B01,,,In-store,Coffee,1,115,0.00,115.00,QR PromptPay,3
T002548,2026-01-27 13:17,B06,,,In-store,Bakery,1,90,0.00,90.00,Credit Card,
T002549,2026-01-27 13:24,B03,,,Delivery,Tea,1,70,0.00,70.00,QR PromptPay,
T002550,2026-01-27 13:29,B03,M0305,Gold,in-store,Coffee,3,60,0.00,180.00,Credit Card,
T002551,2026-01-27 13:46,B08,,,In-store,Coffee,3,105,0.00,315.00,QR PromptPay,
T002552,2026-01-27 13:47,B07,M0040,Bronze,In-store,Bakery,1,75,15.00,60.00,Credit Card,
T002553,2026-01-27 14:16,B02,M0120,Bronze,In-store,Coffee,2,55,0.00,110.00,QR PromptPay,5
T002554,2026-01-27 14:19,B03,M0066,Bronze,Delivery,Coffee,2,65,0.00,130.00,Credit Card,4
T002555,2026-01-27 14:34,B06,M0304,Platinum,In-store,Coffee,2,95,0.00,190.00,QR PromptPay,1
T002556,2026-01-27 14:58,B02,,,In-store,Bakery,4,105,0.00,420.00,Credit Card,
T002557,2026-01-27 15:39,B05,M0092,Bronze,In-store,Coffee,4,60,0.00,240.00,QR PromptPay,
T002558,2026-01-27 16:03,B05,M0077,Gold,In-store,Coffee,1,100,20.00,80.00,Cash,
T002559,2026-01-27 16:05,B01,M0166,Platinum,In-store,Coffee,2,120,0.00,240.00,QR PromptPay,
T002560,2026-01-27 16:36,B08,M0240,Platinum,App,Tea,3,50,30.00,120.00,Credit Card,4
T002561,2026-01-27 16:38,B03,,,App,Bakery,1,95,0.00,95.00,Credit Card,
T002562,2026-01-27 16:52,B01,,,In-store,Coffee,1,85,0.00,85.00,QR PromptPay,5
T002563,2026-01-27 16:58,B04,M0199,Silver,Delivery,Tea,2,50,0.00,100.00,QR PromptPay,
T002564,2026-01-27 17:38,B05,M0262,Silver,In-store,Coffee,2,110,0.00,220.00,Credit Card,
T002565,2026-01-27 17:57,B07,M0077,Gold,In-store,Coffee,2,55,16.50,93.50,QR PromptPay,
T002566,2026-01-27 18:26,B07,,,In-store,Coffee,1,100,0.00,100.00,QR PromptPay,
T002567,2026-01-27 19:01,B06,,,In-store,Merchandise,1,435,0.00,435.00,Credit Card,
T002568,2026-01-27 19:21,B08,M0324,Gold,App,Bakery,3,105,63.00,252.00,App Wallet,
T002569,2026-01-27 19:47,B08,,,In-store,Coffee,1,105,0.00,105.00,QR PromptPay,4
T002570,2026-01-28 07:44,B04,M0115,Silver,In-store,Bakery,2,105,0.00,210.00,QR PromptPay,
T002571,2026-01-28 07:53,B02,,,In-store,Coffee,2,110,0.00,220.00,QR PromptPay,
T002572,2026-01-28 08:03,B02,M0082,Bronze,In-store,Bakery,1,75,0.00,75.00,Credit Card,
T002573,2026-01-28 08:39,B05,,,In-store,Coffee,3,85,0.00,255.00,QR PromptPay,
T002574,2026-01-28 08:42,B07,,,In-store,Coffee,1,105,0.00,105.00,QR PromptPay,
T002575,2026-01-28 08:48,B05,M0187,Bronze,App,Coffee,3,65,39.00,156.00,App Wallet,
T002576,2026-01-28 09:13,B02,,,Delivery,Merchandise,2,255,0.00,510.00,Cash,
T002577,2026-01-28 10:43,B07,M0193,Bronze,App,Tea,2,75,0.00,150.00,App Wallet,4
T002578,2026-01-28 11:21,B06,M0301,Bronze,Delivery,Tea,1,80,0.00,80.00,QR PromptPay,
T002579,2026-01-28 11:37,B03,M0044,Bronze,App,Coffee,1,90,0.00,90.00,Credit Card,
T002580,2026-01-28 11:50,B04,M0144,Silver,In store,Bakery,2,45,0.00,90.00,Credit Card,5
T002581,2026-01-28 12:05,B01,,,In-store,Coffee,3,60,0.00,180.00,QR PromptPay,
T002582,2026-01-28 13:08,B01,,,Delivery,Tea,1,75,0.00,75.00,QR PromptPay,4
T002583,2026-01-28 13:33,B08,,,App,Coffee,1,65,0.00,65.00,Credit Card,4
T002584,2026-01-28 13:59,B02,,,In-store,Coffee,1,115,0.00,115.00,QR PromptPay,3
T002585,2026-01-28 15:18,B04,M0016,Gold,In-store,Tea,1,60,9.00,51.00,Credit Card,
T002586,2026-01-28 16:14,B03,,,In-store,Merchandise,2,780,0.00,1560.00,QR PromptPay,4
T002587,2026-01-28 16:37,B06,M0077,Gold,Delivery,Bakery,1,100,20.00,80.00,Cash,2
T002588,2026-01-28 17:18,B03,M0008,Platinum,In-store,Tea,3,55,0.00,165.00,QR PromptPay,
T002589,2026-01-28 17:25,B01,M0056,Platinum,App,Tea,2,50,10.00,90.00,App Wallet,
T002590,2026-01-28 19:09,B03,,,In store,Coffee,2,85,0.00,170.00,Cash,
T002591,2026-01-28 19:44,B03,M0164,Bronze,Delivery,Coffee,1,95,0.00,95.00,Cash,
T002592,2026-01-28 19:52,B03,,,App,Bakery,1,90,0.00,90.00,App Wallet,4
T002593,2026-01-29 07:09,B08,M0324,Gold,App,Coffee,1,75,0.00,75.00,App Wallet,4
T002594,2026-01-29 07:57,B05,M0071,bronze,In-store,Coffee,1,75,7.50,67.50,Cash,
T002595,2026-01-29 08:14,B05,M0118,Gold,In-store,Coffee,1,80,0.00,80.00,Cash,
T002596,2026-01-29 08:29,B01,M0181,Bronze,In-store,Coffee,3,115,0.00,345.00,Cash,4
T002597,2026-01-29 08:47,B06,M0219,Bronze,In-store,Coffee,2,70,0.00,140.00,QR PromptPay,4
T002598,2026-01-29 11:39,B04,,,in-store,Bakery,1,55,0.00,55.00,QR PromptPay,4
T002599,2026-01-29 12:08,B03,,,In-store,Coffee,1,90,0.00,90.00,Credit Card,
T002600,2026-01-29 12:20,B05,M0310,Gold,Delivery,Tea,2,65,19.50,110.50,QR PromptPay,2
T002601,2026-01-29 12:28,B06,,,App,Coffee,2,85,0.00,170.00,App Wallet,
T002602,2026-01-29 12:47,B04,,,In-store,Coffee,2,105,0.00,210.00,Cash,
T002603,2026-01-29 13:19,B07,M0288,Gold,In-store,Coffee,1,70,0.00,70.00,QR PromptPay,
T002604,2026-01-29 13:28,B07,M0265,Gold,In-store,Coffee,2,115,23.00,207.00,QR PromptPay,3
T002605,2026-01-29 13:30,B06,M0313,Bronze,App,Coffee,3,95,42.75,242.25,Credit Card,
T002606,2026-01-29 13:33,B07,M0056,Platinum,Delivery,Coffee,2,115,0.00,230.00,Credit Card,3
T002607,2026-01-29 13:43,B04,M0019,Bronze,App,Merchandise,1,320,0.00,320.00,Credit Card,
T002608,2026-01-29 13:47,B04,M0149,Bronze,In-store,Coffee,1,90,0.00,90.00,QR PromptPay,3
T002609,2026-01-29 13:55,B07,,,App,Bakery,1,55,0.00,55.00,Credit Card,
T002610,2026-01-29 14:06,B08,,,App,Coffee,3,65,0.00,195.00,Credit Card,
T002608,2026-01-29 14:10,B04,M0149,Bronze,In-store,Coffee,-1,90,-0.00,-90.00,QR PromptPay,
T002611,2026-01-29 14:16,B01,M0114,Silver,In-store,Coffee,2,85,0.00,170.00,Credit Card,
T002612,2026-01-29 14:44,B08,M0051,Gold,App,Merchandise,1,฿285,14.25,270.75,Credit Card,
T002613,2026-01-29 15:17,B03,,,Delivery,Bakery,1,70,0.00,70.00,Cash,
T002614,2026-01-29 15:22,B02,,,In-store,Tea,2,70,0.00,140.00,Credit Card,
T002615,2026-01-29 15:39,B06,M0058,Gold,App,Tea,3,85,0.00,255.00,App Wallet,4
T002616,2026-01-29 16:32,B06,,,In-store,Coffee,1,95,0.00,95.00,Credit Card,5
T002617,2026-01-29 17:21,B07,M0325,Platinum,App,Tea,3,55,0.00,165.00,App Wallet,
T002618,2026-01-29 17:31,B04,,,In-store,Tea,2,80,0.00,160.00,QR PromptPay,3
T002619,2026-01-29 18:43,B05,M0120,Bronze,App,Coffee,3,90,0.00,270.00,App Wallet,3
T002620,2026-01-29 19:35,B05,M0118,Gold,App,Coffee,1,115,0.00,115.00,Credit Card,
T002621,2026-01-29 19:56,B06,M0304,Platinum,Delivery,Bakery,2,75,22.50,127.50,QR PromptPay,
T002622,2026-01-30 07:15,B04,,,In-store,Coffee,1,95,0.00,95.00,Cash,3
T002623,2026-01-30 07:51,B03,M0059,Gold,in-store,Bakery,3,80,12.00,208.00,Credit Card,3
T002624,2026-01-30 08:24,B02,M0102,Platinum,Delivery,Bakery,4,95,57.00,323.00,QR PromptPay,
T002625,2026-01-30 09:02,B04,M0115,Silver,In-store,Coffee,3,90,0.00,270.00,Credit Card,
T002626,2026-01-30 09:22,B08,,,Instore,Coffee,1,115,0.00,115.00,Cash,3
T002627,2026-01-30 09:47,B04,M0063,Silver,In-store,Bakery,2,90,0.00,180.00,Cash,3
T002628,2026-01-30 10:40,B03,M0045,Gold,App,Coffee,1,115,17.25,97.75,Credit Card,
T002629,2026-01-30 11:58,B02,M0082,Bronze,In-store,Tea,1,70,0.00,70.00,Credit Card,
T002630,2026-01-30 12:04,B07,M0050,Silver,Delivery,Bakery,1,75,0.00,75.00,Cash,
T002631,2026-01-30 12:44,B01,M0070,BRONZE,In-store,Coffee,3,100,0.00,300.00,Cash,
T002632,2026-01-30 13:59,B08,,,In-store,Bakery,1,100,0.00,100.00,Credit Card,
T002633,2026-01-30 14:06,B01,M0114,Silver,In-store,Coffee,3,60,0.00,180.00,QR PromptPay,
T002634,2026-01-30 16:00,B06,M0273,Silver,in-store,Tea,2,75,0.00,150.00,QR PromptPay,
T002635,2026-01-30 16:09,B07,M0054,Bronze,In-store,Coffee,4,85,0.00,340.00,QR PromptPay,
T002636,2026-01-30 16:34,B03,M0309,Silver,In-store,Coffee,1,55,0.00,55.00,QR PromptPay,
T002637,2026-01-30 16:57,B01,M0197,gold,App,Bakery,4,100,40.00,360.00,App Wallet,
T002638,2026-01-30 18:37,B01,M0208,Gold,App,Coffee,3,70,0.00,210.00,App Wallet,
T002639,2026-01-30 19:38,B08,M0002,Brz,Delivery,Coffee,3,75,0.00,225.00,Credit Card,3
T002640,2026-01-31 08:12,B03,M0146,Bronze,In-store,Coffee,4,105,0.00,420.00,Cash,
T002641,2026-01-31 08:29,B02,M0142,Silver,In-store,Coffee,1,60,0.00,60.00,QR PromptPay,
T002642,2026-01-31 08:51,B07,,,Delivery,Coffee,3,95,0.00,285.00,QR PromptPay,
T002643,2026-01-31 08:56,B07,M0050,Silver,In-store,Coffee,1,85,4.25,80.75,Cash,
T002644,2026-01-31 09:36,B04,M0206,Bronze,In-store,Tea,1,90,0.00,90.00,Cash,4
T002645,2026-01-31 09:48,B06,M0040,Brz,In-store,Tea,1,85,0.00,85.00,QR PromptPay,
T002646,2026-01-31 10:53,B03,M0197,Gold,In-store,Bakery,4,105,21.00,399.00,Cash,
T002646,2026-01-31 10:53,B03,M0197,Gold,In-store,Bakery,4,105,21.00,399.00,Cash,
T002647,2026-01-31 11:39,B07,M0077,Gold,App,Tea,1,90,0.00,90.00,App Wallet,
T002648,2026-01-31 11:56,B01,M0114,Silver,App,Coffee,3,115,0.00,345.00,App Wallet,5
T002649,2026-01-31 12:00,B05,M0170,Gold,In-store,Bakery,4,70,0.00,280.00,Cash,3
T002650,2026-01-31 12:25,B04,M0079,Silver,In-store,Merchandise,1,660,0.00,660.00,Cash,4
T002651,2026-01-31 12:30,B02,M0082,Bronze,Mobile App,Tea,2,55,0.00,110.00,Credit Card,
T002652,2026-01-31 12:34,B05,M9366,Bronze,App,Bakery,2,55,0.00,110.00,App Wallet,
T002653,2026-01-31 12:49,B08,,,App,Merchandise,2,680,0.00,1360.00,Credit Card,3
T002654,2026-01-31 13:03,B05,M0120,Brz,Delivery,Bakery,1,100,0.00,100.00,QR PromptPay,5
T002655,2026-01-31 13:23,B03,,,Delivery,Bakery,2,70,0.00,140.00,Credit Card,4
T002656,2026-01-31 13:26,B08,M0010,Bronze,In-store,Coffee,1,115,0.00,115.00,Credit Card,4
T002657,2026-01-31 13:28,B07,,,App,Coffee,1,120,0.00,120.00,Credit Card,
T002658,2026-01-31 13:41,B07,M0208,Gold,In-store,Tea,1,95,14.25,80.75,Credit Card,
T002659,2026-01-31 13:47,B07,M0077,Gold,In-store,Coffee,2,80,0.00,160.00,QR PromptPay,
T002660,2026-01-31 13:56,B07,,,In-store,Coffee,3,70,0.00,210.00,Credit Card,4
T002661,2026-01-31 15:03,B01,M0276,Bronze,In-store,Coffee,1,55,0.00,55.00,Credit Card,5
T002662,2026-01-31 15:52,B01,,,In-store,Coffee,2,65,0.00,130.00,Credit Card,
T002663,2026-01-31 15:55,B03,,,In-store,Bakery,3,110,0.00,330.00,Credit Card,
T002664,2026-01-31 16:11,B01,M0077,Gold,In-store,Coffee,1,60,0.00,60.00,Cash,
T002665,2026-01-31 16:13,B06,M0056,Platinum,App,Bakery,2,55,0.00,110.00,App Wallet,4
T002666,2026-01-31 16:49,B07,M0196,Bronze,Delivery,Tea,1,70,0.00,70.00,QR PromptPay,5
T002667,2026-01-31 17:00,B01,M0096,Gold,In-store,Coffee,4,100,0.00,400.00,Cash,
T002668,2026-01-31 17:31,B07,,,Delivery,Merchandise,2,595,0.00,1190.00,QR PromptPay,
T002669,2026-01-31 17:33,B06,M0160,Bronze,App,Tea,2,80,0.00,160.00,Credit Card,
T002670,2026-01-31 18:03,B03,M0305,Gold,In-store,Coffee,1,100,0.00,100.00,Credit Card,
T002671,2026-01-31 18:34,B06,M0262,Silver,In-store,Coffee,1,105,0.00,105.00,QR PromptPay,2
T002672,2026-01-31 19:23,B07,M0023,Bronze,App,Coffee,2,90,0.00,180.00,Credit Card,3
T002673,2026-02-01 07:57,B03,,,In-store,Tea,1,50,0.00,50.00,QR PromptPay,4
T002674,2026-02-01 08:00,B01,M0290,silver,App,Bakery,3,70,0.00,210.00,App Wallet,3
T002675,2026-02-01 08:34,B07,M0175,Bronze,In-store,Tea,2,85,0.00,170.00,QR PromptPay,3
T002676,2026-02-01 10:19,B03,M0197,Gold,Delivery,Tea,1,90,9.00,81.00,QR PromptPay,3
T002677,2026-02-01 12:27,B07,M0325,Platinum,App,Coffee,1,110,0.00,110.00,App Wallet,
T002678,2026-02-01 12:41,B04,M9064,Silver,Instore,Tea,1,80,0.00,80.00,Cash,
T002679,2026-02-01 12:42,B05,M0146,Bronze,App,Bakery,3,50,0.00,150.00,Credit Card,
T002680,2026-02-01 13:18,B05,M0187,Bronze,App,Bakery,2,105,0.00,210.00,App Wallet,
T002681,2026-02-01 13:20,B02,M0015,Gold,In-store,Tea,1,70,14.00,56.00,QR PromptPay,
T002682,2026-02-01 13:48,B08,,,In-store,Coffee,3,95,0.00,285.00,Credit Card,4
T002683,2026-02-01 13:53,B03,M0078,Bronze,delivery,Coffee,1,95,0.00,95.00,QR PromptPay,
T002684,2026-02-01 14:28,B03,,,In-store,Coffee,2,80,0.00,160.00,Cash,
T002685,2026-02-01 14:53,B5,M0295,Silver,In-store,Coffee,1,110,0.00,110.00,QR PromptPay,5
T002686,2026-02-01 16:06,B04,M0219,Bronze,App,Coffee,1,115,0.00,115.00,App Wallet,5
T002687,2026-02-01 17:33,B04,,,In-store,Merchandise,1,600,0.00,600.00,QR PromptPay,
T002688,2026-02-01 17:34,B03,,,In-store,Coffee,1,80,0.00,80.00,Credit Card,
T002689,2026-02-01 19:24,B02,M0136,Bronze,Delivery,Coffee,3,80,0.00,240.00,Credit Card,2
T002690,2026-02-01 19:37,B05,,,In-store,Coffee,2,75,0.00,150.00,QR PromptPay,
T002691,2026-02-02 08:08,B03,,,Delivery,Coffee,1,80,0.00,80.00,QR PromptPay,2
T002692,2026-02-02 08:47,B04,,,In-store,Coffee,2,115,0.00,230.00,Credit Card,
T002693,2026-02-02 08:57,B02,,,In-store,Coffee,2,100,0.00,200.00,Cash,3
T002694,2026-02-02 08:59,B06,,,In-store,Coffee,1,115,0.00,115.00,Cash,5
T002695,2026-02-02 09:41,B04,M0038,Gold,App,Coffee,3,80,0.00,240.00,Credit Card,
T002696,2026-02-02 09:52,B03,M0134,Bronze,In-store,Coffee,1,90,0.00,90.00,Credit Card,5
T002697,2026-02-02 10:41,B06,,,App,Coffee,1,105,0.00,105.00,Credit Card,4
T002698,2026-02-02 11:14,B05,M0007,Silver,In-store,Tea,2,85,8.50,161.50,Cash,5
T002699,2026-02-02 13:02,B04,M0057,Bronze,In-store,Bakery,2,90,0.00,180.00,Cash,
T002700,2026-02-02 13:24,B03,,,In-store,Coffee,1,80,0.00,80.00,QR PromptPay,
T002701,2026-02-02 16:00,B07,M0284,Bronze,Delivery,Coffee,2,80,0.00,160.00,Credit Card,
T002702,2026-02-02 16:56,B07,M0286,Silver,In-store,Coffee,4,115,0.00,460.00,Credit Card,
T002703,2026-02-02 17:46,B08,,,App,Coffee,1,70,0.00,70.00,App Wallet,
T002704,2026-02-02 19:56,B04,M0288,Gld,In-store,Coffee,1,95,9.50,85.50,Cash,4
T002705,2026-02-03 08:02,B08,M0051,Gold,In-store,Tea,1,60,6.00,54.00,Credit Card,
T002706,2026-02-03 08:10,B02,M0228,Gold,In-store,Coffee,1,55,5.50,49.50,QR PromptPay,3
T002707,2026-02-03 08:18,B08,M0044,Bronze,App,Merchandise,4,฿760.00,608.00,2432.00,App Wallet,
T002708,2026-02-03 09:14,B08,M9349,Gold,Delivery,Coffee,1,110,11.00,99.00,Cash,
T002709,2026-02-03 09:57,B05,,,In-store,Coffee,2,100,0.00,200.00,Cash,3
T002710,2026-02-03 11:25,B05,M0092,Bronze,In-store,Coffee,1,65,0.00,65.00,Credit Card,
T002711,2026-02-03 11:38,B02,M0015,Gold,App,Coffee,2,90,36.00,144.00,App Wallet,
T002712,2026-02-03 11:45,B03,M0197,Gold,In-store,Coffee,4,85,0.00,340.00,Cash,
T002713,2026-02-03 12:05,B02,M0069,Platinum,In-store,Merchandise,1,885,88.50,796.50,Credit Card,
T002714,2026-02-03 12:22,B06,M0208,Gold,In-store,Bakery,4,75,0.00,300.00,Credit Card,
T002715,2026-02-03 12:45,B03,M0074,Platinum,App,Coffee,1,85,8.50,76.50,App Wallet,
T002716,2026-02-03 13:12,B08,M0324,Gold,In-store,Coffee,1,60,3.00,57.00,QR PromptPay,4
T002717,2026-02-03 13:27,B08,,,In store,Coffee,1,95,0.00,95.00,Credit Card,
T002718,2026-02-03 13:30,B01,M0220,Bronze,In-store,Bakery,1,105,0.00,105.00,Credit Card,5
T002719,2026-02-03 13:38,B08,M0012,Platinum,Delivery,Coffee,1,65,0.00,65.00,QR PromptPay,
T002720,2026-02-03 13:54,B02,M0136,Bronze,In-store,Coffee,1,95,0.00,95.00,Cash,
T002721,2026-02-03 16:28,B08,M0012,Platinum,In-store,Tea,1,50,10.00,40.00,Credit Card,
T002722,2026-02-03 16:57,B02,M9672,Gold,In-store,Tea,2,70,21.00,119.00,QR PromptPay,
T002723,2026-02-03 16:59,B05,M0240,Platinum,App,Bakery,2,70,0.00,140.00,App Wallet,3
T002724,2026-02-03 17:56,B02,M0201,Bronze,In-store,Merchandise,4,840,0.00,3360.00,QR PromptPay,3
T002725,2026-02-03 18:31,B07,,,App,Coffee,1,80,0.00,80.00,App Wallet,
T002726,2026-02-03 18:57,B07,,,Delivery,Merchandise,3,520,0.00,1560.00,Cash,
T002727,2026-02-04 07:07,B03,,,Delivery,Bakery,1,95,0.00,95.00,Credit Card,
T002728,2026-02-04 07:41,B01,,,App,Tea,4,65,0.00,260.00,App Wallet,4
T002729,2026-02-04 10:46,B01,M0219,Bronze,App,Bakery,1,45,0.00,45.00,App Wallet,
T002730,2026-02-04 10:51,B03,M0023,Bronze,In-store,Bakery,1,45,0.00,45.00,Cash,
T002731,2026-02-04 11:52,B01,M0237,SILVER,App,Coffee,1,75,0.00,75.00,Credit Card,
T002732,2026-02-04 12:10,B07,,,In-store,Bakery,1,65,0.00,65.00,QR PromptPay,
T002733,2026-02-04 13:12,B08,M0289,Silver,In-store,Coffee,1,85,0.00,85.00,QR PromptPay,
T002734,2026-02-04 13:34,B02,,,in-store,Merchandise,4,345 THB,0.00,1380.00,Cash,
T002735,2026-02-04 14:09,B08,,,In-store,Coffee,3,65,0.00,195.00,Credit Card,
T002733,2026-02-04 14:12,B08,M0289,Silver,In-store,Coffee,-1,85,-0.00,-85.00,QR PromptPay,
T002736,2026-02-04 15:01,B07,M0088,Bronze,In-store,Tea,4,60,0.00,240.00,Credit Card,1
T002737,2026-02-04 16:06,B05,M0118,Gold,Delivery,Merchandise,1,685,0.00,685.00,QR PromptPay,
T002738,2026-02-04 16:07,B08,,,Delivery,Bakery,2,45,0.00,90.00,QR PromptPay,
T002739,2026-02-04 16:16,B03,,,In-store,Coffee,1,85,0.00,85.00,QR PromptPay,4
T002740,2026-02-04 16:38,B03,M0044,Bronze,In-store,Coffee,4,65,0.00,260.00,Cash,3
T002741,2026-02-04 16:49,B02,,,App,Bakery,2,50,0.00,100.00,App Wallet,
T002742,2026-02-04 17:08,B07,M0077,Gold,In-store,Tea,3,75,0.00,225.00,Credit Card,
T002743,2026-02-04 17:53,B01,M0069,Platinum,App,Coffee,2,95,0.00,190.00,Credit Card,
T002744,2026-02-04 18:19,B07,,,In-store,Tea,2,80,0.00,160.00,Cash,
T002745,2026-02-04 18:19,B04,M0038,Gold,Delivery,Coffee,1,85,0.00,85.00,Cash,5
T002746,2026-02-04 19:36,B03,M0132,bronze,App,Coffee,1,115,0.00,115.00,Credit Card,
T002747,2026-02-05 07:15,B06,M0056,Platinum,In-store,Merchandise,1,885,0.00,885.00,Credit Card,
T002748,2026-02-05 07:15,B07,,,Deliv.,Coffee,3,80,0.00,240.00,Credit Card,
T002749,2026-02-05 07:46,B08,,,app,Coffee,1,110,0.00,110.00,App Wallet,4
T002749,2026-02-05 07:46,B08,,,app,Coffee,1,110,0.00,110.00,App Wallet,4
T002750,2026-02-05 08:12,B05,,,App,Merchandise,4,315,0.00,1260.00,App Wallet,3
T002751,2026-02-05 08:45,B04,M0096,Gold,App,Coffee,1,65,0.00,65.00,Credit Card,
T002752,2026-02-05 08:50,B06,,,In-store,Coffee,2,110,0.00,220.00,Cash,5
T002753,2026-02-05 10:15,B07,M0197,Gold,In-store,Bakery,2,75,0.00,150.00,QR PromptPay,
T002754,2026-02-05 10:44,B04,M0294,Bronze,In-store,Coffee,2,60,12.00,108.00,Cash,
T002755,2026-02-05 10:48,B04,M0144,SILVER,In-store,Coffee,4,75,45.00,255.00,Cash,
T002756,2026-02-05 11:04,b05,M0092,Bronze,App,Coffee,1,110,0.00,40.00,Credit Card,
T002757,2026-02-05 11:11,B01,M0310,Gold,In-store,Merchandise,2,400,160.00,640.00,QR PromptPay,
T002758,2026-02-05 11:32,B04,M0115,SILVER,App,Coffee,4,100,0.00,400.00,App Wallet,
T002759,2026-02-05 12:28,B06,M0056,Platinum,In-store,Coffee,1,70,0.00,70.00,Cash,
T002760,2026-02-05 13:24,B04,,,App,Bakery,3,110,0.00,330.00,Credit Card,5
T002761,2026-02-05 13:25,B06,,,In-store,Coffee,2,65,0.00,130.00,Credit Card,
T002762,2026-02-05 13:33,B03,M0305,Gold,In store,Coffee,1,80,16.00,64.00,Cash,
T002763,2026-02-05 13:58,B02,M0069,Platinum,In-store,Coffee,2,75,22.50,167.50,QR PromptPay,3
T002764,2026-02-05 14:08,B01,M0319,Gold,App,Bakery,2,75,30.00,120.00,Credit Card,
T002765,2026-02-05 14:45,B06,,,In-store,Coffee,3,70,0.00,210.00,QR PromptPay,4
T002766,2026-02-05 15:25,B02,M0222,SILVER,In-store,Coffee,1,110,11.00,99.00,QR PromptPay,
T002767,2026-02-05 15:38,B06,M0304,Platinum,Delivery,Coffee,1,80,0.00,80.00,QR PromptPay,
T002768,2026-02-05 16:17,B03,M0059,Gold,In-store,Coffee,1,100,5.00,95.00,Credit Card,4
T002769,2026-02-05 16:55,B06,M0273,Silver,App,Merchandise,3,660,0.00,1980.00,App Wallet,3
T002770,2026-02-05 17:38,B01,M0007,Silver,In-store,Coffee,2,80,0.00,160.00,Cash,
T002771,2026-02-05 18:27,B06,M0066,Bronze,In-store,Coffee,3,95,57.00,228.00,QR PromptPay,
T002772,2026-02-05 19:15,B05,,,App,Bakery,3,60,0.00,180.00,Credit Card,
T002773,2026-02-05 19:20,B05,,,In-store,Coffee,2,85,0.00,170.00,Cash,
T002774,2026-02-05 19:36,B01,,,In-store,Coffee,2,115,0.00,230.00,Cash,
T002775,2026-02-06 07:02,B02,,,In-store,Tea,1,50,0.00,120.00,Cash,
T002776,2026-02-06 07:22,B08,,,App,Coffee,3,70,0.00,210.00,App Wallet,5
T002777,2026-02-06 08:01,B07,M0170,Gold,In-store,Tea,2,65,0.00,130.00,Cash,3
T002778,2026-02-06 08:45,B06,M0103,Silver,App,Bakery,2,45,0.00,90.00,Credit Card,4
T002778,2026-02-06 08:45,B06,M0103,Silver,App,Bakery,2,45,0.00,90.00,Credit Card,4
T002779,2026-02-06 08:52,B05,M0294,Bronze,In-store,Coffee,1,90,0.00,90.00,QR PromptPay,
T002780,2026-02-06 10:09,B02,M0172,Silver,In-store,Merchandise,4,510,0.00,2040.00,QR PromptPay,
T002781,2026-02-06 11:00,B02,M0056,platinum,In-store,Bakery,1,90,0.00,90.00,Credit Card,
T002782,2026-02-06 11:12,B03,M0102,Platinum,In-store,Coffee,2,80,0.00,160.00,Credit Card,3
T002783,2026-02-06 12:02,B07,M0292,Silver,In-store,Coffee,1,70,0.00,70.00,QR PromptPay,
T002784,2026-02-06 12:07,B01,M0186,Gold,In-store,Merchandise,1,375,37.50,337.50,QR PromptPay,
T002785,2026-02-06 12:27,B06,M0304,Platinum,In-store,Coffee,1,115,5.75,109.25,Cash,
T002786,2026-02-06 14:04,B07,M0040,Bronze,App,Bakery,1,95,0.00,95.00,App Wallet,3
T002786,2026-02-06 14:04,B07,M0040,Bronze,App,Bakery,1,95,0.00,95.00,App Wallet,3
T002787,2026-02-06 14:07,B02,M0201,Bronze,App,Coffee,2,60,0.00,120.00,Credit Card,3
T002788,2026-02-06 14:07,B02,M0150,Bronze,In-store,Coffee,1,95,0.00,95.00,Cash,
T002789,2026-02-06 14:34,B07,M0088,Bronze,In store,Coffee,1,85,0.00,85.00,QR PromptPay,
T002790,2026-02-06 14:57,B07,M0077,Gold,In-store,Bakery,1,100,0.00,100.00,Credit Card,
T002791,2026-02-06 15:05,B01,,,In-store,Merchandise,3,835,0.00,2505.00,Cash,4
T002792,2026-02-06 15:43, B07,,,In-store,Tea,1,90,0.00,90.00,Cash,
T002793,2026-02-06 16:05,B07,M0288,Gold,In-store,Merchandise,2,660,0.00,1320.00,Cash,
T002794,2026-02-06 16:35,B08,M0002,Bronze,App,Bakery,3,50,0.00,150.00,Credit Card,4
T002795,2026-02-06 18:09,B07,,,App,Coffee,4,110,0.00,440.00,App Wallet,
T002796,2026-02-06 18:40,B02,M0275,Gold,App,Bakery,1,45,0.00,45.00,Credit Card,
T002797,2026-02-06 18:44,B02,M0016,Gold,Delivery,Coffee,2,90,0.00,180.00,Cash,
T002798,2026-02-07 07:44,B02,,,In-store,Coffee,3,75,0.00,225.00,Credit Card,3
T002799,2026-02-07 09:27,B02,M0294,Bronze,In-store,Coffee,4,120,0.00,480.00,QR PromptPay,
T002800,2026-02-07 09:41,B03,M0144,SILVER,App,Coffee,2,60,0.00,120.00,Credit Card,
T002801,2026-02-07 09:48,B04,M9772,Bronze,In-store,Coffee,1,85,17.00,68.00,QR PromptPay,
T002802,2026-02-07 10:39,B02,M0007,Silver,In-store,Coffee,1,75,0.00,75.00,QR PromptPay,4
T002803,2026-02-07 10:58,B01,M0147,Silver,In-store,Bakery,1,85,0.00,85.00,Credit Card,3
T002804,2026-02-07 11:17,B02,M0228,Gold,In-store,Coffee,2,70,7.00,133.00,QR PromptPay,
T002805,2026-02-07 13:04,B02,M0201,Bronze,In-store,Bakery,1,110,0.00,110.00,Cash,4
T002806,2026-02-07 13:32,B03,M0208,Gold,App,Coffee,2,65,19.50,110.50,App Wallet,
T002807,2026-02-07 13:56,B01,,,In-store,Bakery,1,90,0.00,90.00,Credit Card,
T002808,2026-02-07 15:43,B08,M0087,Bronze,Delivery,Coffee,4,115,0.00,460.00,QR PromptPay,
T002809,2026-02-07 15:58,B07,M0077,Gold,Delivery,Coffee,1,60,0.00,60.00,QR PromptPay,2
T002810,2026-02-07 16:04,B05,M0092,Bronze,In-store,Bakery,1,90,0.00,90.00,Credit Card,4
T002811,2026-02-07 16:06,B02,M0272,Bronze,In-store,Coffee,1,70,0.00,100.00,Credit Card,
T002812,2026-02-07 16:21,B08,,,In-store,Bakery,2,70,0.00,140.00,Cash,
T002813,2026-02-07 17:01,B04,M0241,Gold,In-store,Coffee,1,70,0.00,70.00,Credit Card,
T002814,2026-02-07 17:48,B04,,,In-store,Merchandise,1,675,0.00,675.00,Credit Card,
T002815,2026-02-07 19:01,B07,,,Delivery,Coffee,4,90,0.00,360.00,QR PromptPay,5
T002816,2026-02-07 19:41,B02,M0142,Slvr,In-store,Coffee,3,65,0.00,195.00,QR PromptPay,
T002817,2026-02-07 19:41,B08,M0010,Bronze,App,Tea,2,85,0.00,170.00,Credit Card,
T002818,2026-02-08 07:05,B03,M0066,bronze,App,Bakery,2,110,0.00,220.00,Credit Card,
T002819,2026-02-08 08:00,B04,M0274,Bronze,In-store,Coffee,1,120,18.00,102.00,Cash,
T002820,2026-02-08 08:24,B07,M0086,Slvr,In-store,Coffee,2,60,24.00,96.00,QR PromptPay,
T002821,2026-02-08 08:42,B06,M0020,Bronze,APP,Coffee,1,75,0.00,75.00,Credit Card,
T002822,2026-02-08 08:54,B03,,,Instore,Bakery,2,55,0.00,110.00,Credit Card,
T002823,2026-02-08 09:13,B05,M0223,Silver,In-store,Coffee,1,70,0.00,70.00,Cash,
T002824,2026-02-08 09:24,B03,M0078,bronze,In-store,Coffee,2,120,0.00,240.00,Cash,4
T002825,2026-02-08 10:24,B05,M0056,Platinum,Delivery,Merchandise,2,785,314.00,1256.00,QR PromptPay,
T002826,2026-02-08 10:31,B06,M0003,Bronze,In-store,Coffee,1,105,0.00,105.00,QR PromptPay,4
T002827,2026-02-08 10:52,B04,,,In-store,Coffee,1,105,0.00,105.00,Credit Card,4
T002828,2026-02-08 10:53,B05,,,In-store,Bakery,1,100,0.00,100.00,Credit Card,
T002829,2026-02-08 11:33,B03,,,In-store,Coffee,1,75,0.00,75.00,Credit Card,4
T002830,2026-02-08 11:55,B03,M0242,Silver,In-store,Coffee,2,95,0.00,190.00,QR PromptPay,
T002831,2026-02-08 13:08,B03,,,App,Coffee,4,75,0.00,300.00,Credit Card,3
T002832,2026-02-08 13:42,B04,,,Delivery,Bakery,1,70,0.00,70.00,QR PromptPay,
T002833,2026-02-08 13:49,B08,M0324,Gold,In-store,Coffee,4,65,26.00,234.00,Cash,4
T002834,2026-02-08 14:07,B03,M0053,Gold,In-store,Tea,2,60,0.00,120.00,Credit Card,
T002835,2026-02-08 14:23,B07,M0124,Bronze,App,Coffee,1,120,0.00,120.00,Credit Card,
T002836,2026-02-08 14:59,B01,M0281,Silver,App,Merchandise,4,625,125.00,2375.00,App Wallet,
T002837,2026-02-08 16:08,B04,M0241,Gold,Delivery,Bakery,2,55,0.00,110.00,Credit Card,4
T002838,2026-02-08 16:13,B07,M0284,Bronze,App,Bakery,4,45,18.00,162.00,Credit Card,
T002839,2026-02-08 16:22,B01,M0114,Silver,In-store,Coffee,1,115,0.00,115.00,Credit Card,
T002840,2026-02-08 17:08,B05,M0297,Bronze,In-store,Coffee,1,85,0.00,85.00,QR PromptPay,
T002841,2026-02-08 19:02,B03,M0044,Bronze,App,Bakery,2,90,0.00,180.00,Credit Card,3
T002842,2026-02-08 19:07,B04,M0024,Platinum,Delivery,Merchandise,3,250,0.00,750.00,Credit Card,
T002843,2026-02-09 07:26,B03,M0078,Bronze,App,Tea,1,55,11.00,44.00,App Wallet,
T002844,2026-02-09 08:09,B02,M0226,Bronze,In-store,Bakery,1,60,12.00,48.00,Credit Card,
T002845,2026-02-09 08:17,B01,M0237,Silver,Delivery,Tea,1,50,0.00,50.00,Credit Card,
T002845,2026-02-09 08:17,B01,M0237,Silver,Delivery,Tea,1,50,0.00,50.00,Credit Card,
T002846,2026-02-09 08:22,B07,M0001,Bronze,App,Coffee,3,110,0.00,330.00,App Wallet,
T002847,2026-02-09 08:59,B01,,,Delivery,Coffee,2,85,0.00,170.00,QR PromptPay,
T002848,2026-02-09 09:45,B08,M0324,Gold,App,Coffee,1,60,0.00,60.00,Credit Card,3
T002849,2026-02-09 10:37,B02,M0069,Platinum,App,Coffee,1,80,0.00,80.00,Credit Card,
T002850,2026-02-09 11:24,B01,M0127,Silver,App,Coffee,3,85,0.00,255.00,App Wallet,
T002851,2026-02-09 11:40,B08,,,In-store,Bakery,1,70,0.00,70.00,QR PromptPay,3
T002852,2026-02-09 12:52,B01,M0027,Silver,In-store,Tea,4,70,56.00,224.00,Cash,
T002853,2026-02-09 13:07,b02,,,App,Coffee,2,90,0.00,180.00,App Wallet,
T002854,2026-02-09 13:22,B08,M0209,Bronze,App,Coffee,1,65,0.00,65.00,Credit Card,5
T002855,2026-02-09 13:36,B05,,,In-store,Coffee,1,80,0.00,80.00,Credit Card,3
T002856,2026-02-09 13:50,B03,,,In-store,Coffee,1,110,0.00,110.00,Credit Card,
T002857,2026-02-09 13:57,B03,M0044,Bronze,Delivery,Bakery,1,80,0.00,80.00,Credit Card,4
T002858,2026-02-09 14:09,B01,M0236,Silver,App,Coffee,3,100,0.00,300.00,Credit Card,5
T002859,2026-02-09 14:12,B06,,,In-store,Coffee,3,95,0.00,285.00,QR PromptPay,4
T002860,2026-02-09 16:00,B02,,,App,Bakery,2,95,0.00,190.00,Credit Card,5
T002861,2026-02-09 16:27, B05,M0092,Bronze,In-store,Bakery,1,50,0.00,50.00,QR PromptPay,3
T002862,2026-02-09 16:49,B02,M0262,Silver,In-store,Coffee,2,70,0.00,140.00,QR PromptPay,
T002863,2026-02-09 16:53,B02,M0233,Bronze,In-store,Coffee,1,115,0.00,115.00,Credit Card,
T002864,2026-02-09 16:58,B01,M0045,Gold,In-store,Bakery,4,60,0.00,240.00,Cash,4
T002865,2026-02-09 19:44,B03,M0173,Silver,In-store,Bakery,1,90,0.00,90.00,Credit Card,
T002866,2026-02-09 19:45,B01,M0157,Silver,In-store,Coffee,3,100,0.00,300.00,QR PromptPay,4
T002867,2026-02-10 07:14,B05,M0240,Platinum,In-store,Coffee,2,110,0.00,220.00,Credit Card,
T002868,2026-02-10 07:15,B06,M0260,Gold,In-store,Tea,1,95,9.50,85.50,QR PromptPay,
T002869,2026-02-10 08:44,B04,M0274,Bronze,In-store,Tea,4,55,0.00,220.00,Credit Card,2
T002870,2026-02-10 09:20,B01,M0048,Silver,Delivery,Coffee,2,95,0.00,190.00,Cash,2
T002871,2026-02-10 10:32,B06,,,Delivery,Bakery,1,65,0.00,65.00,QR PromptPay,5
T002872,2026-02-10 11:47,B04,,,App,Tea,4,90,0.00,360.00,App Wallet,3
T002873,2026-02-10 11:53,B05,,,In-store,Bakery,1,75,0.00,75.00,QR PromptPay,3
T002874,2026-02-10 12:21,B08,,,In-store,Bakery,2,45,0.00,90.00,QR PromptPay,
T002875,2026-02-10 13:15,B04,M0250,Bronze,Delivery,Coffee,1,95,0.00,95.00,QR PromptPay,
T002876,2026-02-10 14:41,B06,,,App,Bakery,2,85,0.00,170.00,App Wallet,5
T002877,2026-02-10 14:47,B03,,,App,Bakery,3,70,0.00,210.00,Credit Card,3
T002878,2026-02-10 15:53,B08,M0324,Gold,In-store,Coffee,2,75,0.00,150.00,QR PromptPay,3
T002879,2026-02-10 16:08,B05,M0110,Brz,App,Coffee,1,110,11.00,99.00,Credit Card,
T002880,2026-02-10 16:21,B01,M0251,Bronze,In-store,Bakery,1,100,0.00,100.00,Cash,
T002879,2026-02-10 16:34,B05,M0110,Bronze,App,Coffee,-1,110,-11.00,-99.00,Credit Card,
T002881,2026-02-10 16:40,B01,M0261,Platinum,In-store,Bakery,2,100,0.00,200.00,Cash,
T002882,2026-02-10 16:47,B03,M0059,Gold,In-store,Coffee,2,85,8.50,161.50,Credit Card,
T002883,2026-02-10 17:24,B04,,,In-store,Coffee,2,70,0.00,140.00,Credit Card,
T002884,2026-02-10 18:03,B08,M0056,Platinum,App,Coffee,1,65,0.00,65.00,Credit Card,4
T002885,2026-02-10 18:39,B01,M0319,Gold,App,Tea,1,55,0.00,55.00,App Wallet,
T002886,2026-02-11 07:09,B08,M0324,Gold,In-store,Coffee,1,65,9.75,55.25,QR PromptPay,
T002887,2026-02-11 07:13,B03,M0078,Bronze,App,Merchandise,2,545,0.00,1090.00,App Wallet,4
T002888,2026-02-11 07:51,B06,,,Delivery,Tea,4,70,0.00,280.00,Cash,4
T002889,2026-02-11 08:11,B08,M0324,Gold,App,Coffee,3,70 THB,0.00,210.00,Credit Card,
T002890,2026-02-11 08:23,B05,M0092,Bronze,App,Tea,1,80,16.00,-26.00,App Wallet,
T002891,2026-02-11 08:36,B02,M0269,Gold,In-store,Merchandise,1,665,99.75,565.25,Cash,
T002892,2026-02-11 08:41,B07,M0040,Bronze,In-store,Coffee,3,120,0.00,360.00,Credit Card,3
T002893,2026-02-11 10:14,B03,,,Mobile App,Coffee,2,100,0.00,200.00,Credit Card,
T002894,2026-02-11 10:20,B04,M0294,Bronze,App,Bakery,1,55,0.00,55.00,Credit Card,
T002895,2026-02-11 10:32,B06,M0058,Gold,In store,Coffee,2,120,0.00,240.00,QR PromptPay,3
T002896,2026-02-11 11:16,B04,,,In-store,Tea,4,95,0.00,380.00,QR PromptPay,
T002897,2026-02-11 12:04,B06,,,App,Tea,1,50,0.00,50.00,Credit Card,
T002898,2026-02-11 12:13,B02,M0272,Bronze,App,Bakery,4,80,0.00,320.00,Credit Card,3
T002899,2026-02-11 13:43,B05,M0085,Bronze,In-store,Coffee,2,70,0.00,140.00,QR PromptPay,
T002900,2026-02-11 13:46,B07,M0260,Gold,In-store,Tea,1,50,0.00,50.00,Cash,
T002901,2026-02-11 14:18,B07,,,Delivery,Tea,1,95,0.00,95.00,Credit Card,3
T002902,2026-02-11 14:47,B04,M0294,Bronze,In-store,Coffee,2,55,0.00,110.00,Cash,4
T002903,2026-02-11 14:58,B06,M0052,Bronze,App,Coffee,1,105,0.00,105.00,Credit Card,
T002904,2026-02-11 15:16,B07,M0196,Bronze,Delivery,Coffee,4,85,0.00,340.00,Credit Card,4
T002905,2026-02-11 16:42,B06,M0301,Bronze,In-store,Coffee,1,120,0.00,120.00,Cash,
T002906,2026-02-11 16:44,B04,M0294,Bronze,In store,Coffee,2,95,0.00,190.00,Credit Card,
T002907,2026-02-11 16:53,B06,M0307,Platinum,App,Merchandise,1,665,0.00,665.00,Credit Card,
T002908,2026-02-11 17:01,B01,M0319,Gold,In-store,Coffee,2,105,42.00,168.00,Cash,5
T002909,2026-02-11 17:04,B07,M0284,Bronze,In-store,Coffee,1,80,0.00,80.00,Credit Card,
T002908,2026-02-11 17:29,B01,M0319,Gold,In-store,Coffee,-2,105,-42.00,-168.00,Cash,
T002910,2026-02-11 17:39,B05,M0094,Bronze,In-store,Coffee,1,95,0.00,95.00,Cash,3
T002911,2026-02-11 18:35,B06,M0304,platinum,In-store,Tea,2,55,16.50,93.50,Cash,
T002912,2026-02-11 19:19,B02,M0101,Bronze,Instore,Coffee,1,90,0.00,90.00,Cash,
T002913,2026-02-11 19:38,B04,,,Delivery,Coffee,1,70,0.00,70.00,Cash,
T002914,2026-02-12 07:29,B01,,,Delivery,Coffee,1,120,0.00,120.00,Cash,3
T002914,2026-02-12 07:29,B01,,,Delivery,Coffee,1,120,0.00,120.00,Cash,3
T002915,2026-02-12 08:04,B08,M0051,Gold,Delivery,Tea,1,80,0.00,80.00,QR PromptPay,
T002916,2026-02-12 08:55,B7,,,In-store,Tea,1,95,0.00,95.00,QR PromptPay,4
T002917,2026-02-12 11:16,B01,,,Delivery,Bakery,1,100,0.00,100.00,Cash,
T002918,2026-02-12 12:14,B01,M0114,Silver,App,Tea,1,70,0.00,70.00,App Wallet,
T002919,2026-02-12 12:19,B07,M0312,Silver,In-store,Coffee,2,110,0.00,220.00,Cash,4
T002920,2026-02-12 12:37,B08,,,Delivery,Bakery,2,105,0.00,210.00,QR PromptPay,
T002921,2026-02-12 12:37,B03,M0016,Gold,Delivery,Tea,3,65,0.00,195.00,Credit Card,
T002922,2026-02-12 12:45,B05,M0307,Platinum,In-store,Coffee,2,115,34.50,195.50,Cash,
T002923,2026-02-12 12:47,B05,M0202,Bronze,In-store,Coffee,1,55,8.25,46.75,QR PromptPay,
T002924,2026-02-12 12:53,B06,M0115,Silver,App,Coffee,4,80,48.00,272.00,Credit Card,5
T002925,2026-02-12 12:54,B05,M0240,Platinum,Delivery,Bakery,1,80 THB,16.00,64.00,Cash,4
T002926,2026-02-12 13:36, B05,,,In-store,Coffee,1,115,0.00,115.00,QR PromptPay,
T002927,2026-02-12 14:52,B03,M0078,Bronze,App,Coffee,1,65,0.00,65.00,Credit Card,4
T002928,2026-02-12 15:47,B07,,,In store,Bakery,2,90,0.00,180.00,Cash,3
T002929,2026-02-12 15:59,B07,M0193,Bronze,App,Coffee,1,115,0.00,115.00,App Wallet,
T002930,2026-02-12 16:02,B06,M0313,Bronze,In-store,Bakery,4,85,51.00,289.00,Credit Card,
T002931,2026-02-12 16:16,B06,M0058,Gold,app,Tea,2,80,32.00,128.00,Credit Card,
T002932,2026-02-12 17:17,B08,M0002,Bronze,Delivery,Merchandise,3,835,0.00,2505.00,Cash,
T002933,2026-02-12 17:23,B08,M0324,Gold,In-store,Coffee,4,80,16.00,304.00,Cash,
T002932,2026-02-12 17:37,B08,M0002,Bronze,Delivery,Merchandise,-3,835,-0.00,-2505.00,Cash,
T002934,2026-02-12 17:55,B06,M0202,Bronze,App,Coffee,4,70,28.00,252.00,App Wallet,4
T002935,2026-02-12 19:02,B01,M0147,Silver,App,Coffee,2,80,0.00,160.00,Credit Card,4
T002936,2026-02-12 19:18,B08,,,Delivery,Coffee,49,75,0.00,3675.00,Credit Card,
T002937,2026-02-12 19:27, B07,M0040,Brz,Delivery,Bakery,1,95,0.00,95.00,Credit Card,
T002938,2026-02-13 07:38,B06,M0324,Gold,Delivery,Coffee,1,80,16.00,64.00,Credit Card,3
T002939,2026-02-13 08:02,B06,,,In-store,Coffee,1,115,0.00,115.00,Credit Card,5
T002940,2569-02-13 08:14,B02,,,In-store,Coffee,1,115,0.00,115.00,Credit Card,
T002941,2569-02-13 08:30,B02,,,In-store,Coffee,1,65,0.00,65.00,Cash,3
T002942,2026-02-13 08:42,B03,M0134,Bronze,In-store,Tea,1,65,0.00,5.00,Cash,
T002943,2026-02-13 08:51,B01,M0114,Silver,Instore,Coffee,2,100,20.00,180.00,Credit Card,5
T002944,2026-02-13 11:33,B05,M0240,Platinum,App,Bakery,1,110,0.00,110.00,Credit Card,
T002945,2026-02-13 12:29,B04,M0019,Bronze,App,Coffee,2,100,0.00,200.00,App Wallet,
T002946,2026-02-13 12:39,B01,M0048,Silver,App,Coffee,2,80,0.00,160.00,App Wallet,2
T002946,2026-02-13 12:56,B01,M0048,Silver,App,Coffee,-2,80,-0.00,-160.00,App Wallet,
T002947,2026-02-13 13:11,B06,M0229,Platinum,App,Coffee,4,115,69.00,461.00,App Wallet,
T002948,2569-02-13 13:47,B02,M0007,Silver,App,Coffee,1,70,0.00,70.00,App Wallet,
T002949,2569-02-13 14:44,B02,M0069,Platinum,In-store,Coffee,2,120,36.00,204.00,Cash,
T002950,2569-02-13 14:53,B02,M0292,Silver,In-store,Bakery,1,90,0.00,90.00,Cash,
T002951,2026-02-13 15:11,B08,M0045,Gold,In-store,Coffee,2,100,20.00,180.00,Cash,4
T002951,2026-02-13 15:11,B08,M0045,Gold,In-store,Coffee,2,100,20.00,180.00,Cash,4
T002952,2026-02-13 15:30,B03,M0245,Platinum,In-store,Bakery,4,90,0.00,360.00,Credit Card,
T002953,2026-02-13 16:14,B07,M0286,Silver,In-store,Bakery,1,70,0.00,70.00,QR PromptPay,4
T002953,2026-02-13 16:31,B07,M0286,Silver,In-store,Bakery,-1,70,-0.00,-70.00,QR PromptPay,
T002954,2026-02-13 16:48,B04,,,In-store,Coffee,1,100,0.00,100.00,Cash,3
T002955,2026-02-13 17:16,B07,M0124,Bronze,Delivery,Coffee,1,75,0.00,75.00,Cash,
T002956,2026-02-13 17:22,B06,M0059,Gold,In-store,Coffee,1,110,0.00,110.00,Credit Card,5
T002957,2569-02-13 17:22,B02,,,Delivery,Coffee,100,60,0.00,6000.00,Credit Card,
T002958,2026-02-13 17:29,B03,M0312,Silver,In-store,Tea,4,70,0.00,280.00,Cash,
T002959,2026-02-13 17:33,B03,M0078,Bronze,APP,Bakery,2,85,25.50,144.50,App Wallet,
T002960,2026-02-13 18:51,B05,M0187,Bronze,In-store,Coffee,2,90,0.00,180.00,Credit Card,4
T002961,2026-02-14 08:43,B03,M0288,Gold,Delivery,Coffee,1,85,0.00,85.00,QR PromptPay,4
T002962,2026-02-14 09:42,B07,M0284,Bronze,Delivery,Bakery,4,60,0.00,240.00,Credit Card,
T002963,2026-02-14 10:08,B04,,,Delivery,Bakery,1,75,0.00,75.00,Cash,
T002964,2026-02-14 10:20,B07,,,App,Bakery,3,50,0.00,150.00,Credit Card,4
T002965,2026-02-14 11:43,B05,M0307,Platinum,In-store,Tea,1,85,8.50,76.50,Cash,5
T002966,2026-02-14 12:05,B04,M0013,Bronze,In-store,Bakery,2,45,0.00,90.00,QR PromptPay,4
T002967,2026-02-14 12:21,B05,M0047,Platinum,In-store,Coffee,2,75,0.00,150.00,QR PromptPay,
T002968,2026-02-14 12:24,B04,M0250,Bronze,Delivery,Bakery,4,85,0.00,340.00,QR PromptPay,5
T002969,2026-02-14 12:25,B06,M0250,Bronze,In-store,Coffee,4,90,54.00,306.00,QR PromptPay,
T002970,2026-02-14 12:44,b01,M0216,Platinum,App,Coffee,1,55,5.50,49.50,App Wallet,
T002971,2026-02-14 12:54,B08,M0290,Silver,In-store,Bakery,1,50,0.00,50.00,Cash,
T002972,2569-02-14 12:58,B02,M0130,Platinum,App,Coffee,4,60,24.00,216.00,App Wallet,
T002973,2026-02-14 13:31,B01,,,In-store,Coffee,1,60,0.00,60.00,Credit Card,
T002974,2026-02-14 13:56,B08,,,In-store,Tea,1,70,0.00,70.00,Credit Card,4
T002975,2026-02-14 15:09,b06,M0003,Bronze,In-store,Coffee,1,65,0.00,65.00,QR PromptPay,
T002976,2026-02-14 15:30,B08,,,App,Coffee,2,55,0.00,110.00,Credit Card,4
T002977,2026-02-14 15:53,B03,M0106,Bronze,In-store,Coffee,1,110,0.00,110.00,Credit Card,4
T002978,2026-02-14 16:10,B03,M0212,Silver,Delivery,Bakery,4,70,0.00,280.00,Cash,
T002979,2026-02-14 16:19,B05,,,App,Bakery,3,70,0.00,210.00,App Wallet,
T002980,2026-02-14 18:56,B03,M0078,Bronze,In-store,Coffee,1,95,0.00,95.00,Credit Card,4
T002981,2026-02-14 19:29,B01,,,In-store,Coffee,1,80,0.00,80.00,QR PromptPay,5
T002982,2026-02-14 19:45,B08,M0324,Gold,In-store,Bakery,4,60,12.00,228.00,Cash,
T002983,2026-02-15 07:10,B03,M0312,Silver,App,Bakery,1,70,0.00,70.00,Credit Card,
T002984,2026-02-15 07:13,B04,M0063,Silver,In-store,Coffee,3,85,0.00,255.00,Cash,3
T002985,2569-02-15 07:48,B02,M0275,Gold,In-store,Coffee,1,70,0.00,70.00,Credit Card,
T002986,2026-02-15 07:52,B01,M0208,Gold,In-store,Coffee,4,115,46.00,414.00,Cash,
T002987,2569-02-15 08:07,B02,M0265,Gold,In-store,Coffee,1,90,0.00,90.00,QR PromptPay,
T002988,2026-02-15 08:09,B06,,,Delivery,Coffee,1,95,0.00,95.00,Cash,
T002989,2026-02-15 09:17,B03,M0132,Bronze,In-store,Bakery,1,95,9.50,85.50,Credit Card,
T002990,2026-02-15 09:44,B03,,,Delivery,Coffee,1,100,0.00,100.00,QR PromptPay,
T002991,2026-02-15 10:47,B01,M0127,Silver,In-store,Bakery,4,45,0.00,180.00,Cash,4
T002992,2026-02-15 11:20,B04,,,Delivery,Coffee,1,85,0.00,85.00,QR PromptPay,
T002993,2026-02-15 12:00,B04,,,In-store,Coffee,1,95,0.00,95.00,Cash,3
T002994,2026-02-15 13:04,B03,M0085,Bronze,app,Coffee,1,65,0.00,65.00,Credit Card,3
T002995,2026-02-15 13:33,B08,,,Delivery,Coffee,1,60,0.00,60.00,Credit Card,
T002996,2026-02-15 14:43,B04,M0258,Bronze,in-store,Bakery,1,85,0.00,85.00,QR PromptPay,
T002997,2026-02-15 14:53,B06,M0058,Gold,in-store,Coffee,3,85,0.00,255.00,QR PromptPay,
T002998,2026-02-15 15:44,B07,M0077,Gold,In-store,Tea,3,95,0.00,285.00,Credit Card,
T002999,2026-02-15 18:00,B01,,,Delivery,Coffee,120,90,0.00,10800.00,Credit Card,
T003000,2026-02-15 19:08,B04,M0143,Bronze,Delivery,Tea,1,90,0.00,90.00,Cash,
T003001,2026-02-15 19:38,B07,,,App,Tea,4,90,0.00,360.00,Credit Card,5
T003002,2026-02-15 19:39,B06,M0304,Platinum,In-store,Bakery,2,80,16.00,144.00,QR PromptPay,3
T003003,2026-02-15 19:53,B03,M0144,Silver,In-store,Coffee,2,70,0.00,140.00,Credit Card,
T003004,2569-02-16 07:59,B02,M0201,Bronze,In-store,Coffee,2,95,0.00,190.00,Cash,
T003005,2026-02-16 08:03,B05,M0223,Silver,In-store,Merchandise,4,740,0.00,2960.00,Cash,
T003006,2026-02-16 08:23,B08,M0119,Bronze,App,Coffee,4,75,0.00,300.00,App Wallet,
T003007,2026-02-16 08:39,B03,,,Delivery,Coffee,1,85,0.00,85.00,Cash,4
T003008,2026-02-16 11:57,B05,,,In-store,Bakery,1,60,0.00,0.00,Cash,
T003009,2026-02-16 12:31,B06,M0304,Platinum,Delivery,Coffee,3,95,0.00,285.00,Credit Card,1
T003010,2026-02-16 12:48,B08,M0144,Silver,In-store,Tea,3,70,0.00,210.00,QR PromptPay,
T003011,2026-02-16 12:59,B03,,,App,Coffee,2,110,0.00,220.00,App Wallet,
T003012,2026-02-16 14:24,B06,M0283,BRONZE,Delivery,Coffee,2,100,0.00,200.00,QR PromptPay,3
T003013,2026-02-16 16:35,B07,M0130,Platinum,In-store,Bakery,1,50,0.00,50.00,Cash,
T003014,2569-02-16 19:05,B02,,,In-store,Coffee,1,80,0.00,80.00,Cash,3
T003015,2569-02-16 19:55,B02,M0292,Silver,In-store,Tea,2,65,26.00,104.00,Credit Card,4
T003016,2569-02-17 08:07,B02,M0160,Bronze,In-store,Merchandise,1,485,0.00,485.00,QR PromptPay,
T003017,2026-02-17 08:25,B01,M0237,Silver,In-store,Bakery,1,110,11.00,99.00,Credit Card,5
T003018,2026-02-17 08:33,B07,M0289,Silver,Delivery,Bakery,2,110,0.00,220.00,Credit Card,
T003019,2026-02-17 09:45,B08,,,In-store,Tea,2,85,0.00,170.00,Cash,
T003020,2026-02-17 10:48,B04,,,In-store,Coffee,1,100,0.00,100.00,Cash,
T003021,2026-02-17 11:00,B07,M0077,Gold,In-store,Coffee,2,95,0.00,190.00,Credit Card,2
T003022,2026-02-17 11:38,B01,M0070,Bronze,In-store,Coffee,2,115,0.00,230.00,Credit Card,3
T003023,2026-02-17 11:44,B04,,,In-store,Bakery,1,55,0.00,15.00,QR PromptPay,4
T003024,2026-02-17 11:44,B03,,,In-store,Coffee,1,85,0.00,85.00,Cash,
T003025,2026-02-17 12:28,B01,M0031,Bronze,delivery,Bakery,1,45,0.00,45.00,Credit Card,
T003026,2026-02-17 12:41,B03,M0078,Bronze,In-store,Bakery,1,65,0.00,65.00,Cash,4
T003027,17/02/2026 13:17,B06,M0056,Platinum,In-store,Bakery,2,80,0.00,160.00,Credit Card,
T003028,2026-02-17 16:11,B04,M0003,Bronze,App,Coffee,1,120,0.00,120.00,App Wallet,
T003029,2026-02-17 16:30,B07,M0084,Silver,In-store,Coffee,2,110,0.00,220.00,Credit Card,
T003030,2026-02-17 16:49,B04,M0144,Silver,In-store,Merchandise,2,740,0.00,1480.00,Credit Card,
T003031,2026-02-17 17:20,B05,M0094,Bronze,App,Bakery,1,110,11.00,99.00,Credit Card,
T003032,2026-02-17 18:40,B08,M0012,Platinum,Delivery,Coffee,4,80,64.00,256.00,QR PromptPay,
T003033,2026-02-17 18:56,B01,M0116,Bronze,Delivery,Tea,1,80,0.00,80.00,Cash,4
T003034,2026-02-17 19:44,B08,,,In-store,Coffee,1,80,0.00,80.00,QR PromptPay,
T003035,2026-02-18 07:05,B03,M0199,Silver,Delivery,Coffee,2,฿90,0.00,180.00,Credit Card,
T003036,18/02/2026 07:25,B06,M0260,Gold,In-store,Coffee,1,105,0.00,105.00,Cash,5
T003037,2026-02-18 07:30,B03,M0132,Bronze,In-store,Coffee,1,65,0.00,65.00,Credit Card,4
T003038,2026-02-18 07:44,B04,M0002,Bronze,In-store,Bakery,1,70,0.00,70.00,QR PromptPay,5
T003039,2026-02-18 08:12,B04,M0115,Silver,App,Coffee,4,55,0.00,220.00,App Wallet,
T003040,2026-02-18 08:18,B05,M0297,Bronze,Delivery,Tea,4,90,0.00,360.00,Cash,4
T003041,2026-02-18 08:20,B05,M0170,Gold,in-store,Coffee,1,100,15.00,85.00,QR PromptPay,
T003042,2026-02-18 08:25,B03,M0164,Bronze,App,Merchandise,2,285,0.00,570.00,App Wallet,
T003043,2026-02-18 08:32,B05,M0078,Bronze,Delivery,Coffee,1,110,0.00,110.00,Credit Card,
T003044,2026-02-18 08:44,B04,,,In-store,Bakery,1,45,0.00,45.00,Cash,4
T003045,2026-02-18 09:11,B03,M0059,Gold,Delivery,Coffee,1,55,2.75,52.25,Credit Card,5
T003046,2026-02-18 09:30,B05,M0116,Bronze,In-store,Tea,1,70,10.50,59.50,Credit Card,
T003047,2026-02-18 10:02,B04,,,In-store,Tea,4,55,0.00,220.00,QR PromptPay,4
T003048,2026-02-18 10:24,B01,M9772,Silver,In-store,Bakery,1,110,0.00,110.00,Credit Card,4
T003049,2026-02-18 12:01,B01,,,In-store,Coffee,1,105,0.00,105.00,QR PromptPay,3
T003050,2026-02-18 13:23,B01,M0319,Gold,Delivery,Coffee,4,65,0.00,260.00,Cash,
T003051,2569-02-18 13:50,B02,M0233,Bronze,In-store,Tea,4,50,0.00,200.00,Credit Card,
T003052,2569-02-18 13:55,B02,M0148,Gold,In-store,Merchandise,1,570,0.00,570.00,QR PromptPay,
T003053,2026-02-18 14:05,B01,M0045,Gold,In-store,Bakery,2,65,0.00,130.00,Cash,5
T003054,18/02/2026 14:18,B06,M0056,Platinum,App,Coffee,1,75,11.25,63.75,Credit Card,5
T003055,2026-02-18 16:01,B05,M0310,Gold,In-store,Coffee,1,120,0.00,120.00,Cash,3
T003056,2026-02-18 16:27,B03,M0078,Bronze,In-store,Bakery,2,70,0.00,140.00,QR PromptPay,3
T003057,2026-02-18 16:29,B04,M0253,Gold,In-store,Coffee,1,60,0.00,60.00,QR PromptPay,
T003058,2569-02-18 17:21,B02,M0015,Gold,In-store,Merchandise,4,9999,0.00,39996.00,QR PromptPay,5
T003059,2026-02-18 18:13,B04,M0051,Gold,In-store,Coffee,2,85,17.00,153.00,Cash,
T003060,2026-02-18 19:44,B07,M0054,Bronze,In-store,Coffee,1,105,0.00,105.00,QR PromptPay,
T003061,2026-02-19 07:03,B05,M0310,Gold,In-store,Bakery,2,45,0.00,90.00,QR PromptPay,
T003062,2026-02-19 07:24,B01,M0208,GOLD,Delivery,Tea,1,75,0.00,75.00,QR PromptPay,
T003063,2026-02-19 07:53,B07,,,In-store,Coffee,2,70,0.00,140.00,Credit Card,
T003064,19/02/2026 08:06,B06,M0258,Brz,App,Bakery,4,55,0.00,220.00,App Wallet,5
T003065,2026-02-19 08:11,B01,,,In-store,Bakery,1,50,0.00,50.00,Credit Card,
T003066,2026-02-19 08:19,B08,M0184,Bronze,App,Coffee,1,120,0.00,120.00,App Wallet,
T003067,2026-02-19 08:37,B03,M0078,Bronze,App,Coffee,1,90,0.00,90.00,App Wallet,
T003068,2026-02-19 08:43,B08,M0144,Silver,App,Coffee,1,85,0.00,85.00,Credit Card,
T003069,19/02/2026 08:49,B06,M0015,Gold,In-store,Coffee,1,70,10.50,59.50,QR PromptPay,
T003070,2026-02-19 09:43,B04,M0274,Brz,In-store,Tea,1,70,0.00,70.00,Credit Card,5
T003071,2026-02-19 11:17,B03,M0078,Bronze,In-store,Merchandise,4,485,0.00,1940.00,Cash,
T003072,2026-02-19 11:40,B05,,,In-store,Tea,3,50,0.00,150.00,Credit Card,
T003073,2026-02-19 11:53,B07,M0288,Gold,In-store,Coffee,2,75,30.00,120.00,QR PromptPay,3
T003074,2026-02-19 12:27,B01,,,In-store,Coffee,2,100,0.00,200.00,QR PromptPay,
T003075,2026-02-19 12:31,B01,,,in-store,Coffee,1,60,0.00,70.00,QR PromptPay,
T003076,2026-02-19 12:32,B05,,,Delivery,Bakery,2,95,0.00,190.00,Credit Card,4
T003077,2026-02-19 13:22,B05,M0310,Gold,In-store,Coffee,2,60,6.00,114.00,QR PromptPay,
T003078,2026-02-19 13:34,B04,,,In-store,Coffee,2,70,0.00,140.00,Cash,
T003079,2026-02-19 13:36,B08,M0119,Bronze,In-store,Coffee,3,70,0.00,210.00,QR PromptPay,
T003080,19/02/2026 14:28,B06,M0056,Platinum,In-store,Tea,4,90,0.00,360.00,QR PromptPay,
T003081,2026-02-19 15:57,B03,M0242,Silver,App,Coffee,2,55,16.50,93.50,App Wallet,5
T003082,2026-02-19 15:59,B07,M0054,Bronze,In-store,Tea,1,50,0.00,50.00,Cash,
T003083,2026-02-19 16:12,B05,M0104,Silver,In-store,Coffee,1,115,0.00,115.00,Cash,3
T003084,2026-02-19 16:14,B08,M0116,Bronze,App,Coffee,1,90,0.00,90.00,Credit Card,3
T003085,19/02/2026 16:45,B06,M0260,Gold,Delivery,Bakery,3,90,0.00,270.00,Credit Card,
T003086,2569-02-19 16:49,B02,,,App,Coffee,2,115,0.00,230.00,App Wallet,4
T003087,2026-02-19 18:23,B03,M0053,Gold,In-store,Coffee,1,105,15.75,89.25,Cash,
T003088,2026-02-19 19:06,B04,M0115,Silver,In-store,Coffee,4,65,0.00,260.00,Cash,5
T003089,2026-02-20 09:43,B05,,,In-store,Coffee,2,55,0.00,110.00,Credit Card,
T003090,2026-02-20 11:06,B03,M0106,Bronze,In-store,Coffee,1,95,0.00,95.00,Cash,
T003091,2026-02-20 11:32,B08,M0119,Bronze,App,Tea,3,80,48.00,192.00,App Wallet,4
T003092,2026-02-20 11:59, B03,,,In-store,Coffee,4,105,0.00,420.00,Credit Card,5
T003093,2026-02-20 12:28,B07,M0233,Bronze,App,Coffee,1,120,0.00,120.00,Credit Card,
T003094,2026-02-20 12:59,B03,M0103,Silver,Delivery,Tea,3,70,0.00,210.00,Credit Card,
T003095,2026-02-20 13:23,B05,,,App,Coffee,4,105,0.00,420.00,Credit Card,4
T003096,2026-02-20 13:35,B08,,,App,Tea,1,75,0.00,75.00,App Wallet,
T003097,2026-02-20 13:40,B03,,,Delivery,Tea,4,70,0.00,280.00,Cash,
T003098,20/02/2026 13:46,B06,M0020,Bronze,App,Coffee,3,70,0.00,210.00,App Wallet,
T003099,20/02/2026 16:24,B06,M0056,Platinum,App,Bakery,1,105,10.50,94.50,Credit Card,
T003100,2026-02-20 16:27,B05,,,In-store,Coffee,3,70,0.00,210.00,QR PromptPay,4
T003101,2026-02-20 16:32,B08,,,Delivery,Coffee,2,80,0.00,160.00,QR PromptPay,
T003102,21/02/2026 12:11,B06,,,In-store,Merchandise,2,870,0.00,1740.00,QR PromptPay,
T003103,2026-02-21 12:19,B01,M0061,Silver,In-store,Coffee,2,115,0.00,230.00,Credit Card,
T003104,2026-02-21 13:13, B07,M0077,Gold,In-store,Bakery,1,105,0.00,105.00,Credit Card,3
T003105,2026-02-21 13:24,B04,M0063,Silver,In-store,Bakery,2,50,0.00,100.00,Credit Card,
T003105,2026-02-21 13:24,B04,M0063,Silver,In-store,Bakery,2,50,0.00,100.00,Credit Card,
T003106,2026-02-21 17:36,B03,M0059,Gold,In-store,Coffee,2,95 THB,0.00,190.00,Credit Card,
T003107,2026-02-21 18:27,B07,M0289,Silver,App,Coffee,2,90,0.00,180.00,App Wallet,
T003108,2026-02-21 19:27,B07,M0279,Bronze,In-store,Coffee,1,95,0.00,95.00,QR PromptPay,
T003109,22/02/2026 07:50,B06,M0069,Platinum,App,Merchandise,1,475,23.75,451.25,App Wallet,4
T003110,2026-02-22 08:03,B08,M0012,Platinum,In-store,Bakery,1,45,9.00,36.00,QR PromptPay,4
T003111,2026-02-22 08:16,B07,,,In-store,Tea,3,80,0.00,240.00,Credit Card,
T003112,2026-02-22 08:32,B03,M0007,Silver,In-store,Bakery,2,105,42.00,168.00,QR PromptPay,
T003113,2026-02-22 08:35,B04,M0115,Silver,In-store,Merchandise,4,505,0.00,2020.00,QR PromptPay,
T003114,2026-02-22 09:13,B03,M0059,Gold,App,Coffee,2,70,21.00,119.00,App Wallet,
T003115,2569-02-22 09:14,B02,,,In-store,Tea,4,65,0.00,260.00,QR PromptPay,3
T003116,2026-02-22 09:24,B05,M9064,Gold,In-store,Merchandise,2,700,210.00,1190.00,Cash,4
T003117,2026-02-22 09:51,B08,M0324,Gold,In-store,Tea,1,95,0.00,95.00,Credit Card,4
T003118,2026-02-22 10:01,B05,M0267,Silver,App,Coffee,1,110,0.00,110.00,Credit Card,
T003119,2026-02-22 10:39,B01,M0070,Bronze,In-store,Bakery,3,55,0.00,165.00,QR PromptPay,
T003120,2569-02-22 12:35,B02,,,In-store,Merchandise,2,545,0.00,1090.00,Cash,
T003121,2026-02-22 12:44,B08,,,Delivery,Tea,2,85,0.00,170.00,QR PromptPay,4
T003122,2026-02-22 13:15,B03,M0063,Silver,Delivery,Coffee,2,65,13.00,117.00,QR PromptPay,
T003123,2026-02-22 13:54,b04,M0115,Silver,In-store,Coffee,2,55,0.00,110.00,QR PromptPay,5
T003124,22/02/2026 14:25,B06,M0058,Gold,In-store,Merchandise,3,250,0.00,750.00,Cash,
T003125,22/02/2026 14:36,B06,,,App,Tea,4,95,0.00,380.00,Credit Card,
T003126,2026-02-22 14:40,B07,,,In-store,Bakery,2,85,0.00,170.00,QR PromptPay,5
T003127,2026-02-22 16:15,B04,M0016,Gold,In-store,Tea,2,60,0.00,120.00,Credit Card,
T003128,2026-02-22 17:35,B01,M0127,Silver,In-store,Coffee,3,110,0.00,330.00,QR PromptPay,4
T003129,2026-02-22 18:16,B07,M0001,Bronze,In-store,Tea,2,90,0.00,180.00,Cash,5
T003130,2026-02-22 18:45,B05,M0202,Bronze,In-store,Coffee,1,95,0.00,95.00,QR PromptPay,
T003131,2026-02-22 19:19,B08,M0048,Silver,In-store,Tea,1,90,13.50,76.50,Cash,
T003132,2026-02-23 07:32,B08,M0012,Platinum,In-store,Coffee,2,55,22.00,88.00,Credit Card,4
T003133,2026-02-23 08:20,B07,M0079,Silver,In-store,Coffee,4,90,0.00,360.00,QR PromptPay,
T003134,2026-02-23 08:36,B03,,,In-store,Coffee,4,95,0.00,380.00,QR PromptPay,
T003135,2026-02-23 08:52,B04,,,App,Coffee,1,100,0.00,100.00,App Wallet,3
T003136,2026-02-23 09:21,B08,M0002,Bronze,Delivery,Bakery,2,90,0.00,180.00,Cash,
T003137,2569-02-23 10:01,B02,M0274,Bronze,In-store,Tea,4,75,60.00,240.00,Credit Card,
T003138,23/02/2026 11:56,B06,M9388,Bronze,In-store,Coffee,1,90,0.00,90.00,QR PromptPay,
T003139,23/02/2026 12:17,B06,,,Delivery,Bakery,2,60,0.00,120.00,QR PromptPay,1
T003140,2026-02-23 12:29,B07,,,In-store,Tea,2,60,0.00,120.00,QR PromptPay,
T003141,2026-02-23 12:43,B03,M0104,Silver,In-store,Coffee,4,65,39.00,221.00,QR PromptPay,
T003142,2026-02-23 15:37,B03,M0242,Silver,In-store,Coffee,1,110,0.00,110.00,QR PromptPay,
T003143,2026-02-23 16:04,B01,,,In-store,Coffee,1,120,0.00,120.00,QR PromptPay,4
T003144,2026-02-23 16:27,B08,M0003,Bronze,In-store,Merchandise,1,875,43.75,831.25,Credit Card,
T003145,2026-02-23 16:37,B07,M0286,Silver,App,Merchandise,3,350,105.00,945.00,Credit Card,
T003146,2026-02-23 17:58,B04,,,In-store,Bakery,3,45,0.00,135.00,Cash,
T003147,2026-02-23 18:08,B01,,,Delivery,Tea,2,50,0.00,100.00,Credit Card,4
T003148,2026-02-23 18:58,B08,M0229,Platinum,In-store,Coffee,2,95,9.50,180.50,QR PromptPay,
T003149,2026-02-24 07:16,B08,,,In-store,Tea,3,75,0.00,225.00,QR PromptPay,
T003150,24/02/2026 07:25,B06,M0304,Platinum,In-store,Tea,1,80,0.00,80.00,Credit Card,
T003151,2026-02-24 08:05,B05,,,In-store,Coffee,1,105,0.00,105.00,Cash,
T003152,2026-02-24 08:19,B03,M0254,Bronze,In-store,Coffee,4,80,0.00,320.00,Credit Card,
T003153,2569-02-24 08:58,B02,M0040,Bronze,Delivery,Coffee,1,75,0.00,75.00,QR PromptPay,
T003154,2026-02-24 09:04,B03,M0078,Bronze,In-store,Coffee,3,75,0.00,225.00,QR PromptPay,
T003155,2026-02-24 09:34,B01,M0228,Gold,Delivery,Coffee,2,75,0.00,150.00,QR PromptPay,3
T003156,2026-02-24 10:31,B08,M0209,Bronze,Delivery,Bakery,3,105,15.75,299.25,Cash,
T003157,24/02/2026 10:39,B06,M0005,bronze,Delivery,Merchandise,1,360,0.00,360.00,QR PromptPay,
T003158,2026-02-24 11:00,B01,M0276,Bronze,App,Coffee,2,95,28.50,161.50,Credit Card,
T003159,24/02/2026 11:09,B06,,,Instore,Coffee,1,105,0.00,105.00,Cash,1
T003160,2026-02-24 11:41,B08,M0324,GOLD,App,Merchandise,1,395,19.75,375.25,App Wallet,
T003161,2569-02-24 12:05,B02,M9349,Gold,App,Coffee,3,60,0.00,180.00,Credit Card,
T003162,2026-02-24 12:11,B04,M0206,Bronze,In-store,Bakery,2,100,0.00,200.00,Credit Card,4
T003163,2026-02-24 12:30,B04,,,delivery,Tea,4,60,0.00,240.00,QR PromptPay,
T003164,2026-02-24 12:40,B04,,,In-store,Bakery,4,50,0.00,200.00,Credit Card,2
T003165,2026-02-24 12:46,B03,M0254,Bronze,In-store,Bakery,1,95,0.00,95.00,QR PromptPay,4
T003166,24/02/2026 12:49,B06,M0051,Gold,In-store,Coffee,2,75,0.00,150.00,Cash,
T003167,2026-02-24 13:01,B01,M0134,Bronze,App,Tea,4,70,0.00,280.00,Credit Card,3
T003168,2026-02-24 13:13,B07,M0284,Bronze,App,Coffee,3,80,0.00,240.00,App Wallet,4
T003169,24/02/2026 13:16,B06,M0304,Platinum,In-store,Bakery,2,105,0.00,210.00,Credit Card,
T003170,2026-02-24 14:30,B01,M0045,Gold,In-store,Coffee,1,100,0.00,100.00,Cash,3
T003171,2026-02-24 15:18,B07,M0084,Silver,In-store,Coffee,1,85,0.00,85.00,QR PromptPay,
T003172,2569-02-24 15:46,B02,,,In-store,Coffee,2,115,0.00,230.00,QR PromptPay,5
T003173,2026-02-24 15:56,B05,,,Delivery,Bakery,4,50,0.00,200.00,QR PromptPay,
T003174,2026-02-24 16:21,B05,M0047,Platinum,In-store,Coffee,2,105,31.50,178.50,QR PromptPay,
T003175,2026-02-24 16:55,B01,M0120,Bronze,In-store,Bakery,1,60,0.00,60.00,QR PromptPay,
T003175,2026-02-24 16:55,B01,M0120,Bronze,In-store,Bakery,1,60,0.00,60.00,QR PromptPay,
T003176,2569-02-24 16:55,B02,M0265,Gold,App,Coffee,1,95,9.50,85.50,App Wallet,
T003177,2026-02-24 17:00,B08,,,In-store,Coffee,1,105,0.00,105.00,Cash,
T003178,24/02/2026 17:56,B06,M0005,Bronze,In-store,Coffee,2,90,0.00,180.00,QR PromptPay,
T003179,2026-02-24 19:22,B04,M0115,Silver,App,Coffee,1,105,0.00,105.00,Credit Card,4
T003180,2026-02-25 08:04,B04,M0274,Bronze,In-store,Tea,2,50,0.00,100.00,QR PromptPay,
T003181,2569-02-25 08:51,B02,M0069,Platinum,In-store,Coffee,1,95,4.75,90.25,Credit Card,
T003182,2026-02-25 09:21,B08,M0056,Platinum,App,Merchandise,1,760,76.00,684.00,Credit Card,5
T003183,2026-02-25 09:57,B01,M0070,Bronze,Delivery,Merchandise,3,530,0.00,1590.00,Credit Card,3
T003184,2026-02-25 10:19,B07,,,Delivery,Bakery,1,70,0.00,70.00,QR PromptPay,5
T003185,2026-02-25 10:24,B05,M0267,Silver,App,Tea,1,95,0.00,95.00,App Wallet,
T003186,2026-02-25 12:22,B04,,,In-store,Tea,1,65,0.00,65.00,QR PromptPay,
T003187,2569-02-25 12:28,B02,,,In-store,Coffee,1,55,0.00,55.00,QR PromptPay,3
T003188,2026-02-25 14:39,B01,,,App,Bakery,1,55,0.00,55.00,App Wallet,
T003189,2026-02-25 15:00, B07,M0294,BRONZE,In-store,Coffee,2,80,0.00,160.00,Credit Card,
T003190,2026-02-25 18:20,B03,,,App,Coffee,1,85,0.00,85.00,Credit Card,
T003191,2026-02-25 18:37,B08,,,In-store,Coffee,1,110,0.00,110.00,QR PromptPay,
T003192,2026-02-25 18:54,B03,M0132,Bronze,Delivery,Tea,1,60,0.00,60.00,QR PromptPay,
T003193,2026-02-26 08:07,B07,M0294,Bronze,App,Coffee,1,105,0.00,105.00,App Wallet,3
T003194,2026-02-26 08:27,B07,,,Delivery,Coffee,3,85,0.00,255.00,Cash,
T003195,2026-02-26 08:35,B03,M0245,Platinum,Delivery,Coffee,1,60,3.00,57.00,Credit Card,
T003196,2026-02-26 09:29,B03,M0023,Bronze,In-store,Bakery,1,75,15.00,60.00,Credit Card,4
T003197,2026-02-26 10:51,B03,M0059,Gold,In-store,Coffee,3,120,0.00,360.00,Cash,
T003198,2026-02-26 11:55,B04,M0216,Platinum,App,Coffee,3,75,0.00,225.00,App Wallet,3
T003199,2026-02-26 12:05,B07,M0053,Gold,In-store,Coffee,1,100,5.00,95.00,QR PromptPay,
T003200,2026-02-26 12:08,B08,,,In-store,Coffee,3,60,0.00,180.00,Cash,
T003201,2026-02-26 12:24,B07,M0273,Silver,In-store,Bakery,1,70,3.50,66.50,QR PromptPay,
T003202,2026-02-26 12:38,B07,M0040,Bronze,in-store,Bakery,2,90,0.00,180.00,Cash,3
T003203,2026-02-26 12:40,B01,M0114,Silver,App,Coffee,3,120,0.00,360.00,Credit Card,
T003204,2026-02-26 12:50,B03,,,In-store,Bakery,2,95,0.00,190.00,QR PromptPay,
T003205,2026-02-26 15:14,B07,M0077,Gold,App,Coffee,1,65,13.00,52.00,App Wallet,
T003206,2569-02-26 16:23,B02,M0265,Gold,Delivery,Coffee,4,65,0.00,260.00,Cash,
T003207,2026-02-26 16:29,B07,M0077,Gold,App,Coffee,3,60,0.00,180.00,Credit Card,
T003208,2026-02-26 16:31, B05,M0092,Bronze,App,Coffee,1,60,0.00,60.00,App Wallet,
T003209,2026-02-26 16:43,B08,M0002,Bronze,App,Bakery,1,70,0.00,70.00,App Wallet,
T003210,26/02/2026 16:47,B06,M0313,Bronze,App,Coffee,2,105,0.00,210.00,App Wallet,
T003211,2569-02-26 17:40,B02,M9388,Gold,In store,Coffee,1,60,0.00,60.00,Cash,5
T003212,2026-02-26 19:57,B04,,,App,Coffee,4,110,0.00,440.00,App Wallet,
T003213,2026-02-27 08:01,B01,M0236,Silver,Delivery,Coffee,1,70,0.00,70.00,QR PromptPay,
T003213,2026-02-27 08:01,B01,M0236,Silver,Delivery,Coffee,1,70,0.00,70.00,QR PromptPay,
T003214,27/02/2026 08:25,B06,,,In-store,Merchandise,4,505,0.00,2020.00,QR PromptPay,
T003215,2026-02-27 08:41,B01,M0220,Bronze,App,Bakery,1,45,6.75,38.25,Credit Card,
T003216,27/02/2026 08:42,B06,M0304,Platinum,In-store,Coffee,1,90,4.50,85.50,QR PromptPay,
T003217,27/02/2026 10:50,B06,M0273,Silver,In-store,Coffee,2,80,0.00,160.00,Cash,1
T003218,2026-02-27 11:31,B01,,,In-store,Coffee,1,100,0.00,100.00,QR PromptPay,5
T003219,2569-02-27 11:59,B02,M0222,Silver,In-store,Bakery,1,70,7.00,63.00,QR PromptPay,
T003220,2026-02-27 14:16,B04,,,App,Tea,3,55,0.00,165.00,App Wallet,
T003221,27/02/2026 14:38,B06,,,In-store,Tea,1,95,0.00,95.00,Cash,
T003222,2026-02-27 16:11,B05,M0295,Silver,In-store,Coffee,1,85,0.00,85.00,Credit Card,2
T003223,2569-02-27 16:49,B02,,,In-store,Coffee,2,65,0.00,130.00,Cash,
T003224,2026-02-27 17:06,B04,,,In-store,Tea,2,65,0.00,130.00,QR PromptPay,4
T003225,27/02/2026 17:15,B06,M0099,Gold,App,Bakery,1,105,10.50,94.50,App Wallet,
T003226,2026-02-27 17:27,B07,M0288,Gld,In-store,Tea,2,75,30.00,120.00,Cash,4
T003227,2026-02-27 17:35,B07,M0040,Bronze,App,Coffee,1,55,0.00,55.00,App Wallet,5
T003228,2026-02-27 17:52,B03,M0078,Bronze,In-store,Bakery,1,85,17.00,68.00,QR PromptPay,5
T003229,2569-02-27 18:25,B02,M0222,Silver,In-store,Coffee,3,90,27.00,243.00,QR PromptPay,
T003230,2026-02-27 19:05,B01,M0045,Gold,App,Coffee,1,65,3.25,61.75,Credit Card,
T003231,2026-02-28 08:08,B08,M0012,Platinum,In-store,Coffee,1,55,2.75,52.25,Cash,
T003232,28/02/2026 08:16,B06,,,In-store,Bakery,2,55,0.00,110.00,Credit Card,5
T003233,2026-02-28 08:29,B08,,,In-store,Bakery,2,90,0.00,180.00,Credit Card,
T003234,2026-02-28 08:56,B01,M0058,gold,In-store,Coffee,4,115 THB,0.00,460.00,Credit Card,3
T003235,2026-02-28 09:06,B01,M0127,Silver,App,Tea,1,80,0.00,80.00,Credit Card,5
T003236,28/02/2026 09:07,B06,M0052,Bronze,App,Coffee,4,65,0.00,260.00,App Wallet,
T003237,2026-02-28 09:19,B07,M0284,Bronze,In-store,Bakery,1,95,0.00,95.00,Credit Card,5
T003238,2026-02-28 10:06,B05,M0092,Bronze,Delivery,Coffee,1,120,0.00,120.00,Cash,
T003239,2026-02-28 11:54,B03,M0104,Silver,Delivery,Coffee,2,60,0.00,120.00,QR PromptPay,
T003240,2026-02-28 12:03,B01,M0027,Silver,App,Merchandise,2,540,0.00,1080.00,App Wallet,
T003241,2026-02-28 12:08,B05,,,In-store,Coffee,1,100,0.00,100.00,Cash,4
T003242,2026-02-28 12:31,B03,M0077,Gold,Delivery,Coffee,4,80,16.00,304.00,Cash,
T003243,2569-02-28 12:42,B02,M0148,Gold,In-store,Coffee,1,95,9.50,85.50,Cash,
T003244,2026-02-28 13:22,B07,M0160,Bronze,In-store,Coffee,1,100,0.00,100.00,Cash,
T003245,2569-02-28 13:27,B2,M0222,Silver,App,Coffee,4,60,0.00,240.00,Credit Card,
T003246,2026-02-28 13:42,B08,M0248,Gold,In-store,Coffee,3,60,36.00,144.00,Credit Card,
T003247,2026-02-28 13:52,B07,M0077,Gold,In-store,Bakery,1,50,0.00,50.00,Credit Card,
T003248,2026-02-28 14:18,B04,M0308,Gold,In-store,Coffee,1,60,6.00,54.00,Cash,2
T003249,2026-02-28 14:28,B04,M0274,Bronze,In-store,Merchandise,1,425,0.00,425.00,Cash,
T003250,2026-02-28 15:35,B03,M0197,Gold,In-store,Coffee,2,105,0.00,210.00,QR PromptPay,4
T003251,28/02/2026 16:08,B06,,,Delivery,Coffee,1,65,0.00,65.00,Cash,
T003252,2026-02-28 16:21,B08,M0087,Bronze,In-store,Tea,2,90,0.00,180.00,Cash,
T003253,2026-02-28 16:36,B03,M0106,Bronze,App,Bakery,1,105,0.00,105.00,Credit Card,
T003254,2026-02-28 16:52,B03,,,In-store,Coffee,1,55,0.00,55.00,Cash,
T003255,2026-02-28 17:42,B08,M9366,Bronze,Instore,Tea,3,50,0.00,150.00,QR PromptPay,
T003256,2026-02-28 17:45,B05,,,In-store,Coffee,4,75,0.00,300.00,Cash,
T003257,2026-02-28 17:46,B03,M0265,Gold,App,Coffee,1,100,0.00,100.00,Credit Card,
T003258,2569-02-28 18:10,B02,M0114,Silver,APP,Tea,1,65,0.00,65.00,App Wallet,
T003259,2026-02-28 19:29,B05,M0223,Silver,App,Coffee,2,70,0.00,140.00,Credit Card,5
T003260,2026-02-28 19:51,B03,M0197,Gold,Delivery,Coffee,1,100,0.00,100.00,Credit Card,5
T003261,28/02/2026 19:51,B06,M0003,Bronze,In-store,Tea,1,55,0.00,55.00,QR PromptPay,4
T003262,2026-03-01 07:33,B04,M0159,Platinum,In-store,Coffee,1,110,5.50,104.50,Credit Card,
T003263,2026-03-01 08:16,B04,M0294,bronze,In-store,Coffee,1,80,0.00,80.00,Credit Card,
T003264,01/03/2026 08:18,B06,M0203,Bronze,delivery,Coffee,3,100,45.00,255.00,QR PromptPay,
T003265,2026-03-01 08:43,B04,M0172,Silver,Delivery,Coffee,1,90,18.00,72.00,QR PromptPay,
T003266,2026-03-01 08:55,B05,M0297,Bronze,In-store,Coffee,3,80,0.00,240.00,Cash,
T003267,01/03/2026 10:07,B06,M0058,Gold,In-store,Coffee,4,75,60.00,240.00,Credit Card,5
T003268,2026-03-01 11:40,B04,,,In-store,Coffee,1,90,0.00,90.00,QR PromptPay,
T003269,2026-03-01 12:05,B07,M0196,Bronze,In-store,Coffee,1,115,23.00,92.00,Credit Card,3
T003269,2026-03-01 12:25,B07,M0196,Bronze,In-store,Coffee,-1,115,-23.00,-92.00,Credit Card,
T003270,2026-03-01 12:28,B03,M0053,Gold,In-store,Tea,2,60,24.00,96.00,Cash,
T003271,2569-03-01 13:00,B02,M0257,Silver,In-store,Bakery,1,90,0.00,90.00,Cash,
T003272,2569-03-01 13:38,B02,,,In-store,Merchandise,3,460,0.00,1380.00,QR PromptPay,
T003272,2569-03-01 13:38,B02,,,In-store,Merchandise,3,460,0.00,1380.00,QR PromptPay,
T003273,2026-03-01 15:24,B01,M0134,Bronze,App,Bakery,2,55,0.00,110.00,Credit Card,
T003273,2026-03-01 15:35,B01,M0134,Bronze,App,Bakery,-2,55,-0.00,-110.00,Credit Card,
T003274,2569-03-01 16:08,B02,M0222,Silver,Delivery,Coffee,2,75,7.50,142.50,Credit Card,
T003275,2026-03-01 19:58,B01,M0319,Gold,app,Merchandise,1,255,0.00,255.00,App Wallet,
T003276,2026-03-02 08:22,B05,M0094,Bronze,In-store,Coffee,1,70,0.00,70.00,Cash,
T003277,2569-03-02 08:50,B02,M0136,Bronze,Delivery,Bakery,1,55,0.00,55.00,Cash,
T003278,2026-03-02 08:52,B01,,,App,Coffee,2,65,0.00,130.00,App Wallet,
T003279,2026-03-02 10:37,B03,M0044,bronze,App,Coffee,1,80,0.00,80.00,Credit Card,
T003280,2569-03-02 10:45,B02,M0221,Bronze,In-store,Coffee,1,55,0.00,55.00,QR PromptPay,
T003281,2026-03-02 12:05,B08,,,In-store,Tea,1,60,0.00,60.00,QR PromptPay,
T003282,02/03/2026 12:14,B06,M0058,Gold,App,Coffee,3,60,0.00,180.00,Credit Card,
T003283,2026-03-02 12:15,B01,M0116,Bronze,In-store,Coffee,4,60,0.00,240.00,QR PromptPay,
T003284,2026-03-02 13:29,B01,,,In-store,Coffee,1,90,0.00,90.00,Credit Card,
T003285,2569-03-02 13:34,B02,M0069,Platinum,In-store,Coffee,2,85,25.50,144.50,QR PromptPay,
T003286,02/03/2026 13:43,B06,,,In-store,Coffee,2,120,0.00,240.00,Credit Card,
T003287,2026-03-02 14:56,B07,M0054,Bronze,In-store,Coffee,3,60,0.00,180.00,Credit Card,5
T003288,2026-03-02 16:25,B04,M0057,Bronze,App,Bakery,1,55,5.50,49.50,App Wallet,
T003289,2026-03-02 16:28,B01,M0324,Gold,App,Coffee,1,80,0.00,80.00,App Wallet,2
T003290,2026-03-02 16:34,B08,M0214,Silver,In-store,Merchandise,2,485,0.00,970.00,QR PromptPay,
T003291,2026-03-02 17:32,B05,M0055,Slvr,In-store,Bakery,3,90,0.00,270.00,Credit Card,
T003292,02/03/2026 18:32,B06,,,Delivery,Coffee,4,120,0.00,480.00,QR PromptPay,
T003293,03/03/2026 08:05,B06,M0260,Gold,App,Bakery,1,90,0.00,90.00,App Wallet,5
T003294,2026-03-03 08:11,B08,M0079,Silver,in-store,Tea,1,70,3.50,66.50,Credit Card,4
T003295,2026-03-03 08:31,B05,M0142,Silver,App,Coffee,3,70,10.50,199.50,App Wallet,
T003296,2569-03-03 08:43,B02,M0222,Silver,App,Bakery,2,95,0.00,190.00,Credit Card,
T003297,2026-03-03 08:51,B01,,,In-store,Coffee,4,55,0.00,220.00,QR PromptPay,4
T003298,2026-03-03 09:09,B04,,,Delivery,Coffee,2,65,0.00,130.00,QR PromptPay,5
T003299,2026-03-03 09:12,B03,M0040,Bronze,In-store,Coffee,1,65,0.00,65.00,Cash,3
T003300,2026-03-03 09:50,B04,,,Instore,Coffee,1,115,0.00,115.00,Credit Card,
T003301,03/03/2026 10:04,B06,M0056,Platinum,Delivery,Bakery,2,45,0.00,90.00,Credit Card,5
T003302,2569-03-03 11:27,B02,M0007,Silver,App,Bakery,1,45,4.50,40.50,App Wallet,
T003303,03/03/2026 12:01,B06,M0297,Bronze,In-store,Bakery,1,110,11.00,99.00,Cash,
T003304,03/03/2026 12:39,B06,,,App,Coffee,2,100,0.00,200.00,App Wallet,4
T003305,03/03/2026 12:41,B06,M0229,Platinum,app,Coffee,2,100,0.00,200.00,Credit Card,
T003306,2026-03-03 12:46,B04,M0010,Bronze,App,Merchandise,3,370,0.00,1110.00,Credit Card,
T003307,2026-03-03 13:40,B05,,,In-store,Coffee,4,100,0.00,400.00,Cash,4
T003308,2026-03-03 13:44,B04,,,delivery,Tea,1,90,0.00,90.00,Credit Card,
T003309,2026-03-03 14:07,B07,,,App,Coffee,1,80,0.00,80.00,Credit Card,
T003310,2026-03-03 14:35,B05,,,In-store,Coffee,2,65,0.00,130.00,Credit Card,3
T003311,03/03/2026 14:40,B06,M0273,Silver,App,Bakery,1,65,0.00,65.00,Credit Card,5
T003312,2026-03-03 15:03,B01,M0048,Silver,In-store,Bakery,1,100,0.00,100.00,Cash,3
T003313,2569-03-03 15:11,B02,,,In-store,Coffee,1,60,0.00,60.00,QR PromptPay,
T003314,2026-03-03 15:46,B07,,,In-store,Coffee,1,85,0.00,85.00,Cash,
T003315,2026-03-03 16:11,B08,,,Delivery,Bakery,85,80,0.00,6800.00,Credit Card,
T003316,2026-03-03 16:22,B04,,,in-store,Coffee,1,110,0.00,110.00,Credit Card,5
T003317,2026-03-03 16:59,B05,,,In-store,Coffee,1,90,0.00,90.00,Cash,
T003318,2026-03-03 17:16,B04,M0144,silver,App,Coffee,2,110,22.00,198.00,Credit Card,
T003319,2026-03-03 17:38,B08,M0269,Gold,In-store,Coffee,2,80,0.00,160.00,Credit Card,
T003320,2026-03-03 18:26,B01,M0208,Gold,In-store,Coffee,1,80,0.00,80.00,QR PromptPay,
T003321,2026-03-03 18:31,B07,M0174,Gold,App,Coffee,3,115,0.00,345.00,Credit Card,3
T003322,03/03/2026 19:19,B06,M0058,Gold,In-store,Coffee,3,110,33.00,297.00,Credit Card,
T003323,2026-03-04 07:20,B03,M0254,BRONZE,Delivery,Tea,3,75,0.00,225.00,Credit Card,
T003324,2569-03-04 08:34,B02,M0016,Gold,In-store,Coffee,1,60,0.00,60.00,Credit Card,
T003325,2026-03-04 08:39,B05,M0102,Platinum,in-store,Coffee,1,100,15.00,85.00,Credit Card,4
T003326,2569-03-04 08:44,B02,M9388,Bronze,Delivery,Coffee,1,110,0.00,110.00,QR PromptPay,4
T003327,2026-03-04 08:54,B04,M0258,Bronze,App,Coffee,4,75,0.00,300.00,Credit Card,4
T003328,2569-03-04 09:41,B02,M0228,Gold,In store,Coffee,2,90,0.00,180.00,Credit Card,
T003328,2569-03-04 09:41,B02,M0228,Gold,In store,Coffee,2,90,0.00,180.00,Credit Card,
T003329,2026-03-04 10:43,B08,M0171,Gold,In-store,Tea,2,55,0.00,110.00,Credit Card,
T003330,2026-03-04 11:18,B03,M0066,Bronze,App,Coffee,2,120,0.00,240.00,Credit Card,4
T003331,2026-03-04 12:02,B05,M0118,Gold,In-store,Tea,1,95,14.25,80.75,QR PromptPay,
T003332,04/03/2026 12:39,B06,M0020,Bronze,Delivery,Coffee,1,115,0.00,115.00,Cash,3
T003333,04/03/2026 13:37,B06,M0304,Platinum,Delivery,Coffee,1,70,7.00,63.00,Cash,5
T003334,2026-03-04 14:39,B07,M0054,Bronze,In-store,Bakery,3,80,0.00,240.00,QR PromptPay,
T003335,2026-03-04 15:47,B05,M0118,Gold,In-store,Coffee,2,100,0.00,200.00,QR PromptPay,
T003336,2569-03-04 15:55,B02,,,In-store,Bakery,2,95,0.00,190.00,Cash,3
T003337,04/03/2026 16:04,B06,M0273,Silver,App,Bakery,1,45,4.50,40.50,Credit Card,5
T003338,2026-03-04 16:19,B08,,,Delivery,Tea,1,55,0.00,55.00,Cash,
T003339,2026-03-04 16:20,B01,M0048,Silver,In-store,Bakery,4,110,0.00,440.00,QR PromptPay,3
T003340,2569-03-04 16:33,B02,M0201,Bronze,In-store,Bakery,4,70,0.00,280.00,Credit Card,4
T003341,2026-03-04 16:59,B03,M0044,Bronze,Delivery,Coffee,2,55,0.00,110.00,Cash,3
T003342,2026-03-04 18:18,B01,,,App,Coffee,2,60,0.00,120.00,Credit Card,
T003343,2026-03-04 19:35,B07,M0086,Silver,In-store,Coffee,1,75,0.00,75.00,Credit Card,
T003344,2026-03-05 07:18,B08,,,In-store,Coffee,3,90,0.00,270.00,QR PromptPay,
T003345,2026-03-05 08:13,B03,M0008,Platinum,Delivery,Bakery,2,100,0.00,200.00,Cash,
T003346,2026-03-05 08:20,B07,M0050,Silver,In-store,Merchandise,2,770,0.00,1540.00,Cash,
T003347,2026-03-05 08:50,B02,M0082,Bronze,In-store,Tea,1,65,0.00,65.00,QR PromptPay,
T003348,2026-03-05 10:04, B04,M0063,Silver,In-store,Bakery,2,90,0.00,180.00,Cash,
T003349,2026-03-05 10:16,B05,M0240,Platinum,In-store,Coffee,1,80,0.00,80.00,QR PromptPay,
T003350,2026-03-05 12:13,B02,,,Delivery,Coffee,1,90,0.00,90.00,Cash,
T003351,2026-03-05 13:09,B01,M0237,Silver,Delivery,Coffee,1,75,0.00,35.00,Cash,4
T003352,2026-03-05 13:29,B05,,,In-store,Bakery,2,45,0.00,90.00,Credit Card,
T003353,2026-03-05 13:47,B07,M0170,Gold,In-store,Tea,1,65,3.25,61.75,QR PromptPay,3
T003354,2026-03-05 13:56,B01,M0018,SILVER,Instore,Coffee,2,55,0.00,110.00,Credit Card,
T003355,2026-03-05 15:53,B02,,,App,Bakery,3,100,0.00,300.00,App Wallet,
T003356,05/03/2026 16:09,B06,M0010,Bronze,In-store,Coffee,2,90,0.00,180.00,QR PromptPay,
T003357,2026-03-05 16:18,B05,M0094,Bronze,In-store,Coffee,2,55,0.00,110.00,QR PromptPay,4
T003358,2026-03-05 16:21,B05,M0092,Bronze,In-store,Coffee,1,65,0.00,65.00,Cash,
T003359,05/03/2026 16:30,B06,M0058,Gold,In-store,Bakery,4,85,0.00,340.00,QR PromptPay,5
T003360,2026-03-05 17:50,B03,,,App,Coffee,1,80,0.00,80.00,App Wallet,2
T003361,2026-03-05 19:07,B07,M0252,Gold,In-store,Coffee,1,110,0.00,110.00,Cash,4
T003362,2026-03-06 08:04,B02,M0304,Platinum,In-store,Tea,1,70,10.50,59.50,Cash,3
T003363,2026-03-06 08:08,B01,M0276,Bronze,In-store,Coffee,1,110,0.00,110.00,Cash,
T003364,2026-03-06 08:23,B03,M0015,Gold,In-store,Tea,3,75,0.00,225.00,Credit Card,4
T003365,06/03/2026 08:34,B06,M0288,Gold,In-store,Coffee,1,120,0.00,120.00,QR PromptPay,
T003366,2026-03-06 08:35,B05,,,Delivery,Coffee,1,80,0.00,80.00,QR PromptPay,4
T003367,2026-03-06 08:44,B05,M0307,Platinum,In-store,Coffee,4,60,24.00,216.00,QR PromptPay,
T003368,2026-03-06 08:59,B03,M0197,Gold,In-store,Coffee,2,70,0.00,140.00,Cash,
T003369,2026-03-06 09:21,B08,M0002,Bronze,In-store,Coffee,2,95,0.00,190.00,QR PromptPay,5
T003370,2026-03-06 09:22,B02,M0069,Platinum,In-store,Coffee,4,65,0.00,260.00,QR PromptPay,
T003371,2026-03-06 09:25,B08,,,in-store,Bakery,1,50,0.00,50.00,Cash,4
T003372,2026-03-06 10:21,B08,M0048,Silver,In-store,Bakery,1,110,0.00,110.00,Cash,
T003373,2026-03-06 10:35,B07,M0193,Bronze,In-store,Coffee,2,70,0.00,140.00,Cash,4
T003374,2026-03-06 10:59,B04,,,In-store,Bakery,1,65,0.00,65.00,QR PromptPay,5
T003375,2026-03-06 12:54,B03,M0078,Bronze,In-store,Tea,3,85,0.00,255.00,Cash,
T003376,2026-03-06 13:18,B07,M0325,Platinum,In-store,Coffee,2,75,30.00,120.00,Cash,
T003377,2026-03-06 13:32,B08,,,Delivery,Tea,2,80,0.00,160.00,Credit Card,
T003378,2026-03-06 13:37,B02,M0048,Silver,In-store,Coffee,1,120,24.00,96.00,Cash,
T003379,2026-03-06 15:39,B02,,,App,Coffee,3,65,0.00,195.00,Credit Card,2
T003380,2026-03-06 16:42,B05,M0238,Bronze,In-store,Coffee,1,95,0.00,95.00,Credit Card,
T003381,2026-03-06 16:45,B02,,,In-store,Merchandise,4,705,0.00,2820.00,Cash,2
T003382,2026-03-06 17:33,B2,,,In-store,Bakery,2,110,0.00,220.00,QR PromptPay,3
T003383,2026-03-06 17:54,B01,M0276,Bronze,In-store,Tea,1,75,0.00,75.00,Credit Card,
T003384,06/03/2026 18:49,B06,M0058,Gold,In-store,Bakery,4,95,0.00,380.00,Cash,
T003385,06/03/2026 19:20,B06,M0174,Gold,App,Bakery,3,45,13.50,121.50,Credit Card,
T003386,2026-03-07 08:09,B02,,,In-store,Coffee,2,80,0.00,160.00,Credit Card,
T003387,07/03/2026 08:31,B06,M0002,Bronze,In-store,Bakery,2,75,0.00,150.00,Cash,1
T003388,2026-03-07 08:36,B08,M0109,Bronze,Delivery,Coffee,1,65,0.00,65.00,QR PromptPay,
T003389,2026-03-07 08:55,B05,M0092,Bronze,In-store,Tea,1,65,0.00,65.00,QR PromptPay,
T003390,2026-03-07 09:22,B04,M0274,Bronze,In-store,Tea,2,90,0.00,180.00,Cash,
T003391,2026-03-07 09:25,B04,M0308,Gold,Delivery ,Bakery,1,45,0.00,45.00,Cash,
T003392,2026-03-07 11:33,B04,M0174,Gold,Delivery,Coffee,1,95,0.00,125.00,QR PromptPay,2
T003393,2026-03-07 11:44,B01,,,In-store,Tea,4,75,0.00,300.00,Cash,
T003394,2026-03-07 12:05,B01,M0208,Gold,In-store,Tea,2,60,12.00,108.00,QR PromptPay,5
T003395,2026-03-07 12:17,B02,M0007,Silver,In-store,Merchandise,1,445,0.00,445.00,Cash,
T003396,07/03/2026 12:45,B06,M0056,Platinum,Delivery,Coffee,2,95,19.00,171.00,Credit Card,
T003397,2026-03-07 12:48,B02,M0015,Gold,In-store,Coffee,2,110,0.00,220.00,QR PromptPay,4
T003398,2026-03-07 12:56,B04,,,Delivery,Coffee,2,105,0.00,210.00,QR PromptPay,
T003399,2026-03-07 12:58,B03,M0044,Bronze,In-store,Coffee,4,80,0.00,320.00,Credit Card,2
T003400,2026-03-07 13:14,B01,,,In-store,Bakery,1,45,0.00,45.00,Credit Card,
T003401,2026-03-07 14:16,B01,M0116,Bronze,In-store,Coffee,1,65,0.00,65.00,Cash,
T003402,07/03/2026 14:19,B06,,,App,Coffee,1,100,0.00,100.00,App Wallet,
T003403,2026-03-07 14:27,B07,M0288,Gold,In-store,Coffee,1,85,0.00,85.00,QR PromptPay,3
T003404,2026-03-07 14:48,B08,M0119,Bronze,In-store,Coffee,1,70,0.00,-10.00,Cash,
T003405,07/03/2026 15:13,B06,,,In-store,Bakery,3,80,0.00,240.00,QR PromptPay,5
T003406,2026-03-07 17:08,B02,,,App,Coffee,2,85,0.00,170.00,App Wallet,
T003407,2026-03-07 17:58,B03,,,App,Bakery,4,90,0.00,360.00,Credit Card,3
T003408,2026-03-07 18:10,B07,M0279,Bronze,In-store,Merchandise,1,300,0.00,300.00,QR PromptPay,
T003409,2026-03-07 18:19,B07,,,In-store,Coffee,4,115,0.00,460.00,Cash,
T003410,07/03/2026 19:25,B06,M0273,Silver,App,Coffee,3,100,60.00,240.00,App Wallet,
T003411,2026-03-08 08:04,B05,M0094,Bronze,App,Coffee,2,65,0.00,130.00,Credit Card,
T003412,2026-03-08 08:28,B04,M0144,Slvr,In-store,Coffee,3,55,0.00,165.00,Cash,5
T003413,2026-03-08 08:39,B05,M0102,Platinum,In-store,Coffee,1,70,0.00,70.00,QR PromptPay,
T003414,2026-03-08 09:24,B08,M0038,Gold,In-store,Bakery,2,55,16.50,93.50,Credit Card,
T003415,2026-03-08 09:47,B07,,,In-store,Coffee,1,60,0.00,60.00,Cash,5
T003416,08/03/2026 09:54,B06,,,Instore,Coffee,1,95,0.00,95.00,Cash,4
T003417,2026-03-08 10:01,B05,,,App,Coffee,1,100,0.00,100.00,Credit Card,4
T003418,2026-03-08 10:20,B07,M0284,Bronze,In-store,Tea,3,75,45.00,180.00,Cash,5
T003419,2026-03-08 11:53,B02,M0050,Silver,App,Coffee,1,65,0.00,65.00,Credit Card,
T003420,2026-03-08 12:05,B01,M0237,Silver,App,Coffee,2,120,48.00,192.00,App Wallet,
T003421,2026-03-08 12:17,b02,M0262,Silver,In-store,Coffee,2,60,0.00,120.00,QR PromptPay,
T003422,2026-03-08 12:46,B08,M0296,Bronze,In-store,Coffee,1,105,15.75,89.25,Cash,
T003423,2026-03-08 13:49,B03,M0023,Brz,in-store,Coffee,3,105,0.00,315.00,QR PromptPay,
T003424,2026-03-08 13:58,B02,,,In-store,Coffee,2,110,0.00,220.00,QR PromptPay,4
T003425,2026-03-08 13:59,B02,M0092,Bronze,In-store,Coffee,1,120,0.00,120.00,Credit Card,
T003426,2026-03-08 14:02,B01,M0237,Silver,In-store,Coffee,4,70,28.00,252.00,QR PromptPay,
T003427,2026-03-08 14:46,B04,M0144,Silver,In-store,Tea,1,75,0.00,75.00,Credit Card,5
T003428,2026-03-08 15:30,B05,M0001,Bronze,In-store,Bakery,1,75,0.00,75.00,QR PromptPay,5
T003429,2026-03-08 15:59,B01,M0115,Silver,In-store,Coffee,1,100,5.00,95.00,Cash,
T003430,2026-03-08 16:00,B08,M0276,Bronze,App,Coffee,4,55,0.00,220.00,Credit Card,
T003431,2026-03-08 16:18,B01,,,In-store,Coffee,3,75,0.00,225.00,QR PromptPay,
T003432,2026-03-08 16:27,B05,,,In-store,Merchandise,2,660,0.00,1320.00,Cash,4
T003433,2026-03-08 19:27,B04,M0005,Bronze,In-store,Coffee,1,70,0.00,70.00,Cash,
T003434,2026-03-08 19:58,B07,,,In-store,Coffee,2,60,0.00,120.00,Credit Card,
T003435,2026-03-09 07:26,B01,M0127,Silver,In-store,Coffee,3,85,0.00,255.00,Credit Card,
T003436,2026-03-09 07:45,B01,M0319,Gold,App,Tea,2,95,0.00,190.00,App Wallet,
T003437,2026-03-09 08:04,B05,M0295,Silver,In-store,Bakery,2,55,0.00,110.00,Credit Card,
T003438,2026-03-09 08:22,B03,M0023,Bronze,In-store,Bakery,4,55,0.00,220.00,QR PromptPay,4
T003439,2026-03-09 09:51,B07,M0196,Bronze,Delivery,Coffee,1,115,0.00,115.00,QR PromptPay,
T003440,2026-03-09 09:54,B02,,,In-store,Tea,3,70,0.00,210.00,Credit Card,4
T003441,2026-03-09 10:27,B05,M0143,Bronze,In-store,Bakery,3,50,0.00,150.00,QR PromptPay,3
T003442,2026-03-09 12:06,B08,M0173,Silver,App,Merchandise,3,595,0.00,1785.00,Credit Card,
T003443,2026-03-09 12:24,B04,M0253,Gold,App,Coffee,1,110,22.00,88.00,Credit Card,
T003444,2026-03-09 12:40,B08,,,In-store,Coffee,3,115,0.00,345.00,Credit Card,4
T003445,09/03/2026 12:50,B06,,,Delivery,Coffee,2,90,0.00,180.00,Cash,
T003446,2026-03-09 12:51,B01,M0070,Bronze,In-store,Coffee,3,115,0.00,345.00,QR PromptPay,
T003447,2026-03-09 13:08,B08,,,App,Bakery,1,105,0.00,105.00,Credit Card,4
T003448,2026-03-09 13:08,B01,,,Instore,Merchandise,1,385,0.00,385.00,QR PromptPay,
T003449,2026-03-09 13:14,B7,,,App,Coffee,1,110,0.00,110.00,App Wallet,
T003450,2026-03-09 13:45,B07,M0325,Platinum,In-store,Coffee,1,105,21.00,84.00,Cash,1
T003451,2026-03-09 13:52,B01,M0170,Gold,Delivery,Coffee,2,115,34.50,195.50,QR PromptPay,
T003452,2026-03-09 14:04,B01,M0276,Bronze,Delivery,Coffee,1,75,11.25,63.75,QR PromptPay,
T003453,09/03/2026 14:08,B06,,,In-store,Coffee,1,105,0.00,105.00,Cash,
T003454,2026-03-09 15:24,B04,M0019,Bronze,In-store,Coffee,2,110,0.00,220.00,Cash,4
T003455,2026-03-09 15:57,B07,M0325,Platinum,In-store,Coffee,2,105,0.00,210.00,Cash,
T003456,09/03/2026 16:05,B06,M0229,Platinum,In-store,Coffee,1,105,0.00,105.00,Cash,5
T003457,2026-03-09 16:13,B02,M0222,Silver,In-store,Coffee,3,120,0.00,360.00,Credit Card,4
T003458,2026-03-09 16:22,B04,,,In-store,Tea,3,55,0.00,165.00,QR PromptPay,
T003459,2026-03-09 16:47,B04,M0096,Gold,In-store,Coffee,2,70,0.00,140.00,Credit Card,
T003460,2026-03-09 17:06,B04,,,In-store,Coffee,3,100,0.00,300.00,Cash,
T003461,2026-03-09 17:39,B01,M0114,Silver,In-store,Bakery,3,60,0.00,180.00,QR PromptPay,
T003462,2026-03-09 18:17,B05,M0240,Platinum,In-store,Bakery,2,70,28.00,112.00,QR PromptPay,5
T003463,2026-03-09 19:19,B03,M0010,Bronze,In-store,Merchandise,1,555,0.00,505.00,Credit Card,
T003464,2026-03-09 19:22,B05,M0285,Brz,App,Tea,1,55,0.00,55.00,App Wallet,
T003465,2026-03-09 19:40,B05,M0297,Bronze,In-store,Coffee,1,90,0.00,90.00,Credit Card,4
T003466,2026-03-09 19:45,B05,M0310,Gold,Delivery,Bakery,2,70,28.00,112.00,Credit Card,
T003467,2026-03-10 07:54,B08,M9349,Bronze,In-store,Bakery,2,85,0.00,170.00,Cash,4
T003468,2026-03-10 08:07,B05,M0055,Silver,In-store,Coffee,2,60,12.00,108.00,Cash,3
T003469,2026-03-10 08:53,B03,M0053,Gold,App,Coffee,2,105,0.00,210.00,Credit Card,
T003469,2026-03-10 08:53,B03,M0053,Gold,App,Coffee,2,105,0.00,210.00,Credit Card,
T003470,2026-03-10 10:56,B01,M0045,Gold,App,Tea,1,75,0.00,75.00,Credit Card,
T003471,2026-03-10 11:26,B01,M0208,Gold,App,Coffee,2,55,0.00,110.00,Credit Card,
T003472,2026-03-10 13:06,B03,M0312,Silver,In-store,Coffee,1,95,0.00,95.00,Credit Card,
T003473,2026-03-10 13:29,B03,M0078,Bronze,In-store,Coffee,1,65,6.50,58.50,Cash,
T003474,2026-03-10 14:29,B02,M0074,Platinum,In-store,Tea,1,90,13.50,76.50,QR PromptPay,
T003475,2026-03-10 14:30,B08,M0119,Bronze,In-store,Bakery,1,55,0.00,55.00,Cash,5
T003476,2026-03-10 15:29,B03,,,In-store,Bakery,1,45,0.00,45.00,QR PromptPay,
T003477,2026-03-10 16:04,B03,M0059,Gold,In-store,Tea,1,65,13.00,52.00,Credit Card,3
T003478,2026-03-10 16:17,B05,M0047,Platinum,In-store,Bakery,1,75,0.00,75.00,Cash,
T003479,2026-03-10 17:11,B08,,,In-store,Coffee,2,100,0.00,200.00,QR PromptPay,5
T003480,2026-03-10 17:14,B01,M0114,Silver,In-store,Bakery,3,55,0.00,165.00,Cash,5
T003481,2026-03-10 19:19,B08,M0078,Bronze,In-store,Bakery,1,100,0.00,100.00,Cash,
T003482,2026-03-10 19:32,B08,M0297,Bronze,In-store,Coffee,4,120,48.00,432.00,Credit Card,5
T003481,2026-03-10 19:59,B08,M0078,bronze,In-store,Bakery,-1,100,-0.00,-100.00,Cash,
T003482,2026-03-10 19:59,B08,M0297,Bronze,In-store,Coffee,-4,120,-48.00,-432.00,Credit Card,
T003483,2026-03-11 07:40,B07,M0050,Silver,Delivery,Coffee,1,75,0.00,75.00,QR PromptPay,2
T003484,2026-03-11 08:27,B03,,,Delivery,Coffee,2,75,0.00,150.00,Cash,
T003485,2026-03-11 08:29,B01,M0045,Gold,In-store,Merchandise,4,270,0.00,1080.00,Cash,
T003486,2026-03-11 08:45,B01,,,App,Coffee,1,90,0.00,90.00,Credit Card,4
T003487,2026-03-11 08:45,B05,M0297,Bronze,In-store,Tea,4,55,0.00,220.00,Credit Card,4
T003488,2026-03-11 08:57,B08,,,In-store,Coffee,1,105,0.00,105.00,QR PromptPay,
T003489,2026-03-11 11:16,B03,M0071,Bronze,In-store,Bakery,1,105,0.00,105.00,Cash,
T003490,11/03/2026 11:48,B06,,,App,Bakery,1,50,0.00,50.00,Credit Card,5
T003491,11/03/2026 12:30,B06,M0058,Gold,Delivery,Coffee,2,90,0.00,180.00,QR PromptPay,
T003492,11/03/2026 13:01,B06,,,App,Bakery,3,110,0.00,330.00,Credit Card,
T003493,2026-03-11 13:12,B07,,,In-store,Coffee,1,75,0.00,75.00,Cash,
T003494,2026-03-11 13:25,B07,,,App,Tea,1,80,0.00,80.00,App Wallet,
T003495,2026-03-11 13:36,B05,M0145,Bronze,In-store,Coffee,3,85,0.00,255.00,Cash,3
T003496,2026-03-11 13:44,B01,,,Delivery,Bakery,3,100,0.00,300.00,QR PromptPay,4
T003497,2026-03-11 14:22,B03,,,Delivery,Coffee,2,55,0.00,110.00,QR PromptPay,3
T003498,2026-03-11 15:16,B01,M0127,Silver,In-store,Bakery,1,75,0.00,75.00,Cash,
T003499,2026-03-11 16:19,B05,M0284,Bronze,In-store,Coffee,1,110,5.50,104.50,Credit Card,
T003500,2026-03-11 16:37,B02,M0142,Silver,In-store,Tea,1,75,0.00,75.00,QR PromptPay,
T003501,2026-03-11 17:52,B03,M0059,Gold,Delivery,Merchandise,1,570,0.00,570.00,Cash,
T003502,2026-03-11 18:48,B03,,,App,Coffee,1,100,0.00,100.00,Credit Card,
T003503,2026-03-11 18:57,B01,M0261,Platinum,In-store,Coffee,1,120,12.00,108.00,Credit Card,
T003504,2026-03-12 07:10,B01,M0216,Platinum,In-store,Bakery,1,110,0.00,70.00,Cash,
T003505,2026-03-12 07:57,B01,,,In-store,Coffee,1,65,0.00,65.00,QR PromptPay,
T003506,2026-03-12 08:19,B02,,,App,Coffee,1,75,0.00,75.00,Credit Card,
T003507,2026-03-12 09:14,B08,,,In-store,Tea,1,55,0.00,55.00,QR PromptPay,
T003508,2026-03-12 09:34,B04,M0294,Bronze,Delivery,Bakery,3,100,0.00,300.00,Credit Card,
T003509,2026-03-12 11:28,B01,M0045,Gold,In store,Merchandise,4,525,0.00,2100.00,Credit Card,5
T003510,12/03/2026 11:45,B06,M0273,Silver,Delivery,Merchandise,2,655,0.00,1310.00,Credit Card,2
T003511,12/03/2026 11:54,B06,,,Delivery,Coffee,1,80,0.00,80.00,Credit Card,
T003512,2026-03-12 12:00,B05,,,In-store,Coffee,3,85,0.00,255.00,QR PromptPay,
T003513,12/03/2026 12:43,B06,,,In-store,Tea,2,85,0.00,170.00,Credit Card,2
T003514,2026-03-12 12:46,B08,M0002,Bronze,In-store,Coffee,1,120,0.00,120.00,QR PromptPay,
T003515,2026-03-12 13:08,B03,,,App,Bakery,1,110,0.00,110.00,Credit Card,
T003516,2026-03-12 13:30,B05,,,In-store,Bakery,1,85,0.00,85.00,Cash,
T003517,12/03/2026 13:30,B06,,,App,Coffee,2,105,0.00,210.00,Credit Card,
T003518,2026-03-12 13:41,B08,M0010,Bronze,In-store,Merchandise,1,270,0.00,270.00,QR PromptPay,
T003519,2026-03-12 15:06,B02,,,In-store,Coffee,3,100,0.00,300.00,Cash,4
T003520,2026-03-12 15:42,B02,,,App,Coffee,1,110,0.00,110.00,App Wallet,
T003521,2026-03-12 16:18,B08,M0201,Bronze,App,Coffee,1,95,0.00,95.00,App Wallet,
T003522,2026-03-12 17:07,B03,M0078,Bronze,App,Tea,2,80,0.00,160.00,Credit Card,4
T003523,2026-03-12 18:53,B01,M0208,Gold,In-store,Coffee,2,120,0.00,240.00,QR PromptPay,4
T003524,2026-03-12 18:58,B02,M0188,Bronze,In-store,Bakery,1,50,5.00,45.00,Cash,
T003525,2026-03-12 19:16,B08,M0275,Gold,In-store,Coffee,2,90,0.00,180.00,Cash,
T003526,2026-03-12 19:34,B03,M0309,Silver,In-store,Bakery,1,75,0.00,75.00,Cash,3
T003527,2026-03-13 07:38,B01,M0127,Silver,Delivery,Coffee,1,80,0.00,80.00,Cash,
T003528,2026-03-13 07:54,B08,M0173,Silver,In-store,Coffee,2,55,0.00,110.00,Cash,5
T003529,13/03/2026 07:54,B06,M0056,Platinum,App,Coffee,1,110,11.00,99.00,Credit Card,
T003530,2026-03-13 08:49,B03,M0214,Silver,In-store,Tea,1,60,0.00,60.00,Credit Card,4
T003531,2026-03-13 09:54,B02,M0269,Gold,In-store,Coffee,4,85,51.00,289.00,Credit Card,3
T003532,13/03/2026 11:26,B06,,,In-store,Merchandise,4,375,0.00,1500.00,Credit Card,4
T003533,2026-03-13 12:02,B05,M0202,Bronze,App,Coffee,1,80,0.00,80.00,App Wallet,4
T003534,2026-03-13 12:30,B04,M0199,Silver,In-store,Coffee,1,55,0.00,55.00,Credit Card,
T003535,2026-03-13 12:38,B07,M0288,Gold,In store,Bakery,2,110,0.00,220.00,QR PromptPay,
T003536,2026-03-13 12:52,B01,M0261,Platinum,Delivery,Coffee,1,80,0.00,80.00,Credit Card,4
T003537,2026-03-13 13:35,B04,,,App,Coffee,2,85,0.00,170.00,Credit Card,
T003538,13/03/2026 14:30,B06,M0058,Gold,App,Coffee,3,60,0.00,180.00,App Wallet,3
T003539,2026-03-13 14:40,B07,M0307,Platinum,App,Coffee,3,55,0.00,165.00,Credit Card,4
T003540,2026-03-13 17:11,B04,M0264,Bronze,In-store,Bakery,1,85,0.00,85.00,QR PromptPay,
T003541,2026-03-13 17:20,B01,M0193,Bronze,App,Bakery,4,105,0.00,420.00,App Wallet,4
T003542,2026-03-13 18:23,B01,M0319,Gold,in-store,Tea,2,65,19.50,110.50,QR PromptPay,
T003543,13/03/2026 18:50,B06,M0230,Silver,In-store,Merchandise,4,555,0.00,2220.00,Credit Card,1
T003544,2026-03-14 07:20,B01,M0061,Silver,App,Coffee,2,80,0.00,160.00,App Wallet,
T003545,2026-03-14 08:32,B08,M0139,Silver,Delivery,Coffee,1,110,0.00,110.00,Credit Card,
T003546,2026-03-14 08:34,B05,,,in-store,Coffee,1,70,0.00,70.00,Credit Card,5
T003547,2026-03-14 08:36,B03,M0003,Bronze,Delivery,Bakery,1,70,7.00,63.00,Cash,3
T003548,2026-03-14 08:45,B04,M0289,Silver,Delivery,Coffee,1,70,0.00,70.00,QR PromptPay,
T003549,2026-03-14 08:46,B07,M0088,Bronze,App,Coffee,1,85,0.00,85.00,App Wallet,3
T003550,2026-03-14 09:22,B05,M0310,Gold,App,Tea,1,80,0.00,80.00,App Wallet,3
T003551,2026-03-14 09:37,B03,M0174,Gold,App,Coffee,2,90,18.00,162.00,App Wallet,
T003552,2026-03-14 12:18,B01,M0114,SILVER,Delivery,Coffee,3,90,0.00,270.00,Credit Card,
T003553,2026-03-14 12:29,B03,M0164,Bronze,App,Coffee,2,80,0.00,160.00,Credit Card,
T003554,2026-03-14 13:04,B03,,,App,Bakery,1,50,0.00,50.00,App Wallet,
T003555,2026-03-14 13:32,B01,M9366,Silver,In-store,Coffee,1,105,0.00,105.00,QR PromptPay,3
T003556,2026-03-14 14:23,B03,M0319,Gold,In-store,Coffee,1,95,14.25,80.75,Credit Card,5
T003557,2026-03-14 15:15,B03,M0197,Gold,In-store,Merchandise,2,265,26.50,503.50,Credit Card,
T003558,2026-03-14 15:57,B03,M0059,Gold,App,Tea,3,70,42.00,168.00,Credit Card,
T003559,2026-03-14 16:02,B04,M0319,Gold,App,Coffee,1,110,0.00,110.00,Credit Card,
T003560,2026-03-14 16:20,B03,,,In-store,Bakery,2,55,0.00,110.00,Cash,4
T003561,2026-03-14 16:33,B04,,,delivery,Bakery,3,50,0.00,150.00,QR PromptPay,
T003562,2026-03-14 16:51,B08,M0010,Bronze,In-store,Merchandise,3,515,0.00,1545.00,QR PromptPay,
T003563,2026-03-14 17:47,B03,M0056,platinum,App,Merchandise,2,660,132.00,1188.00,App Wallet,3
T003564,2026-03-14 18:40,B01,M0045,Gold,APP,Coffee,2,105,0.00,210.00,App Wallet,3
T003565,2026-03-14 19:51,B05,M0240,Platinum,App,Coffee,1,75,7.50,67.50,Credit Card,5
T003566,2026-03-15 07:16,B01,M0027,Silver,Delivery,Bakery,1,90,13.50,76.50,QR PromptPay,4
T003567,15/03/2026 08:26,B06,M0056,Platinum,In-store,Tea,1,90,4.50,85.50,Credit Card,
T003568,2026-03-15 08:49,B07,M0084,Silver,Delivery,Bakery,1,80,0.00,80.00,Cash,
T003569,2026-03-15 09:16,B07,M0040,Bronze,App,Coffee,1,120,24.00,96.00,Credit Card,
T003570,2026-03-15 09:55,B05,M0115,Silver,Delivery,Coffee,2,75,0.00,150.00,Credit Card,
T003569,2026-03-15 10:16,B07,M0040,Bronze,App,Coffee,-1,120,-24.00,-96.00,Credit Card,
T003571,2026-03-15 12:16,B01,M0116,BRONZE,App,Bakery,1,60,0.00,60.00,Credit Card,
T003572,2026-03-15 12:19,B08,,,In-store,Bakery,1,105,0.00,105.00,QR PromptPay,3
T003573,2026-03-15 12:42,B05,M0202,Bronze,In-store,Coffee,4,60,0.00,240.00,QR PromptPay,
T003574,2026-03-15 12:54,B01,M0114,Silver,In-store,Coffee,1,70,0.00,70.00,QR PromptPay,
T003575,2026-03-15 15:12,B02,M0272,Bronze,Delivery,Tea,1,55,5.50,49.50,Credit Card,
T003576,2026-03-15 16:11,B02,,,App,Tea,1,70,0.00,70.00,Credit Card,
T003577,2026-03-15 16:39,B02,M0257,Silver,In-store,Bakery,4,50,0.00,200.00,QR PromptPay,
T003578,2026-03-15 16:58,B04,M0294,Bronze,Delivery,Coffee,3,55,0.00,165.00,Cash,
T003579,2026-03-15 17:42,B03,M0059,Gold,In-store,Tea,2,75,22.50,127.50,Cash,
T003580,2026-03-15 17:48,B04,,,Delivery,Coffee,2,105,0.00,210.00,Cash,
T003581,2026-03-15 18:43,B01,,,In-store,Coffee,2,60,0.00,120.00,QR PromptPay,
T003582,2026-03-15 19:14,B01,M0237,Silver,In-store,Bakery,1,95,0.00,95.00,Credit Card,
T003583,2026-03-16 07:38,B08,M0109,Bronze,In-store,Coffee,3,60,9.00,171.00,QR PromptPay,4
T003584,2026-03-16 08:15,B03,M0074,PLATINUM,App,Tea,1,70,7.00,63.00,Credit Card,
T003585,2026-03-16 09:20,B03,,,In-store,Coffee,1,100,0.00,100.00,QR PromptPay,4
T003586,2026-03-16 09:31,B05,M0145,Bronze,In-store,Bakery,2,50,0.00,100.00,Credit Card,
T003587,2026-03-16 11:35,B01,M0220,Bronze,in-store,Coffee,4,55,0.00,220.00,QR PromptPay,
T003588,2026-03-16 12:00,B1,M0056,Platinum,In-store,Coffee,1,115,0.00,115.00,Cash,
T003589,2026-03-16 12:13,B01,M0048,Silver,App,Coffee,4,115,23.00,437.00,Credit Card,4
T003590,2026-03-16 12:17,B04,M0155,Silver,App,Tea,2,75,0.00,80.00,App Wallet,
T003591,2026-03-16 12:38,B08,,,In-store,Coffee,1,70,0.00,70.00,Credit Card,
T003592,2026-03-16 12:46,B02,M0160,Bronze,App,Bakery,3,60,0.00,180.00,App Wallet,
T003592,2026-03-16 12:46,B02,M0160,Bronze,App,Bakery,3,60,0.00,180.00,App Wallet,
T003593,2026-03-16 13:12,B03,M0245,Platinum,In-store,Tea,1,85,17.00,68.00,Cash,
T003594,2026-03-16 13:19,B08,M0119,Bronze,In-store,Coffee,1,90,0.00,90.00,QR PromptPay,4
T003595,16/03/2026 15:17,B06,M0003,Bronze,App,Coffee,1,120,0.00,120.00,Credit Card,
T003596,2026-03-16 15:36,B01,M0120,Bronze,App,Coffee,2,95,0.00,190.00,Credit Card,
T003597,2026-03-16 15:40,B02,M0292,Silver,In-store,Coffee,2,65,19.50,110.50,QR PromptPay,5
T003598,2026-03-16 15:41,B1,,,In-store,Coffee,2,70,0.00,140.00,Cash,
T003599,2026-03-16 16:17,B08,M0051,Gold,In-store,Coffee,1,75,11.25,63.75,Credit Card,5
T003600,2026-03-16 16:30,B08,M0272,Bronze,App,Coffee,2,90,0.00,180.00,App Wallet,3
T003601,2026-03-16 17:20,B04,M0063,Silver,In-store,Coffee,0,75,0.00,0.00,Credit Card,
T003602,2026-03-17 07:41,B03,M0066,Bronze,In-store,Coffee,1,55,0.00,55.00,Credit Card,
T003603,2026-03-17 08:10,B01,M0127,SILVER,In-store,Bakery,4,45,36.00,144.00,QR PromptPay,
T003604,2026-03-17 08:14,B03,M0061,Silver,Delivery,Bakery,1,85,0.00,85.00,QR PromptPay,
T003605,2026-03-17 08:53,B03,M0242,Silver,App,Coffee,4,75,15.00,285.00,Credit Card,
T003606,2026-03-17 09:21,B07,M0050,Silver,In-store,Coffee,2,60,0.00,120.00,QR PromptPay,
T003607,2026-03-17 10:46,B05,,,In-store,Coffee,2,115,0.00,230.00,Credit Card,
T003608,2026-03-17 13:19,B04,M0096,Gold,In-store,Bakery,1,70,0.00,70.00,Credit Card,2
T003609,2026-03-17 15:28,B04,M0063,Silver,In-store,Coffee,2,90,0.00,180.00,Cash,
T003610,2026-03-17 16:02,B02,M0265,Gold,App,Bakery,1,70,0.00,70.00,Credit Card,
T003611,2026-03-17 16:05,B02,M0140,Bronze,In-store,Coffee,4,95,76.00,304.00,QR PromptPay,
T003612,2026-03-17 16:19,B02,M0222,Silver,In-store,Coffee,1,115,0.00,115.00,QR PromptPay,
T003613,2026-03-17 16:23,B01,M0045,gold,In-store,Coffee,4,95,19.00,361.00,Credit Card,3
T003614,2026-03-17 17:16,B04,M0159,Platinum,App,Tea,1,90,18.00,72.00,App Wallet,
T003615,17/03/2026 18:22,B06,M0304,platinum,App,Coffee,2,65,6.50,123.50,Credit Card,
T003616,2026-03-18 07:04,B03,M0212,Silver,In-store,Bakery,2,105,0.00,210.00,Credit Card,
T003617,2026-03-18 08:24,B05,M0223,Silver,Delivery,Bakery,1,65,0.00,65.00,Cash,
T003618,18/03/2026 08:38,B06,M0304,platinum,In-store,Tea,1,65,0.00,65.00,Credit Card,2
T003619,2026-03-18 08:56,B04,M0294,Bronze,In-store,Bakery,3,45,0.00,135.00,QR PromptPay,5
T003620,2026-03-18 09:22,B04,M0024,Platinum,App,Coffee,2,55,5.50,104.50,App Wallet,
T003621,2026-03-18 09:59,B04,,,App,Tea,1,75,0.00,75.00,App Wallet,
T003622,18/03/2026 11:09,B06,,,App,Bakery,1,50,0.00,50.00,Credit Card,
T003623,2026-03-18 12:30,B04,M0115,Silver,Delivery,Bakery,4,70,56.00,224.00,QR PromptPay,5
T003624,2026-03-18 13:16,B01,M0032,Bronze,In-store,Tea,1,90,0.00,90.00,Cash,3
T003625,2026-03-18 14:45,B08,M0184,Bronze,In-store,Merchandise,1,845,0.00,845.00,QR PromptPay,5
T003626,2026-03-18 15:08,B01,M0142,Silver,In-store,Coffee,1,105,5.25,99.75,QR PromptPay,
T003627,2026-03-18 15:29,B08,M0173,Silver,In-store,Coffee,1,70,10.50,59.50,Cash,
T003628,2026-03-18 16:02,B03,M0082,Bronze,In-store,Coffee,1,65,0.00,65.00,Cash,
T003629,2026-03-18 16:03,B01,M0048,Silver,In-store,Coffee,1,60,0.00,60.00,QR PromptPay,
T003630,18/03/2026 16:23,B06,M0056,Platinum,In-store,Bakery,2,80,0.00,160.00,Cash,
T003631,2026-03-18 16:49,B03,M0074,Platinum,In-store,Coffee,2,55,16.50,93.50,QR PromptPay,5
T003632,2026-03-18 17:42,B07,M0279,Bronze,Delivery,Coffee,1,115,0.00,115.00,QR PromptPay,3
T003633,2026-03-18 17:59,B05,,,In-store,Tea,1,60,0.00,60.00,QR PromptPay,
T003634,2026-03-18 19:30,B02,,,App,Coffee,1,65,0.00,65.00,App Wallet,4
T003635,2026-03-19 08:33,B03,,,App,Tea,1,60,0.00,60.00,Credit Card,
T003636,2026-03-19 08:57,B07,M0307,Platinum,In-store,Coffee,1,100,0.00,100.00,QR PromptPay,
T003637,2026-03-19 10:16,B01,,,In-store,Coffee,1,90,0.00,90.00,QR PromptPay,
T003638,2026-03-19 10:18,B07,,,App,Coffee,4,85,0.00,340.00,App Wallet,
T003639,2026-03-19 10:22,B04,M0028,Silver,In-store,Coffee,1,100,0.00,100.00,Cash,
T003640,2026-03-19 12:05,B02,,,App,Tea,1,65,0.00,65.00,Credit Card,
T003641,2026-03-19 12:25,B05,,,Delivery,Coffee,2,75,0.00,150.00,Cash,
T003642,2026-03-19 12:45,B03,,,In-store,Tea,1,90,0.00,160.00,Credit Card,4
T003643,2026-03-19 13:13,B08,M0310,Gold,Delivery,Tea,1,65,0.00,65.00,Credit Card,
T003644,2026-03-19 13:18,B02,M0048,Silver,In-store,Bakery,1,70,7.00,63.00,Cash,
T003645,2026-03-19 15:13,B01,,,Delivery,Coffee,3,60,0.00,180.00,Cash,
T003646,19/03/2026 16:17,B06,M0058,Gold,In-store,Bakery,2,45,9.00,81.00,Credit Card,
T003647,2026-03-19 16:22,B08,,,App,Tea,1,85,0.00,85.00,Credit Card,
T003648,2026-03-19 17:23,B01,M0181,Bronze,In-store,Bakery,1,85,0.00,85.00,Cash,2
T003649,2026-03-19 17:35,B05,M9366,Gold,in-store,Coffee,2,105,0.00,210.00,QR PromptPay,5
T003650,2026-03-19 18:14,B08,M0051,Gold,In-store,Coffee,1,60,9.00,51.00,Credit Card,
T003651,2026-03-19 18:20,B04,M0263,Bronze,In-store,Bakery,1,80,0.00,80.00,Credit Card,
T003652,2026-03-19 19:40,B02,M0142,Silver,Instore,Tea,2,70,14.00,126.00,QR PromptPay,
T003653,2026-03-19 19:46,B03,M0245,Platinum,App,Bakery,2,105,10.50,199.50,Credit Card,
T003654,2026-03-20 07:22,B02,M0275,Gold,Delivery,Coffee,2,105,0.00,210.00,Credit Card,
T003655,20/03/2026 08:11,B06,M0052,Bronze,In-store,Coffee,1,110,0.00,110.00,QR PromptPay,4
T003656,2026-03-20 08:26,B03,M0037,Silver,In-store,Coffee,1,100,0.00,100.00,Credit Card,
T003657,2026-03-20 09:27,B07,,,In-store,Coffee,2,90,0.00,180.00,QR PromptPay,
T003658,2026-03-20 09:53,B05,M0036,Platinum,App,Coffee,1,110,0.00,120.00,Credit Card,
T003659,2026-03-20 09:58,B01,M0201,Bronze,Delivery,Bakery,1,100,0.00,100.00,Cash,
T003660,2026-03-20 11:05,B05,,,Deliv.,Coffee,1,70,0.00,70.00,QR PromptPay,
T003661,2026-03-20 12:00,B03,M0143,Bronze,In-store,Coffee,1,85,0.00,85.00,Credit Card,
T003662,2026-03-20 12:49,B08,M0149,Bronze,In-store,Coffee,1,65,0.00,65.00,Credit Card,
T003663,2026-03-20 13:11,B02,M0015,Gold,In-store,Bakery,1,60,0.00,60.00,Credit Card,4
T003664,2026-03-20 14:03,B04,M0096,Gld,App,Coffee,1,90,0.00,90.00,Credit Card,
T003665,2026-03-20 14:18,B05,M0149,Bronze,App,Bakery,3,55,0.00,165.00,Credit Card,
T003666,2026-03-20 14:47,B04,M0241,Gold,In-store,Coffee,1,120,6.00,114.00,QR PromptPay,5
T003667,2026-03-20 15:05,B02,M0260,Gold,In-store,Coffee,1,70,14.00,56.00,Cash,
T003668,2026-03-20 15:25,B01,M0127,SILVER,Delivery,Bakery,1,95,14.25,80.75,Cash,4
T003669,2026-03-20 16:19,B01,M0181,Bronze,In-store,Coffee,2,65,0.00,130.00,QR PromptPay,4
T003670,2026-03-20 16:22,B02,M0265,Gold,In-store,Coffee,1,115,0.00,115.00,Cash,
T003671,2026-03-20 16:30,B08,M0184,Bronze,app,Coffee,3,75,0.00,225.00,Credit Card,5
T003672,20/03/2026 17:20,B06,M0052,Bronze,App,Coffee,3,105,0.00,315.00,App Wallet,
T003673,2026-03-20 18:13,B01,M0134,Brz,In-store,Tea,4,65,0.00,260.00,Credit Card,3
T003674,2026-03-21 08:03,B03,M0106,Bronze,In-store,Coffee,4,70,28.00,252.00,Cash,
T003675,2026-03-21 08:33,B07,M0296,Bronze,In-store,Coffee,1,95,0.00,95.00,QR PromptPay,
T003676,2026-03-21 08:43,B08,,,App,Coffee,4,80,0.00,320.00,App Wallet,4
T003677,2026-03-21 09:06,B05,,,APP,Coffee,1,75,0.00,75.00,App Wallet,
T003678,2026-03-21 09:21,B02,M0140,Bronze,App,Merchandise,2,325,0.00,650.00,Credit Card,
T003679,2026-03-21 09:37,B04,,,In-store,Tea,1,80,0.00,80.00,Cash,
T003680,21/03/2026 10:24,B06,,,Delivery,Coffee,1,80,0.00,80.00,Credit Card,
T003681,2026-03-21 11:10,B07,M0284,Brz,In-store,Tea,1,70,3.50,66.50,QR PromptPay,4
T003682,2026-03-21 11:24,B08,M0119,Bronze,App,Bakery,3,60,0.00,180.00,Credit Card,4
T003683,2026-03-21 12:17,B04,M0174,GOLD,In-store,Coffee,1,115,5.75,109.25,Cash,3
T003684,21/03/2026 12:26,B06,M0003,Bronze,Instore,Tea,3,90,0.00,270.00,Cash,5
T003685,2026-03-21 12:39,B03,M0051,Gold,App,Bakery,1,90,0.00,90.00,App Wallet,
T003685,2026-03-21 12:45,B03,M0051,Gold,App,Bakery,-1,90,-0.00,-90.00,App Wallet,
T003686,2026-03-21 12:51,B05,,,In-store,Coffee,4,105,0.00,420.00,QR PromptPay,
T003687,21/03/2026 12:54,B06,M0260,Gold,In-store,Bakery,2,75,30.00,120.00,Credit Card,
T003688,2026-03-21 13:02,B02,M0136,Bronze,In-store,Coffee,2,60,0.00,120.00,Cash,
T003689,2026-03-21 13:15,B07,M0166,Platinum,App,Coffee,1,115,0.00,115.00,Credit Card,5
T003690,2026-03-21 13:29,B04,M0144,Silver,In-store,Coffee,1,95,0.00,95.00,Cash,5
T003691,21/03/2026 13:50,B06,,,In-store,Coffee,4,70,0.00,280.00,Credit Card,
T003692,2026-03-21 13:53,B05,M0240,Platinum,App,Bakery,1,100,0.00,100.00,Credit Card,
T003693,2026-03-21 13:56,B03,M0296,Bronze,In-store,Coffee,2,120,36.00,204.00,Cash,4
T003694,2026-03-21 13:57,B05,,,In-store,Coffee,2,55,0.00,110.00,QR PromptPay,
T003695,2026-03-21 13:58,B02,,,In-store,Merchandise,1,645,0.00,645.00,QR PromptPay,
T003696,2026-03-21 14:26,B07,M0304,Platinum,In-store,Bakery,3,90,54.00,306.00,Credit Card,3
T003697,2026-03-21 15:25,B01,,,Delivery,Coffee,3,90,0.00,270.00,QR PromptPay,
T003698,2026-03-21 15:55,B07,,,Delivery,Bakery,2,105,0.00,210.00,Credit Card,5
T003699,2026-03-21 16:04,B01,,,In-store,Tea,2,70,0.00,140.00,Credit Card,
T003700,2026-03-21 16:22,B05,,,In-store,Tea,1,50,0.00,50.00,QR PromptPay,4
T003701,2026-03-21 16:43,B02,M0150,Bronze,App,Bakery,1,85,0.00,85.00,Credit Card,
T003702,21/03/2026 16:46,B06,M0056,Platinum,In-store,Coffee,2,75,15.00,135.00,Credit Card,
T003703,2026-03-21 17:42,B08,M0180,Bronze,App,Coffee,1,100,0.00,100.00,Credit Card,3
T003704,2026-03-21 18:04,B02,,,App,Tea,1,50,0.00,50.00,Credit Card,3
T003705,2026-03-21 18:35,B07,M0288,Gold,Delivery,Coffee,1,95,0.00,95.00,QR PromptPay,4
T003706,2026-03-21 19:32,B01,,,In-store,Coffee,1,80,0.00,80.00,Credit Card,
T003707,22/03/2026 07:25,B06,M0229,Plat.,App,Coffee,2,80,16.00,144.00,Credit Card,
T003708,2026-03-22 09:15,B02,M0276,Bronze,In-store,Merchandise,1,590,0.00,590.00,QR PromptPay,
T003709,2026-03-22 09:42,B07,M0288,Gold,App,Coffee,2,70,28.00,112.00,App Wallet,4
T003710,22/03/2026 11:02,B06,M0023,Brz,In-store,Bakery,2,55,0.00,110.00,Cash,
T003711,2026-03-22 11:10,B04,,,App,Coffee,2,120,0.00,240.00,App Wallet,
T003712,2026-03-22 11:13,B03,M0044,Bronze,In-store,Tea,1,85,0.00,85.00,Credit Card,3
T003713,2026-03-22 12:49,B03,M0099,Gold,Delivery,Merchandise,3,790,0.00,2370.00,Cash,
T003714,2026-03-22 13:01,B03,M0053,Gold,In-store,Bakery,3,55,0.00,165.00,QR PromptPay,
T003715,2026-03-22 13:28,B08,M0208,Gold,Delivery,Coffee,2,75,15.00,135.00,QR PromptPay,
T003716,2026-03-22 13:38,B01,M0116,Bronze,In-store,Merchandise,2,480,0.00,960.00,Cash,
T003717,2026-03-22 13:41,B01,,,In-store,Bakery,2,110,0.00,220.00,QR PromptPay,
T003718,2026-03-22 13:57,B01,,,App,Coffee,1,105,0.00,105.00,App Wallet,
T003719,22/03/2026 14:15,B06,M0294,Bronze,In-store,Coffee,1,105,0.00,105.00,QR PromptPay,5
T003720,2026-03-22 14:20,B05,M0214,Silver,In-store,Coffee,1,100,0.00,100.00,Credit Card,
T003721,2026-03-22 15:02,B03,M0074,Platinum,Delivery,Coffee,1,90,0.00,90.00,Cash,3
T003722,2026-03-22 15:31,B04,M0063,Silver,Delivery,Tea,1,65,9.75,55.25,QR PromptPay,3
T003723,2026-03-22 15:48,B07,M0130,Platinum,In-store,Merchandise,1,585,117.00,468.00,QR PromptPay,
T003724,2026-03-22 15:48,B08,,,In-store,Tea,2,95,0.00,190.00,QR PromptPay,
T003725,2026-03-22 16:09,B05,M0055,Silver,In-store,Coffee,1,85,0.00,85.00,Credit Card,2
T003726,2026-03-22 16:36,B05,M0295,Silver,App,Tea,4,70,0.00,280.00,Credit Card,
T003727,2026-03-22 16:38,B02,,,Delivery ,Tea,2,65,0.00,130.00,Cash,4
T003728,2026-03-22 16:54,B04,,,Delivery,Coffee,3,75,0.00,225.00,Cash,5
T003729,2026-03-22 17:05,B05,M0092,Bronze,In-store,Bakery,3,60,0.00,180.00,Cash,3
T003730,2026-03-22 17:16,B05,M0045,Gold,In-store,Coffee,1,100,20.00,80.00,Cash,
T003731,22/03/2026 18:09,B06,M0219,Bronze,In-store,Tea,1,95,0.00,95.00,Cash,
T003732,2026-03-22 18:55,B01,M0147,Silver,In-store,Coffee,1,80,0.00,80.00,QR PromptPay,
T003733,22/03/2026 19:24,B06,,,Delivery,Coffee,2,120,0.00,240.00,Credit Card,
T003734,2026-03-22 19:50,B04,M0063,Silver,In-store,Coffee,2,95,0.00,190.00,Cash,3
T003735,2026-03-22 19:59,B07,M9351,Bronze,In-store,Tea,1,85,0.00,85.00,Credit Card,5
T003736,2026-03-23 07:54,B05,,,App,Coffee,2,120,0.00,240.00,App Wallet,5
T003737,2026-03-23 08:44,B05,M0092,Bronze,Delivery,Coffee,1,60,0.00,60.00,Credit Card,
T003738,2026-03-23 09:37,B03,M0078,Silver,App,Coffee,2,90,0.00,180.00,Credit Card,
T003739,2026-03-23 13:02,B01,,,App,Coffee,4,90,0.00,360.00,App Wallet,
T003740,2026-03-23 13:33,B05,M0223,Silver,In-store,Coffee,1,95,0.00,95.00,Cash,
T003741,2026-03-23 13:49,B05,,,Delivery,Coffee,1,110,0.00,110.00,Cash,
T003742,2026-03-23 16:03,B08,,,In-store,Coffee,3,55,0.00,165.00,Credit Card,
T003743,2026-03-23 16:07,B02,M0197,Gold,App,Tea,1,75,3.75,71.25,App Wallet,
T003744,23/03/2026 16:07,B06,M0116,Bronze,Delivery,Coffee,1,90,0.00,90.00,QR PromptPay,1
T003745,2026-03-23 16:09,B07,,,In-store,Bakery,3,90,0.00,270.00,Credit Card,3
T003745,2026-03-23 16:09,B07,,,In-store,Bakery,3,90,0.00,270.00,Credit Card,3
T003746,2026-03-23 16:19,B01,M0319,Gold,In-store,Coffee,2,90,0.00,180.00,Cash,
T003747,2026-03-23 18:24,B07,,,In-store,Coffee,1,60,0.00,60.00,QR PromptPay,5
T003748,2026-03-23 19:14,B04,M0079,Silver,In-store,Bakery,4,110,0.00,440.00,Credit Card,
T003749,2026-03-24 08:04,B07,M0193,Bronze,App,Coffee,4,85,51.00,289.00,App Wallet,
T003750,2026-03-24 08:16,B03,M0104,Silver,In-store,Coffee,4,75,60.00,240.00,QR PromptPay,3
T003751,2026-03-24 08:30,B07,,,In-store,Coffee,1,75,0.00,75.00,Credit Card,
T003752,24/03/2026 08:34,B06,M0101,Bronze,In-store,Bakery,2,75,0.00,150.00,Cash,
T003753,24/03/2026 09:19,B06,M0056,Platinum,Delivery,Coffee,3,55,33.00,132.00,QR PromptPay,5
T003754,2026-03-24 11:07,B08,M0184,Bronze,Delivery,Coffee,1,100,0.00,100.00,Cash,
T003755,24/03/2026 11:35,B06,M0229,Platinum,In-store,Coffee,1,80,0.00,80.00,Credit Card,4
T003756,2026-03-24 12:18,B03,M0171,Gold,In-store,Bakery,1,70,0.00,70.00,Cash,4
T003757,2026-03-24 13:10,B05,M0240,Platinum,In-store,Coffee,2,75,30.00,120.00,QR PromptPay,
T003758,2026-03-24 13:27,B05,M0092,Bronze,In-store,Coffee,2,105,0.00,210.00,QR PromptPay,
T003759,2026-03-24 13:44,B02,M0325,Platinum,App,Coffee,1,115,0.00,115.00,Credit Card,2
T003760,2026-03-24 14:54,B04,,,In-store,Coffee,1,90,0.00,90.00,Cash,
T003761,2026-03-24 16:17,B04,,,In-store,Tea,1,70,0.00,70.00,Credit Card,
T003762,2026-03-24 16:20,B05,,,In-store,Merchandise,1,625,0.00,625.00,QR PromptPay,
T003763,2026-03-24 17:06,B08,,,In-store,Tea,3,80,0.00,240.00,QR PromptPay,
T003764,2026-03-24 17:16,B03,,,App,Coffee,2,55,0.00,110.00,Credit Card,
T003765,2026-03-24 17:23,B01,M0061,Silver,In-store,Bakery,1,100,0.00,100.00,Credit Card,
T003766,2026-03-24 17:38,B08,M0012,Platinum,In-store,Merchandise,1,560,56.00,504.00,Credit Card,
T003767,2026-03-24 18:17,B04,M0258,Bronze,App,Coffee,1,65,0.00,65.00,Credit Card,5
T003768,2026-03-24 18:22,B05,M0092,Bronze,App,Bakery,1,60,0.00,60.00,App Wallet,3
T003769,2026-03-24 18:33,B07,M0325,Platinum,In store,Bakery,1,90,0.00,90.00,Cash,
T003770,2026-03-24 18:55,B01,M0083,Bronze,in-store,Tea,4,95,0.00,380.00,Credit Card,
T003771,2026-03-24 19:15,B08,M0051,GOLD,App,Coffee,4,80,48.00,272.00,Credit Card,5
T003772,2026-03-25 07:26,B03,M0053,Gold,App,Coffee,4,55,0.00,220.00,Credit Card,
T003773,2026-03-25 07:31,B07,,,In-store,Coffee,1,85,0.00,85.00,QR PromptPay,
T003774,2026-03-25 08:16,B03,M0254,Bronze,In-store,Bakery,1,65,0.00,65.00,Credit Card,5
T003775,2026-03-25 08:41,B03,M0059,Gold,In-store,Coffee,1,55,2.75,52.25,Cash,
T003776,2026-03-25 08:47,B05,,,App,Coffee,2,85,0.00,170.00,Credit Card,
T003777,2026-03-25 09:08,B07,M0170,Gold,In-store,Coffee,2,90,36.00,144.00,Credit Card,
T003778,2026-03-25 09:38,B02,M0142,Silver,In-store,Coffee,3,85,51.00,114.00,Credit Card,
T003779,2026-03-25 10:12,B04,,,App,Bakery,1,75,0.00,75.00,App Wallet,
T003780,2026-03-25 12:03,B05,,,In-store,Coffee,1,60,0.00,60.00,Credit Card,
T003781,2026-03-25 12:10,B01,,,In-store,Coffee,1,90,0.00,90.00,QR PromptPay,
T003782,2026-03-25 12:34,B02,M0174,Gold,App,Coffee,2,80,0.00,160.00,Credit Card,
T003783,25/03/2026 12:45,B06,,,In-store,Merchandise,2,315,0.00,630.00,QR PromptPay,
T003784,2026-03-25 13:09,B03,M0023,Bronze,App,Coffee,3,75,0.00,225.00,Credit Card,
T003785,2026-03-25 13:17,B04,M0144,Silver,App,Coffee,1,60,9.00,51.00,App Wallet,
T003786,2026-03-25 14:49,B02,M0228,Gold,In-store,Tea,1,75,0.00,75.00,Cash,3
T003787,2026-03-25 15:30,B07,M0244,Bronze,In-store,Coffee,1,90,0.00,90.00,QR PromptPay,
T003788,2026-03-25 15:46,B07,M9672,Bronze,App,Coffee,1,80,0.00,80.00,App Wallet,
T003789,2026-03-25 16:54,B01,,,In-store,Merchandise,2,335,0.00,670.00,Cash,
T003790,2026-03-25 17:18,B05,M0248,Gold,In-store,Tea,1,55,0.00,55.00,Credit Card,
T003791,2026-03-25 17:18,B01,M0147,Silver,In-store,Coffee,1,60,0.00,60.00,QR PromptPay,4
T003792,2026-03-25 17:33,B08,M0087,Bronze,In-store,Coffee,1,60,0.00,60.00,Cash,4
T003793,2026-03-25 17:35,B05,M0002,Bronze,In-store,Tea,2,80,0.00,160.00,QR PromptPay,
T003794,2026-03-25 18:11,B05,M0267,Silver,In-store,Bakery,1,95,0.00,95.00,Cash,
T003795,2026-03-25 18:23,B07,,,In-store,Tea,1,95,0.00,95.00,QR PromptPay,3
T003796,2026-03-25 18:40,B02,M0015,Gold,In-store,Bakery,2,70,0.00,140.00,Cash,
T003797,2026-03-25 18:42,B03,M0053,Gold,APP,Coffee,2,75,0.00,150.00,Credit Card,4
T003798,2026-03-25 18:59,B08,M0051,Gold,Delivery,Coffee,1,65,0.00,65.00,Cash,
T003799,2026-03-25 19:21,B01,,,In-store,Merchandise,1,565,0.00,565.00,QR PromptPay,4
T003800,2026-03-25 19:49,B03,,,In-store,Coffee,2,80,0.00,160.00,QR PromptPay,
T003801,2026-03-26 07:21,B02,M0015,Gold,App,Coffee,1,90,0.00,90.00,Credit Card,
T003802,2026-03-26 07:30,B02,M0202,Bronze,App,Tea,4,65,0.00,260.00,Credit Card,
T003803,2026-03-26 07:31,B02,M0007,Silver,In-store,Tea,2,75,0.00,150.00,QR PromptPay,
T003804,2026-03-26 08:09,B08,M0002,Bronze,In-store,Coffee,2,85,0.00,170.00,Credit Card,5
T003805,2026-03-26 08:49,B05,M0194,Silver,In-store,Bakery,1,110,0.00,140.00,Cash,
T003806,26/03/2026 12:04,B06,,,Delivery,Bakery,3,105,0.00,315.00,Credit Card,
T003807,2026-03-26 12:46,B08,,,App,Coffee,1,75,0.00,75.00,App Wallet,
T003808,2026-03-26 12:49,B02,,,In-store,Coffee,3,75,0.00,225.00,Credit Card,
T003809,2026-03-26 13:13,B05,,,App,Coffee,1,65,0.00,65.00,App Wallet,
T003810,26/03/2026 13:56,B06,M0294,Bronze,In-store,Tea,1,50,0.00,50.00,QR PromptPay,1
T003811,2026-03-26 14:28,B03,,,In-store,Coffee,1,55,0.00,55.00,QR PromptPay,
T003812,2026-03-26 14:47,B04,M0057,Bronze,In-store,Tea,2,80,0.00,160.00,Cash,
T003813,2026-03-26 16:25,B01,M0181,Bronze,Mobile App,Coffee,2,85,8.50,161.50,Credit Card,3
T003814,2026-03-26 16:38,B08,M0073,Gold,In-store,Tea,2,80,0.00,160.00,Cash,
T003815,26/03/2026 16:44,B06,,,in-store,Coffee,4,115,0.00,460.00,Credit Card,4
T003816,26/03/2026 16:47,B06,,,In-store,Bakery,1,45,0.00,45.00,QR PromptPay,5
T003817,2026-03-26 16:50,B08,M0142,Silver,App,Tea,3,70,21.00,189.00,App Wallet,
T003818,2026-03-26 16:54,B07,,,In-store,Bakery,1,45,0.00,45.00,QR PromptPay,
T003819,2026-03-26 17:14,B03,M0245,Platinum,In-store,Coffee,4,85,0.00,340.00,Credit Card,4
T003820,2026-03-26 17:29,B02,,,In-store,Coffee,4,115,0.00,460.00,Credit Card,3
T003821,2026-03-26 18:49,B05,,,In-store,Coffee,1,85,0.00,85.00,QR PromptPay,3
T003822,26/03/2026 19:32,B06,M0056,Platinum,In-store,Coffee,3,75,33.75,191.25,Credit Card,
T003823,2026-03-26 19:38,B05,M0003,Bronze,App,Coffee,1,75,0.00,75.00,Credit Card,
T003823,2026-03-26 19:38,B05,M0003,Bronze,App,Coffee,1,75,0.00,75.00,Credit Card,
T003824,2026-03-26 19:54,B04,M0115,Silver,In-store,Coffee,2,75,0.00,150.00,Cash,
T003825,2026-03-27 07:02,B03,M0008,Platinum,In-store,Coffee,1,75,0.00,75.00,Cash,
T003826,27/03/2026 07:58,B06,M0106,Bronze,In-store,Merchandise,1,645,0.00,645.00,QR PromptPay,2
T003827,2026-03-27 08:19,B03,,,App,Coffee,4,100,0.00,400.00,App Wallet,
T003828,2026-03-27 09:51,B05,M0174,Gold,In-store,Tea,2,95,28.50,161.50,QR PromptPay,
T003829,2026-03-27 10:21,B05,,,In-store,Tea,1,55,0.00,55.00,QR PromptPay,
T003830,2026-03-27 10:39,B08,M0292,Silver,App,Coffee,1,120,0.00,120.00,App Wallet,
T003831,2026-03-27 12:33,B08,M0010,Bronze,In-store,Coffee,1,80,4.00,76.00,QR PromptPay,
T003832,27/03/2026 12:45,B06,M0092,Bronze,In-store,Coffee,1,115,0.00,115.00,Credit Card,1
T003832,27/03/2026 12:45,B06,M0092,Bronze,In-store,Coffee,1,115,0.00,115.00,Credit Card,1
T003833,2026-03-27 12:52,B03,M0037,Silver,In-store,Bakery,4,75,0.00,300.00,Cash,
T003834,27/03/2026 13:16,B06,,,In-store,Bakery,1,60,0.00,60.00,Cash,
T003835,2026-03-27 13:37,B07,,,In-store,Coffee,2,105,0.00,210.00,Cash,4
T003836,27/03/2026 14:02,B06,M0260,Gold,In-store,Merchandise,1,420,0.00,420.00,Credit Card,
T003837,2026-03-27 14:52,B04,M0144,Silver,In-store,Tea,1,90,4.50,85.50,Credit Card,
T003838,2026-03-27 15:47,B01,M0115,Silver,App,Coffee,3,70,0.00,210.00,Credit Card,2
T003839,27/03/2026 16:02,B06,M0003,Bronze,Instore,Tea,2,90,0.00,180.00,Credit Card,1
T003840,2026-03-27 17:22,B04,M0099,Gold,App,Bakery,1,90,0.00,90.00,Credit Card,
T003841,2026-03-27 17:37,B08,M0171,Gold,App,Coffee,1,110,5.50,104.50,Credit Card,5
T003841,2026-03-27 17:37,B08,M0171,Gold,App,Coffee,1,110,5.50,104.50,Credit Card,5
T003842,2026-03-27 17:39,B02,M0265,Gold,In-store,Bakery,1,90,0.00,90.00,Cash,
T003843,2026-03-27 18:14,B01,M0177,Bronze,Delivery,Coffee,2,115,0.00,230.00,Cash,
T003844,2026-03-27 18:29,B05,M0119,Bronze,In-store,Merchandise,1,515,0.00,515.00,QR PromptPay,
T003845,2026-03-27 18:36,B08,,,Delivery,Bakery,3,80,0.00,240.00,QR PromptPay,
T003842,2026-03-27 19:08,B02,M0265,Gold,In-store,Bakery,-1,90,-0.00,-90.00,Cash,
T003846,27/03/2026 19:52,B06,,,In-store,Coffee,1,60,0.00,60.00,QR PromptPay,
T003847,28/03/2026 08:10,B06,,,App,Tea,1,85,0.00,85.00,Credit Card,1
T003848,2026-03-28 08:10,B02,M0054,Bronze,In-store,Coffee,4,55,0.00,220.00,Credit Card,5
T003849,2026-03-28 08:23,B04,,,In-store,Coffee,2,65,0.00,130.00,Cash,3
T003850,2026-03-28 08:43,B01,M0208,Gold,In-store,Merchandise,1,875,87.50,787.50,Cash,
T003851,2026-03-28 08:54,B05,M0295,Silver,In-store,Bakery,1,90,0.00,90.00,Credit Card,
T003852,2026-03-28 08:57,B01,M0251,Bronze,Delivery,Coffee,1,60,0.00,60.00,QR PromptPay,5
T003853,2026-03-28 09:10,B07,M0254,Bronze,In-store,Bakery,3,90,0.00,270.00,Credit Card,
T003854,2026-03-28 09:21,B01,M0061,Silver,In-store,Bakery,1,75,0.00,75.00,Cash,
T003855,2026-03-28 09:23,B02,M0272,Bronze,In-store,Tea,4,75,0.00,300.00,QR PromptPay,4
T003856,2026-03-28 10:29,B07,M0244,Bronze,In-store,Bakery,2,60,0.00,120.00,Cash,
T003857,2026-03-28 11:06,B02,,,In-store,Coffee,1,85,0.00,85.00,QR PromptPay,
T003858,2026-03-28 11:37,B01,,,In-store,Tea,3,80,0.00,240.00,Cash,3
T003859,2026-03-28 11:51, B04,,,In-store,Bakery,1,105,0.00,105.00,Cash,
T003860,2026-03-28 12:29,B02,M0082,Bronze,In-store,Bakery,3,80,0.00,240.00,Cash,
T003861,2026-03-28 12:39,B05,M0202,Bronze,In-store,Coffee,2,70,0.00,140.00,Cash,
T003862,2026-03-28 12:41,B01,M0045,Gold,In-store,Bakery,1,95,4.75,170.25,Cash,
T003863,2026-03-28 12:59,B03,,,In-store,Coffee,1,120,0.00,120.00,QR PromptPay,4
T003864,2026-03-28 13:37,B03,M0078,Silver,Delivery,Coffee,3,55,33.00,132.00,QR PromptPay,4
T003865,2026-03-28 14:40,B05,,,In-store,Merchandise,1,700,0.00,700.00,Cash,
T003866,2026-03-28 15:22,B05,M0076,Bronze,app,Coffee,1,90,0.00,90.00,App Wallet,5
T003867,2026-03-28 15:23,B05,M0310,gold,In-store,Tea,1,80,4.00,76.00,Credit Card,
T003868,28/03/2026 15:27,B06,,,In-store,Coffee,1,90,0.00,90.00,QR PromptPay,
T003869,2026-03-28 16:12,B02,M0308,Gold,In-store,Coffee,3,100,0.00,300.00,Cash,
T003870,2026-03-28 16:55,B07,M0325,Platinum,In-store,Bakery,1,75,3.75,71.25,Credit Card,
T003871,2026-03-28 17:42,B07,,,Delivery,Merchandise,1,725,0.00,725.00,Credit Card,5
T003872,2026-03-28 18:47,B03,,,In-store,Coffee,3,90,0.00,270.00,QR PromptPay,4
T003873,28/03/2026 18:55,B06,,,In-store,Coffee,2,80,0.00,160.00,QR PromptPay,4
T003874,2026-03-28 19:07,B03,M0078,Silver,In-store,Coffee,1,105,0.00,105.00,Cash,
T003875,28/03/2026 19:22,B06,,,In-store,Coffee,1,120,0.00,120.00,Credit Card,
T003876,2026-03-29 08:04,B02,M0007,Silver,Mobile App,Coffee,1,75,0.00,75.00,Credit Card,5
T003877,2026-03-29 08:56,B04,M0155,Silver,In-store,Coffee,2,115,34.50,195.50,Cash,4
T003878,2026-03-29 09:15,B07,M0170,Gold,App,Merchandise,2,495,0.00,990.00,App Wallet,
T003879,2026-03-29 10:14,B03,M0044,Bronze,In-store,Coffee,1,85,0.00,85.00,Cash,
T003880,2026-03-29 10:33,B04,M0143,Bronze,In-store,Coffee,1,95,19.00,76.00,Cash,3
T003881,2026-03-29 10:34,b08,,,In-store,Tea,1,55,0.00,55.00,QR PromptPay,2
T003882,2026-03-29 10:49,B02,M0015,Gold,Delivery,Bakery,1,90,9.00,81.00,Cash,
T003883,2026-03-29 11:22,B01,M0208,Gold,App,Coffee,2,120,0.00,240.00,Credit Card,
T003884,2026-03-29 11:45,B07,,,App,Coffee,1,65,0.00,65.00,App Wallet,
T003885,29/03/2026 12:24,B06,M0229,Platinum,In-store,Coffee,4,80,0.00,320.00,QR PromptPay,4
T003886,2026-03-29 12:33,B05,,,Delivery,Bakery,2,90,0.00,180.00,Cash,
T003887,2026-03-29 12:37,B02,M0262,Silver,In-store,Merchandise,1,615,0.00,615.00,QR PromptPay,
T003887,2026-03-29 12:37,B02,M0262,Silver,In-store,Merchandise,1,615,0.00,615.00,QR PromptPay,
T003888,2026-03-29 12:38,B07,,,In-store,Coffee,1,65,0.00,65.00,Credit Card,3
T003885,29/03/2026 13:04,B06,M0229,Platinum,In-store,Coffee,-4,80,-0.00,-320.00,QR PromptPay,
T003889,2026-03-29 13:08,B05,,,In-store,Merchandise,1,420,0.00,420.00,Cash,
T003890,2026-03-29 13:11,B03,M0010,Bronze,App,Tea,3,80,0.00,240.00,App Wallet,
T003891,2026-03-29 13:12,B05,M0171,Gold,Delivery,Merchandise,3,270,40.50,769.50,Credit Card,
T003892,2026-03-29 13:17,B08,M0119,Bronze,In-store,Coffee,2,115,0.00,230.00,Cash,
T003893,2026-03-29 13:46,B01,M0045,Gold,Delivery,Tea,2,85,0.00,170.00,QR PromptPay,5
T003894,2026-03-29 15:06,B02,M9349,Bronze,In-store,Coffee,4,110,0.00,440.00,Cash,3
T003895,2026-03-29 15:53,B07,,,In-store,Merchandise,1,465,0.00,465.00,Cash,
T003896,2026-03-29 16:24,B03,M0197,Gold,App,Coffee,1,95,0.00,95.00,App Wallet,
T003897,2026-03-29 16:31,B07,,,In-store,Coffee,2,75,0.00,150.00,Credit Card,
T003898,2026-03-29 17:06,B03,M0078,Silver,Instore,Tea,3,85,38.25,216.75,Credit Card,
T003899,30/03/2026 07:06,B06,M0056,platinum,Delivery,Coffee,3,100,0.00,300.00,Credit Card,4
T003900,2026-03-30 07:13, B07,,,In-store,Bakery,3,80,0.00,240.00,QR PromptPay,4
T003901,2026-03-30 08:06,B07,M0013,Bronze,Instore,Coffee,2,105,0.00,210.00,QR PromptPay,
T003902,2026-03-30 08:25,B05,M0297,Bronze,In-store,Tea,2,55,0.00,110.00,QR PromptPay,
T003903,30/03/2026 08:53,B06,M0056,Platinum,Delivery,Coffee,1,75,0.00,75.00,QR PromptPay,
T003904,2026-03-30 09:06,B02,M0104,Silver,In-store,Coffee,1,70,0.00,70.00,QR PromptPay,
T003905,2026-03-30 11:54,B01,M9672,Silver,In-store,Coffee,1,105,15.75,89.25,Credit Card,3
T003906,2026-03-30 12:46,B01,M0300,Bronze,In-store,Coffee,4,115,0.00,460.00,Cash,3
T003907,2026-03-30 13:30,B03,M0134,Brz,in-store,Coffee,2,60,0.00,120.00,Cash,
T003908,2026-03-30 14:00,B04,,,Deliv.,Tea,2,80,0.00,160.00,Credit Card,
T003909,2026-03-30 14:01,B07,,,In-store,Bakery,2,80,0.00,160.00,Credit Card,
T003910,30/03/2026 14:06,B06,,,In-store,Tea,1,50,0.00,50.00,Credit Card,
T003911,2026-03-30 14:26,B02,M0222,Silver,Delivery,Coffee,2,110,0.00,220.00,QR PromptPay,
T003912,2026-03-30 15:20,B04,M0184,Bronze,In-store,Coffee,4,115,23.00,437.00,QR PromptPay,
T003913,2026-03-30 15:42,B02,M0228,Gold,In-store,Merchandise,2,280,84.00,476.00,Credit Card,
T003914,2026-03-30 16:58,B02,M0069,Platinum,In-store,Coffee,4,90,0.00,360.00,Credit Card,
T003915,30/03/2026 17:41,B06,M0304,Platinum,App,Coffee,2,80,24.00,136.00,App Wallet,1
T003916,2026-03-30 17:45,B03,M0106,Bronze,In-store,Tea,2,50,0.00,100.00,QR PromptPay,
T003916,2026-03-30 17:55,B03,M0106,Bronze,In-store,Tea,-2,50,-0.00,-100.00,QR PromptPay,
T003917,2026-03-30 18:00,B08,M0304,Platinum,In-store,Coffee,2,70,14.00,126.00,Credit Card,
T003918,2026-03-30 18:40,b08,,,app,Coffee,1,80,0.00,80.00,App Wallet,
T003919,30/03/2026 19:15,B06,M0048,Silver,In-store,Bakery,1,75,3.75,71.25,QR PromptPay,3
T003920,30/03/2026 19:24,B06,M0278,Bronze,In-store,Coffee,2,70,28.00,112.00,QR PromptPay,
T003921,2026-03-31 07:18,B08,M0087,Bronze,Delivery,Coffee,1,80,0.00,80.00,Credit Card,
T003922,2026-03-31 08:00,B02,M0292,Silver,In-store,Tea,4,70,0.00,280.00,Cash,5
T003923,2026-03-31 08:00,B04,M0082,Bronze,App,Coffee,4,70,0.00,280.00,App Wallet,
T003924,2026-03-31 08:09,B01,M0048,Silver,In-store,Coffee,1,100,0.00,100.00,Cash,
T003925,2026-03-31 08:13,B05,M0297,Bronze,In-store,Coffee,1,70,7.00,63.00,QR PromptPay,
T003923,2026-03-31 08:41,B04,M0082,Bronze,App,Coffee,-4,70,-0.00,-280.00,App Wallet,
T003926,2026-03-31 11:41,B02,M0319,Gold,In-store,Coffee,1,100,20.00,80.00,QR PromptPay,4
T003927,31/03/2026 11:42,B06,M0213,Slvr,In-store,Coffee,4,55,0.00,220.00,QR PromptPay,
T003928,31/03/2026 12:15,B06,M0219,Bronze,In-store,Coffee,4,95,0.00,380.00,Cash,
T003929,31/03/2026 13:29,B06,M0056,Platinum,In-store,Merchandise,1,850,127.50,722.50,Credit Card,
T003930,2026-03-31 16:23,B03,,,App,Coffee,4,80,0.00,320.00,Credit Card,
T003931,2026-03-31 16:24,B01,M0114,Silver,In-store,Merchandise,1,400,0.00,400.00,Credit Card,5
T003932,2026-03-31 16:36,B05,,,In-store,Merchandise,3,585,0.00,1755.00,Credit Card,
T003933,2026-03-31 16:45,B07,M0325,Platinum,In-store,Coffee,1,85,0.00,85.00,QR PromptPay,
T003934,2026-03-31 17:39,B2,M0142,Silver,In-store,Bakery,1,110,0.00,110.00,Cash,
T003935,31/03/2026 18:04,B06,M0226,Bronze,App,Tea,4,95,0.00,380.00,Credit Card,
T003936,2026-03-31 18:15,B07,M0193,Bronze,In-store,Merchandise,1,395,0.00,395.00,Cash,3
T003937,2026-03-31 19:59,B04,M0174,Gold,App,Coffee,2,60,0.00,120.00,App Wallet,
T003937,2026-03-31 19:59,B04,M0174,Gold,App,Coffee,2,60,0.00,120.00,App Wallet,
T003938,2026-04-01 07:25,B03,M0132,Bronze,In-store,Bakery,1,85,0.00,85.00,Credit Card,
T003939,2026-04-01 08:12,B02,,,In-store,Bakery,1,90,0.00,90.00,QR PromptPay,3
T003940,2026-04-01 08:34,B01,M0276,Bronze,In-store,Coffee,2,110,0.00,220.00,Cash,
T003941,2026-04-01 08:54,B01,M0048,Silver,In-store,Bakery,2,70,0.00,140.00,Credit Card,4
T003942,2026-04-01 09:17,B04,M0143,bronze,App,Coffee,1,85,12.75,72.25,Credit Card,
T003943,01/04/2026 09:38,B06,,,In-store,Bakery,1,70,0.00,70.00,QR PromptPay,5
T003944,2026-04-01 10:08,B05,,,In-store,Coffee,2,120,0.00,240.00,QR PromptPay,5
T003945,2026-04-01 10:09,B04,,,In-store,Coffee,4,80,0.00,320.00,Cash,4
T003946,01/04/2026 10:26,B06,M0076,Bronze,In-store,Coffee,1,85,0.00,85.00,QR PromptPay,
T003947,2026-04-01 10:54,B03,M0103,Silver,Mobile App,Bakery,1,70,0.00,70.00,Credit Card,
T003946,01/04/2026 11:19,B06,M0076,Bronze,In-store,Coffee,-1,85,-0.00,-85.00,QR PromptPay,
T003948,2026-04-01 12:05,B03,M0044,Bronze,Delivery,Tea,2,65,26.00,104.00,Cash,3
T003949,2026-04-01 12:31,B03,M0197,Gold,In-store,Coffee,4,115,46.00,414.00,QR PromptPay,
T003950,2026-04-01 13:27,B01,M0216,Platinum,In-store,Merchandise,1,750,150.00,600.00,Credit Card,
T003951,2026-04-01 13:52,B05,M0002,Bronze,In-store,Coffee,1,70,0.00,70.00,Credit Card,
T003952,01/04/2026 14:44,B06,,,In-store,Coffee,2,70,0.00,140.00,QR PromptPay,
T003953,2026-04-01 15:17,B04,,,App,Bakery,1,65,0.00,65.00,Credit Card,4
T003954,01/04/2026 15:25,B06,M0285,Bronze,In-store,Coffee,1,85,8.50,76.50,Credit Card,
T003955,2026-04-01 15:34,B08,M0149,Bronze,Delivery,Bakery,2,70,0.00,140.00,QR PromptPay,2
T003956,2026-04-01 15:38,B03,,,app,Tea,1,80,0.00,80.00,App Wallet,
T003957,2026-04-01 16:33,B08,M0051,gold,In-store,Coffee,3,95,28.50,256.50,Cash,
T003958,2026-04-01 16:38,B07,,,Delivery,Coffee,3,120,0.00,360.00,Credit Card,
T003959,2026-04-01 16:57,B08,M0010,Bronze,App,Coffee,1,80,0.00,80.00,Credit Card,4
T003960,2026-04-01 17:59,B03,M0307,Platinum,Delivery,Coffee,4,80,0.00,320.00,Credit Card,
T003961,2026-04-01 18:05,B03,M0164,Bronze,In-store,Tea,1,75,3.75,71.25,Cash,
T003962,2026-04-01 19:04,B05,M0076,Bronze,App,Coffee,1,65,0.00,65.00,App Wallet,
T003963,2026-04-01 19:46,B1,M0208,Gold,In-store,Merchandise,1,270,27.00,243.00,Cash,
T003964,2026-04-01 19:51,B03,M0164,Bronze,delivery,Coffee,1,90,0.00,90.00,Credit Card,
T003965,2026-04-02 07:04,B08,M0027,Silver,In-store,Merchandise,1,265,0.00,265.00,QR PromptPay,
T003966,2026-04-02 08:33,B01,M0310,Gold,In-store,Bakery,1,45,0.00,45.00,Credit Card,
T003967,2026-04-02 08:35,B05,,,In-store,Coffee,2,90,0.00,180.00,QR PromptPay,5
T003968,2026-04-02 08:38,B02,M0138,Silver,App,Tea,4,80,0.00,320.00,Credit Card,
T003969,2026-04-02 09:48,B03,,,In-store,Coffee,3,60,0.00,180.00,Credit Card,5
T003970,2026-04-02 10:35,B07,M0294,Bronze,In-store,Coffee,1,75,0.00,75.00,Credit Card,4
T003971,2026-04-02 10:48,B03,,,App,Coffee,2,115,0.00,230.00,App Wallet,
T003972,2026-04-02 11:51,B05,,,Delivery ,Coffee,2,95,0.00,190.00,QR PromptPay,
T003973,2026-04-02 11:53,B05,M0031,Bronze,In-store,Bakery,2,100,20.00,180.00,Cash,
T003974,2026-04-02 11:54,B04,M0036,Platinum,In-store,Bakery,1,60,6.00,54.00,Cash,
T003975,2026-04-02 12:09,B07,M0027,Silver,In-store,Bakery,4,80,0.00,320.00,Credit Card,3
T003976,2026-04-02 12:20,B08,M0118,Gold,In-store,Coffee,1,60,0.00,60.00,Credit Card,
T003977,2026-04-02 12:34,B07,M0196,Bronze,In-store,Coffee,1,65,0.00,65.00,QR PromptPay,
T003978,02/04/2026 13:29,B06,,,In-store,Tea,3,65,0.00,195.00,QR PromptPay,5
T003979,2026-04-02 13:32,B08,,,App,Bakery,2,105,0.00,210.00,App Wallet,
T003980,2026-04-02 14:00,B03,M0044,Bronze,App,Tea,2,65,0.00,130.00,Credit Card,
T003981,2026-04-02 14:20,B03,M0132,Bronze,In-store,Coffee,2,70,0.00,140.00,Cash,
T003982,2026-04-02 14:30,B05,M0297,Bronze,In-store,Bakery,1,105,0.00,105.00,Credit Card,
T003983,2026-04-02 14:38,B02,,,In-store,Bakery,2,65,0.00,130.00,QR PromptPay,
T003984,2026-04-02 16:45,B03,,,In-store,Coffee,1,105,0.00,105.00,Cash,
T003985,2026-04-02 17:28,B01,M0097,Bronze,App,Coffee,2,80,0.00,160.00,Credit Card,
T003986,2026-04-02 18:08,B02,M0136,Bronze,Delivery,Coffee,2,110,0.00,220.00,QR PromptPay,
T003987,2026-04-02 18:26,B08,,,In-store,Bakery,2,75,0.00,150.00,QR PromptPay,4
T003988,2026-04-02 19:36,B02,,,Delivery,Bakery,1,105,0.00,105.00,Credit Card,
T003989,2026-04-02 19:36,B08,,,In-store,Tea,1,75,0.00,75.00,QR PromptPay,
T003990,2026-04-03 09:12,B04,,,In store,Coffee,2,75,0.00,150.00,QR PromptPay,
T003991,2026-04-03 10:11,B05,M0092,Bronze,App,Coffee,1,90,0.00,90.00,Credit Card,3
T003992,2026-04-03 12:15,B07,M0286,Silver,In-store,Coffee,4,105,0.00,420.00,QR PromptPay,3
T003993,2026-04-03 12:32,B07,,,In-store,Coffee,1,90,0.00,90.00,Cash,3
T003994,2026-04-03 12:45,B02,M0136,Bronze,Delivery,Tea,2,70,0.00,140.00,QR PromptPay,
T003995,2026-04-03 13:23,B05,,,In-store,Bakery,1,95,0.00,95.00,QR PromptPay,
T003996,2026-04-03 15:00,B01,M0174,Gold,In-store,Tea,1,95,0.00,95.00,QR PromptPay,
T003997,2026-04-03 16:00,B01,M0116,Bronze,in-store,Bakery,1,105,0.00,105.00,QR PromptPay,
T003997,2026-04-03 16:00,B01,M0116,Bronze,in-store,Bakery,1,105,0.00,105.00,QR PromptPay,
T003998,2026-04-03 16:04,B07,,,App,Coffee,3,55,0.00,165.00,App Wallet,
T003999,2026-04-03 16:43,B03,M0078,Silver,App,Coffee,3,95,0.00,285.00,App Wallet,5
T004000,2026-04-03 17:34,B08,M0051,Gold,App,Coffee,1,55,0.00,95.00,App Wallet,
T004001,2026-04-03 18:55,B04,M0174,Gold,Delivery,Coffee,1,115,23.00,92.00,QR PromptPay,
T004002,03/04/2026 19:05,B06,M0003,Bronze,In-store,Coffee,3,55,24.75,140.25,QR PromptPay,
T004003,03/04/2026 19:38,B06,M0304,Platinum,In-store,Coffee,2,95,28.50,161.50,Cash,
T004004,2026-04-04 07:54,B08,,,App,Bakery,3,75 THB,0.00,225.00,Credit Card,3
T004005,2026-04-04 08:13,B05,M0223,Silver,In store,Tea,3,60,0.00,180.00,QR PromptPay,5
T004006,2026-04-04 09:44,B01,M0048,Silver,Delivery,Merchandise,1,495,0.00,495.00,Cash,
T004007,2026-04-04 10:48,B05,M0092,Bronze,Delivery,Coffee,4,95,0.00,380.00,Credit Card,4
T004008,2026-04-04 10:54,B02,M0007,Silver,In-store,Coffee,1,90,0.00,90.00,QR PromptPay,5
T004009,2026-04-04 11:01,B05,,,App,Tea,2,55,0.00,110.00,App Wallet,3
T004010,2026-04-04 11:40,B03,,,In-store,Bakery,2,100,0.00,200.00,Credit Card,
T004011,2026-04-04 11:56,B05,M0092,Bronze,In-store,Coffee,4,90,0.00,360.00,QR PromptPay,
T004011,2026-04-04 12:01,B05,M0092,Bronze,In-store,Coffee,-4,90,-0.00,-360.00,QR PromptPay,
T004012,2026-04-04 12:01,B01,M0237,Silver,In-store,Coffee,4,90,0.00,360.00,QR PromptPay,4
T004013,2026-04-04 12:20,B03,M0202,Bronze,In-store,Tea,2,70,0.00,140.00,Cash,4
T004013,2026-04-04 12:20,B03,M0202,Bronze,In-store,Tea,2,70,0.00,140.00,Cash,4
T004014,2026-04-04 12:22,B05,,,Delivery,Bakery,2,80,0.00,160.00,Cash,4
T004015,2026-04-04 13:21,B07,,,Delivery,Bakery,1,85,0.00,85.00,Cash,
T004016,2026-04-04 13:24,B08,,,App,Bakery,2,65,0.00,130.00,Credit Card,
T004017,2026-04-04 13:44,B03,,,In-store,Tea,1,55,0.00,55.00,Cash,
T004018,04/04/2026 13:46,B06,,,App,Coffee,2,95,0.00,190.00,Credit Card,
T004019,2026-04-04 13:48,B04,,,Delivery,Bakery,1,50,0.00,50.00,QR PromptPay,
T004020,2026-04-04 15:49,B01,M0144,Silver,In-store,Coffee,2,65,13.00,117.00,Cash,
T004021,2026-04-04 16:41,B01,,,In-store,Coffee,1,80,0.00,80.00,QR PromptPay,
T004022,2026-04-04 16:49,B01,M0319,Gold,In-store,Coffee,1,85,0.00,85.00,QR PromptPay,5
T004023,2026-04-04 16:58,B04,,,In-store,Tea,1,70,0.00,70.00,QR PromptPay,
T004024,2026-04-04 17:00,B02,M0007,Silver,In-store,Coffee,4,55,11.00,209.00,Cash,
T004025,2026-04-04 17:33,B07,,,In-store,Tea,2,55,0.00,110.00,QR PromptPay,4
T004026,2026-04-04 17:43,B01,M0216,Platinum,In-store,Coffee,4,70,42.00,238.00,Cash,
T004027,2026-04-04 17:47,B07,M0284,Brz,App,Coffee,3,70,0.00,210.00,App Wallet,5
T004028,2026-04-04 18:35,B05,M0240,Platinum,Delivery,Coffee,1,80,16.00,64.00,Cash,4
T004029,2026-04-04 19:38,B05,M0309,Silver,App,Coffee,3,55,0.00,165.00,Credit Card,
T004030,2026-04-04 19:52,B04,M0301,Brz,In-store,Merchandise,4,260,0.00,1040.00,Credit Card,
T004031,2026-04-04 19:53,B07,M0027,Silver,App,Tea,4,65,13.00,247.00,App Wallet,3
T004029,2026-04-04 19:59,B05,M0309,SILVER,App,Coffee,-3,55,-0.00,-165.00,Credit Card,
T004032,2026-04-05 08:10,B02,M0265,Gold,App,Coffee,1,115,11.50,103.50,Credit Card,4
T004033,2026-04-05 08:36,B07,M0193,Bronze,App,Coffee,1,120,0.00,120.00,App Wallet,
T004034,2026-04-05 08:47,B02,,,In-store,Coffee,1,110,0.00,110.00,Cash,
T004035,2026-04-05 09:16,B03,,,Delivery,Coffee,3,65,0.00,195.00,QR PromptPay,
T004036,2026-04-05 09:24,B01,M0031,Bronze,In-store,Bakery,4,90,0.00,360.00,Credit Card,
T004037,2026-04-05 10:04,B05,M0070,Bronze,In-store,Tea,4,80,0.00,320.00,QR PromptPay,4
T004038,2026-04-05 10:14,B05,M0240,Platinum,In-store,Coffee,3,75,0.00,225.00,QR PromptPay,
T004039,2026-04-05 10:26,B01,M0139,Silver,App,Tea,1,80,0.00,80.00,App Wallet,
T004040,2026-04-05 11:32,B04,,,App,Merchandise,1,635,0.00,635.00,App Wallet,4
T004041,2026-04-05 12:20,B05,,,App,Coffee,1,85,0.00,85.00,App Wallet,
T004042,05/04/2026 12:20,B06,M0056,Platinum,In-store,Coffee,4,120,48.00,432.00,QR PromptPay,
T004043,2026-04-05 12:46,B05,M0297,Bronze,App,Coffee,1,90,0.00,90.00,App Wallet,4
T004044,2026-04-05 13:07,B04,M0144,Silver,App,Coffee,1,60,0.00,60.00,App Wallet,
T004045,2026-04-05 14:15,B02,M0257,Silver,In-store,Tea,1,60,0.00,60.00,Cash,3
T004046,2026-04-05 14:32,B07,M0193,Brz,App,Bakery,4,85,0.00,340.00,Credit Card,
T004047,2026-04-05 14:43,B08,,,In-store,Bakery,4,50,0.00,200.00,QR PromptPay,
T004048,2026-04-05 15:29,B08,M0171,Gold,App,Tea,1,65,6.50,58.50,App Wallet,4
T004049,2026-04-05 16:02,B01,,,App,Coffee,2,90,0.00,180.00,App Wallet,3
T004050,05/04/2026 16:06,B06,M0229,Platinum,App,Bakery,2,85,17.00,153.00,App Wallet,1
T004051,2026-04-05 16:24,B04,M0258,Brz,App,Tea,4,90,36.00,324.00,App Wallet,
T004052,2026-04-05 17:04,B01,M0061,Silver,In-store,Coffee,3,70,0.00,210.00,Cash,
T004053,2026-04-05 17:22,B08,,,In-store,Bakery,1,80,0.00,80.00,QR PromptPay,
T004054,2026-04-05 18:19,B08,M0244,Bronze,In-store,Coffee,2,70,28.00,112.00,QR PromptPay,
T004054,2026-04-05 18:19,B08,M0244,Bronze,In-store,Coffee,2,70,28.00,112.00,QR PromptPay,
T004055,2026-04-05 19:25,B02,M0015,Gold,In-store,Bakery,3,60,0.00,180.00,Credit Card,5
T004056,05/04/2026 19:48,B06,,,In-store,Coffee,2,90,0.00,180.00,Credit Card,4
T004057,2026-04-06 07:08,B03,M0312,Silver,App,Coffee,2,95,0.00,190.00,App Wallet,
T004058,2026-04-06 08:26,B05,M0159,Platinum,In-store,Coffee,2,110,33.00,187.00,Cash,5
T004059,2026-04-06 08:47,B02,M0150,Bronze,In-store,Coffee,1,120,6.00,114.00,QR PromptPay,
T004060,2026-04-06 08:49,B08,,,In-store,Coffee,3,60,0.00,180.00,Cash,
T004061,2026-04-06 08:52,B08,M0109,Bronze,In-store,Coffee,2,55,0.00,110.00,QR PromptPay,
T004062,2026-04-06 10:11,B07,,,In-store,Bakery,1,75,0.00,75.00,QR PromptPay,3
T004063,2026-04-06 10:25,B07,M0170,Gold,App,Bakery,1,75,0.00,75.00,App Wallet,
T004064,2026-04-06 11:06,B03,,,delivery,Coffee,4,110,0.00,440.00,QR PromptPay,
T004065,2026-04-06 11:20,B03,M0044,Bronze,In-store,Coffee,1,100,0.00,100.00,Cash,
T004066,2026-04-06 12:20,B07,M0222,Silver,App,Merchandise,1,555,0.00,555.00,Credit Card,
T004067,2026-04-06 13:24,B08,M0002,Bronze,In-store,Coffee,1,75,0.00,75.00,QR PromptPay,
T004068,2026-04-06 13:39,B01,M0045,Gold,Delivery,Tea,1,85,0.00,85.00,Cash,
T004069,2026-04-06 13:51,B04,,,Delivery,Merchandise,2,535,0.00,1070.00,Cash,
T004070,06/04/2026 15:20,B06,M0273,Silver,Delivery,Coffee,2,110,0.00,220.00,Cash,
T004071,2026-04-06 15:27,B05,M0297,Bronze,In-store,Coffee,3,120,0.00,360.00,Cash,
T004072,2026-04-06 16:14,B01,,,In-store,Bakery,2,100,0.00,200.00,Credit Card,
T004073,06/04/2026 16:46,B06,M0193,Bronze,In-store,Tea,2,90,0.00,180.00,Credit Card,
T004074,2026-04-06 19:22,B02,M0142,Silver,In-store,Coffee,2,55,0.00,110.00,QR PromptPay,4
T004075,2026-04-07 08:25,B05,M0118,GOLD,In-store,Bakery,1,70,0.00,70.00,Cash,
T004076,2026-04-07 08:25,B05,M0092,Bronze,App,Tea,2,95,0.00,190.00,Credit Card,3
T004077,2026-04-07 08:51,B03,M0114,Silver,Delivery,Coffee,4,115,0.00,460.00,QR PromptPay,4
T004078,2026-04-07 08:52,B01,M0286,Silver,Delivery,Tea,1,70,0.00,70.00,Cash,3
T004079,2026-04-07 09:20,B05,M0240,Platinum,App,Coffee,1,75,11.25,63.75,App Wallet,4
T004080,07/04/2026 11:49,B06,M0213,Silver,In-store,Tea,1,80,0.00,80.00,QR PromptPay,5
T004081,2026-04-07 12:03,B05,,,App,Coffee,3,70,0.00,210.00,Credit Card,
T004082,2026-04-07 12:06,B02,M0082,Bronze,In-store,Merchandise,4,690,0.00,2760.00,QR PromptPay,4
T004083,07/04/2026 12:16,B06,,,In-store,Coffee,2,75,0.00,150.00,Cash,
T004084,2026-04-07 12:34,B07,,,App,Coffee,1,110,0.00,110.00,Credit Card,2
T004085,2026-04-07 13:27,B01,M0127,silver,In-store,Bakery,2,105,31.50,178.50,Cash,3
T004086,2026-04-07 13:41,B03,M0082,Bronze,In-store,Tea,2,80,0.00,160.00,QR PromptPay,
T004087,2026-04-07 16:08,B08,M0087,Bronze,Delivery,Coffee,1,95,0.00,95.00,Cash,5
T004088,2026-04-07 16:18,B05,M0055,Silver,App,Coffee,1,60,0.00,60.00,Credit Card,
T004089,2026-04-07 17:00,B03,M0092,Bronze,In-store,Bakery,2,90,0.00,180.00,QR PromptPay,
T004090,2026-04-07 18:03,B04,,,In-store,Coffee,3,95,0.00,285.00,QR PromptPay,
T004091,2026-04-07 18:17,B01,M0076,Bronze,In-store,Coffee,1,55,0.00,55.00,Credit Card,5
T004092,2026-04-07 19:15,B08,,,In-store,Bakery,1,90,0.00,90.00,Credit Card,
T004093,2026-04-08 07:01,B07,M0289,Silver,In-store,Bakery,1,85,0.00,85.00,Credit Card,
T004094,2026-04-08 08:20,B02,M9039,Silver,In-store,Coffee,4,110,0.00,440.00,QR PromptPay,
T004095,2026-04-08 08:31,B07,,,Mobile App,Coffee,1,85,0.00,85.00,Credit Card,
T004096,2026-04-08 08:45,B04,M0258,Bronze,In-store,Merchandise,1,795,119.25,675.75,Credit Card,5
T004097,2026-04-08 11:03,B04,M0174,Gold,In-store,Coffee,1,110,0.00,110.00,Credit Card,
T004098,2026-04-08 11:44,B08,M0051,Gold,App,Tea,3,60,0.00,180.00,Credit Card,4
T004099,2026-04-08 13:03,B01,,,In-store,Coffee,3,110,0.00,330.00,QR PromptPay,3
T004100,2026-04-08 13:40,B01,M0237,Silver,In-store,Coffee,1,75,0.00,75.00,QR PromptPay,
T004101,2026-04-08 13:43,B01,M0045,Gold,Delivery,Coffee,2,80,8.00,152.00,Credit Card,
T004102,2026-04-08 14:37,B07,M0054,Bronze,In-store,Coffee,1,105,0.00,105.00,Cash,
T004102,2026-04-08 14:52,B07,M0054,Bronze,In-store,Coffee,-1,105,-0.00,-105.00,Cash,
T004103,2026-04-08 15:33,B03,M0078,SILVER,App,Bakery,1,90,9.00,81.00,App Wallet,4
T004104,2026-04-08 16:16,B03,M0106,Bronze,In-store,Coffee,3,100,60.00,240.00,Credit Card,
T004105,08/04/2026 16:29,B06,M0304,Platinum,App,Coffee,4,55,22.00,198.00,App Wallet,
T004106,2026-04-08 16:51,B01,M0045,Gold,In-store,Coffee,1,115,11.50,103.50,Credit Card,
T004107,2026-04-08 17:03,B03,M0071,Bronze,In-store,Coffee,1,100,0.00,100.00,Cash,4
T004108,2026-04-08 17:17,B03,M0197,Gold,In-store,Bakery,2,60,0.00,120.00,QR PromptPay,2
T004109,2026-04-08 18:31,B07,M0264,Bronze,App,Tea,2,80,0.00,160.00,Credit Card,5
T004110,2026-04-08 19:12,B05,M0120,Bronze,In-store,Coffee,1,115,0.00,115.00,Cash,4
T004111,2026-04-09 07:02,B02,M0015,Gold,In-store,Merchandise,3,760,0.00,2280.00,Credit Card,
T004112,09/04/2026 07:18,B06,,,In-store,Tea,3,80,0.00,240.00,Credit Card,
T004113,2026-04-09 07:24,B01,M0216,Platinum,App,Coffee,2,100,30.00,170.00,Credit Card,
T004114,2026-04-09 07:50,B05,M0223,Silver,In-store,Merchandise,1,575,115.00,460.00,QR PromptPay,
T004115,09/04/2026 08:26,B06,M9349,Bronze,In-store,Coffee,2,120,0.00,240.00,Cash,
T004116,2026-04-09 08:30,B02,M0244,Bronze,In-store,Merchandise,1,745,0.00,745.00,Cash,
T004117,2026-04-09 09:08,B02,,,In-store,Tea,2,50,0.00,100.00,Cash,
T004118,2026-04-09 09:30,B08,,,In-store,Bakery,2,90,0.00,180.00,Credit Card,
T004119,2026-04-09 10:21,B08,M0245,Platinum,App,Bakery,1,65,0.00,65.00,App Wallet,
T004120,2026-04-09 12:31,B04,M0029,Gold,In-store,Coffee,1,95,14.25,80.75,QR PromptPay,3
T004121,2026-04-09 12:49,B01,,,App,Coffee,1,60,0.00,140.00,Credit Card,4
T004122,2026-04-09 12:55, B04,,,App,Tea,1,75,0.00,75.00,Credit Card,
T004123,2026-04-09 12:56,B01,M0116,Bronze,Delivery,Coffee,3,70,0.00,210.00,QR PromptPay,4
T004124,2026-04-09 13:04,B01,M0114,Silver,In-store,Coffee,1,85,12.75,72.25,Cash,
T004125,2026-04-09 13:52,B01,M0193,Bronze,App,Tea,1,50,0.00,50.00,Credit Card,3
T004126,2026-04-09 14:34,B08,M0119,Bronze,App,Coffee,1,75,0.00,75.00,Credit Card,5
T004127,2026-04-09 14:44,B01,,,App,Bakery,3,60,0.00,180.00,Credit Card,
T004128,2026-04-09 15:09,B08,,,In-store,Bakery,1,100,0.00,100.00,QR PromptPay,
T004129,2026-04-09 15:26,B02,M0142,Silver,App,Coffee,1,55,0.00,55.00,Credit Card,
T004130,2026-04-09 17:15,B02,M0228,gold,App,Bakery,1,95,9.50,85.50,App Wallet,
T004131,09/04/2026 17:24,B06,M0015,Gold,In-store,Merchandise,4,885,708.00,2832.00,Cash,
T004132,2026-04-09 18:10,B05,M0297,Bronze,Delivery,Bakery,2,80,0.00,160.00,Credit Card,4
T004133,2026-04-09 18:15,B04,M0040,Bronze,In-store,Bakery,2,70,28.00,112.00,Credit Card,4
T004134,2026-04-09 18:33,B05,M0059,Gold,In store,Coffee,1,95,19.00,76.00,QR PromptPay,3
T004135,2026-04-09 19:35,B03,,,In-store,Bakery,2,55,0.00,110.00,Credit Card,
T004136,2026-04-10 07:11,B02,M0026,Bronze,In-store,Coffee,3,115,0.00,345.00,Credit Card,
T004137,2026-04-10 07:23,B04,M0159,Platinum,Delivery,Coffee,1,80,8.00,72.00,Credit Card,4
T004138,2026-04-10 07:35,B04,M0301,Bronze,Delivery,Tea,2,65,0.00,130.00,QR PromptPay,
T004139,2026-04-10 08:35,B01,M0048,Silver,In-store,Coffee,1,80,0.00,80.00,Cash,
T004140,2026-04-10 08:53,B05,M0150,BRONZE,In-store,Bakery,3,90,0.00,270.00,Credit Card,5
T004141,2026-04-10 08:56,B02,,,In-store,Merchandise,2,665,0.00,1330.00,Cash,
T004142,2026-04-10 08:59,B04,,,In-store,Coffee,2,55,0.00,110.00,QR PromptPay,
T004143,2026-04-10 09:31,B01,M0120,Bronze,In-store,Tea,2,50,0.00,100.00,Credit Card,
T004144,2026-04-10 09:32,B03,M0124,Bronze,In-store,Merchandise,4,575,0.00,2300.00,Credit Card,
T004145,10/04/2026 09:34,B06,M0304,Platinum,in-store,Coffee,1,75,7.50,67.50,QR PromptPay,
T004146,2026-04-10 09:37,B01,M0116,Bronze,Delivery,Bakery,1,65,3.25,61.75,Credit Card,2
T004146,2026-04-10 10:08,B01,M0116,Bronze,Delivery,Bakery,-1,65,-3.25,-61.75,Credit Card,
T004147,2026-04-10 11:00,B03,,,In-store,Bakery,2,95,0.00,190.00,QR PromptPay,4
T004148,10/04/2026 12:50,B06,M0058,Gold,App,Coffee,1,60,6.00,54.00,App Wallet,5
T004149,2026-04-10 12:59,B02,M0150,Bronze,In-store,Bakery,1,65,0.00,65.00,Credit Card,4
T004150,2026-04-10 13:00,B07,M0106,Bronze,In-store,Coffee,1,55,8.25,46.75,Cash,
T004151,2026-04-10 14:00,B04,,,Delivery,Merchandise,1,355,0.00,355.00,QR PromptPay,
T004152,2026-04-10 14:31,B08,,,In-store,Merchandise,3,500,0.00,1500.00,Cash,
T004153,10/04/2026 15:44,B06,M0244,Bronze,Delivery,Coffee,1,85,0.00,85.00,QR PromptPay,5
T004154,2026-04-10 16:16,B05,M0119,Bronze,In-store,Coffee,1,115 THB,0.00,115.00,Cash,
T004155,2026-04-10 16:23,B02,M0124,Bronze,App,Bakery,1,55,0.00,55.00,App Wallet,
T004156,2026-04-10 16:50,B02,M0265,Gold,In-store,Merchandise,1,755,0.00,755.00,QR PromptPay,3
T004157,2026-04-10 17:41,B04,M0174,Gold,Instore,Coffee,4,105,0.00,420.00,Credit Card,5
T004158,2026-04-10 19:55,B08,M0005,Bronze,App,Merchandise,3,9999,0.00,29997.00,Credit Card,
T004159,2026-04-11 08:53,B07,M0040,Bronze,In-store,Tea,4,65,0.00,260.00,Cash,4
T004160,2026-04-11 09:01,B08,,,In-store,Coffee,1,120,0.00,120.00,QR PromptPay,5
T004161,2026-04-11 09:03,B07,M0286,Silver,In-store,Bakery,1,70,10.50,59.50,Credit Card,4
T004162,11/04/2026 09:18,B06,M0020,Bronze,In-store,Coffee,1,70,14.00,56.00,Cash,
T004163,2026-04-11 09:59,B08,,,In-store,Coffee,2,85,0.00,170.00,Credit Card,
T004164,2026-04-11 10:48,B02,,,In-store,Bakery,2,95,0.00,190.00,Cash,5
T004165,2026-04-11 11:08,B01,,,Delivery,Coffee,3,105,0.00,315.00,Cash,
T004166,2026-04-11 12:10,B02,,,In-store,Coffee,1,70,0.00,70.00,QR PromptPay,5
T004167,2026-04-11 12:20,B01,M0012,Platinum,In-store,Coffee,2,85,25.50,144.50,QR PromptPay,
T004168,2026-04-11 14:27,B01,,,in-store,Tea,4,95,0.00,380.00,QR PromptPay,5
T004169,2026-04-11 15:05,B08,M0010,Bronze,In-store,Bakery,4,100,0.00,400.00,QR PromptPay,
T004170,2026-04-11 15:08,B08,M0002,Bronze,In-store,Tea,2,75,0.00,150.00,QR PromptPay,
T004171,2026-04-11 17:05,B04,M0115,Silver,App,Bakery,2,45,0.00,90.00,Credit Card,
T004172,2026-04-12 07:27,B08,M0180,Bronze,In-store,Bakery,1,85,0.00,85.00,Credit Card,3
T004173,2026-04-12 08:00,B03,,,Delivery,Bakery,2,50,0.00,100.00,QR PromptPay,5
T004174,2026-04-12 08:10,B01,M0134,Bronze,Delivery,Coffee,3,75,0.00,225.00,Cash,
T004175,2026-04-12 11:02,B08,M0171,Gold,In-store,Tea,1,85,0.00,85.00,Cash,
T004176,2026-04-12 12:14,B08,M0148,Gold,In-store,Coffee,1,75,0.00,75.00,QR PromptPay,
T004177,2026-04-12 12:16,B04,M0024,Platinum,In-store,Coffee,1,105,0.00,105.00,QR PromptPay,3
T004178,2026-04-12 12:32,B02,M0174,Gold,App,Coffee,1,110,11.00,99.00,Credit Card,
T004179,2026-04-12 13:10,B07,,,App,Coffee,2,110,0.00,220.00,Credit Card,3
T004180,2026-04-12 14:28,B02,M0015,Gold,App,Bakery,1,70,7.00,63.00,App Wallet,
T004181,2026-04-12 17:21,B07,M0223,Silver,In-store,Bakery,1,60,0.00,60.00,QR PromptPay,
T004182,2026-04-12 17:43,B01,,,Delivery,Bakery,42,95,0.00,3990.00,Credit Card,
T004183,2026-04-12 17:59,B01,M0134,Bronze,Delivery,Coffee,3,55,0.00,165.00,Cash,1
T004184,2026-04-12 18:45,B08,,,In-store,Coffee,2,55,0.00,110.00,QR PromptPay,
T004185,2026-04-12 19:29,B08,M0051,GOLD,In-store,Coffee,1,85,4.25,80.75,Credit Card,
T004185,2026-04-12 19:29,B08,M0051,GOLD,In-store,Coffee,1,85,4.25,80.75,Credit Card,
T004186,2026-04-12 19:42,B01,,,Delivery,Coffee,2,100,0.00,200.00,Credit Card,
T004187,13/04/2026 07:28,B06,M0273,Silver,In-store,Bakery,3,105,0.00,315.00,QR PromptPay,
T004188,2026-04-13 08:06,B03,M0258,Bronze,In-store,Bakery,2,55,0.00,110.00,QR PromptPay,4
T004189,2026-04-13 08:19,B05,M0310,Gold,Delivery,Coffee,3,105,0.00,315.00,QR PromptPay,
T004190,2026-04-13 08:51,B04,M0143,Bronze,Delivery,Coffee,3,105,0.00,315.00,Cash,
T004191,2026-04-13 10:04,B04,M0115,Silver,App,Bakery,1,95,0.00,65.00,Credit Card,2
T004192,2026-04-13 11:16,B04,,,In-store,Bakery,1,95,0.00,95.00,Credit Card,
T004193,2026-04-13 11:40,b03,M0242,Silver,App,Coffee,1,120,0.00,120.00,App Wallet,
T004194,2026-04-13 12:32,B08,M0002,Bronze,In-store,Bakery,2,80,0.00,160.00,QR PromptPay,4
T004195,2026-04-13 12:38,B07,,,In-store,Coffee,3,55,0.00,165.00,QR PromptPay,3
T004196,2026-04-13 13:05,B05,M0187,Bronze,In-store,Coffee,1,110,22.00,88.00,Credit Card,
T004197,2026-04-13 13:40,B04,M0159,Platinum,Mobile App,Bakery,2,65,0.00,130.00,App Wallet,
T004198,2026-04-13 13:54,B03,M0059,Gold,In-store,Bakery,1,95,14.25,80.75,Cash,3
T004199,13/04/2026 14:04,B06,M0058,Gold,In-store,Coffee,3,120,0.00,360.00,QR PromptPay,
T004200,2026-04-13 14:32,B02,M0172,Silver,In-store,Bakery,2,100,0.00,200.00,QR PromptPay,
T004201,2026-04-13 15:53,B07,M0286,Silver,Delivery,Coffee,1,75,0.00,75.00,Credit Card,
T004202,2026-04-13 16:10,B04,M0028,Silver,In-store,Tea,1,70,0.00,70.00,Credit Card,
T004203,2026-04-13 16:11,B02,M0007,Silver,In-store,Coffee,2,115,0.00,230.00,Credit Card,
T004204,2026-04-13 16:21,B02,M0069,Platinum,App,Coffee,1,100,15.00,85.00,App Wallet,4
T004205,2026-04-13 16:34,B02,M0325,Platinum,In-store,Coffee,2,110,22.00,198.00,QR PromptPay,
T004206,13/04/2026 17:10,B06,M0278,Bronze,In-store,Tea,3,90,0.00,270.00,QR PromptPay,
T004206,13/04/2026 17:10,B06,M0278,Bronze,In-store,Tea,3,90,0.00,270.00,QR PromptPay,
T004207,2026-04-13 17:12,B08,M0304,Platinum,In-store,Coffee,3,110,33.00,297.00,Credit Card,
T004208,2026-04-13 17:39,B07,M0170,Gold,Instore,Coffee,4,115,46.00,414.00,Credit Card,
T004209,2026-04-13 17:46,B08,M0002,Bronze,App,Merchandise,4,470,0.00,1880.00,App Wallet,
T004210,2026-04-13 18:29,B03,M0103,Silver,Delivery,Bakery,1,80,0.00,80.00,QR PromptPay,
T004211,2026-04-14 07:14,B01,M0208,Gold,App,Coffee,1,55,0.00,55.00,App Wallet,
T004212,2026-04-14 07:39,B01,M0319,Gold,In-store,Bakery,2,90,0.00,180.00,Credit Card,
T004213,2026-04-14 08:17,B05,M0273,Silver,App,Coffee,1,85,0.00,85.00,App Wallet,
T004214,2026-04-14 09:50,B08,M0120,Bronze,In-store,Tea,3,65,0.00,195.00,QR PromptPay,4
T004215,2026-04-14 10:38,B01,,,In-store,Coffee,1,95,0.00,95.00,QR PromptPay,
T004216,2026-04-14 10:45,B07,,,In-store,Coffee,3,85,0.00,255.00,Cash,5
T004217,2026-04-14 14:23,B07,M0245,Platinum,App,Coffee,3,120,0.00,360.00,App Wallet,5
T004218,2026-04-14 15:22,B02,M0015,Gold,In-store,Bakery,1,70,0.00,70.00,Credit Card,
T004219,2026-04-14 15:42,B07,M0325,Platinum,In-store,Coffee,2,100,0.00,200.00,Cash,
T004220,2026-04-14 16:07,B07,M0196,Bronze,In-store,Coffee,2,65,0.00,130.00,Cash,
T004221,2026-04-14 16:19,B07,,,In-store,Coffee,2,90,0.00,180.00,QR PromptPay,3
T004222,2026-04-14 16:36,B04,M0171,Gold,In-store,Coffee,1,95,0.00,95.00,Credit Card,5
T004223,2026-04-14 17:17,B04,M0171,Gold,In-store,Coffee,1,115,0.00,115.00,Credit Card,4
T004224,2026-04-14 17:28,B02,M0044,Bronze,In-store,Bakery,2,70,7.00,133.00,QR PromptPay,3
T004225,2026-04-14 19:21,B02,,,In-store,Tea,1,55,0.00,55.00,QR PromptPay,
T004226,2026-04-14 19:41,B07,M0054,Bronze,In-store,Coffee,1,110,0.00,110.00,Credit Card,
T004227,2026-04-15 08:20,B07,M0196,Bronze,Delivery,Coffee,2,100,0.00,200.00,QR PromptPay,
T004228,2026-04-15 08:29,B05,M0036,Platinum,In-store,Coffee,1,75,15.00,60.00,QR PromptPay,4
T004229,15/04/2026 08:30,B06,M0313,Bronze,App,Coffee,1,60,0.00,60.00,App Wallet,
T004230,2026-04-15 09:59,B07,M0313,Bronze,In-store,Merchandise,1,675,0.00,675.00,QR PromptPay,
T004231,15/04/2026 11:08,B06,,,In-store,Coffee,4,60,0.00,240.00,Credit Card,2
T004232,2026-04-15 11:41,B05,M9064,Bronze,App,Bakery,1,75,0.00,75.00,App Wallet,5
T004233,15/04/2026 12:11,B06,,,App,Bakery,2,55,0.00,110.00,App Wallet,
T004234,2026-04-15 12:39,B07,M0012,Platinum,App,Coffee,3,120,18.00,342.00,App Wallet,3
T004235,2026-04-15 12:45,B08,M0204,Gold,Delivery,Coffee,1,60,0.00,60.00,Cash,4
T004236,2026-04-15 12:50,B08,M0012,Platinum,Delivery,Coffee,2,100,0.00,200.00,QR PromptPay,
T004236,2026-04-15 12:50,B08,M0012,Platinum,Delivery,Coffee,2,100,0.00,200.00,QR PromptPay,
T004237,2026-04-15 13:06,B02,M0020,Bronze,App,Coffee,1,105,0.00,105.00,App Wallet,2
T004238,2026-04-15 13:24,B08,M0119,Bronze,In-store,Bakery,1,75,0.00,75.00,Cash,
T004239,2026-04-15 13:25,B02,M0201,Bronze,In-store,Bakery,2,55,0.00,110.00,Cash,
T004240,2026-04-15 14:15,B07,M0244,Bronze,In-store,Coffee,1,95,9.50,85.50,Cash,
T004241,2026-04-15 15:31,B04,M0038,Gold,In-store,Bakery,1,90,0.00,90.00,QR PromptPay,
T004242,15/04/2026 16:49,B06,,,Delivery,Merchandise,3,690,0.00,2070.00,QR PromptPay,5
T004243,2026-04-15 16:50,B01,M0208,Gold,In-store,Tea,1,75,0.00,75.00,Cash,
T004244,15/04/2026 16:55,B06,M0056,Platinum,App,Tea,2,70,7.00,133.00,Credit Card,
T004245,2026-04-15 17:52,B03,M0071,Bronze,Delivery,Tea,1,95,0.00,95.00,QR PromptPay,
T004246,2026-04-15 17:57,B05,,,In-store,Tea,2,55,0.00,110.00,Credit Card,4
T004247,2026-04-15 19:10,B07,M0170,Gold,In-store,Coffee,4,115,0.00,460.00,Cash,
T004247,2026-04-15 19:37,B07,M0170,Gold,In-store,Coffee,-4,115,-0.00,-460.00,Cash,
T004248,2026-04-15 19:57,B01,M0116,Bronze,In-store,Coffee,1,55,8.25,46.75,QR PromptPay,3
T004249,2026-04-16 07:21,B03,M0229,Platinum,App,Bakery,3,60,18.00,162.00,App Wallet,
T004250,2026-04-16 07:22,B05,M0055,Silver,Delivery,Tea,1,90,18.00,72.00,QR PromptPay,2
T004251,2026-04-16 09:19,B05,M0240,Platinum,App,Bakery,1,110,0.00,110.00,Credit Card,
T004252,2026-04-16 10:07,B08,,,App,Tea,1,75,0.00,75.00,App Wallet,
T004253,2026-04-16 10:53,B04,M0325,Platinum,In-store,Tea,4,50,0.00,200.00,QR PromptPay,
T004254,2026-04-16 11:08,B03,M0132,Bronze,In-store,Coffee,1,100,5.00,95.00,Cash,
T004255,2026-04-16 11:35,B01,M0114,Silver,Delivery,Tea,1,60,9.00,51.00,QR PromptPay,
T004256,2026-04-16 12:09,B01,M0127,Silver,In-store,Coffee,1,100,0.00,100.00,QR PromptPay,
T004257,2026-04-16 12:10,B01,,,In-store,Coffee,1,75,0.00,75.00,Cash,
T004258,2026-04-16 12:20,B08,M0112,Bronze,In-store,Coffee,2,60,6.00,114.00,Cash,
T004258,2026-04-16 12:20,B08,M0112,Bronze,In-store,Coffee,2,60,6.00,114.00,Cash,
T004259,2026-04-16 12:38,B02,,,In-store,Bakery,3,90,0.00,270.00,Credit Card,
T004260,16/04/2026 12:53,B06,M0229,Platinum,In-store,Bakery,1,85,17.00,68.00,QR PromptPay,1
T004261,2026-04-16 12:54,B01,M0254,Bronze,In-store,Coffee,2,80,32.00,128.00,QR PromptPay,5
T004262,2026-04-16 13:22,B02,M0026,Bronze,In-store,Coffee,4,110,0.00,440.00,QR PromptPay,
T004263,2026-04-16 13:55,B04,M0264,Bronze,App,Tea,1,85,8.50,76.50,Credit Card,4
T004264,2026-04-16 14:14,B07,,,App,Coffee,1,100,0.00,100.00,App Wallet,4
T004265,2026-04-16 15:21,B03,M0208,Gold,Mobile App,Bakery,4,75,30.00,270.00,App Wallet,
T004266,2026-04-16 15:22,B05,M0036,Platinum,Delivery,Bakery,1,50,7.50,42.50,QR PromptPay,3
T004267,2026-04-16 15:57,B03,M0053,Gold,In-store,Coffee,1,90,13.50,76.50,QR PromptPay,
T004268,2026-04-16 16:10,B08,M0171,Gold,In-store,Merchandise,4,640,128.00,2432.00,QR PromptPay,
T004269,2026-04-16 16:17,B03,,,In-store,Coffee,1,100,0.00,100.00,QR PromptPay,
T004270,2026-04-16 16:33,B04,M0287,Silver,In-store,Coffee,2,80,0.00,160.00,Cash,
T004271,2026-04-16 16:44,B05,M0120,Bronze,In-store,Coffee,4,65,0.00,260.00,Credit Card,4
T004272,2026-04-16 16:53,B02,M0269,Gold,Mobile App,Bakery,3,75,0.00,225.00,Credit Card,3
T004273,2026-04-16 18:15,B04,M0063,Silver,Delivery,Coffee,1,75,0.00,75.00,QR PromptPay,4
T004273,2026-04-16 18:15,B04,M0063,Silver,Delivery,Coffee,1,75,0.00,75.00,QR PromptPay,4
T004274,2026-04-16 19:01,B01,M0114,Silver,In-store,Coffee,2,105,0.00,210.00,Cash,3
T004275,2026-04-17 08:02,B04,M0168,Gold,In-store,Coffee,1,65,0.00,65.00,Credit Card,
T004276,2026-04-17 08:32,B07,M0170,Gold,Delivery,Coffee,2,90,36.00,144.00,Cash,5
T004277,2026-04-17 08:40,B04,M0177,Bronze,App,Coffee,1,55,0.00,55.00,App Wallet,2
T004278,2026-04-17 09:08,B03,M0044,bronze,Delivery,Merchandise,1,615,0.00,615.00,QR PromptPay,
T004279,2026-04-17 12:26,B04,M0249,Gold,In-store,Coffee,3,70,0.00,210.00,Cash,4
T004280,2026-04-17 13:54,B01,M0045,Gold,In-store,Bakery,2,110,22.00,198.00,Credit Card,3
T004281,2026-04-17 16:19,B03,,,In-store,Tea,2,50,0.00,100.00,Cash,
T004282,17/04/2026 16:43,B06,M0056,Platinum,In store,Coffee,3,95,14.25,270.75,QR PromptPay,
T004283,2026-04-17 17:28,B04,,,In-store,Coffee,4,120,0.00,480.00,Cash,
T004284,2026-04-17 17:54,B02,,,Delivery,Coffee,1,90,0.00,90.00,QR PromptPay,3
T004285,2026-04-17 18:22,B04,,,App,Coffee,1,55,0.00,55.00,App Wallet,
T004286,2026-04-17 18:29,B01,,,App,Coffee,1,55,0.00,55.00,App Wallet,
T004286,2026-04-17 18:29,B01,,,App,Coffee,1,55,0.00,55.00,App Wallet,
T004287,2026-04-18 07:30,B01,,,App,Bakery,3,55,0.00,165.00,App Wallet,
T004288,18/04/2026 08:26,B06,M0304,Platinum,Delivery,Merchandise,3,530,0.00,1590.00,Cash,
T004289,2026-04-18 08:39,B07,M0193,Bronze,In-store,Bakery,4,95,0.00,380.00,Credit Card,
T004290,2026-04-18 09:08,B04,M0028,Silver,App,Coffee,4,70,0.00,280.00,App Wallet,
T004291,2026-04-18 10:01,B02,M0222,Silver,In-store,Tea,1,80,0.00,80.00,Cash,4
T004292,2026-04-18 12:24,B04,M9366,Platinum,App,Bakery,4,105,0.00,420.00,Credit Card,
T004293,2026-04-18 12:53,B04,M0024,Platinum,Delivery,Tea,1,75,0.00,75.00,QR PromptPay,
T004294,2026-04-18 13:15,B08,,,In-store,Coffee,1,75,0.00,75.00,Cash,4
T004295,2026-04-18 13:21,B04,,,In-store,Tea,1,80,0.00,80.00,QR PromptPay,4
T004296,2026-04-18 13:56,B04,M0115,Silver,In-store,Merchandise,1,610,0.00,610.00,Credit Card,3
T004297,2026-04-18 14:00,B03,,,In-store,Coffee,1,110,0.00,110.00,Credit Card,
T004298,2026-04-18 14:14,B05,M0230,Silver,App,Tea,4,60,24.00,216.00,Credit Card,
T004299,18/04/2026 14:53,B06,,,App,Merchandise,2,665,0.00,1330.00,Credit Card,3
T004300,2026-04-18 15:15,B05,M0295,Silver,In-store,Coffee,1,90,0.00,90.00,QR PromptPay,3
T004301,2026-04-18 16:46,B02,,,In-store,Coffee,2,65,0.00,130.00,QR PromptPay,
T004302,2026-04-18 16:51, B08,M0209,Bronze,In-store,Merchandise,2,285,0.00,570.00,QR PromptPay,2
T004303,2026-04-18 18:06,B01,M0045,Gold,App,Bakery,1,65,0.00,65.00,Credit Card,
T004304,18/04/2026 18:32,B06,M0058,Gold,In-store,Bakery,4,85,17.00,323.00,Cash,5
T004305,2026-04-18 19:08,B01,M0116,Bronze,In-store,Coffee,1,100,0.00,100.00,Cash,
T004306,2026-04-18 19:37,B03,M9772,Silver,App,Tea,1,75,0.00,75.00,App Wallet,3
T004307,2026-04-18 19:52,B03,,,In-store,Coffee,1,80,0.00,80.00,Cash,4
T004308,2026-04-18 19:58,B02,,,App,Coffee,1,120,0.00,120.00,Credit Card,2
T004309,2026-04-19 08:02,B04,M0301,Bronze,Delivery,Tea,4,75,0.00,300.00,Cash,
T004310,2026-04-19 08:51,B04,,,In-store,Coffee,3,100,0.00,300.00,Credit Card,
T004311,2026-04-19 09:45,B05,M0297,Brz,In-store,Tea,1,90,0.00,90.00,Credit Card,
T004312,2026-04-19 10:07,B01,M0050,Silver,In-store,Tea,2,55,0.00,110.00,QR PromptPay,3
T004313,2026-04-19 10:25,B02,M0160,Bronze,Delivery,Coffee,1,60,0.00,60.00,Cash,
T004314,2026-04-19 12:26,B02,M0054,Bronze,In-store,Coffee,1,120,24.00,96.00,QR PromptPay,
T004315,2026-04-19 12:32,B05,M0170,Gold,Delivery,Coffee,2,75,22.50,127.50,QR PromptPay,
T004316,2026-04-19 13:23,B08,M0051,Gold,In-store,Coffee,2,85,0.00,170.00,Cash,
T004317,2026-04-19 13:24,B03,,,In-store,Coffee,2,90,0.00,180.00,Cash,
T004318,2026-04-19 13:45,B04,,,App,Coffee,1,55,0.00,55.00,App Wallet,
T004319,2026-04-19 14:36,B04,M9064,Bronze,In-store,Tea,1,65,0.00,65.00,QR PromptPay,5
T004320,2026-04-19 15:12,B08,M0013,Bronze,App,Bakery,2,55,0.00,110.00,App Wallet,
T004321,19/04/2026 15:52,B06,,,In-store,Coffee,2,120,0.00,240.00,QR PromptPay,1
T004322,2026-04-19 16:44,B01,M0208,Gold,In-store,Bakery,1,85,0.00,85.00,QR PromptPay,
T004323,2026-04-19 16:46,B01,M0045,Gold,App,Merchandise,1,425,0.00,425.00,App Wallet,5
T004324,2026-04-19 16:58,B03,M0037,Silver,In-store,Coffee,1,95,0.00,95.00,QR PromptPay,
T004325,2026-04-19 17:24,B04,M0258,bronze,App,Bakery,3,105,0.00,315.00,App Wallet,
T004324,2026-04-19 17:38,B03,M0037,Silver,In-store,Coffee,-1,95,-0.00,-95.00,QR PromptPay,
T004326,2026-04-19 17:47,B04,,,In-store,Coffee,2,100,0.00,200.00,Cash,
T004327,2026-04-19 18:18,B05,M0297,Bronze,In-store,Bakery,1,110,22.00,88.00,Credit Card,4
T004328,2026-04-19 18:31,B05,M0297,Bronze,App,Tea,4,80,0.00,320.00,App Wallet,
T004329,2026-04-19 19:44,B05,M0010,bronze,Delivery,Coffee,1,95,0.00,95.00,Credit Card,5
T004330,19/04/2026 19:56,B06,,,Delivery,Tea,2,85,0.00,170.00,QR PromptPay,
T004331,2026-04-20 07:20,B05,M0288,Gold,App,Bakery,1,50,0.00,50.00,Credit Card,
T004332,2026-04-20 07:21,B04,M0258,Bronze,In-store,Coffee,1,100,0.00,100.00,Cash,4
T004333,2026-04-20 07:44,B02,M9366,Gold,App,Tea,1,65,3.25,61.75,Credit Card,3
T004334,2026-04-20 08:10,B02,M0295,Silver,In-store,Tea,3,50,0.00,150.00,Cash,
T004335,2026-04-20 10:11,B01,,,Delivery,Bakery,1,55,0.00,55.00,Cash,
T004336,2026-04-20 11:06,B04,M0155,Silver,App,Coffee,1,90,0.00,90.00,Credit Card,
T004337,2026-04-20 12:47,B07,M0295,Silver,In-store,Merchandise,1,785,0.00,785.00,Credit Card,4
T004338,2026-04-20 12:59,B02,,,In-store,Bakery,2,100,0.00,200.00,Credit Card,
T004339,2026-04-20 13:39,b03,M0201,Bronze,In-store,Coffee,1,95,0.00,95.00,Cash,
T004340,20/04/2026 13:42,B06,M0056,Platinum,App,Coffee,2,65,6.50,123.50,App Wallet,
T004341,2026-04-20 13:52,B08,M0051,Gold,In-store,Coffee,1,80,0.00,80.00,Credit Card,
T004342,2026-04-20 14:31,B05,M0202,Bronze,In-store,Bakery,4,75,0.00,300.00,Cash,4
T004343,2026-04-20 14:31,B08,M0051,Gold,In-store,Bakery,4,50,40.00,160.00,QR PromptPay,
T004344,2026-04-20 14:43,B01,M0116,Bronze,In-store,Bakery,1,55,0.00,55.00,QR PromptPay,4
T004345,2026-04-20 14:53,B07,M0288,Gold,In-store,Bakery,2,70,21.00,119.00,Cash,
T004346,2026-04-20 15:45,B07,M0288,Gold,In-store,Coffee,4,80,64.00,256.00,Credit Card,
T004347,2026-04-20 16:04,B03,,,In-store,Coffee,4,110,0.00,440.00,Cash,
T004348,2026-04-20 16:13,B05,M0056,Platinum,App,Bakery,2,70,0.00,140.00,Credit Card,3
T004349,2026-04-20 16:15,B07,M0286,Silver,In-store,Bakery,1,55,0.00,55.00,QR PromptPay,
T004350,2026-04-20 17:34,B05,M0315,Bronze,app,Coffee,2,80,0.00,160.00,Credit Card,3
T004351,2026-04-20 18:14,B08,M0084,Silver,In-store,Coffee,2,110,0.00,220.00,Credit Card,4
T004352,2026-04-20 18:24,B01,M0048,SILVER,In-store,Tea,2,70,0.00,140.00,Cash,
T004353,2026-04-20 18:31,B07,M0289,Silver,In-store,Coffee,3,70,42.00,168.00,QR PromptPay,
T004354,2026-04-20 18:53,B05,,,In-store,Coffee,1,70,0.00,70.00,Cash,
T004355,2026-04-20 19:41,B07,M0289,Silver,In-store,Coffee,2,55,0.00,110.00,Credit Card,
T004356,21/04/2026 08:31,B06,,,In-store,Coffee,1,60,0.00,60.00,Cash,1
T004357,2026-04-21 09:04,B01,M0319,Gold,In-store,Bakery,1,95,0.00,95.00,Credit Card,
T004358,2026-04-21 09:17,B07,M0058,Gold,In-store,Bakery,3,55,0.00,165.00,QR PromptPay,
T004359,2026-04-21 09:52,B04,,,In-store,Coffee,4,115,0.00,460.00,Cash,
T004360,2026-04-21 09:59,B07,M0130,Platinum,In-store,Coffee,2,90,0.00,180.00,Cash,
T004361,2026-04-21 10:48,B08,M0082,Bronze,App,Coffee,2,55,0.00,110.00,App Wallet,5
T004362,2026-04-21 11:29,B04,M0310,Gold,In-store,Coffee,1,60,0.00,60.00,Cash,
T004363,2026-04-21 12:24,B01,,,In-store,Bakery,1,70,0.00,70.00,QR PromptPay,3
T004364,2026-04-21 13:51,B08,,,App,Coffee,1,55,0.00,55.00,Credit Card,
T004365,2026-04-21 13:55,B07,M0289,Silver,Delivery,Bakery,4,110,44.00,396.00,Cash,4
T004366,2026-04-21 15:03,B01,M0114,Silver,In-store,Tea,1,85,0.00,85.00,Cash,4
T004367,2026-04-21 15:56,B07,M0192,Gold,Delivery,Coffee,1,70,3.50,66.50,QR PromptPay,
T004368,2026-04-21 16:11,B01,M0029,Gold,In-store,Coffee,2,105,10.50,199.50,Credit Card,
T004369,2026-04-21 17:34,B03,,,Delivery,Bakery,4,95,0.00,380.00,Cash,
T004370,2026-04-21 17:59,B05,M0001,Bronze,In-store,Coffee,1,80,0.00,80.00,Cash,
T004371,2026-04-21 18:51,B02,,,In-store,Coffee,2,55,0.00,110.00,QR PromptPay,
T004372,2026-04-22 07:02,B01,,,Delivery,Coffee,2,80,0.00,160.00,Cash,
T004373,2026-04-22 07:32,B07,M0130,Platinum,Delivery,Tea,4,95,0.00,380.00,QR PromptPay,
T004374,2026-04-22 08:03,B03,M0254,Bronze,App,Coffee,2,90,0.00,180.00,App Wallet,
T004375,2026-04-22 08:08,B05,,,In-store,Coffee,3,120,0.00,360.00,Cash,4
T004376,2026-04-22 09:12,B01,M0247,Bronze,App,Tea,1,55,0.00,55.00,App Wallet,3
T004377,22/04/2026 09:13,B06,M0070,Bronze,In-store,Bakery,1,50,0.00,50.00,Credit Card,
T004378,2026-04-22 09:18,B02,,,In-store,Tea,2,50,0.00,100.00,Credit Card,
T004379,2026-04-22 09:21,B03,,,In-store,Tea,1,75,0.00,75.00,Cash,
T004377,22/04/2026 09:25,B06,M0070,Bronze,In-store,Bakery,-1,50,-0.00,-50.00,Credit Card,
T004380,2026-04-22 11:41,B08,,,In-store,Coffee,2,80,0.00,160.00,Credit Card,4
T004381,2026-04-22 11:44,B01,,,In-store,Coffee,1,110,0.00,110.00,Cash,3
T004382,2026-04-22 12:19,B02,M0240,Platinum,In-store,Coffee,1,110,22.00,88.00,Credit Card,3
T004383,2026-04-22 12:39,B08,M0263,Bronze,In-store,Tea,4,50,20.00,180.00,Cash,
T004383,2026-04-22 12:39,B08,M0263,Bronze,In-store,Tea,4,50,20.00,180.00,Cash,
T004384,2026-04-22 12:39,B04,,,App,Tea,2,70,0.00,140.00,Credit Card,
T004385,2026-04-22 12:46,B03,M0242,Silver,In-store,Tea,2,65,0.00,130.00,Credit Card,2
T004386,2026-04-22 12:46,B05,,,In-store,Bakery,3,100,0.00,300.00,QR PromptPay,
T004387,2026-04-22 13:05,B08,M0002,Bronze,app,Bakery,1,75,0.00,75.00,Credit Card,4
T004388,2026-04-22 13:34,B07,M0050,Silver,In-store,Coffee,2,80,0.00,160.00,QR PromptPay,
T004389,2026-04-22 13:55,B04,M0001,Bronze,In-store,Coffee,1,120,0.00,120.00,Credit Card,
T004390,2026-04-22 14:06,B08,M0229,Platinum,App,Tea,1,90,4.50,85.50,Credit Card,
T004391,2026-04-22 14:08,B07,M0007,Slvr,in-store,Bakery,1,75,11.25,63.75,Credit Card,
T004392,2026-04-22 14:19,B04,,,In-store,Coffee,1,75,0.00,75.00,Credit Card,5
T004393,2026-04-22 14:42,B03,,,App,Tea,3,95,0.00,285.00,Credit Card,
T004394,2026-04-22 14:49,B04,,,App,Coffee,3,90,0.00,270.00,App Wallet,4
T004395,2026-04-22 15:13,B04,M0259,Bronze,In-store,Bakery,1,65,0.00,65.00,Credit Card,4
T004396,2026-04-22 15:13,B01,M0027,Silver,In-store,Coffee,4,90,0.00,360.00,QR PromptPay,4
T004397,2026-04-22 16:07,B07,M0088,Bronze,In-store,Bakery,1,80,0.00,80.00,Cash,
T004398,2026-04-22 16:37,B04,M0294,bronze,In-store,Coffee,1,95,0.00,175.00,Cash,3
T004399,2026-04-22 16:37,B01,,,App,Coffee,2,120,0.00,240.00,App Wallet,
T004400,2026-04-22 16:59,B03,M0312,Silver,App,Coffee,3,80,0.00,240.00,App Wallet,
T004401,2026-04-22 17:01,B02,,,In-store,Tea,1,70,0.00,70.00,Cash,
T004402,2026-04-23 02:57,B05,M0083,Bronze,Delivery,Coffee,3,100,0.00,300.00,Credit Card,
T004403,2026-04-23 07:10,B08,M0010,Bronze,In-store,Tea,3,85,0.00,255.00,Credit Card,
T004404,2026-04-23 07:27,B08,M0119,Bronze,In-store,Bakery,3,45,0.00,135.00,Cash,
T004405,2026-04-23 08:09,B04,,,In-store,Coffee,2,120,0.00,240.00,Credit Card,4
T004406,2026-04-23 08:25,B05,M9349,Platinum,App,Coffee,3,115,51.75,293.25,App Wallet,5
T004407,2026-04-23 09:18,B07,M0058,Gold,Delivery,Bakery,1,100,5.00,95.00,Cash,
T004408,2026-04-23 09:25,B07,M0119,Bronze,In-store,Tea,1,60,9.00,51.00,QR PromptPay,4
T004409,2026-04-23 09:52,B04,M0115,Silver,In-store,Coffee,2,110,0.00,220.00,QR PromptPay,
T004410,2026-04-23 10:17,B02,,,Delivery,Bakery,95,95,0.00,9025.00,Credit Card,
T004411,2026-04-23 11:09,B04,,,In-store,Coffee,1,75,0.00,75.00,Cash,
T004412,2026-04-23 11:37,B08,M0233,Bronze,In-store,Coffee,2,75,15.00,135.00,QR PromptPay,
T004413,2026-04-23 12:11,B01,,,In-store,Merchandise,4,690,0.00,2760.00,QR PromptPay,2
T004414,2026-04-23 13:15,B01,M0281,Silver,In-store,Bakery,4,60,0.00,240.00,QR PromptPay,
T004415,2026-04-23 13:26,b05,M0102,Platinum,In-store,Tea,2,50,20.00,80.00,Cash,3
T004416,23/04/2026 13:44,B06,M0056,Platinum,In-store,Coffee,2,70,0.00,140.00,Credit Card,1
T004417,2026-04-23 14:19,B07,,,Delivery,Coffee,1,80,0.00,80.00,Credit Card,
T004418,23/04/2026 14:53,B06,M0313,Bronze,In-store,Coffee,3,90,27.00,243.00,QR PromptPay,
T004418,23/04/2026 14:53,B06,M0313,Bronze,In-store,Coffee,3,90,27.00,243.00,QR PromptPay,
T004419,2026-04-23 16:07,B08,M0012,Platinum,In-store,Tea,1,95,0.00,95.00,Cash,3
T004420,2026-04-23 16:20,B03,M0214,Silver,App,Coffee,3,95,14.25,270.75,App Wallet,
T004421,2026-04-23 17:58,B02,M0136,Bronze,App,Bakery,1,90,0.00,90.00,Credit Card,3
T004422,2026-04-23 19:22,B08,M0051,Gold,App,Coffee,4,60,0.00,240.00,App Wallet,5
T004423,2026-04-24 08:07,B07,,,In-store,Coffee,3,65,0.00,195.00,Credit Card,
T004424,2026-04-24 08:13,B08,M9351,Gold,App,Coffee,1,65,0.00,65.00,Credit Card,
T004425,2026-04-24 08:51,B03,M0301,Bronze,Instore,Coffee,1,115,0.00,115.00,Cash,5
T004425,2026-04-24 08:51,B03,M0301,Bronze,Instore,Coffee,1,115,0.00,115.00,Cash,5
T004426,2026-04-24 09:50,B07,M0170,Gold,App,Bakery,3,110,66.00,264.00,App Wallet,4
T004427,2026-04-24 09:53,B07,M0099,Gold,In-store,Bakery,3,50,0.00,150.00,Credit Card,
T004428,2026-04-24 10:27,B08,M0226,Bronze,In-store,Coffee,3,115,34.50,310.50,Cash,
T004429,2026-04-24 10:40,B04,M0308,Gold,In-store,Bakery,1,50,0.00,50.00,Credit Card,
T004430,2026-04-24 12:19,B01,,,In-store,Coffee,1,115,0.00,115.00,Credit Card,
T004431,24/04/2026 12:25,B06,,,App,Coffee,1,95,0.00,95.00,App Wallet,
T004432,24/04/2026 13:26,B06,M0278,Bronze,In-store,Merchandise,1,495,0.00,495.00,QR PromptPay,
T004433,2026-04-24 13:54,B07,M0286,Silver,In-store,Coffee,1,100,0.00,100.00,Cash,
T004434,2026-04-24 13:55,B05,,,App,Merchandise,1,510,0.00,510.00,App Wallet,
T004435,24/04/2026 14:41,B06,,,Delivery,Bakery,1,80,0.00,80.00,Credit Card,
T004436,2026-04-24 15:26,B08,M0147,Silver,In-store,Tea,1,65,0.00,65.00,Cash,5
T004437,2026-04-24 16:11,B01,M0208,Gold,App,Coffee,1,80,0.00,80.00,App Wallet,3
T004438,2026-04-24 16:30,B05,M0240,Platinum,App,Tea,1,60,0.00,60.00,App Wallet,
T004439,2026-04-24 16:34,B04,M0016,Gold,In-store,Coffee,1,95,14.25,80.75,Cash,
T004439,2026-04-24 16:34,B04,M0016,Gold,In-store,Coffee,1,95,14.25,80.75,Cash,
T004440,2026-04-24 17:23,B05,M0114,Silver,In-store,Coffee,2,110,0.00,220.00,QR PromptPay,
T004441,2026-04-24 17:40,B02,,,In-store,Bakery,1,75,0.00,75.00,QR PromptPay,
T004442,24/04/2026 18:18,B06,M0056,platinum,App,Coffee,1,95,0.00,95.00,Credit Card,1
T004443,2026-04-24 18:28,B08,,,App,Coffee,2,115,0.00,230.00,App Wallet,
T004444,2026-04-24 19:55,B07,,,App,Coffee,1,75,0.00,75.00,Credit Card,
T004445,2026-04-25 02:59,B05,,,Delivery,Bakery,1,45,0.00,45.00,Credit Card,
T004446,2026-04-25 07:00,B02,M0197,Gold,In-store,Coffee,1,55,5.50,49.50,Cash,3
T004447,2026-04-25 07:10,B01,,,In-store,Tea,2,55,0.00,110.00,Credit Card,
T004448,2026-04-25 07:15,B02,,,In-store,Bakery,1,80,0.00,80.00,Cash,
T004449,2026-04-25 07:55,B07,M0170,Gold,In-store,Coffee,1,85,0.00,85.00,Cash,
T004450,2026-04-25 08:13,B04,M9388,Gold,In-store,Coffee,4,90,0.00,360.00,Credit Card,
T004451,2026-04-25 08:22,B01,M0048,Silver,In-store,Coffee,1,105,10.50,94.50,Credit Card,3
T004452,2026-04-25 08:45,B03,,,In-store,Bakery,2,75,0.00,150.00,QR PromptPay,
T004453,2026-04-25 09:19,B02,M0160,Bronze,In-store,Bakery,2,80,0.00,160.00,QR PromptPay,3
T004454,2026-04-25 09:47,B03,M9772,Silver,App,Coffee,2,65,19.50,110.50,Credit Card,
T004455,2026-04-25 11:19,B01,M0045,Gold,In-store,Coffee,1,110,0.00,110.00,Cash,
T004456,2026-04-25 12:20,B01,M0048,Silver,In-store,Merchandise,3,600,0.00,1800.00,Cash,
T004457,2026-04-25 12:31,B07,M0248,Gold,In-store,Tea,3,95,0.00,285.00,QR PromptPay,
T004458,2026-04-25 12:51,B01,,,App,Coffee,2,75,0.00,150.00,Credit Card,4
T004459,2026-04-25 13:03,B03,M0257,Slvr,App,Coffee,1,100,0.00,100.00,Credit Card,3
T004460,2026-04-25 13:12,B08,,,In-store,Coffee,1,80,0.00,80.00,QR PromptPay,
T004461,2026-04-25 13:22,B07,M0237,Silver,App,Tea,4,95,0.00,380.00,Credit Card,3
T004462,2026-04-25 14:53,B01,,,In-store,Coffee,1,60,0.00,60.00,Credit Card,
T004463,2026-04-25 15:36,B05,,,In-store,Coffee,2,60,0.00,120.00,QR PromptPay,
T004464,2026-04-25 16:22,B04,,,In-store,Coffee,3,120,0.00,360.00,QR PromptPay,
T004465,25/04/2026 16:38,B06,M0273,Silver,App,Coffee,4,85,0.00,340.00,App Wallet,
T004466,2026-04-25 16:54,B03,M0059,Gold,In-store,Coffee,2,100,0.00,200.00,QR PromptPay,3
T004467,2026-04-25 17:22,B04,M0063,Silver,In-store,Coffee,4,65,39.00,221.00,Cash,3
T004468,2026-04-25 17:25,B04,M0143,Bronze,In-store,Merchandise,2,560,0.00,1120.00,QR PromptPay,
T004466,2026-04-25 18:16,B03,M0059,Gold,In-store,Coffee,-2,100,-0.00,-200.00,QR PromptPay,
T004469,2026-04-25 18:38,B04,,,App,Coffee,2,65,0.00,130.00,App Wallet,4
T004470,2026-04-25 19:35,B08,M0010,Bronze,In-store,Coffee,2,95,0.00,190.00,QR PromptPay,
T004471,2026-04-26 07:39,B04,,,App,Bakery,1,60,0.00,60.00,App Wallet,
T004472,2026-04-26 08:34,B01,M0148,Gold,In-store,Bakery,3,70,0.00,210.00,Credit Card,
T004473,2026-04-26 08:35,B07,M0054,Bronze,In-store,Coffee,1,90,0.00,90.00,QR PromptPay,
T004474,2026-04-26 08:58,B04,M0063,Silver,In-store,Coffee,2,70,0.00,140.00,Credit Card,
T004475,2026-04-26 09:53,B02,M9772,Bronze,App,Bakery,4,110,0.00,440.00,App Wallet,
T004476,26/04/2026 10:15,B06,,,In-store,Bakery,1,60,0.00,60.00,Credit Card,1
T004477,2026-04-26 11:15,B08,M0051,Gold,In-store,Coffee,1,85,12.75,72.25,Cash,
T004478,2026-04-26 12:49,B07,,,In-store,Bakery,1,85,0.00,85.00,QR PromptPay,4
T004479,2026-04-26 13:10,B04,M0114,Silver,In-store,Merchandise,1,460,69.00,391.00,Cash,
T004480,26/04/2026 13:23,B06,M0304,PLATINUM,In-store,Bakery,4,75,45.00,255.00,Credit Card,1
T004481,2026-04-26 13:52,B07,M0288,Gold,App,Coffee,3,95,0.00,285.00,App Wallet,4
T004482,2026-04-26 14:46,B08,M0051,Gold,App,Bakery,1,70,0.00,70.00,Credit Card,
T004483,2026-04-26 14:51,B02,,,In-store,Coffee,1,105,0.00,105.00,QR PromptPay,
T004484,2026-04-26 15:54,B03,M0212,Silver,In-store,Coffee,2,100 THB,0.00,200.00,Cash,
T004485,26/04/2026 16:04,B06,M0110,Bronze,App,Coffee,2,120,0.00,240.00,App Wallet,
T004486,2026-04-26 16:07,B08,,,In-store,Merchandise,3,855,0.00,2565.00,Cash,
T004487,2026-04-26 16:22,B02,M0082,Bronze,In-store,Coffee,2,75,0.00,150.00,Cash,
T004488,2026-04-26 17:34,B04,M0057,Bronze,In-store,Coffee,1,120,0.00,120.00,QR PromptPay,
T004489,2026-04-26 18:52,B02,,,In-store,Bakery,2,110,0.00,220.00,QR PromptPay,
T004490,2026-04-26 19:16,B05,M0092,Bronze,App,Bakery,1,85,12.75,72.25,App Wallet,
T004491,2026-04-26 19:33,B07,M0061,Silver,Delivery,Tea,2,70,0.00,140.00,Credit Card,3
T004492,2026-04-26 22:21,B05,,,Delivery,Coffee,4,90,0.00,360.00,QR PromptPay,5
T004493,2026-04-27 00:00,B05,,,Delivery,Coffee,3,80,0.00,240.00,QR PromptPay,3
T004494,2026-04-27 00:40,B05,,,Delivery ,Coffee,3,60,0.00,180.00,QR PromptPay,
T004495,2026-04-27 01:27,B05,,,Delivery,Coffee,1,75,0.00,75.00,QR PromptPay,
T004496,2026-04-27 08:06,B07,M0170,Gold,Instore,Coffee,2,105,0.00,210.00,Credit Card,
T004497,2026-04-27 08:12,B02,M0272,Bronze,App,Coffee,4,120,0.00,480.00,Credit Card,
T004498,2026-04-27 08:14,B02,,,App,Merchandise,1,330,0.00,330.00,Credit Card,
T004498,2026-04-27 08:14,B02,,,App,Merchandise,1,330,0.00,330.00,Credit Card,
T004499,2026-04-27 08:21,B05,,,Delivery,Coffee,1,90,0.00,90.00,Credit Card,4
T004500,2026-04-27 08:57,B02,,,In-store,Coffee,4,90,0.00,360.00,QR PromptPay,
T004501,2026-04-27 12:09,B07,M0325,Platinum,In-store,Coffee,3,75,0.00,225.00,Cash,4
T004502,2026-04-27 12:47,B07,M0040,Bronze,In-store,Bakery,2,110,0.00,220.00,QR PromptPay,
T004503,2026-04-27 13:24,B05,,,In-store,Coffee,4,110,0.00,440.00,QR PromptPay,
T004504,2026-04-27 13:52,B05,M0240,Platinum,In-store,Merchandise,1,615,92.25,522.75,QR PromptPay,
T004505,2026-04-27 14:10,B01,M0276,Bronze,Delivery,Bakery,1,80,16.00,64.00,Credit Card,
T004506,2026-04-27 14:17,B08,M9772,Bronze,App,Coffee,1,75,0.00,75.00,App Wallet,
T004507,27/04/2026 14:18,B06,M0005,Bronze,App,Coffee,1,80,0.00,80.00,App Wallet,
T004508,2026-04-27 14:23,B07,M0288,Gold,In-store,Coffee,1,60,0.00,60.00,QR PromptPay,
T004509,2026-04-27 14:26,B04,M0229,Platinum,App,Coffee,1,70,10.50,59.50,App Wallet,
T004510,2026-04-27 14:35,B04,M0099,Gold,Delivery,Coffee,4,65,52.00,208.00,QR PromptPay,4
T004511,2026-04-27 14:38,B07,M0036,Platinum,App,Coffee,3,75,0.00,225.00,App Wallet,3
T004512,27/04/2026 15:09,B06,M0298,Bronze,In-store,Coffee,2,75,0.00,150.00,Cash,
T004513,2026-04-27 16:36,B04,M0143,Bronze,In-store,Coffee,1,115,0.00,115.00,Cash,5
T004514,2026-04-27 16:41,B01,M0010,Brz,In-store,Bakery,4,100,0.00,400.00,QR PromptPay,
T004515,2026-04-27 18:10,B08,,,In store,Coffee,1,110,0.00,110.00,QR PromptPay,3
T004516,2026-04-27 18:52,B04,,,In-store,Coffee,1,60,0.00,60.00,Credit Card,2
T004517,2026-04-27 19:16,B04,,,Delivery,Bakery,63,90,0.00,5670.00,Credit Card,4
T004518,2026-04-27 19:36,B04,,,In-store,Bakery,2,75,0.00,150.00,Cash,
T004519,2026-04-27 22:42,B05,,,Delivery,Tea,1,50,0.00,50.00,QR PromptPay,
T004520,2026-04-28 07:03,B02,,,In-store,Coffee,3,90,0.00,270.00,QR PromptPay,
T004521,2026-04-28 08:04,B01,M0045,Gold,In-store,Coffee,1,110,0.00,110.00,Credit Card,
T004522,2026-04-28 08:34,B03,M0197,Gold,In-store,Bakery,2,110,0.00,220.00,QR PromptPay,4
T004523,2026-04-28 09:05,B03,,,In-store,Coffee,3,115,0.00,345.00,Credit Card,4
T004524,2026-04-28 09:25,B03,M0106,Bronze,In-store,Bakery,2,80,0.00,160.00,Cash,4
T004525,2026-04-28 09:38,B01,,,In-store,Tea,1,90,0.00,90.00,Cash,
T004526,2026-04-28 10:07,B03,,,In-store,Tea,2,50,0.00,100.00,Credit Card,3
T004527,2026-04-28 10:25,B03,M0242,Silver,App,Bakery,4,80,0.00,320.00,Credit Card,
T004528,2026-04-28 11:18,B07,M0193,Bronze,In-store,Coffee,1,75,0.00,75.00,QR PromptPay,
T004529,2026-04-28 11:18,B01,,,In-store,Tea,1,85,0.00,85.00,Cash,
T004530,2026-04-28 11:48,B08,M0259,Bronze,APP,Coffee,1,55,2.75,52.25,App Wallet,
T004531,2026-04-28 11:57,B05,M0102,Platinum,App,Merchandise,1,630,31.50,598.50,Credit Card,
T004531,2026-04-28 11:57,B05,M0102,Platinum,App,Merchandise,1,630,31.50,598.50,Credit Card,
T004531,2026-04-28 12:02,B05,M0102,platinum,App,Merchandise,-1,630,-31.50,-598.50,Credit Card,
T004532,2026-04-28 12:45,B08,M0051,Gold,App,Bakery,2,80,0.00,160.00,App Wallet,5
T004533,2026-04-28 13:12,B03,M0092,Bronze,In-store,Coffee,1,60,9.00,51.00,Credit Card,
T004534,28/04/2026 13:26,B06,M0056,Platinum,In-store,Coffee,1,110,0.00,110.00,Cash,
T004535,2026-04-28 13:41,B05,M0307,Platinum,In-store,Coffee,1,120,18.00,102.00,QR PromptPay,
T004536,2026-04-28 13:57,B08,M0051,Gold,In-store,Coffee,1,60,0.00,60.00,Credit Card,
T004537,2026-04-28 14:26,B04,M0258,Bronze,In-store,Bakery,1,65,0.00,65.00,QR PromptPay,5
T004538,2026-04-28 15:41,B08,M0119,Bronze,In-store,Bakery,1,90,0.00,90.00,QR PromptPay,4
T004539,2026-04-28 16:42,B05,,,In-store,Coffee,2,110,0.00,220.00,Cash,
T004540,2026-04-28 16:43,B01,M9349,Bronze,In-store,Merchandise,3,880,0.00,2640.00,QR PromptPay,3
T004541,28/04/2026 16:54,B06,M0056,Platinum,In-store,Coffee,2,70,28.00,112.00,Cash,5
T004542,28/04/2026 17:19,B06,M0056,Platinum,In-store,Coffee,1,70,7.00,63.00,Cash,
T004543,28/04/2026 17:36,B06,M0056,Platinum,In-store,Merchandise,3,305,0.00,915.00,Cash,
T004544,2026-04-28 18:26,B02,M0308,Gold,App,Merchandise,2,830,0.00,1660.00,Credit Card,
T004545,2026-04-28 19:42,B07,,,Delivery,Coffee,2,80,0.00,160.00,Cash,4
T004546,2026-04-29 08:14,B03,,,In-store,Coffee,2,115,0.00,230.00,Credit Card,5
T004547,2026-04-29 08:17,B04,M0143,Bronze,In-store,Bakery,2,65,0.00,130.00,Cash,
T004548,2026-04-29 10:12,B04,M0294,Bronze,Delivery,Coffee,1,100,0.00,100.00,QR PromptPay,
T004549,2026-04-29 10:27,B01,M0147,Silver,App,Coffee,3,75,45.00,180.00,Credit Card,
T004550,2026-04-29 12:19,B07,,,Delivery,Merchandise,1,810,0.00,810.00,Cash,
T004551,2026-04-29 13:20,B05,M0297,Bronze,In-store,Tea,3,55,0.00,165.00,Cash,
T004552,2026-04-29 13:24,B03,M0042,Bronze,In-store,Bakery,4,60,0.00,240.00,Cash,
T004553,2026-04-29 13:59,B04,,,App,Bakery,1,50,0.00,50.00,App Wallet,
T004554,2026-04-29 15:42,B02,,,In-store,Tea,1,55,0.00,55.00,QR PromptPay,4
T004555,2026-04-29 16:06,B03,M0131,Bronze,App,Coffee,1,110,0.00,110.00,Credit Card,
T004556,2026-04-29 16:25,B05,M0240,Platinum,App,Bakery,1,105,5.25,99.75,App Wallet,4
T004557,2026-04-29 16:48,B07,,,App,Coffee,1,80,0.00,80.00,App Wallet,3
T004558,2026-04-29 17:23,B07,M0196,Bronze,In-store,Coffee,1,85,0.00,85.00,Cash,
T004559,2026-04-29 17:46,B02,M0012,Platinum,App,Coffee,1,95,0.00,95.00,App Wallet,
T004560,2026-04-29 18:35,B01,,,In-store,Bakery,2,45,0.00,90.00,QR PromptPay,
T004561,2026-04-29 19:27,B02,M0160,Bronze,In-store,Coffee,1,80,0.00,80.00,Credit Card,
T004562,2026-04-29 19:36,B04,M0141,Silver,In-store,Coffee,2,90,0.00,180.00,QR PromptPay,
T004563,2026-04-29 19:55,B04,,,App,Coffee,1,95,0.00,95.00,App Wallet,4
T004564,30/04/2026 08:05,B06,M0056,Platinum,In-store,Coffee,1,75,7.50,67.50,Credit Card,1
T004565,2026-04-30 08:25,B04,M0308,gold,In-store,Bakery,2,95,0.00,190.00,Credit Card,3
T004566,2026-04-30 08:26,B03,M0059,GOLD,In-store,Coffee,1,60,0.00,60.00,Credit Card,
T004567,2026-04-30 09:07,B07,,,In store,Bakery,2,55,0.00,110.00,QR PromptPay,5
T004568,2026-04-30 09:28,B02,,,In-store,Tea,4,90,0.00,360.00,QR PromptPay,4
T004569,2026-04-30 10:46,B04,,,In-store,Merchandise,4,345,0.00,1380.00,QR PromptPay,
T004570,2026-04-30 11:42,B05,M0120,Bronze,In-store,Bakery,1,95,0.00,95.00,QR PromptPay,
T004571,2026-04-30 11:56,B05,M0047,Platinum,App,Tea,2,50,20.00,80.00,App Wallet,3
T004572,2026-04-30 12:15,B01,M0045,Gold,In-store,Coffee,2,115,34.50,195.50,Cash,
T004573,2026-04-30 12:28,B03,M0312,Silver,In-store,Coffee,1,60,0.00,60.00,QR PromptPay,
T004574,2026-04-30 13:03,B07,M0286,Silver,App,Coffee,2,75,30.00,120.00,App Wallet,5
T004575,2026-04-30 13:10,B08,M0051,Gld,Delivery,Bakery,1,55,8.25,46.75,QR PromptPay,
T004573,2026-04-30 13:14,B03,M0312,Silver,In-store,Coffee,-1,60,-0.00,-60.00,QR PromptPay,
T004576,2026-04-30 13:40,B07,,,In-store,Coffee,1,95,0.00,95.00,Credit Card,3
T004577,2026-04-30 13:51,B04,M0016,Gld,In-store,Bakery,1,80,8.00,72.00,Credit Card,
T004578,2026-04-30 14:00,B03,,,In-store,Tea,1,80,0.00,80.00,QR PromptPay,5
T004579,2026-04-30 14:44,B01,M0284,Bronze,In-store,Coffee,1,90,0.00,90.00,QR PromptPay,
T004580,2026-04-30 14:44,B01,M0171,Gold,In-store,Coffee,2,100,0.00,200.00,QR PromptPay,
T004581,2026-04-30 16:01,B2,M0304,Platinum,In-store,Coffee,1,105,0.00,105.00,Credit Card,
T004582,30/04/2026 17:17,B06,M0052,Bronze,In-store,Coffee,2,90,0.00,180.00,QR PromptPay,5
T004583,2026-04-30 18:39,B02,,,Delivery,Coffee,1,80,0.00,80.00,Credit Card,4
T004584,2026-04-30 19:40,B03,M0013,Bronze,In-store,Coffee,1,85,0.00,85.00,Cash,
T004585,2026-05-01 08:14,B05,,,App,Coffee,2,85,0.00,170.00,Credit Card,4
T004586,2026-05-01 08:43,B01,M0140,Bronze,App,Coffee,2,75,30.00,120.00,Credit Card,4
T004587,2026-05-01 09:04,B04,,,In-store,Coffee,1,75,0.00,75.00,QR PromptPay,
T004588,2026-05-01 09:26,B01,,,Delivery,Merchandise,1,350,0.00,350.00,QR PromptPay,
T004589,2026-05-01 11:14,B07,,,In-store,Coffee,4,115,0.00,460.00,Credit Card,
T004590,2026-05-01 11:26,B08,M0040,Bronze,In-store,Coffee,2,120,0.00,240.00,Credit Card,4
T004591,2026-05-01 12:21,B08,,,Delivery,Merchandise,2,825,0.00,1650.00,QR PromptPay,4
T004592,2026-05-01 12:34, B04,M0079,Silver,In-store,Coffee,4,70,28.00,252.00,QR PromptPay,
T004593,2026-05-01 13:15,B05,M0297,Bronze,App,Tea,2,70,0.00,140.00,App Wallet,4
T004594,2026-05-01 13:27,B05,,,In-store,Tea,3,60,0.00,180.00,Cash,
T004595,2026-05-01 13:36,B03,M0078,Silver,In-store,Coffee,3,85,0.00,255.00,Cash,
T004596,01/05/2026 13:37,B06,M0096,Gold,In-store,Tea,3,85,0.00,255.00,Credit Card,1
T004597,2026-05-01 13:39,B08,M0226,Bronze,In-store,Coffee,1,65,0.00,65.00,QR PromptPay,
T004598,2026-05-01 14:34,B08,M0184,Bronze,In-store,Bakery,2,45,13.50,76.50,Credit Card,
T004599,2026-05-01 15:25,B05,M0063,Silver,Delivery,Bakery,2,65,19.50,110.50,Cash,
T004600,01/05/2026 15:26,B06,M0273,Silver,In-store,Bakery,2,60,0.00,120.00,Cash,1
T004601,2026-05-01 15:38,B04,M0024,Platinum,App,Coffee,3,120,0.00,360.00,Credit Card,
T004602,2026-05-01 15:42,B05,M0292,Silver,App,Bakery,1,45,0.00,45.00,App Wallet,5
T004603,2026-05-01 15:46,B08,M0106,bronze,In-store,Coffee,1,115,0.00,115.00,Cash,
T004604,01/05/2026 17:04,B06,M0219,Bronze,In-store,Coffee,4,100,0.00,400.00,Cash,
T004605,2026-05-01 17:26,B01,M0272,Bronze,In-store,Tea,1,50,0.00,50.00,Cash,
T004606,2026-05-01 18:02,B07,M0288,Gold,In-store,Coffee,1,120,0.00,120.00,Cash,3
T004607,2026-05-01 18:37,B05,,,Delivery,Bakery,46,95,0.00,4370.00,Credit Card,3
T004608,2026-05-02 07:52,B02,,,In-store,Tea,1,60,0.00,60.00,Credit Card,5
T004609,2026-05-02 07:54,B08,,,In-store,Coffee,1,80,0.00,80.00,Cash,
T004610,2026-05-02 07:58,B05,M0069,Platinum,In-store,Tea,1,95,4.75,90.25,Credit Card,3
T004611,2026-05-02 08:04,B05,M0244,Bronze,Delivery,Bakery,2,90,0.00,180.00,QR PromptPay,
T004612,2026-05-02 08:22,B02,M0228,Gold,In-store,Coffee,1,60,0.00,60.00,QR PromptPay,
T004613,2026-05-02 08:39,B03,,,Delivery,Tea,1,75,0.00,75.00,QR PromptPay,
T004614,2026-05-02 08:40,B07,,,In-store,Merchandise,1,300,0.00,300.00,Cash,
T004615,02/05/2026 08:51,B06,M0262,Silver,App,Bakery,1,60,0.00,60.00,App Wallet,
T004616,02/05/2026 08:57,B06,M0052,Bronze,In-store,Coffee,3,65,0.00,195.00,QR PromptPay,
T004617,2026-05-02 09:05,B07,,,App,Coffee,1,120,0.00,120.00,App Wallet,
T004618,2026-05-02 09:11,B01,M0076,Bronze,In-store,Coffee,2,฿70,0.00,140.00,Cash,
T004619,2026-05-02 09:50,B08,M0119,Bronze,in-store,Coffee,1,60,9.00,51.00,QR PromptPay,
T004620,2026-05-02 11:10, B08,M0171,Gold,Instore,Coffee,1,120,0.00,120.00,Credit Card,4
T004621,2026-05-02 11:53,B05,,,App,Tea,3,70,0.00,210.00,App Wallet,
T004622,02/05/2026 12:05,B06,,,In-store,Tea,4,85,0.00,340.00,QR PromptPay,
T004623,2026-05-02 12:16,B07,M0208,Gold,App,Coffee,2,55,0.00,110.00,Credit Card,
T004624,2026-05-02 12:26,B01,M0045,Gold,App,Merchandise,1,250,0.00,250.00,Credit Card,5
T004625,2026-05-02 12:30,B03,,,In-store,Coffee,1,105,0.00,105.00,QR PromptPay,4
T004626,02/05/2026 13:25,B06,M0260,Gold,Delivery,Bakery,3,80,24.00,216.00,Cash,
T004627,2026-05-02 13:35,B01,,,Delivery,Coffee,1,65,0.00,65.00,Cash,
T004628,2026-05-02 13:52,B08,M0226,Bronze,Delivery,Tea,3,90,0.00,270.00,Credit Card,4
T004629,2026-05-02 15:05,B01,M0048,Silver,In-store,Coffee,1,฿110.00,22.00,88.00,Cash,3
T004630,02/05/2026 15:28,B06,,,App,Bakery,2,105,0.00,210.00,Credit Card,
T004631,2026-05-02 16:07,B07,,,In-store,Bakery,2,95,0.00,190.00,Credit Card,
T004632,2026-05-02 16:12,B04,M0181,Bronze,In-store,Coffee,1,115,0.00,115.00,Cash,5
T004633,2026-05-02 16:32,B05,M0047,Platinum,In-store,Coffee,1,95,4.75,90.25,Credit Card,
T004634,2026-05-02 16:54,B02,M0142,Silver,In-store,Merchandise,1,380,0.00,380.00,Credit Card,
T004635,2026-05-02 17:34,B07,M0027,Silver,In-store,Bakery,1,100,10.00,90.00,Credit Card,
T004636,2026-05-02 18:05,B05,M0322,Gold,App,Tea,1,60,0.00,60.00,Credit Card,4
T004637,2026-05-02 18:35,B02,M0015,Gold,App,Merchandise,1,685,0.00,685.00,App Wallet,
T004638,2026-05-02 18:51,B05,M0310,Gold,In-store,Bakery,1,60,6.00,54.00,Credit Card,4
T004639,2026-05-02 19:52,B02,,,App,Bakery,4,75,0.00,300.00,Credit Card,
T004640,2026-05-03 07:05,B01,M0114,Silver,In-store,Coffee,4,80,0.00,320.00,Credit Card,4
T004641,03/05/2026 07:21,B06,M0052,Bronze,In-store,Coffee,1,85,0.00,85.00,Cash,
T004642,2026-05-03 08:30,B02,M0276,Bronze,In-store,Coffee,1,105,21.00,84.00,Credit Card,
T004643,2026-05-03 08:44,B02,M0078,Silver,In-store,Coffee,1,105,5.25,99.75,Cash,
T004642,2026-05-03 09:13,B02,M0276,Bronze,In-store,Coffee,-1,105,-21.00,-84.00,Credit Card,
T004644,2026-05-03 09:45,B04,M0294,Bronze,In-store,Coffee,3,75,0.00,225.00,Cash,
T004645,2026-05-03 12:46,B03,M0312,Silver,In-store,Coffee,1,75,0.00,75.00,Credit Card,2
T004646,2026-05-03 12:50,B02,M0007,Silver,In-store,Coffee,1,60,0.00,60.00,Cash,
T004647,2026-05-03 12:59,B07,M0325,Platinum,In-store,Bakery,1,55,0.00,55.00,Cash,3
T004648,2026-05-03 13:37,B05,M0055,Silver,In-store,Coffee,2,75,0.00,150.00,QR PromptPay,3
T004649,2026-05-03 13:52,B08,M0010,Bronze,In-store,Bakery,3,60,0.00,180.00,Credit Card,
T004650,03/05/2026 14:00,B06,M0056,Platinum,In-store,Coffee,4,90,72.00,288.00,QR PromptPay,5
T004651,2026-05-03 15:08,B03,,,In-store,Coffee,2,65,0.00,130.00,QR PromptPay,
T004652,2026-05-03 16:16,B01,M0045,Gold,App,Coffee,2,95,19.00,171.00,App Wallet,5
T004653,2026-05-03 16:24,B08,M0051,Gold,In-store,Tea,1,95,19.00,76.00,QR PromptPay,4
T004654,2026-05-03 16:45,B05,M0240,Platinum,In-store,Bakery,1,45,0.00,45.00,Cash,
T004655,2026-05-03 17:01,B01,M0147,Silver,App,Coffee,4,80,0.00,320.00,App Wallet,
T004653,2026-05-03 17:03,B08,M0051,Gold,In-store,Tea,-1,95,-19.00,-76.00,QR PromptPay,
T004656,2026-05-03 17:44,B01,,,Delivery,Bakery,2,55,0.00,110.00,Cash,4
T004657,2026-05-03 18:37,B08,,,App,Bakery,2,75,0.00,150.00,Credit Card,
T004658,2026-05-03 18:51,B01,M0115,Silver,in-store,Coffee,1,90,0.00,90.00,QR PromptPay,
T004659,2026-05-03 18:55,B08,M0180,Bronze,In-store,Tea,2,60,0.00,120.00,Credit Card,
T004660,2026-05-03 23:17,B05,,,Delivery,Coffee,3,100,0.00,300.00,QR PromptPay,
T004661,2026-05-04 02:57,B05,,,Delivery,Coffee,2,55,0.00,110.00,Credit Card,
T004662,2026-05-04 07:07,B03,,,In-store,Tea,1,75,0.00,75.00,Cash,
T004663,2026-05-04 08:36,B03,M0230,Silver,App,Coffee,2,100,0.00,200.00,App Wallet,4
T004664,2026-05-04 08:46,B04,M0057,Bronze,In-store,Coffee,3,60,0.00,180.00,QR PromptPay,4
T004665,2026-05-04 08:50,B07,M0040,Bronze,Delivery,Bakery,1,45,0.00,45.00,QR PromptPay,
T004666,04/05/2026 10:10,B06,,,In-store,Coffee,2,85,0.00,170.00,QR PromptPay,5
T004667,2026-05-04 10:19,B01,M0070,Bronze,In-store,Coffee,3,90,0.00,270.00,Credit Card,
T004668,2026-05-04 11:21,B08,M0002,Bronze,In-store,Bakery,2,110,0.00,220.00,QR PromptPay,5
T004669,04/05/2026 12:09,B06,,,Delivery,Tea,1,90,0.00,90.00,Credit Card,
T004670,2026-05-04 12:25,B05,,,In-store,Coffee,1,55,0.00,55.00,Cash,
T004671,2026-05-04 12:53,B04,M0115,Silver,In-store,Bakery,1,80,0.00,80.00,QR PromptPay,4
T004672,2026-05-04 13:03,B03,M0059,Gold,In-store,Tea,1,80,0.00,80.00,Cash,
T004673,2026-05-04 13:29,B08,,,In-store,Coffee,1,120,0.00,120.00,QR PromptPay,
T004674,2026-05-04 13:32,B02,M0015,Gold,In-store,Coffee,1,80,8.00,72.00,Cash,
T004675,2026-05-04 13:33,B01,M0319,Gold,In-store,Coffee,3,90,0.00,270.00,Credit Card,5
T004676,2026-05-04 14:11,B01,,,In-store,Tea,2,75,0.00,150.00,Credit Card,
T004677,2026-05-04 15:08,B08,M0215,Bronze,In-store,Merchandise,2,420,168.00,672.00,Cash,
T004678,2026-05-04 15:48,B02,,,In store,Tea,4,50,0.00,200.00,Cash,
T004679,2026-05-04 15:59,B02,M0265,Gold,App,Bakery,3,95,0.00,285.00,App Wallet,
T004680,2026-05-04 16:01,B01,M0208,Gold,App,Tea,2,80,24.00,136.00,Credit Card,
T004681,04/05/2026 16:41,B06,M0056,Platinum,In-store,Coffee,1,85,0.00,85.00,Cash,
T004682,04/05/2026 16:47,B06,M0056,Platinum,Delivery,Bakery,1,100,0.00,100.00,Cash,
T004683,2026-05-04 17:45,B03,,,In-store,Tea,1,70,0.00,70.00,Credit Card,
T004684,2026-05-05 07:09,B04,M0040,Bronze,In-store,Coffee,1,105,204.38,-99.38,Cash,
T004685,2026-05-05 07:15,B04,M0002,Bronze,In-store,Coffee,1,115,0.00,115.00,QR PromptPay,
T004686,2026-05-05 07:17,B08,M0073,Gold,App,Coffee,4,100,0.00,400.00,App Wallet,4
T004687,2026-05-05 07:27,B01,M0147,Silver,app,Coffee,1,60,0.00,60.00,Credit Card,
T004688,2026-05-05 08:08,B01,M0276,Bronze,In-store,Coffee,4,90,0.00,360.00,Credit Card,5
T004689,2026-05-05 08:20,B01,,,In-store,Tea,1,85,0.00,85.00,QR PromptPay,4
T004690,2026-05-05 08:23,B08,M0171,Gold,Deliv.,Coffee,1,65,0.00,65.00,QR PromptPay,5
T004691,2026-05-05 08:35,B02,M0275,Gold,App,Bakery,2,70,7.00,133.00,App Wallet,
T004692,2026-05-05 08:45,B07,M0054,Bronze,Delivery,Tea,4,80,0.00,320.00,Credit Card,
T004693,2026-05-05 09:48,B04,M0038,Gold,In-store,Tea,1,50,0.00,50.00,Credit Card,
T004694,05/05/2026 10:27,B06,M0213,Silver,App,Coffee,1,95,0.00,95.00,App Wallet,
T004695,2026-05-05 12:02,B03,M9672,Bronze,In-store,Tea,3,95,0.00,285.00,QR PromptPay,
T004696,2026-05-05 12:06,B03,M0037,Silver,App,Coffee,1,115,0.00,115.00,Credit Card,4
T004697,2026-05-05 12:26,B05,M0307,Platinum,In store,Coffee,4,115,0.00,460.00,Cash,4
T004698,2026-05-05 12:31,B07,,,In-store,Coffee,3,90,0.00,270.00,Credit Card,
T004699,2026-05-05 12:58,B03,M0132,Bronze,App,Coffee,2,85,0.00,170.00,Credit Card,5
T004700,2026-05-05 13:04,B02,M0257,Silver,Delivery,Coffee,3,120,0.00,360.00,QR PromptPay,4
T004701,2026-05-05 13:04,B07,M0170,Gold,APP,Tea,2,50,20.00,80.00,Credit Card,
T004702,2026-05-05 13:15,B03,M0044,bronze,In-store,Coffee,4,65 THB,0.00,260.00,QR PromptPay,
T004703,05/05/2026 13:38,B06,,,App,Bakery,2,100,0.00,200.00,App Wallet,
T004704,2026-05-05 16:37,B07,M0325,Platinum,In-store,Tea,1,55,5.50,49.50,QR PromptPay,
T004705,2026-05-05 16:41,B08,M0073,Gold,In-store,Coffee,2,90,36.00,144.00,Credit Card,
T004706,2026-05-05 17:08,B01,M0042,Bronze,In-store,Coffee,3,75,0.00,225.00,Credit Card,3
T004707,2026-05-05 17:47,B04,,,In-store,Coffee,3,110,0.00,330.00,Credit Card,3
T004708,2026-05-05 17:52,B07,M0170,Gold,App,Coffee,1,90,0.00,90.00,App Wallet,
T004709,2026-05-05 18:53,B02,M0148,Gold,In-store,Tea,1,95,9.50,85.50,Credit Card,
T004710,2026-05-06 08:22,B07,,,In-store,Coffee,1,95,0.00,95.00,Credit Card,
T004711,2026-05-06 08:24,B03,M9039,Platinum,Delivery,Coffee,3,105,0.00,315.00,QR PromptPay,
T004712,2026-05-06 08:32,B05,M0015,Gold,App,Coffee,1,90,9.00,81.00,Credit Card,
T004713,2026-05-06 08:35,B04,,,In-store,Coffee,2,85,0.00,170.00,QR PromptPay,
T004714,2026-05-06 08:38,B01,,,Delivery,Coffee,1,105,0.00,105.00,Cash,
T004715,2026-05-06 10:11,B03,,,In-store,Bakery,3,95,0.00,285.00,QR PromptPay,
T004716,2026-05-06 10:33,B03,M0164,Bronze,In-store,Merchandise,3,770,0.00,2310.00,Cash,
T004717,2026-05-06 11:25,B07,M0054,bronze,Delivery,Coffee,1,95,0.00,95.00,Credit Card,
T004718,2026-05-06 12:01,B05,M0249,Gold,In-store,Coffee,3,90,13.50,256.50,Credit Card,
T004719,2026-05-06 12:05,B08,M0013,Bronze,App,Coffee,4,80,64.00,256.00,App Wallet,3
T004720,2026-05-06 12:29,B05,M0248,Gold,In-store,Coffee,1,75,3.75,71.25,Credit Card,5
T004721,2026-05-06 12:36,B01,M0237,Silver,In-store,Bakery,1,105,0.00,105.00,QR PromptPay,
T004722,2026-05-06 12:38,B05,M0047,Platinum,In-store,Bakery,1,55,0.00,55.00,Credit Card,
T004723,2026-05-06 13:16,B01,M0276,Bronze,In-store,Coffee,1,60,0.00,60.00,Credit Card,
T004724,2026-05-06 13:27,B05,M0295,Silver,App,Bakery,4,45,36.00,144.00,App Wallet,
T004725,2026-05-06 13:30,B02,M0015,Gold,App,Tea,1,80,0.00,80.00,Credit Card,
T004726,2026-05-06 14:00,B01,M0290,SILVER,App,Coffee,2,80,0.00,160.00,Credit Card,
T004727,2026-05-06 16:59,b01,M9388,Gold,Delivery,Merchandise,2,650,0.00,1300.00,Credit Card,5
T004728,2026-05-06 19:54,B01,M0276,Bronze,In-store,Coffee,3,95,0.00,285.00,QR PromptPay,
T004729,2026-05-07 07:55,B08,,,In-store,Tea,1,85,0.00,85.00,Credit Card,5
T004730,2026-05-07 08:36,B04,M0115,Silver,In-store,Coffee,1,80,8.00,72.00,QR PromptPay,
T004731,2026-05-07 08:39,B03,M0078,Silver,In-store,Bakery,1,55,0.00,55.00,QR PromptPay,
T004732,2026-05-07 08:40,B01,M0281,Silver,In-store,Coffee,1,60,0.00,60.00,QR PromptPay,
T004733,2026-05-07 11:55,B04,M0115,Silver,App,Coffee,1,55,0.00,55.00,Credit Card,
T004734,2026-05-07 12:05,B04,,,In-store,Bakery,1,105,0.00,105.00,Cash,3
T004735,07/05/2026 12:33,B06,,,In-store,Coffee,1,65,0.00,65.00,Credit Card,
T004736,07/05/2026 13:22,B06,M0273,Silver,Delivery,Coffee,1,85,0.00,85.00,Cash,
T004737,2026-05-07 14:28,B07,M0196,Bronze,In-store,Bakery,1,90,0.00,90.00,Credit Card,
T004738,2026-05-07 14:29,B05,M0055,Silver,In-store,Tea,4,60,0.00,240.00,Cash,2
T004739,2026-05-07 14:50,B05,M0240,Platinum,In-store,Tea,1,85,0.00,85.00,QR PromptPay,
T004740,07/05/2026 14:58,B06,,,In-store,Coffee,1,60,0.00,60.00,QR PromptPay,5
T004741,2026-05-07 15:50,B03,,,In-store,Coffee,1,65,0.00,65.00,Credit Card,
T004742,2026-05-07 15:58,B05,M0260,Gold,Instore,Coffee,2,70,0.00,140.00,QR PromptPay,
T004743,2026-05-07 16:01,B05,M0120,Bronze,App,Coffee,1,90,0.00,90.00,Credit Card,5
T004744,2026-05-07 17:10,B08,,,In-store,Coffee,2,75,0.00,150.00,QR PromptPay,
T004745,2026-05-07 17:20,B01,,,Delivery,Coffee,1,115,0.00,115.00,Credit Card,3
T004746,2026-05-07 17:59,B02,M0292,Silver,In-store,Bakery,1,100,0.00,100.00,QR PromptPay,5
T004747,2026-05-07 18:06,B03,M9772,PLATINUM,App,Tea,1,80,0.00,80.00,Credit Card,3
T004748,2026-05-08 07:33,B07,M0047,Platinum,In-store,Bakery,4,105,84.00,336.00,QR PromptPay,
T004749,2026-05-08 07:55,B07,M0162,Platinum,In-store,Coffee,1,120,0.00,120.00,QR PromptPay,
T004750,2026-05-08 08:28,B07,M0063,Silver,In-store,Bakery,3,50,0.00,150.00,Cash,
T004751,2026-05-08 08:42,B03,M0074,Platinum,Delivery,Coffee,1,60,3.00,107.00,QR PromptPay,
T004752,2026-05-08 08:55,B03,M0103,Silver,In-store,Tea,4,70,0.00,280.00,Cash,
T004753,2026-05-08 08:55,B05,M0180,Bronze,Instore,Coffee,1,90,0.00,90.00,Credit Card,
T004748,2026-05-08 09:01,B07,M0047,Platinum,In-store,Bakery,-4,105,-84.00,-336.00,QR PromptPay,
T004754,2026-05-08 10:58,B07,M0054,Bronze,App,Coffee,1,70,0.00,70.00,App Wallet,3
T004755,2026-05-08 11:10,B05,M0206,Bronze,App,Coffee,2,75,0.00,150.00,App Wallet,
T004756,2026-05-08 11:12,B04,M0099,Gold,Delivery,Coffee,1,60,0.00,60.00,Credit Card,
T004757,2026-05-08 11:29,B04,M0109,Bronze,In-store,Bakery,1,110,0.00,110.00,Cash,
T004758,2026-05-08 11:37,B05,M0240,Platinum,In-store,Bakery,2,50,5.00,95.00,Cash,
T004759,2026-05-08 12:06,B03,M0132,Bronze,App,Bakery,1,45,9.00,36.00,Credit Card,
T004760,2026-05-08 12:18,B04,M0052,Bronze,App,Bakery,2,70,0.00,140.00,Credit Card,
T004761,2026-05-08 12:29,B08,M0184,Brz,In-store,Merchandise,1,฿580.00,58.00,522.00,Credit Card,
T004762,2026-05-08 12:32,B01,M0286,Silver,In-store,Coffee,3,85,0.00,255.00,Credit Card,3
T004763,08/05/2026 12:35,B06,M0304,Platinum,App,Coffee,4,65,26.00,234.00,Credit Card,
T004764,2026-05-08 12:42,B05,M0206,Bronze,App,Bakery,2,45,0.00,90.00,App Wallet,4
T004765,2026-05-08 14:59,B04,M0262,Silver,In-store,Coffee,1,115,0.00,115.00,Cash,2
T004766,2026-05-08 15:14,B07,M0150,Bronze,In-store,Tea,2,65,0.00,60.00,QR PromptPay,3
T004767,2026-05-08 15:30,B08,M0010,Bronze,In-store,Coffee,1,55,0.00,55.00,QR PromptPay,5
T004768,2026-05-08 16:25,B05,M0187,Bronze,In-store,Coffee,4,70,0.00,280.00,Cash,
T004769,2026-05-08 17:25,B08,M0087,Bronze,App,Tea,4,95,0.00,380.00,Credit Card,5
T004770,2026-05-08 17:46,B05,M0322,Gold,In-store,Coffee,1,75,0.00,75.00,Cash,
T004771,2026-05-08 18:53,B03,,,In-store,Coffee,1,80,0.00,80.00,QR PromptPay,
T004772,2026-05-08 19:38,B01,,,In-store,Coffee,2,90,0.00,180.00,Credit Card,
T004773,2026-05-08 21:09,B05,,,Delivery,Merchandise,3,780,0.00,2340.00,QR PromptPay,3
T004774,2026-05-09 07:34,B02,M0136,Bronze,In-store,Coffee,1,80,0.00,80.00,QR PromptPay,3
T004775,2026-05-09 08:36,B01,M0190,Silver,Delivery,Coffee,1,70,0.00,70.00,QR PromptPay,
T004776,09/05/2026 08:43,B06,,,App,Coffee,4,115,0.00,460.00,Credit Card,
T004777,2026-05-09 08:43,B07,M0288,Gold,In-store,Bakery,1,70,14.00,56.00,QR PromptPay,
T004778,2026-05-09 09:10,B08,M0119,Bronze,In-store,Coffee,1,70,0.00,70.00,Credit Card,3
T004779,2026-05-09 09:27,B04,,,In-store,Coffee,1,75,0.00,75.00,QR PromptPay,4
T004780,2026-05-09 11:29,B07,M0304,Platinum,In-store,Bakery,1,100,0.00,100.00,QR PromptPay,4
T004781,2026-05-09 12:47,B05,M0315,Bronze,In-store,Tea,1,85,0.00,15.00,Cash,
T004782,2026-05-09 12:48,B01,,,In-store,Bakery,2,75,0.00,150.00,Credit Card,5
T004783,2026-05-09 12:49,B04,M0159,Platinum,Delivery,Coffee,1,70,0.00,70.00,Credit Card,
T004784,2026-05-09 13:45,B05,M0076,bronze,App,Tea,2,70,0.00,140.00,Credit Card,
T004785,2026-05-09 13:48,B08,,,In-store,Bakery,2,80,0.00,160.00,Credit Card,
T004786,2026-05-09 13:53,B03,M0312,Silver,In-store,Coffee,1,90,0.00,90.00,Credit Card,
T004787,2026-05-09 14:25,B05,M0001,Bronze,App,Coffee,3,120,0.00,360.00,Credit Card,
T004788,2026-05-09 14:29,B07,M0284,Bronze,Delivery,Coffee,2,60,0.00,120.00,QR PromptPay,
T004789,09/05/2026 14:40,B06,,,App,Coffee,2,55,0.00,110.00,Credit Card,
T004790,2026-05-09 14:44,B02,M0078,Silver,Delivery,Coffee,4,60,0.00,240.00,QR PromptPay,3
T004791,2026-05-09 16:07,B03,,,In-store,Tea,2,95,0.00,190.00,Credit Card,
T004792,2026-05-09 16:39,B03,M0059,Gold,In-store,Coffee,2,110,44.00,176.00,Credit Card,3
T004793,2026-05-09 16:41,B04,M0144,Silver,Delivery,Coffee,2,105,0.00,210.00,Cash,4
T004794,2026-05-09 16:43,B05,M0055,Silver,In-store,Coffee,4,80,0.00,320.00,Credit Card,
T004795,2026-05-09 16:44,B01,,,App,Bakery,1,90,0.00,90.00,Credit Card,
T004796,2026-05-09 16:56,B07,,,Delivery,Merchandise,1,450,0.00,450.00,QR PromptPay,
T004797,2026-05-09 17:57,B02,M0051,Gold,delivery,Coffee,4,55,0.00,220.00,Credit Card,
T004798,2026-05-09 18:04,B04,M0099,Gold,In-store,Tea,2,60,0.00,120.00,QR PromptPay,
T004799,2026-05-09 18:22,B04,M0159,Platinum,In-store,Bakery,1,70,14.00,56.00,Cash,
T004797,2026-05-09 19:17,B02,M0051,Gold,Delivery,Coffee,-4,55,-0.00,-220.00,Credit Card,
T004800,2026-05-09 19:21,B05,,,App,Tea,2,95,0.00,190.00,App Wallet,
T004801,2026-05-09 22:19,B05,,,Delivery,Coffee,1,95,0.00,95.00,QR PromptPay,
T004802,2026-05-09 22:31,B05,,,Delivery,Coffee,3,120,0.00,360.00,QR PromptPay,
T004803,2026-05-09 22:50,B05,,,Delivery,Bakery,3,90,0.00,270.00,Credit Card,5
T004804,2026-05-10 07:34,B07,M0192,Gold,App,Tea,1,60,9.00,51.00,App Wallet,
T004805,2026-05-10 08:19,B05,,,In-store,Coffee,4,55,0.00,220.00,Credit Card,
T004806,2026-05-10 08:24,B04,,,In-store,Coffee,2,115,0.00,230.00,QR PromptPay,
T004807,10/05/2026 08:40,B06,M0028,Silver,App,Coffee,3,70,0.00,210.00,Credit Card,
T004808,2026-05-10 10:23,B02,M0140,Bronze,App,Tea,2,70,0.00,140.00,App Wallet,
T004809,2026-05-10 10:42,B03,,,In-store,Bakery,4,฿75,0.00,300.00,QR PromptPay,3
T004810,2026-05-10 11:43,B07,,,In-store,Coffee,1,110,0.00,110.00,QR PromptPay,
T004811,2026-05-10 13:09,B05,M0145,Bronze,App,Coffee,1,110,0.00,110.00,App Wallet,
T004812,2026-05-10 13:32,B03,,,App,Bakery,1,105,0.00,105.00,Credit Card,
T004813,2026-05-10 13:37,B01,M0319,Gold,App,Coffee,3,90,13.50,256.50,Credit Card,5
T004814,2026-05-10 13:53,B03,,,Delivery,Coffee,1,65,0.00,65.00,QR PromptPay,
T004815,2026-05-10 14:05,B01,M0273,Silver,In-store,Coffee,4,95,0.00,380.00,QR PromptPay,
T004815,2026-05-10 14:05,B01,M0273,Silver,In-store,Coffee,4,95,0.00,380.00,QR PromptPay,
T004816,2026-05-10 14:45,B05,,,Delivery,Bakery,1,60,0.00,60.00,Cash,
T004817,2026-05-10 15:16,B02,M0269,Gold,App,Tea,2,50,0.00,100.00,App Wallet,
T004818,10/05/2026 15:39,B06,M0172,Silver,In-store,Coffee,2,105,0.00,210.00,Cash,4
T004819,2026-05-10 16:00,B02,M0222,Silver,App,Coffee,4,90,72.00,288.00,App Wallet,3
T004820,2026-05-10 16:12,B04,M0092,Bronze,In-store,Coffee,3,80,0.00,240.00,Cash,
T004821,10/05/2026 16:41,B06,,,Mobile App,Bakery,3,105,0.00,315.00,Credit Card,
T004822,2026-05-10 16:59,B04,M0137,Bronze,In-store,Coffee,2,115,0.00,230.00,Cash,3
T004823,2026-05-10 17:04,B02,M0015,Gold,In store,Bakery,1,50,0.00,50.00,QR PromptPay,3
T004824,2026-05-10 18:43,B08,M0119,Bronze,In-store,Merchandise,1,780,0.00,780.00,QR PromptPay,4
T004825,2026-05-10 19:38,B07,M0130,Platinum,Instore,Coffee,4,70,0.00,280.00,Credit Card,
T004826,2026-05-10 19:42,B01,M0319,Gold,Delivery,Coffee,4,75,0.00,300.00,QR PromptPay,5
T004827,2026-05-11 02:23,B05,,,Delivery,Tea,1,85,0.00,85.00,Credit Card,
T004828,2026-05-11 07:05,B02,M0265,Gold,Delivery,Merchandise,1,440,0.00,440.00,Credit Card,
T004829,2026-05-11 08:22,B02,M0172,Silver,Delivery,Merchandise,1,360,0.00,360.00,QR PromptPay,3
T004830,2026-05-11 08:24,B05,M0297,Bronze,In-store,Coffee,1,60,0.00,60.00,Credit Card,
T004831,2026-05-11 08:31,B08,M0204,Gold,In-store,Bakery,1,95,0.00,95.00,QR PromptPay,4
T004832,2026-05-11 09:32,B07,M0286,Silver,Delivery,Coffee,2,60,0.00,120.00,Cash,
T004833,2026-05-11 10:35,B03,M0258,Bronze,In-store,Bakery,3,105,47.25,267.75,Cash,
T004834,2026-05-11 11:24,B08,M0184,Bronze,Delivery,Coffee,3,120,0.00,360.00,Cash,
T004835,2026-05-11 11:41,B01,M0290,Silver,In-store,Coffee,1,60,6.00,54.00,Credit Card,5
T004836,2026-05-11 12:13,B03,,,In-store,Coffee,1,55,0.00,55.00,QR PromptPay,
T004837,2026-05-11 12:51,B05,M0076,Bronze,App,Tea,1,65,0.00,65.00,Credit Card,
T004838,2026-05-11 12:52,B02,M0142,Silver,In-store,Tea,3,75,0.00,225.00,QR PromptPay,4
T004839,2026-05-11 12:58,B03,M0044,Bronze,In-store,Merchandise,2,505,0.00,1010.00,Credit Card,
T004840,2026-05-11 14:31,B03,M0309,Silver,App,Coffee,2,60,0.00,120.00,Credit Card,4
T004841,2026-05-11 15:47,B03,M0044,Bronze,App,Coffee,1,55,0.00,55.00,App Wallet,
T004842,2026-05-11 16:19,B08,,,App,Tea,4,90,0.00,360.00,Credit Card,
T004843,2026-05-11 16:41,B04,M0115,Silver,In-store,Coffee,1,60,6.00,54.00,Cash,
T004844,11/05/2026 17:06,B06,M0056,Platinum,App,Coffee,1,90,0.00,90.00,Credit Card,
T004845,2026-05-11 17:51,B03,M0164,Bronze,In-store,Coffee,1,120,0.00,120.00,Credit Card,
T004846,2026-05-11 18:32,B04,M0115,Silver,In-store,Bakery,1,85,8.50,76.50,QR PromptPay,
T004847,2026-05-11 19:03,B02,M0222,Silver,App,Coffee,1,110,0.00,110.00,App Wallet,
T004848,2026-05-11 19:04,B02,M0292,Silver,In-store,Bakery,3,100,0.00,300.00,Cash,
T004849,2026-05-11 19:15,B08,M0013,Bronze,In-store,Tea,3,75,0.00,225.00,QR PromptPay,
T004850,2026-05-11 19:44,B02,M0148,Gold,Delivery,Coffee,4,60,48.00,192.00,Credit Card,
T004851,2026-05-12 07:15,B02,,,App,Coffee,1,100,0.00,100.00,App Wallet,
T004852,2026-05-12 07:26,B04,,,In-store,Coffee,3,85,0.00,255.00,Cash,
T004853,2026-05-12 07:32,B04,M0159,Platinum,In-store,Coffee,1,70,0.00,70.00,QR PromptPay,3
T004854,2026-05-12 07:58,B05,,,In-store,Tea,2,65,0.00,130.00,QR PromptPay,
T004855,2026-05-12 08:08,B01,M0190,Silver,App,Coffee,2,85,0.00,170.00,App Wallet,
T004856,2026-05-12 08:20,B02,M0222,Silver,In-store,Coffee,4,105,0.00,420.00,Cash,
T004857,2026-05-12 08:40,B05,M0092,Bronze,In-store,Coffee,1,80,0.00,80.00,QR PromptPay,
T004858,2026-05-12 08:41,B04,M0045,Gold,In-store,Bakery,1,95,0.00,95.00,QR PromptPay,
T004859,12/05/2026 09:21,B06,M0056,Platinum,Delivery,Bakery,1,80,0.00,80.00,QR PromptPay,
T004860,2026-05-12 10:38,B01,M0114,Silver,In-store,Coffee,1,115,0.00,115.00,QR PromptPay,
T004861,2026-05-12 11:11,B05,M0120,Bronze,In-store,Bakery,4,60,0.00,240.00,Cash,4
T004862,2026-05-12 11:17,B05,,,In-store,Bakery,3,95,0.00,285.00,Credit Card,
T004863,2026-05-12 12:46,B01,,,App,Tea,3,90,0.00,270.00,App Wallet,
T004864,12/05/2026 13:32,B06,M0278,Bronze,In-store,Coffee,2,55,0.00,110.00,QR PromptPay,5
T004865,2026-05-12 15:26,B05,M0128,Brz,In-store,Bakery,1,90,0.00,90.00,Credit Card,4
T004866,12/05/2026 17:15,B06,M0020,Bronze,App,Coffee,1,95,0.00,95.00,App Wallet,
T004867,2026-05-12 17:18,B03,M0132,Bronze,In-store,Coffee,1,70,0.00,70.00,Credit Card,4
T004868,2026-05-12 18:22,B04,M0144,Silver,In-store,Coffee,1,70,0.00,70.00,Credit Card,5
T004869,2026-05-12 18:56,B05,M0076,Bronze,In-store,Coffee,1,100,0.00,100.00,Credit Card,
T004870,2026-05-12 19:15,B05,M0001,Bronze,app,Bakery,2,100,0.00,200.00,App Wallet,4
T004871,2026-05-13 02:14,B05,M0190,Silver,Delivery,Coffee,3,65,19.50,175.50,Credit Card,2
T004872,13/05/2026 07:19,B06,,,Delivery,Tea,2,65,0.00,130.00,Cash,
T004873,2026-05-13 07:46,B04,M0079,Silver,In-store,Coffee,2,80,0.00,160.00,Credit Card,
T004874,2026-05-13 07:58,B01,M0114,Silver,In-store,Tea,1,60,9.00,51.00,Cash,
T004875,2026-05-13 08:07,B07,M0162,Platinum,Delivery,Coffee,1,95,0.00,95.00,Cash,
T004873,2026-05-13 08:28,B04,M0079,Silver,In-store,Coffee,-2,80,-0.00,-160.00,Credit Card,
T004876,2026-05-13 08:41,B07,M0244,Bronze,App,Bakery,3,60,0.00,180.00,Credit Card,
T004877,2026-05-13 09:08,B07,,,Delivery,Coffee,1,115,0.00,115.00,Credit Card,4
T004878,2026-05-13 09:27,B08,,,In store,Tea,1,85,0.00,85.00,QR PromptPay,5
T004879,2026-05-13 10:53,B04,M0144,Silver,In-store,Coffee,4,85,0.00,340.00,Cash,
T004880,2026-05-13 11:02,B04,M0143,Bronze,In-store,Tea,2,80,24.00,136.00,Credit Card,
T004881,2026-05-13 11:19,B02,,,In-store,Bakery,3,55,0.00,165.00,QR PromptPay,
T004882,13/05/2026 11:58,B06,M0052,Bronze,In-store,Coffee,4,100,0.00,400.00,QR PromptPay,
T004883,2026-05-13 12:01,B04,M0096,Gold,App,Coffee,1,75,7.50,67.50,Credit Card,5
T004884,2026-05-13 12:16,B03,M0242,Silver,App,Coffee,1,105,0.00,105.00,Credit Card,
T004885,13/05/2026 12:31,B06,,,In-store,Bakery,1,100,0.00,100.00,Cash,
T004886,2026-05-13 12:33,B05,,,App,Tea,2,85,0.00,170.00,Credit Card,
T004887,2026-05-13 12:56,B04,M0258,Bronze,Mobile App,Tea,2,80,0.00,160.00,App Wallet,
T004888,2026-05-13 12:56,B01,,,In-store,Coffee,1,95,0.00,95.00,QR PromptPay,
T004889,13/05/2026 13:27,B06,,,In-store,Tea,2,60,0.00,120.00,Credit Card,
T004890,2026-05-13 13:37,B02,M0007,Silver,In-store,Bakery,1,70,7.00,63.00,Cash,5
T004891,2026-05-13 13:58,B01,,,Delivery,Coffee,2,105,0.00,210.00,Cash,
T004892,2026-05-13 15:47,B05,,,App,Bakery,1,65,0.00,65.00,App Wallet,4
T004893,2026-05-13 15:48,B02,M0160,Bronze,In-store,Coffee,2,65,0.00,130.00,QR PromptPay,4
T004894,2026-05-13 16:06,B03,M0132,Bronze,App,Coffee,3,115,0.00,345.00,Credit Card,5
T004895,2026-05-13 16:08,B08,M0171,Gold,In store,Bakery,2,45,9.00,81.00,Cash,
T004896,2026-05-13 17:56,B05,M0295,Silver,In-store,Coffee,1,80,0.00,80.00,Credit Card,
T004897,2026-05-13 18:27,B05,,,Delivery,Coffee,2,80,0.00,160.00,QR PromptPay,
T004898,2026-05-13 18:27,B04,,,App,Coffee,1,95,0.00,95.00,App Wallet,
T004899,2026-05-13 19:09,B07,M0325,Platinum,App,Coffee,1,90,4.50,85.50,Credit Card,
T004900,2026-05-14 00:09,B05,,,Delivery,Bakery,2,70,0.00,140.00,Credit Card,
T004901,2026-05-14 02:36,B05,,,Delivery,Coffee,3,120,0.00,360.00,QR PromptPay,
T004902,2026-05-14 07:28,B04,M0115,Silver,App,Merchandise,1,795,0.00,795.00,App Wallet,
T004903,2026-05-14 07:54,B07,M0193,Bronze,In-store,Coffee,2,95,0.00,190.00,Cash,
T004904,2026-05-14 08:04,B08,M0119,Bronze,In-store,Bakery,2,90,0.00,180.00,QR PromptPay,
T004905,2026-05-14 08:21,B01,,,In-store,Bakery,1,65,0.00,65.00,Cash,3
T004906,2026-05-14 08:23,B05,M0092,Bronze,In-store,Coffee,1,105,0.00,105.00,Credit Card,5
T004907,2026-05-14 08:41,B03,M0312,Silver,App,Coffee,1,90,0.00,90.00,Credit Card,4
T004906,2026-05-14 08:45,B05,M0092,Bronze,In-store,Coffee,-1,105,-0.00,-105.00,Credit Card,
T004908,2026-05-14 08:46,B03,,,App,Bakery,4,55,0.00,220.00,App Wallet,
T004909,2026-05-14 10:03,B08,M0119,Bronze,In-store,Coffee,2,110,0.00,220.00,Cash,
T004910,2026-05-14 10:23,B02,M0272,Bronze,App,Tea,4,95,0.00,380.00,Credit Card,
T004911,2026-05-14 10:44,B08,M0012,Platinum,In-store,Coffee,1,90,9.00,81.00,QR PromptPay,
T004911,2026-05-14 10:44,B08,M0012,Platinum,In-store,Coffee,1,90,9.00,81.00,QR PromptPay,
T004912,2026-05-14 11:14,B02,,,In-store,Tea,1,55,0.00,55.00,QR PromptPay,4
T004913,2026-05-14 11:32,B08,M0058,Gold,In-store,Merchandise,4,320,64.00,1216.00,Cash,
T004914,2026-05-14 12:01,B01,M0114,Silver,In-store,Coffee,1,80,0.00,80.00,QR PromptPay,
T004915,2026-05-14 13:04,B02,,,In-store,Bakery,2,55,0.00,110.00,Cash,5
T004916,2026-05-14 13:06,B03,M9349,Gold,In store,Bakery,1,75,0.00,75.00,QR PromptPay,
T004917,2026-05-14 13:51,B01,M0114,Silver,In-store,Coffee,2,105,0.00,210.00,Cash,
T004918,2026-05-14 13:52,B05,,,In-store,Merchandise,3,305,0.00,915.00,Credit Card,4
T004919,2026-05-14 14:23,B03,M0103,Silver,In-store,Bakery,3,60,18.00,162.00,QR PromptPay,5
T004920,2026-05-14 16:09,B05,,,In-store,Coffee,3,90,0.00,270.00,QR PromptPay,4
T004921,2026-05-14 16:09,B03,M9388,Silver,App,Coffee,1,115,0.00,115.00,App Wallet,
T004922,2026-05-14 16:51,B03,M0078,Silver,App,Tea,4,65,0.00,260.00,Credit Card,
T004923,2026-05-14 18:02,B03,,,App,Coffee,2,65,0.00,130.00,App Wallet,
T004924,2026-05-14 18:10,B08,,,App,Coffee,3,105,0.00,315.00,Credit Card,
T004925,14/05/2026 18:37,B06,M0273,Silver,Delivery,Coffee,1,55,0.00,55.00,Credit Card,4
T004926,2026-05-15 00:45,B05,,,Delivery,Bakery,1,55,0.00,55.00,Credit Card,
T004927,2026-05-15 07:12,B07,M0295,Silver,In-store,Coffee,1,120,24.00,96.00,Cash,
T004928,2026-05-15 07:12,B01,M0293,Gold,In-store,Bakery,2,65,19.50,110.50,QR PromptPay,4
T004929,2026-05-15 08:54,B05,,,In store,Coffee,4,60,0.00,240.00,Credit Card,
T004930,2026-05-15 08:57,B01,M0048,Silver,In-store,Tea,1,95,0.00,95.00,Credit Card,
T004931,2026-05-15 09:04,B03,M0132,Bronze,In-store,Coffee,4,85,0.00,340.00,QR PromptPay,3
T004932,2026-05-15 09:05,B01,,,In-store,Bakery,1,110,0.00,110.00,Cash,3
T004933,2026-05-15 09:21,B05,,,App,Bakery,1,100,0.00,100.00,Credit Card,
T004934,2026-05-15 09:26,B03,M0132,Bronze,Delivery,Tea,2,90,0.00,180.00,QR PromptPay,
T004935,2026-05-15 09:27,B03,M9064,Bronze,Delivery,Coffee,2,75,0.00,150.00,Cash,
T004936,15/05/2026 10:31,B06,,,In-store,Bakery,1,90,0.00,90.00,Cash,
T004937,2026-05-15 11:20,B01,,,In store,Bakery,2,75,0.00,150.00,Cash,
T004938,2026-05-15 12:37,B01,M9672,Gold,In-store,Coffee,1,85,0.00,85.00,Cash,
T004939,2026-05-15 12:50,B04,M0308,Gold,In-store,Bakery,1,65,0.00,65.00,Cash,3
T004940,2026-05-15 13:15,B05,M0297,Bronze,In-store,Bakery,3,50,0.00,150.00,Credit Card,4
T004941,2026-05-15 13:57,B07,,,In-store,Bakery,1,85,0.00,85.00,Credit Card,3
T004942,2026-05-15 14:33,B01,,,In-store,Coffee,1,85,0.00,85.00,QR PromptPay,
T004943,2026-05-15 14:34,B01,,,In-store,Bakery,1,80,0.00,80.00,Cash,4
T004944,2026-05-15 14:49,B05,M0055,Silver,In-store,Bakery,4,105,0.00,420.00,QR PromptPay,
T004945,2026-05-15 16:28,B01,,,App,Bakery,3,110,0.00,330.00,Credit Card,3
T004945,2026-05-15 16:28,B01,,,App,Bakery,3,110,0.00,330.00,Credit Card,3
T004946,2026-05-15 16:35,B04,,,App,Bakery,1,75,0.00,75.00,Credit Card,2
T004947,2026-05-15 17:14,B03,M0319,Gold,In-store,Coffee,1,60,0.00,60.00,Cash,4
T004948,2026-05-15 17:59,B08,,,In-store,Coffee,1,120,0.00,120.00,Credit Card,4
T004949,2026-05-15 19:06,B08,M9388,Bronze,App,Merchandise,1,840,42.00,798.00,Credit Card,3
T004950,2026-05-15 19:14,B01,M0175,Bronze,App,Coffee,3,60,0.00,180.00,Credit Card,4
T004951,2026-05-16 01:44,B05,M0208,Gold,Delivery,Bakery,1,100,0.00,100.00,QR PromptPay,
T004952,2026-05-16 08:13, B08,,,In-store,Coffee,2,120,0.00,240.00,Credit Card,
T004953,2026-05-16 08:20,B02,M0192,Gold,Delivery,Bakery,1,70,0.00,70.00,Credit Card,5
T004954,2026-05-16 09:39,B05,M0028,Silver,In-store,Bakery,1,60,0.00,60.00,QR PromptPay,
T004955,2026-05-16 12:13,B05,,,App,Coffee,1,100,0.00,100.00,Credit Card,
T004956,2026-05-16 12:26,B08,,,App,Coffee,1,110,0.00,110.00,Credit Card,
T004957,2026-05-16 13:23,B03,,,In-store,Merchandise,1,540,0.00,540.00,Cash,
T004958,16/05/2026 13:26,B06,M0056,Platinum,In-store,Tea,1,85,17.00,68.00,QR PromptPay,
T004959,16/05/2026 13:38,B06,M0304,Platinum,Delivery,Coffee,1,75,11.25,63.75,Credit Card,
T004960,2026-05-16 14:26,B01,M0147,Silver,In-store,Coffee,1,80,0.00,80.00,Cash,2
T004961,2026-05-16 14:57,B01,M0106,Bronze,App,Coffee,3,70,31.50,118.50,App Wallet,
T004962,2026-05-16 16:31,B04,M0155,Silver,In-store,Coffee,3,90,0.00,270.00,Cash,3
T004963,2026-05-16 16:44,B08,M0180,Bronze,Delivery,Coffee,1,95,0.00,95.00,QR PromptPay,
T004964,16/05/2026 17:36,B06,M0304,Platinum,In-store,Coffee,1,100,5.00,95.00,QR PromptPay,2
T004965,2026-05-16 17:37,B05,M0295,Silver,Delivery,Coffee,1,80,12.00,68.00,Cash,
T004966,2026-05-16 17:54,B04,M0294,bronze,In-store,Coffee,1,55,0.00,55.00,Cash,
T004967,2026-05-16 19:36,B04,M0294,Bronze,App,Coffee,3,65,0.00,195.00,App Wallet,5
T004968,17/05/2026 07:09,B06,M0109,Bronze,In-store,Tea,1,65,0.00,65.00,Credit Card,5
T004969,2026-05-17 07:45,B08,M0037,Silver,In-store,Coffee,2,120,0.00,240.00,Credit Card,3
T004970,2026-05-17 08:04,B07,,,In-store,Coffee,1,75,0.00,75.00,Credit Card,2
T004971,2026-05-17 08:16,B02,M0148,Gold,App,Coffee,1,100,10.00,90.00,App Wallet,
T004972,2026-05-17 08:17,B04,,,In-store,Tea,3,65,0.00,195.00,Credit Card,
T004973,2026-05-17 08:56,B02,M0257,Silver,App,Tea,1,50,2.50,47.50,App Wallet,
T004974,2026-05-17 10:41,B08,M0255,Bronze,Delivery,Coffee,2,105,0.00,210.00,Credit Card,5
T004975,2026-05-17 12:43,B04,,,delivery,Tea,2,90,0.00,180.00,QR PromptPay,3
T004976,2026-05-17 12:58,B03,,,In-store,Bakery,2,55,0.00,110.00,QR PromptPay,
T004977,2026-05-17 13:13,B03,,,In-store,Merchandise,3,475,0.00,1425.00,Cash,
T004978,2026-05-17 13:14,B08,M0051,Platinum,In-store,Bakery,1,100,10.00,90.00,Cash,
T004979,2026-05-17 15:56,B04,M0112,Bronze,In-store,Coffee,2,80,0.00,160.00,Cash,
T004980,17/05/2026 16:26,B06,,,Deliv.,Coffee,1,85,0.00,85.00,Credit Card,2
T004981,2026-05-17 16:34,B04,,,In-store,Bakery,2,100,0.00,200.00,Cash,
T004982,2026-05-17 16:51,B04,M0144,Silver,In-store,Tea,2,90,27.00,153.00,Credit Card,5
T004983,2026-05-17 17:53,B01,,,In-store,Bakery,1,110,0.00,110.00,QR PromptPay,
T004984,2026-05-17 17:58,B08,M0173,Silver,In-store,Coffee,3,115,0.00,345.00,QR PromptPay,
T004985,2026-05-17 18:36,B01,M0147,Silver,App,Coffee,1,85,0.00,85.00,Credit Card,
T004986,2026-05-17 19:01,B01,M0045,Gold,Delivery,Tea,1,65,0.00,65.00,QR PromptPay,
T004987,17/05/2026 19:57,B06,M0285,Bronze,Delivery,Coffee,1,120,0.00,120.00,QR PromptPay,
T004988,2026-05-18 07:43,B01,,,In-store,Bakery,1,70,0.00,70.00,Credit Card,3
T004989,2026-05-18 08:09,B04,M9388,Platinum,In-store,Coffee,1,90,0.00,90.00,QR PromptPay,1
T004990,2026-05-18 08:26,B08,M0199,Silver,In-store,Coffee,1,75,15.00,60.00,QR PromptPay,4
T004991,2026-05-18 08:29,B02,,,App,Coffee,1,110,0.00,110.00,App Wallet,
T004992,2026-05-18 08:49,B03,M0326,Bronze,Delivery,Tea,1,60,0.00,60.00,Cash,5
T004993,2026-05-18 08:52,B01,,,In-store,Coffee,1,90,0.00,90.00,Cash,
T004994,2026-05-18 09:35,B01,,,In-store,Coffee,1,105,0.00,105.00,Credit Card,2
T004995,2026-05-18 09:36,B05,,,in-store,Coffee,2,115,0.00,230.00,QR PromptPay,3
T004996,2026-05-18 10:10,B01,,,In-store,Coffee,1,55,0.00,55.00,Cash,4
T004997,2026-05-18 10:18,B03,M0071,Bronze,In-store,Bakery,2,55,0.00,110.00,Credit Card,
T004998,2026-05-18 10:23,B02,,,App,Tea,1,85,0.00,85.00,App Wallet,5
T004999,2026-05-18 11:01,B03,,,In-store,Coffee,2,85,0.00,170.00,QR PromptPay,
T005000,2026-05-18 11:27,B04,,,In-store,Coffee,1,85,0.00,85.00,Credit Card,
T005001,2026-05-18 12:22,B02,M0172,Silver,In-store,Bakery,1,90,0.00,90.00,QR PromptPay,
T005002,18/05/2026 13:12,B06,M0219,Bronze,In-store,Merchandise,1,410,0.00,410.00,QR PromptPay,
T005003,2026-05-18 13:43,B04,M0099,Gold,In-store,Bakery,1,65,0.00,65.00,QR PromptPay,
T005004,2026-05-18 14:18,B04,M9064,Gold,In-store,Coffee,1,85,0.00,85.00,Cash,
T005005,2026-05-18 14:47,B07,,,in-store,Tea,3,60,0.00,180.00,Credit Card,
T005006,2026-05-18 17:17,B04,M0115,Silver,In-store,Coffee,2,95,0.00,190.00,Credit Card,
T005007,2026-05-18 18:02,B08,M0002,Bronze,In-store,Coffee,2,65,0.00,130.00,Credit Card,
T005008,2026-05-18 18:09,B05,M0307,Platinum,In-store,Merchandise,2,660,0.00,1320.00,Credit Card,4
T005009,2026-05-18 18:14,B04,,,In-store,Coffee,4,90,0.00,360.00,Cash,
T005010,2026-05-18 18:31,B01,,,In-store,Tea,1,95,0.00,95.00,QR PromptPay,3
T005011,2026-05-18 19:34,B07,,,Delivery,Bakery,57,80,0.00,4560.00,Credit Card,
T005012,2026-05-19 08:18,B03,M0312,Silver,In-store,Coffee,1,60,0.00,60.00,QR PromptPay,
T005013,2026-05-19 08:26,B05,,,In-store,Coffee,3,75,0.00,225.00,QR PromptPay,
T005014,2026-05-19 09:02,B04,M0051,Platinum,In-store,Coffee,4,75,0.00,300.00,QR PromptPay,
T005015,2026-05-19 10:54,B08,,,App,Coffee,2,100,0.00,200.00,Credit Card,
T005015,2026-05-19 10:54,B08,,,App,Coffee,2,100,0.00,200.00,Credit Card,
T005016,2026-05-19 11:15,B03,M0066,bronze,App,Bakery,4,75,0.00,300.00,Credit Card,
T005017,2026-05-19 11:49,B01,M0300,Bronze,In-store,Bakery,2,70,0.00,140.00,Cash,
T005018,2026-05-19 12:13,B08,M0119,Bronze,In-store,Coffee,4,90,0.00,360.00,QR PromptPay,
T005019,2026-05-19 12:22,B04,,,Delivery,Merchandise,4,300,0.00,1200.00,QR PromptPay,5
T005020,2026-05-19 13:21,B08,,,Delivery,Coffee,1,60,0.00,60.00,QR PromptPay,
T005021,2026-05-19 13:52,B08,M9349,Platinum,App,Tea,2,75,22.50,127.50,App Wallet,
T005022,19/05/2026 16:05,B06,M0229,Platinum,In-store,Coffee,3,115,51.75,293.25,Cash,1
T005023,2026-05-19 16:16,B05,M0187,Bronze,In-store,Tea,1,90,18.00,72.00,Cash,4
T005024,2026-05-19 17:16,B04,M0173,Silver,App,Coffee,3,85,0.00,255.00,App Wallet,
T005025,2026-05-19 18:20,B07,M0192,Gold,In-store,Tea,2,85,0.00,170.00,Cash,4
T005026,2026-05-19 18:24,B02,M9039,SILVER,In-store,Merchandise,1,510,0.00,510.00,Credit Card,
T005027,2026-05-19 18:48,B08,M0051,Platinum,In-store,Tea,4,55,0.00,220.00,Cash,
T005028,2026-05-19 18:54,B08,,,In-store,Coffee,3,55,0.00,165.00,Cash,3
T005028,2026-05-19 18:54,B08,,,In-store,Coffee,3,55,0.00,165.00,Cash,3
T005029,2026-05-19 19:10,B01,M0216,Platinum,In-store,Bakery,2,60,0.00,120.00,Credit Card,
T005030,2026-05-19 19:16,B03,M0245,Platinum,In-store,Coffee,3,65,39.00,156.00,Cash,
T005030,2026-05-19 19:28,B03,M0245,Platinum,In-store,Coffee,-3,65,-39.00,-156.00,Cash,
T005031,2026-05-19 19:28,B05,M0294,Bronze,In-store,Coffee,2,110,0.00,220.00,Cash,
T005032,2026-05-19 19:59,B08,,,In-store,Coffee,2,55,0.00,110.00,QR PromptPay,5
T005033,2026-05-20 07:48,B07,M0040,Bronze,In-store,Coffee,1,60,0.00,60.00,Credit Card,
T005034,2026-05-20 07:59,B01,M0319,Gold,In-store,Bakery,4,100,40.00,360.00,Credit Card,
T005035,2026-05-20 08:17,B05,M0055,Silver,Delivery,Bakery,1,100,10.00,90.00,Credit Card,3
T005036,20/05/2026 08:22,B06,,,In store,Merchandise,1,890,0.00,890.00,Credit Card,
T005037,2026-05-20 08:24,B08,M0194,Silver,Delivery,Coffee,1,60,0.00,60.00,QR PromptPay,4
T005038,2026-05-20 08:29,B02,M0148,Gold,App,Coffee,1,70,0.00,70.00,App Wallet,
T005039,2026-05-20 08:47,B01,,,In-store,Coffee,1,95,0.00,95.00,QR PromptPay,5
T005040,2026-05-20 09:42,B04,M0143,Bronze,In-store,Coffee,4,65,26.00,234.00,Cash,3
T005041,20/05/2026 13:11,B06,M0260,Gold,In-store,Coffee,1,60,6.00,54.00,Cash,
T005042,2026-05-20 13:15,B01,,,In-store,Coffee,4,75,0.00,300.00,Credit Card,
T005043,2026-05-20 13:31,B04,M0297,Bronze,Delivery,Coffee,2,120,0.00,240.00,Cash,5
T005044,2026-05-20 13:45,B03,,,App,Coffee,3,65,0.00,195.00,Credit Card,
T005045,2026-05-20 14:02,B07,M0288,GOLD,Delivery,Coffee,1,75,0.00,75.00,Credit Card,
T005046,2026-05-20 14:13,B01,M0048,Silver,In-store,Bakery,1,90,0.00,90.00,QR PromptPay,
T005047,2026-05-20 14:14,B05,M0092,Bronze,App,Coffee,1,100,0.00,100.00,Credit Card,
T005048,2026-05-20 14:41,B04,M0143,Bronze,In-store,Coffee,3,65,19.50,175.50,Credit Card,
T005049,2026-05-20 16:17,B07,,,App,Coffee,2,90,0.00,180.00,App Wallet,
T005050,2026-05-20 16:21,B07,M0175,Bronze,In-store,Bakery,1,75,0.00,75.00,QR PromptPay,4
T005051,2026-05-20 16:29,B04,M0144,Silver,App,Coffee,3,95,0.00,285.00,App Wallet,4
T005052,2026-05-20 16:44,B03,M0144,Silver,App,Bakery,1,70,0.00,70.00,Credit Card,
T005053,2026-05-20 16:54,B04,,,App,Coffee,1,90,0.00,90.00,App Wallet,
T005054,2026-05-20 17:34,B03,M0066,Bronze,In-store,Bakery,1,45,0.00,45.00,Credit Card,3
T005055,2026-05-20 18:09,B04,M0038,Gold,Delivery,Coffee,2,95,19.00,171.00,Credit Card,
T005056,20/05/2026 18:57,B06,M0260,Gold,In-store,Merchandise,1,500,25.00,475.00,QR PromptPay,
T005057,2026-05-20 18:58,B07,M0076,Bronze,In-store,Tea,4,60,0.00,240.00,Credit Card,5
T005058,20/05/2026 19:00,B06,M0294,BRONZE,In-store,Coffee,4,105,0.00,420.00,Credit Card,2
T005059,2026-05-20 19:11,B07,M0088,Bronze,In-store,Coffee,4,90,0.00,360.00,Cash,3
T005059,2026-05-20 19:11,B07,M0088,Bronze,In-store,Coffee,4,90,0.00,360.00,Cash,3
T005060,2026-05-20 19:13,B01,M0088,Bronze,Delivery,Bakery,2,65,0.00,130.00,QR PromptPay,
T005061,2026-05-20 19:37,B03,,,delivery,Tea,1,90,0.00,90.00,Cash,
T005062,20/05/2026 19:56,B06,,,In-store,Tea,1,90,0.00,90.00,Cash,1
T005063,2026-05-21 07:38,B05,M0051,Platinum,App,Bakery,1,45,4.50,40.50,App Wallet,3
T005064,21/05/2026 08:05,B06,,,App,Coffee,1,105,0.00,105.00,App Wallet,4
T005065,2026-05-21 08:07,B08,,,In-store,Coffee,1,55,0.00,45.00,Credit Card,
T005066,2026-05-21 08:35,B07,M0240,Platinum,In-store,Bakery,1,110,5.50,104.50,Cash,
T005067,2026-05-21 08:56,B05,M0001,Bronze,In-store,Bakery,1,85,0.00,85.00,Cash,
T005068,2026-05-21 10:26,B03,,,Delivery,Tea,4,55,0.00,220.00,Cash,5
T005069,2026-05-21 10:44,B07,M0130,PLATINUM,In-store,Coffee,4,120,0.00,480.00,Credit Card,
T005070,21/05/2026 11:39,B06,,,App,Merchandise,3,665,0.00,1995.00,Credit Card,
T005071,2026-05-21 13:39,B01,M0300,Bronze,in-store,Coffee,1,95,0.00,95.00,QR PromptPay,
T005072,2026-05-21 13:46,B05,,,In-store,Bakery,1,90,0.00,90.00,QR PromptPay,
T005073,2026-05-21 16:09,B03,M0132,Bronze,In-store,Coffee,1,85,0.00,85.00,Cash,
T005074,2026-05-21 16:17,B07,M0170,Gold,In-store,Coffee,3,55,0.00,165.00,Cash,
T005075,2026-05-21 17:13,B03,M0304,Platinum,In-store,Coffee,2,65,19.50,110.50,QR PromptPay,
T005076,2026-05-21 17:32,B03,M0071,Bronze,In-store,Coffee,2,85,8.50,161.50,QR PromptPay,
T005077,2026-05-21 18:11,B08,M0307,Platinum,App,Coffee,2,65,6.50,123.50,Credit Card,
T005078,2026-05-21 18:25,B01,M0216,Plat.,App,Coffee,1,80,0.00,80.00,Credit Card,
T005079,2026-05-21 18:45,B02,M0222,Silver,In-store,Coffee,2,85,8.50,161.50,Credit Card,3
T005080,2026-05-21 19:35,B05,M0249,Gold,In-store,Coffee,2,115,0.00,230.00,QR PromptPay,
T005081,2026-05-22 07:47,B07,,,App,Merchandise,1,810,0.00,810.00,App Wallet,
T005082,2026-05-22 08:54,B01,M0147,Silver,App,Coffee,2,100,0.00,200.00,Credit Card,4
T005083,2026-05-22 09:09,B07,M0042,Bronze,App,Coffee,4,75,60.00,240.00,Credit Card,
T005084,2026-05-22 10:37,B02,M0193,Bronze,In-store,Tea,1,95,0.00,95.00,Credit Card,
T005085,2026-05-22 11:58,B03,M0078,Silver,In-store,Coffee,2,60,0.00,120.00,QR PromptPay,
T005086,2026-05-22 12:03,B01,M0057,Bronze,In-store,Coffee,2,55 THB,0.00,110.00,Credit Card,4
T005087,2026-05-22 12:25,B07,,,App,Bakery,1,90,0.00,90.00,Credit Card,3
T005088,2026-05-22 12:37,B03,,,App,Coffee,1,60,0.00,60.00,App Wallet,
T005089,2026-05-22 12:42,B07,,,Delivery,Bakery,4,60,0.00,240.00,Cash,4
T005090,2026-05-22 12:44,B04,M0079,Silver,Delivery ,Bakery,3,100,0.00,300.00,Cash,3
T005091,22/05/2026 12:44,B06,,,In-store,Tea,1,90,0.00,90.00,Credit Card,
T005092,22/05/2026 13:07,B06,,,In-store,Coffee,3,115,0.00,345.00,Credit Card,1
T005093,2026-05-22 13:21,B08,M0055,Silver,App,Coffee,2,85,0.00,170.00,App Wallet,4
T005094,2026-05-22 13:28,B07,M0088,Bronze,Delivery,Coffee,1,80,0.00,80.00,Cash,3
T005095,2026-05-22 14:34,B08,,,In-store,Bakery,1,80,0.00,80.00,QR PromptPay,
T005096,2026-05-22 17:53,B01,M0208,Gold,Delivery,Merchandise,1,305,0.00,305.00,QR PromptPay,
T005097,2026-05-22 17:53,B02,M0222,Silver,In store,Coffee,3,60,0.00,180.00,QR PromptPay,
T005098,2026-05-22 18:44,B08,,,In-store,Coffee,2,110,0.00,220.00,QR PromptPay,
T005099,2026-05-22 19:53,B02,M0226,Bronze,App,Bakery,2,85,0.00,170.00,Credit Card,3
T005100,2026-05-23 07:03,B05,M0076,Bronze,In-store,Coffee,1,75,15.00,60.00,Credit Card,
T005101,2026-05-23 07:44,B02,M0136,Bronze,App,Coffee,3,60,0.00,180.00,Credit Card,
T005102,2026-05-23 08:00,B02,M0082,Bronze,App,Coffee,4,105,0.00,420.00,Credit Card,
T005103,2026-05-23 08:11,B07,M0197,Gold,Mobile App,Tea,1,65,0.00,65.00,Credit Card,3
T005104,2026-05-23 08:30,B04,,,Delivery,Bakery,2,80,0.00,160.00,QR PromptPay,5
T005105,23/05/2026 08:58,B06,,,App,Coffee,1,95,0.00,95.00,Credit Card,4
T005106,2026-05-23 10:17,B01,M0083,Bronze,Delivery,Tea,2,75,0.00,100.00,Cash,3
T005107,2026-05-23 10:18,B07,M9772,Plat.,App,Coffee,1,90,0.00,90.00,App Wallet,
T005108,2026-05-23 10:19,B03,M0078,Silver,In-store,Bakery,1,55,0.00,55.00,Credit Card,
T005109,2026-05-23 10:31,B04,,,Delivery,Coffee,2,60,0.00,170.00,QR PromptPay,4
T005110,2026-05-23 10:46,B01,M0070,Bronze,App,Bakery,1,90,0.00,90.00,App Wallet,
T005111,2026-05-23 11:28,B08,M0238,Bronze,Delivery,Coffee,1,95,0.00,95.00,Credit Card,3
T005112,2026-05-23 12:02,B04,M0144,Silver,Delivery,Coffee,4,85,0.00,340.00,QR PromptPay,
T005113,2026-05-23 12:09,B05,,,In-store,Coffee,2,100,0.00,200.00,Credit Card,
T005114,2026-05-23 12:41,B02,,,Delivery,Coffee,4,105,0.00,420.00,Cash,4
T005115,23/05/2026 13:10,B06,M0269,Gold,In-store,Coffee,1,95,0.00,95.00,QR PromptPay,
T005116,2026-05-23 13:27,B03,M0132,Bronze,In-store,Bakery,2,60,0.00,120.00,QR PromptPay,
T005117,2026-05-23 13:41,B01,M0114,Slvr,Delivery,Bakery,1,80,0.00,80.00,Cash,
T005118,2026-05-23 14:13,B05,M0240,Platinum,In-store,Bakery,2,100,40.00,160.00,QR PromptPay,3
T005119,2026-05-23 15:09,B07,M0288,Gold,In-store,Coffee,4,55,0.00,220.00,Credit Card,
T005120,2026-05-23 15:59,B02,M0312,Silver,App,Coffee,1,95,0.00,95.00,App Wallet,
T005121,2026-05-23 16:19,B07,M0015,Gold,Delivery,Coffee,2,105,42.00,168.00,Credit Card,
T005122,2026-05-23 16:31,B08,M0092,Bronze,In-store,Coffee,1,55,0.00,55.00,QR PromptPay,
T005123,2026-05-23 17:27, B05,,,In-store,Merchandise,4,300,0.00,1200.00,Credit Card,
T005124,2026-05-23 17:40,B05,M0223,silver,In-store,Tea,4,60,36.00,204.00,Cash,
T005125,2026-05-23 17:52,B05,M0297,Bronze,App,Merchandise,1,310,0.00,310.00,App Wallet,4
T005126,24/05/2026 08:26,B06,,,In-store,Coffee,1,100,0.00,100.00,Cash,
T005127,2026-05-24 10:35,B05,,,App,Coffee,1,90,0.00,90.00,Credit Card,
T005128,2026-05-24 13:28,B05,M9351,Platinum,Delivery,Merchandise,3,820,0.00,2460.00,QR PromptPay,
T005129,24/05/2026 13:36,B06,M0119,Bronze,In-store,Coffee,4,95,19.00,361.00,QR PromptPay,
T005130,2026-05-24 13:37,B07,M0244,Bronze,App,Tea,2,90,0.00,180.00,Credit Card,
T005131,2026-05-24 15:46,B04,M0112,Bronze,In-store,Coffee,2,90,0.00,180.00,QR PromptPay,
T005132,2026-05-24 17:33,B01,M0063,Silver,In-store,Bakery,1,45,0.00,45.00,QR PromptPay,
T005133,2026-05-24 17:53,B07,M0170,Gold,App,Tea,2,75,0.00,150.00,App Wallet,
T005134,2026-05-24 17:57,B03,M0242,Silver,In-store,Coffee,4,65,0.00,260.00,Cash,5
T005135,2026-05-24 18:20,B07,M0047,Platinum,In-store,Coffee,3,95,28.50,256.50,Credit Card,2
T005136,2026-05-24 18:26,B01,M9064,Silver,App,Coffee,3,105,0.00,315.00,Credit Card,4
T005137,2026-05-24 19:52,B01,M0303,Bronze,Delivery,Bakery,1,100,0.00,100.00,QR PromptPay,2
T005138,2026-05-25 08:12,B07,M0325,Platinum,App,Coffee,2,80,8.00,152.00,App Wallet,
T005139,2026-05-25 09:45,B08,,,Mobile App,Coffee,2,110,0.00,220.00,Credit Card,3
T005140,2026-05-25 09:58,B05,M0173,Silver,In-store,Coffee,4,110,88.00,352.00,Credit Card,5
T005141,25/05/2026 10:15,B06,,,In-store,Coffee,1,90,0.00,90.00,Credit Card,
T005142,2026-05-25 11:20,B07,,,In-store,Coffee,3,90,0.00,270.00,Credit Card,
T005143,25/05/2026 11:42,B06,M0056,Platinum,In-store,Coffee,2,90,9.00,171.00,Cash,
T005144,2026-05-25 12:02,B01,,,Delivery,Merchandise,1,770,0.00,780.00,Cash,5
T005145,2026-05-25 12:09,B04,,,In-store,Coffee,2,100,0.00,200.00,Credit Card,3
T005146,2026-05-25 12:46,B01,,,In-store,Coffee,1,65,0.00,65.00,Credit Card,
T005147,2026-05-25 12:57,B08,,,In-store,Merchandise,2,815,0.00,1630.00,Cash,3
T005148,2026-05-25 13:09,B07,,,App,Coffee,1,95,0.00,95.00,Credit Card,
T005149,2026-05-25 13:20,B01,,,In-store,Coffee,1,60,0.00,60.00,Credit Card,3
T005150,2026-05-25 13:49,B07,M0054,Bronze,App,Coffee,1,120,0.00,120.00,Credit Card,
T005151,2026-05-25 13:52,B02,,,App,Bakery,2,95,0.00,190.00,Credit Card,
T005152,2026-05-25 13:52,B04,,,App,Tea,2,85,0.00,170.00,Credit Card,4
T005153,2026-05-25 14:44,B03,M0059,Gold,In-store,Bakery,1,95,19.00,76.00,QR PromptPay,3
T005154,2026-05-25 16:43,B07,M0040,Bronze,In-store,Merchandise,3,650,0.00,1950.00,QR PromptPay,3
T005155,2026-05-25 16:55,B05,M0322,gold,In-store,Bakery,1,85,0.00,85.00,QR PromptPay,
T005156,25/05/2026 17:36,B06,M0055,Silver,Delivery,Coffee,1,75,7.50,67.50,QR PromptPay,
T005157,2026-05-25 18:01,B08,M0073,Gold,Delivery,Coffee,2,60,24.00,96.00,Credit Card,
T005158,2026-05-25 19:33,B04,M0272,Bronze,App,Bakery,4,70,0.00,280.00,App Wallet,
T005159,2026-05-26 07:03,B04,M0288,Gold,In-store,Bakery,2,65,6.50,123.50,QR PromptPay,3
T005160,2026-05-26 07:23,B07,,,In-store,Coffee,1,115,0.00,115.00,QR PromptPay,4
T005161,26/05/2026 08:01,B06,,,App,Coffee,3,75,0.00,225.00,Credit Card,5
T005162,2026-05-26 08:07,B02,M0082,Bronze,In-store,Coffee,1,85,0.00,85.00,QR PromptPay,4
T005163,2026-05-26 08:20,B04,,,Delivery,Coffee,1,65,0.00,65.00,Credit Card,
T005164,2026-05-26 09:00,B05,,,In-store,Coffee,3,100,0.00,300.00,Cash,2
T005165,26/05/2026 10:26,B06,M0056,Platinum,Delivery,Bakery,1,85,0.00,85.00,Credit Card,
T005166,2026-05-26 10:36,B05,M0092,Bronze,In-store,Coffee,1,75,0.00,75.00,Credit Card,
T005167,26/05/2026 11:51,B06,M0056,Platinum,Delivery,Merchandise,1,385,0.00,385.00,Cash,
T005168,2026-05-26 12:08,B02,M0265,Gold,Delivery,Merchandise,1,760,76.00,684.00,Cash,3
T005169,2026-05-26 12:23,B07,,,In-store,Coffee,1,110,0.00,110.00,Cash,
T005170,2026-05-26 13:02,B05,M9349,Silver,Delivery,Coffee,3,70,0.00,210.00,QR PromptPay,
T005171,2026-05-26 13:16,B08,,,In-store,Coffee,1,95,0.00,95.00,QR PromptPay,
T005172,26/05/2026 13:24,B06,M0058,Gold,App,Coffee,4,70,0.00,280.00,Credit Card,5
T005173,2026-05-26 13:28,B03,M0245,Platinum,In-store,Coffee,3,120,18.00,342.00,Cash,4
T005174,2026-05-26 13:35,B01,M0261,Platinum,In-store,Coffee,1,115,23.00,92.00,QR PromptPay,
T005175,2026-05-26 13:44,B04,M0063,Silver,In-store,Coffee,2,110,22.00,198.00,Cash,
T005176,2026-05-26 15:19,B08,M0010,Bronze,App,Tea,1,70,0.00,70.00,Credit Card,
T005177,2026-05-26 17:37,B04,M0115,Silver,In-store,Bakery,1,50,0.00,50.00,Cash,3
T005178,2026-05-26 17:49,B04,M0115,Silver,In-store,Coffee,1,75,11.25,63.75,QR PromptPay,
T005179,26/05/2026 19:20,B06,,,In-store,Coffee,2,80,0.00,160.00,Cash,2
T005180,2026-05-26 22:28,B05,,,Delivery,Tea,2,95,0.00,190.00,Credit Card,3
T005181,2026-05-27 07:04,B05,,,In-store,Bakery,2,70,0.00,140.00,Cash,
T005182,2026-05-27 08:03,B05,M0120,Bronze,In-store,Coffee,1,85,0.00,85.00,QR PromptPay,4
T005183,2026-05-27 08:05,B03,M0044,Bronze,In-store,Merchandise,4,705,0.00,2820.00,QR PromptPay,
T005184,2026-05-27 08:07,B05,M9366,Bronze,Delivery,Coffee,2,75,0.00,150.00,QR PromptPay,
T005185,2026-05-27 08:33,B04,M0144,SILVER,In-store,Tea,1,95,0.00,95.00,QR PromptPay,
T005186,2026-05-27 09:21,B07,M0040,Bronze,App,Coffee,4,105,0.00,420.00,App Wallet,5
T005187,27/05/2026 10:06,B06,M0260,Gold,In-store,Coffee,1,105,0.00,105.00,QR PromptPay,
T005188,2026-05-27 10:35,B05,,,In-store,Coffee,1,55,0.00,55.00,QR PromptPay,3
T005189,2026-05-27 11:42,B02,M0082,Bronze,App,Coffee,4,105,63.00,357.00,Credit Card,
T005189,2026-05-27 11:42,B02,M0082,Bronze,App,Coffee,4,105,63.00,357.00,Credit Card,
T005190,2026-05-27 12:07,B01,M0276,Bronze,App,Coffee,1,80,0.00,80.00,Credit Card,
T005191,2026-05-27 12:40,B05,M0163,Bronze,App,Bakery,1,45,0.00,45.00,Credit Card,5
T005192,2026-05-27 12:45,B03,M0151,Bronze,In-store,Bakery,2,55,0.00,110.00,QR PromptPay,
T005193,2026-05-27 13:05,B08,M0171,Gold,App,Coffee,1,65,6.50,58.50,Credit Card,5
T005194,2026-05-27 13:31,B01,M0237,Silver,Delivery,Bakery,1,45,0.00,45.00,QR PromptPay,
T005195,2026-05-27 13:49,B03,M0059,Gold,In-store,Tea,2,50,0.00,100.00,Credit Card,4
T005196,2026-05-27 13:56,B05,M0310,Gold,In-store,Tea,1,85,0.00,85.00,Credit Card,4
T005197,2026-05-27 14:24,B01,M0059,Gold,App,Merchandise,4,250,200.00,800.00,App Wallet,4
T005196,2026-05-27 14:44,B05,M0310,Gold,In-store,Tea,-1,85,-0.00,-85.00,Credit Card,
T005198,2026-05-27 16:13,B01,M0045,Gold,In-store,Coffee,4,85,0.00,340.00,Credit Card,5
T005199,2026-05-27 16:21,B03,,,App,Coffee,1,70,0.00,70.00,Credit Card,5
T005200,27/05/2026 17:17,B06,M0219,Bronze,Delivery,Coffee,1,85,0.00,85.00,Cash,
T005201,2026-05-27 17:22,B03,M0260,Gold,App,Merchandise,1,770,0.00,770.00,App Wallet,
T005202,2026-05-27 17:41,B02,,,In-store,Bakery,1,105,0.00,105.00,Credit Card,4
T005203,2026-05-27 18:13,B05,,,Delivery,Coffee,1,85,0.00,85.00,QR PromptPay,
T005204,2026-05-27 18:34,B01,,,In-store,Merchandise,2,680,0.00,1360.00,Cash,4
T005205,2026-05-27 18:38,B02,M9349,Silver,In-store,Tea,2,80,0.00,160.00,Credit Card,
T005206,2026-05-27 18:59,B01,M0031,Bronze,Delivery,Coffee,2,85,0.00,170.00,Credit Card,
T005207,2026-05-27 19:07,B04,M0301,Bronze,In-store,Coffee,1,120,0.00,120.00,Cash,
T005208,2026-05-27 19:44,B01,,,App,Coffee,2,65,0.00,130.00,Credit Card,
T005209,2026-05-27 22:34,B05,,,Delivery,Tea,2,70,0.00,140.00,Credit Card,
T005210,2026-05-27 23:27,B05,,,Delivery ,Bakery,4,80,0.00,320.00,Credit Card,4
T005211,2026-05-28 00:11,B05,,,Delivery,Coffee,1,120,0.00,120.00,QR PromptPay,3
T005212,2026-05-28 02:15,B05,,,Delivery,Coffee,2,105,0.00,210.00,QR PromptPay,4
T005213,2026-05-28 02:31,B05,,,Delivery,Coffee,3,60,0.00,180.00,QR PromptPay,5
T005214,2026-05-28 08:09,B01,M0018,Silver,In-store,Coffee,1,90,13.50,76.50,Credit Card,
T005215,2026-05-28 08:13,B04,,,In-store,Tea,1,50,0.00,50.00,QR PromptPay,
T005216,2026-05-28 08:25,B05,M0310,Gold,Delivery,Coffee,2,55,0.00,110.00,QR PromptPay,
T005217,2026-05-28 08:41,B08,M0238,Bronze,In-store,Coffee,4,85,0.00,340.00,Cash,
T005218,2026-05-28 11:20,B05,M0223,Silver,In-store,Bakery,1,80,0.00,80.00,QR PromptPay,5
T005218,2026-05-28 12:09,B05,M0223,Silver,In-store,Bakery,-1,80,-0.00,-80.00,QR PromptPay,
T005219,2026-05-28 12:15,B4,,,In-store,Coffee,2,85,0.00,170.00,Cash,3
T005220,2026-05-28 12:17,B01,,,In-store,Coffee,4,115,0.00,460.00,Credit Card,4
T005221,2026-05-28 12:23,B07,,,In-store,Coffee,1,110,0.00,110.00,QR PromptPay,4
T005222,2026-05-28 12:49,B02,,,Delivery,Merchandise,1,530,0.00,530.00,QR PromptPay,
T005223,2026-05-28 12:50,B05,M0001,Bronze,In-store,Coffee,1,85,8.50,76.50,Cash,
T005224,2026-05-28 14:45,B03,M0053,Gold,Delivery,Coffee,2,120,0.00,240.00,QR PromptPay,
T005225,2026-05-28 16:13,B2,M0082,Bronze,In-store,Coffee,2,55,11.00,99.00,Cash,
T005226,2026-05-28 16:14,B07,,,In-store,Coffee,3,80,0.00,240.00,Cash,
T005227,2026-05-28 16:47,B02,M0265,Gold,In-store,Merchandise,4,575,0.00,2300.00,QR PromptPay,3
T005228,2026-05-28 16:55,B08,M0051,Platinum,In-store,Bakery,1,50,2.50,47.50,Cash,
T005229,2026-05-28 18:58,B04,,,In-store,Merchandise,1,305,0.00,305.00,Credit Card,4
T005230,2026-05-28 19:06,B02,M0148,Gold,Delivery,Coffee,2,95,0.00,190.00,Cash,
T005231,2026-05-28 19:33,B07,,,Delivery,Merchandise,2,820,0.00,1640.00,Credit Card,4
T005232,2026-05-28 19:44,B7,M0051,Platinum,In-store,Coffee,1,55,0.00,55.00,Cash,4
T005233,2026-05-29 07:35,B01,M0303,Bronze,Delivery,Bakery,1,90,13.50,76.50,Credit Card,
T005234,2026-05-29 08:25,B05,M0297,Bronze,Instore,Coffee,4,105,0.00,420.00,Cash,
T005235,2026-05-29 08:29,B02,M0172,Silver,In-store,Coffee,1,70,0.00,70.00,Credit Card,
T005236,2026-05-29 08:31,B03,,,App,Bakery,2,75,0.00,150.00,App Wallet,
T005237,2026-05-29 08:35,B08,M0109,Bronze,In-store,Coffee,2,85,0.00,170.00,QR PromptPay,3
T005238,2026-05-29 08:35,B02,M0142,Silver,In-store,Bakery,3,85,0.00,255.00,Cash,5
T005239,2026-05-29 08:44,B02,M0222,Silver,App,Tea,2,70,0.00,140.00,Credit Card,
T005240,29/05/2026 09:14,B06,,,app,Tea,1,85,0.00,85.00,Credit Card,
T005241,2026-05-29 09:22,B05,,,In-store,Bakery,3,110,0.00,330.00,Credit Card,
T005242,2026-05-29 10:15,B05,M0315,Brz,In-store,Tea,1,95,0.00,95.00,Cash,4
T005243,2026-05-29 13:28,B03,M0197,Gold,App,Bakery,1,50,10.00,40.00,Credit Card,
T005244,2026-05-29 13:56,B07,M0040,Bronze,In-store,Bakery,1,100,0.00,100.00,QR PromptPay,
T005245,2026-05-29 14:33,B04,,,In-store,Coffee,2,105,0.00,210.00,Cash,
T005246,2026-05-29 15:08,B07,M0050,Silver,In-store,Coffee,1,85,8.50,76.50,QR PromptPay,
T005247,2026-05-29 15:21,B01,M0319,Gold,In-store,Coffee,1,120,18.00,102.00,Credit Card,5
T005248,2026-05-29 16:51,B08,M0051,Platinum,In-store,Merchandise,1,525,0.00,525.00,Credit Card,
T005249,2026-05-29 17:52,B07,M0147,Silver,In-store,Coffee,1,80,0.00,80.00,Cash,
T005250,2026-05-29 18:41,B03,M0312,Silver,App,Coffee,1,105,0.00,105.00,Credit Card,
T005251,2026-05-29 19:53,B02,M0292,Silver,In-store,Tea,2,55,11.00,99.00,Cash,4
T005252,2026-05-29 19:55,B07,,,In-store,Coffee,3,55,0.00,165.00,Cash,4
T005253,2026-05-29 22:52,B05,M0282,Silver,Delivery,Coffee,2,75,0.00,150.00,Credit Card,
T005254,2026-05-29 23:09,B05,,,Delivery,Coffee,4,105,0.00,420.00,QR PromptPay,
T005255,2026-05-30 08:04,B04,M0115,Silver,App,Merchandise,1,890,0.00,890.00,Credit Card,
T005256,30/05/2026 08:24,B06,M9772,Bronze,In-store,Coffee,4,65,0.00,260.00,Credit Card,
T005257,2026-05-30 08:58,B07,M9388,Gold,Delivery,Coffee,4,105,42.00,378.00,Cash,3
T005258,30/05/2026 09:57,B06,,,App,Bakery,2,65,0.00,130.00,Credit Card,
T005259,2026-05-30 10:11,b04,M0096,Gold,App,Coffee,1,105,15.75,89.25,App Wallet,
T005260,2026-05-30 10:27,B05,M0297,Bronze,In-store,Tea,3,70,0.00,210.00,QR PromptPay,5
T005261,2026-05-30 11:33,B04,M0115,Silver,In-store,Tea,2,50,0.00,100.00,Cash,
T005262,2026-05-30 11:43,B03,,,In-store,Coffee,2,105,0.00,210.00,Credit Card,5
T005263,30/05/2026 11:50,B06,,,In-store,Tea,1,95,0.00,95.00,Cash,5
T005264,2026-05-30 12:22,B07,M0175,Bronze,In-store,Coffee,1,85,0.00,85.00,Credit Card,2
T005265,2026-05-30 12:48,B07,M0325,PLATINUM,In-store,Coffee,2,110,0.00,220.00,QR PromptPay,
T005266,2026-05-30 12:57,B05,,,Delivery,Tea,2,95,0.00,190.00,Cash,4
T005267,2026-05-30 12:59,B08,M0051,platinum,In-store,Merchandise,4,280,112.00,1008.00,Cash,
T005268,2026-05-30 13:20,B01,,,In-store,Coffee,1,70,0.00,70.00,QR PromptPay,
T005269,2026-05-30 13:37,B07,M0288,Gold,In-store,Coffee,3,110,0.00,330.00,Credit Card,3
T005270,2026-05-30 13:55,B01,M0136,Bronze,In-store,Tea,2,65,0.00,130.00,Credit Card,2
T005271,2026-05-30 13:56,B04,M0168,Gold,App,Bakery,2,45,0.00,90.00,Credit Card,
T005269,2026-05-30 14:52,B07,M0288,Gold,In-store,Coffee,-3,110,-0.00,-330.00,Credit Card,
T005272,2026-05-30 15:48,B07,M0054,Bronze,In-store,Coffee,1,65,0.00,65.00,Cash,5
T005273,2026-05-30 16:06,B07,M0206,Bronze,In-store,Coffee,2,75,0.00,150.00,Credit Card,3
T005273,2026-05-30 16:06,B07,M0206,Bronze,In-store,Coffee,2,75,0.00,150.00,Credit Card,3
T005274,2026-05-30 17:41,B05,M0163,Bronze,In-store,Coffee,1,55,5.50,49.50,QR PromptPay,
T005275,2026-05-31 07:06,B04,,,App,Tea,1,50,0.00,50.00,Credit Card,
T005275,2026-05-31 07:06,B04,,,App,Tea,1,50,0.00,50.00,Credit Card,
T005276,2026-05-31 08:34,B02,,,In-store,Bakery,1,85,0.00,85.00,Credit Card,
T005277,2026-05-31 08:57,B01,M0208,Gold,In-store,Coffee,1,120,6.00,114.00,Credit Card,
T005278,31/05/2026 09:07,B06,M0304,Platinum,App,Coffee,3,70,31.50,178.50,App Wallet,
T005279,2026-05-31 09:59,B08,M0051,Platinum,In-store,Coffee,3,90,40.50,229.50,QR PromptPay,
T005280,2026-05-31 10:03,B03,,,In-store,Coffee,2,115,0.00,230.00,QR PromptPay,3
T005281,2026-05-31 10:40,B01,,,App,Coffee,1,80,0.00,80.00,Credit Card,
T005282,2026-05-31 11:45,B01,M0048,Silver,In-store,Coffee,2,80,32.00,128.00,Cash,3
T005283,2026-05-31 12:06,B01,,,In-store,Tea,2,70,0.00,140.00,Credit Card,
T005284,2026-05-31 12:08,B03,M0045,Gold,In-store,Bakery,2,105,0.00,210.00,Cash,5
T005285,2026-05-31 12:19,B02,,,In-store,Coffee,1,75,0.00,75.00,Credit Card,3
T005286,2026-05-31 12:23,B07,M0064,Bronze,App,Coffee,1,70,0.00,70.00,Credit Card,3
T005287,31/05/2026 12:43,B06,M0242,Silver,Delivery,Merchandise,1,825,0.00,825.00,Credit Card,
T005288,2026-05-31 12:51,B05,,,In-store,Coffee,2,110,0.00,220.00,Credit Card,
T005289,31/05/2026 13:01,B06,M0278,Bronze,In-store,Coffee,3,65,39.00,156.00,Cash,5
T005290,31/05/2026 13:13,B06,M0123,Gold,App,Merchandise,1,290,0.00,290.00,App Wallet,1
T005291,2026-05-31 14:09,B04,,,In-store,Merchandise,1,795,0.00,795.00,QR PromptPay,4
T005292,2026-05-31 14:16,B05,,,In-store,Coffee,4,105,0.00,420.00,Cash,
T005293,2026-05-31 14:34,B03,M0197,Gold,In-store,Bakery,3,50,7.50,142.50,Credit Card,
T005294,2026-05-31 15:27,B01,,,In-store,Tea,1,80,0.00,80.00,Credit Card,4
T005295,2026-05-31 15:32,B02,M0170,Gold,App,Tea,1,80,0.00,80.00,Credit Card,
T005296,2026-05-31 16:02,B05,M0120,Bronze,APP,Coffee,1,60,9.00,51.00,App Wallet,
T005297,31/05/2026 16:22,B06,M0056,Platinum,In-store,Coffee,1,115,0.00,115.00,Credit Card,
T005298,2026-05-31 16:58,B03,,,App,Coffee,1,105,0.00,105.00,Credit Card,5
T005299,2026-05-31 17:07,B03,M0210,Bronze,In-store,Coffee,3,80,0.00,240.00,Credit Card,5
T005300,2026-05-31 18:20,B01,,,In-store,Coffee,1,60,0.00,60.00,Cash,
T005301,2026-05-31 18:51,B08,M0171,Gold,In-store,Coffee,1,80,0.00,80.00,Credit Card,
T005302,2026-06-01 07:27,B04,M0177,Bronze,In-store,Coffee,1,110,0.00,110.00,QR PromptPay,5
T005303,01/06/2026 08:32,B06,,,App,Coffee,1,95,0.00,95.00,Credit Card,
T005304,2026-06-01 08:46,B01,M0033,Silver,Delivery,Bakery,2,105,31.50,178.50,QR PromptPay,
T005305,2026-06-01 10:24,B04,M0096,Gold,App,Coffee,4,90 THB,72.00,288.00,Credit Card,4
T005306,2026-06-01 10:27,B07,M0078,Silver,In-store,Bakery,1,105,0.00,105.00,QR PromptPay,
T005307,01/06/2026 12:27,B06,M0297,BRONZE,Delivery,Bakery,1,105,5.25,99.75,Cash,
T005308,2026-06-01 12:28,B07,M0284,Silver,In-store,Coffee,1,55,0.00,55.00,QR PromptPay,5
T005309,01/06/2026 12:41,B06,M0104,Silver,App,Tea,2,85,0.00,170.00,Credit Card,
T005310,2026-06-01 12:57,B07,M0130,Platinum,In-store,Coffee,1,95,19.00,76.00,Credit Card,
T005311,2026-06-01 13:54,B01,M0166,Platinum,In-store,Bakery,2,50,15.00,85.00,Cash,4
T005312,2026-06-01 14:57,B07,M0244,Bronze,In-store,Coffee,2,120,0.00,240.00,QR PromptPay,4
T005313,2026-06-01 15:01,B02,,,In-store,Bakery,2,65,0.00,130.00,Credit Card,4
T005314,2026-06-01 15:19,B04,M0144,Silver,App,Tea,2,65,0.00,130.00,App Wallet,
T005315,2026-06-01 15:30,B03,M0059,Gold,In-store,Coffee,4,75,45.00,255.00,QR PromptPay,
T005316,2026-06-01 15:36,B03,M0074,Platinum,App,Merchandise,2,465,0.00,930.00,Credit Card,4
T005317,2026-06-01 15:52,B03,M0078,Silver,In-store,Coffee,3,80,0.00,240.00,QR PromptPay,
T005318,2026-06-01 16:02,B07,,,In-store,Bakery,1,75,0.00,75.00,Cash,3
T005319,2026-06-01 16:56,B08,,,In-store,Coffee,2,90,0.00,180.00,QR PromptPay,
T005320,2026-06-01 18:10,B05,,,Delivery,Merchandise,3,450,0.00,1350.00,Credit Card,
T005321,2026-06-01 18:49,B01,,,In-store,Coffee,1,70,0.00,70.00,Credit Card,
T005322,2026-06-01 19:01,B04,M0177,Bronze,Delivery,Bakery,2,100,40.00,160.00,QR PromptPay,
T005323,2026-06-01 19:04,B05,M9366,Gold,App,Bakery,1,50,5.00,45.00,Credit Card,
T005324,2026-06-02 00:47,B05,M0199,Silver,Delivery,Bakery,2,80,0.00,160.00,QR PromptPay,
T005325,2026-06-02 08:29,B08,M0016,Gold,App,Coffee,2,85,34.00,136.00,App Wallet,4
T005326,2026-06-02 08:31,B07,,,In-store,Bakery,1,90,0.00,90.00,QR PromptPay,4
T005327,2026-06-02 08:49,B05,,,App,Coffee,2,100,0.00,200.00,Credit Card,5
T005328,2026-06-02 10:47,B04,,,In-store,Tea,1,50,0.00,50.00,Credit Card,
T005329,02/06/2026 11:55,B06,M0052,Bronze,Delivery,Coffee,2,95,0.00,190.00,Cash,
T005330,2026-06-02 11:58,B02,M0201,Bronze,In-store,Tea,1,50,0.00,50.00,QR PromptPay,3
T005331,2026-06-02 11:59,B05,M0310,Gold,App,Coffee,1,80,4.00,76.00,App Wallet,3
T005332,2026-06-02 12:03,B04,M0143,Bronze,In-store,Coffee,2,55,0.00,110.00,Cash,
T005333,2026-06-02 12:11,B08,M0079,Silver,Delivery,Coffee,2,120,0.00,240.00,QR PromptPay,
T005334,2026-06-02 12:32,B07,,,In-store,Bakery,2,60,0.00,120.00,Credit Card,
T005330,2026-06-02 13:09,B02,M0201,bronze,In-store,Tea,-1,50,-0.00,-50.00,QR PromptPay,
T005335,2026-06-02 13:28,B02,M0091,SILVER,In-store,Tea,4,65,0.00,260.00,Credit Card,
T005336,2026-06-02 13:34,B07,,,In-store,Coffee,1,60,0.00,60.00,Cash,
T005337,2026-06-02 13:42,B01,M0265,Gold,In-store,Coffee,4,110,22.00,418.00,Credit Card,
T005338,2026-06-02 13:54,b03,M0214,Silver,App,Tea,1,60,0.00,60.00,App Wallet,
T005339,2026-06-02 14:09,B07,,,In-store,Bakery,1,105,0.00,105.00,Credit Card,
T005340,2026-06-02 14:56,B04,,,app,Bakery,1,110,0.00,110.00,App Wallet,5
T005341,2026-06-02 16:07,B1,M0048,Silver,In-store,Merchandise,3,595,0.00,1785.00,Credit Card,
T005342,2026-06-02 16:12,B05,M0297,Bronze,In-store,Coffee,1,120,0.00,120.00,Cash,
T005343,02/06/2026 16:16,B06,M0229,Platinum,In-store,Coffee,2,75,0.00,150.00,QR PromptPay,
T005344,2026-06-02 16:33,B03,M0143,Bronze,In-store,Bakery,1,100,10.00,90.00,Credit Card,
T005345,2026-06-02 16:56,B07,M0170,Gold,In-store,Bakery,4,60,0.00,240.00,Credit Card,
T005346,2026-06-02 17:08,B08,,,In-store,Bakery,2,85,0.00,170.00,QR PromptPay,
T005347,2026-06-02 17:17,B03,M0056,Platinum,In-store,Coffee,2,90,18.00,162.00,QR PromptPay,
T005348,2026-06-02 18:02,B04,M0294,bronze,App,Coffee,3,85,0.00,255.00,App Wallet,5
T005349,2026-06-02 19:17,B02,M0265,Gold,In-store,Bakery,4,90,0.00,360.00,QR PromptPay,
T005350,2026-06-02 19:46,B05,M0187,Bronze,App,Merchandise,1,725,145.00,580.00,App Wallet,4
T005351,2026-06-03 07:43,B07,M0140,Bronze,In-store,Merchandise,1,595,0.00,595.00,QR PromptPay,4
T005352,2026-06-03 07:59,B05,M0055,Silver,App,Coffee,2,90,0.00,180.00,Credit Card,3
T005353,2026-06-03 08:24, B08,M0119,Bronze,In-store,Coffee,3,65,0.00,195.00,QR PromptPay,
T005354,2026-06-03 08:48,B07,M0325,Platinum,In-store,Coffee,1,95,0.00,95.00,QR PromptPay,
T005355,2026-06-03 09:34,B03,M0197,Gold,In-store,Coffee,1,120,24.00,96.00,QR PromptPay,
T005356,03/06/2026 10:14,B06,,,In-store,Tea,3,70,0.00,210.00,Credit Card,
T005357,2026-06-03 12:24,B04,M0170,Gold,In-store,Merchandise,1,680,0.00,680.00,Cash,
T005358,2026-06-03 12:59,B01,M0192,Gold,In-store,Merchandise,1,820,0.00,820.00,Credit Card,
T005359,2026-06-03 13:04,B04,M0143,Bronze,App,Coffee,1,100,0.00,100.00,Credit Card,
T005360,2026-06-03 13:38,B01,M0276,Bronze,In-store,Coffee,1,95,0.00,95.00,QR PromptPay,
T005361,03/06/2026 14:27,B06,M0219,Bronze,In-store,Coffee,1,65,0.00,65.00,QR PromptPay,
T005362,2026-06-03 15:32,B01,M0276,Bronze,App,Coffee,1,60,0.00,60.00,Credit Card,
T005363,2026-06-03 16:37,B05,M0163,Bronze,In-store,Bakery,1,85,0.00,85.00,Credit Card,5
T005364,2026-06-03 16:56,B08,,,In-store,Coffee,4,100,0.00,400.00,QR PromptPay,
T005365,03/06/2026 18:38,B06,M0278,Bronze,In-store,Coffee,2,55,0.00,110.00,Credit Card,5
T005366,2026-06-03 19:03,B08,M0119,Bronze,In-store,Bakery,2,75,0.00,150.00,QR PromptPay,
T005367,2026-06-03 19:06,B01,M0251,Bronze,In-store,Bakery,1,50,0.00,50.00,QR PromptPay,
T005368,2026-06-04 08:07,B03,M0242,Silver,App,Tea,1,75,0.00,75.00,Credit Card,5
T005369,2026-06-04 09:08,B07,M0244,Bronze,App,Coffee,1,110,0.00,110.00,App Wallet,
T005370,2026-06-04 10:33,B03,M0051,Platinum,In-store,Coffee,1,75,15.00,60.00,QR PromptPay,
T005371,2026-06-04 11:08,B05,,,In-store,Coffee,2,65,0.00,130.00,Cash,4
T005372,2026-06-04 12:01,B01,M0048,Silver,In-store,Coffee,3,120,0.00,360.00,Cash,
T005373,2026-06-04 12:08,B01,M0281,Silver,In-store,Tea,1,80,16.00,64.00,Cash,3
T005374,2026-06-04 12:39,B07,M0197,Gold,Delivery,Coffee,1,60,0.00,60.00,Cash,
T005375,04/06/2026 14:46,B06,M9772,Silver,App,Tea,1,85,4.25,80.75,Credit Card,1
T005376,2026-06-04 15:03,B05,M0187,Bronze,App,Coffee,2,100,0.00,200.00,App Wallet,
T005377,2026-06-04 15:22,B03,M0059,Gold,In-store,Coffee,1,90,0.00,90.00,Credit Card,
T005378,2026-06-04 15:35,B02,M0140,Bronze,In-store,Bakery,1,85,0.00,85.00,Credit Card,
T005379,2026-06-04 15:54,B04,M0082,Bronze,in-store,Coffee,2,80,0.00,160.00,QR PromptPay,5
T005380,04/06/2026 16:08,B06,M0056,Platinum,In-store,Bakery,3,105,47.25,267.75,Cash,
T005381,2026-06-04 16:20,B02,M0026,Bronze,App,Coffee,3,80,0.00,240.00,App Wallet,
T005382,2026-06-04 16:44,B03,M0053,Gold,In-store,Coffee,2,55,0.00,110.00,Credit Card,4
T005383,04/06/2026 16:46,B06,M0058,gold,App,Coffee,1,80,12.00,68.00,Credit Card,
T005384,2026-06-04 16:49,B05,,,Delivery,Coffee,2,70,0.00,140.00,Cash,
T005385,2026-06-04 16:52,B07,M0040,Bronze,In-store,Tea,2,70,0.00,140.00,QR PromptPay,
T005386,2026-06-04 17:19,B07,M0286,Silver,App,Tea,4,60,0.00,240.00,Credit Card,
T005387,2026-06-04 17:35,B08,M0013,Bronze,Delivery,Bakery,1,50,7.50,42.50,QR PromptPay,
T005388,2026-06-04 17:42,B02,M0258,Bronze,In-store,Coffee,1,60,0.00,60.00,Credit Card,4
T005389,2026-06-04 19:54,B01,M0237,Silver,In-store,Coffee,1,70,14.00,56.00,Credit Card,
T005390,2026-06-05 07:07,B01,M0027,Silver,In-store,Coffee,1,120,0.00,120.00,Cash,2
T005390,2026-06-05 07:07,B01,M0027,Silver,In-store,Coffee,1,120,0.00,120.00,Cash,2
T005391,2026-06-05 07:11,B03,,,In-store,Coffee,4,110,0.00,440.00,Credit Card,
T005392,2026-06-05 08:18,B04,M0112,Bronze,App,Bakery,4,65,0.00,260.00,App Wallet,
T005393,2026-06-05 08:29,B01,M0181,Bronze,In-store,Bakery,1,50,0.00,50.00,Cash,
T005394,2026-06-05 08:38,B01,M0237,Silver,In-store,Coffee,3,100,0.00,300.00,QR PromptPay,
T005395,2026-06-05 08:50,B04,,,Delivery,Bakery,3,110,0.00,330.00,Credit Card,
T005396,2026-06-05 09:16,B03,,,In-store,Tea,1,50,0.00,50.00,Credit Card,
T005397,2026-06-05 09:40,B03,M0028,Silver,In-store,Coffee,4,65,0.00,260.00,Cash,
T005398,2026-06-05 10:13,B02,M0292,Silver,In-store,Coffee,1,90,0.00,90.00,Cash,4
T005399,2026-06-05 11:03,B07,,,In-store,Bakery,1,110,0.00,110.00,QR PromptPay,4
T005400,2026-06-05 13:29,B03,,,Delivery,Merchandise,3,815,0.00,2445.00,Credit Card,
T005401,2026-06-05 13:54,B04,M0143,Bronze,In-store,Bakery,1,55,0.00,55.00,Credit Card,
T005402,2026-06-05 13:54,B07,,,Delivery,Bakery,1,95,0.00,95.00,QR PromptPay,
T005403,2026-06-05 14:05,B08,M0241,Gold,App,Coffee,1,70,7.00,63.00,Credit Card,
T005404,2026-06-05 15:04,B01,,,App,Tea,1,95,0.00,95.00,App Wallet,
T005405,2026-06-05 15:40,B01,M0045,Gold,App,Coffee,1,90,0.00,90.00,Credit Card,
T005406,2026-06-05 16:01,B4,M0284,Silver,In-store,Coffee,1,120,18.00,102.00,Credit Card,
T005407,2026-06-05 16:22,B02,M0142,Silver,App,Coffee,2,70,0.00,140.00,Credit Card,
T005408,2026-06-05 16:45,B04,M0178,Bronze,In-store,Coffee,3,105,0.00,315.00,Credit Card,
T005409,2026-06-05 18:31,B02,,,In-store,Coffee,1,65,0.00,65.00,Cash,3
T005410,2026-06-05 18:35,B01,,,In-store,Bakery,1,50,0.00,50.00,Credit Card,
T005411,2026-06-06 07:12,B02,M0118,GOLD,App,Tea,1,50,0.00,50.00,Credit Card,
T005412,2026-06-06 07:25,B04,M0159,Platinum,Delivery,Coffee,4,80,64.00,256.00,Cash,
T005413,2026-06-06 07:29,B04,M0042,Bronze,App,Coffee,2,115,0.00,230.00,Credit Card,5
T005414,2026-06-06 07:34,B08,M0002,Bronze,In-store,Bakery,3,45,0.00,135.00,Credit Card,
T005415,06/06/2026 08:24,B06,M0213,Silver,In-store,Coffee,1,75,0.00,75.00,Credit Card,
T005416,2026-06-06 08:41,B01,M0070,Bronze,App,Merchandise,1,780,0.00,780.00,App Wallet,3
T005417,2026-06-06 09:27,B02,,,App,Coffee,4,70,0.00,280.00,Credit Card,4
T005418,2026-06-06 10:02,B05,M0045,Gold,In-store,Coffee,2,65,0.00,130.00,Credit Card,
T005419,2026-06-06 10:08,B02,M0150,Bronze,App,Coffee,0,95,0.00,0.00,App Wallet,
T005420,2026-06-06 10:12,B05,,,In-store,Bakery,1,45,0.00,45.00,Credit Card,4
T005421,2026-06-06 10:30,B08,M0052,Bronze,App,Coffee,1,55,0.00,55.00,Credit Card,
T005422,2026-06-06 12:00,B04,M0178,Bronze,In-store,Coffee,2,65,0.00,130.00,Cash,
T005423,2026-06-06 13:20,B05,,,In-store,Coffee,1,110,0.00,110.00,QR PromptPay,
T005424,2026-06-06 13:24,B02,M0015,Gold,In-store,Bakery,4,90,0.00,360.00,QR PromptPay,5
T005425,2026-06-06 13:59,B08,M0002,Bronze,In-store,Merchandise,2,405,0.00,810.00,Credit Card,
T005426,2026-06-06 14:06,B08,M0303,Bronze,Instore,Coffee,2,55,0.00,110.00,Cash,
T005427,2026-06-06 14:32,B04,M0178,Bronze,In-store,Coffee,1,95,14.25,80.75,Credit Card,
T005428,06/06/2026 14:59,B06,,,In-store,Tea,2,75,0.00,150.00,QR PromptPay,2
T005429,2026-06-06 15:05,B07,,,In-store,Merchandise,1,300,0.00,300.00,Credit Card,4
T005430,2026-06-06 15:23,B01,,,In-store,Tea,2,50,0.00,100.00,QR PromptPay,
T005431,2026-06-06 15:55,B04,M0219,Bronze,In-store,Coffee,1,75,0.00,75.00,QR PromptPay,5
T005432,2026-06-06 16:57,B05,,,In-store,Coffee,1,75,0.00,75.00,QR PromptPay,
T005433,06/06/2026 18:22,B06,M0260,Gold,In-store,Coffee,2,80,0.00,160.00,Cash,
T005434,2026-06-06 18:43,B03,,,In-store,Coffee,4,85,0.00,340.00,Credit Card,
T005435,2026-06-06 19:23,B05,M0092,Bronze,In-store,Merchandise,2,705,0.00,1410.00,QR PromptPay,
T005436,2026-06-07 07:05,B01,M0166,Platinum,In-store,Bakery,1,95,0.00,95.00,QR PromptPay,5
T005437,2026-06-07 07:35,B05,M0092,Bronze,In-store,Tea,2,85,0.00,170.00,Credit Card,5
T005438,2026-06-07 07:47,B05,M0001,Bronze,App,Bakery,2,85,0.00,170.00,App Wallet,
T005439,2026-06-07 07:56,B07,M0144,silver,In-store,Coffee,2,95,0.00,190.00,Cash,5
T005440,2026-06-07 09:00,B07,M0044,Bronze,In-store,Tea,4,95,0.00,380.00,QR PromptPay,
T005441,2026-06-07 09:27,B05,M0322,Gold,In-store,Tea,1,60,0.00,60.00,Credit Card,3
T005442,2026-06-07 10:01,B04,,,In-store,Coffee,2,60,0.00,120.00,Credit Card,4
T005443,2026-06-07 12:26,B02,M0219,Bronze,App,Coffee,4,105,0.00,420.00,App Wallet,4
T005444,2026-06-07 12:34,B08,M0260,Gold,In-store,Coffee,2,85,0.00,170.00,Credit Card,
T005444,2026-06-07 12:34,B08,M0260,Gold,In-store,Coffee,2,85,0.00,170.00,Credit Card,
T005445,2026-06-07 12:53,B02,M0272,Bronze,App,Coffee,1,65,0.00,65.00,Credit Card,
T005446,2026-06-07 12:59,B01,M0038,Gold,In-store,Tea,2,70,0.00,140.00,QR PromptPay,5
T005447,2026-06-07 13:01,B07,M0124,Bronze,Delivery,Coffee,2,95,0.00,190.00,Cash,
T005448,2026-06-07 13:58,B08,M0055,Silver,App,Tea,1,50,0.00,50.00,Credit Card,
T005449,2026-06-07 14:15,B08,M0199,silver,In-store,Tea,4,80,0.00,320.00,Credit Card,
T005450,2026-06-07 14:36,B05,,,In-store,Coffee,4,110,0.00,440.00,Cash,
T005451,2026-06-07 14:37,B05,M0248,Gold,App,Coffee,4,100,0.00,400.00,App Wallet,
T005452,2026-06-07 15:33,B02,M0015,Gold,Delivery,Bakery,2,50,0.00,100.00,QR PromptPay,
T005453,2026-06-07 15:39,B04,,,App,Coffee,3,110,0.00,330.00,Credit Card,
T005454,2026-06-07 15:54,B01,,,In-store,Coffee,1,100,0.00,100.00,Credit Card,3
T005455,2026-06-07 15:56,B05,M0063,Silver,In-store,Bakery,2,45,4.50,85.50,Cash,3
T005456,07/06/2026 16:47,B06,,,Delivery,Tea,1,75,0.00,75.00,Cash,
T005457,2026-06-07 17:16,B01,M0048,Silver,App,Tea,1,65,0.00,65.00,Credit Card,
T005458,2026-06-07 17:34,b03,M0297,Bronze,Delivery,Coffee,2,100,0.00,200.00,Credit Card,
T005459,2026-06-07 17:36,B03,M0312,Silver,In-store,Coffee,1,75,0.00,75.00,Cash,3
T005460,2026-06-07 17:43,B02,M0149,Bronze,App,Coffee,2,80,0.00,160.00,App Wallet,1
T005461,2026-06-07 18:23,B01,M0261,Platinum,Delivery,Coffee,1,60,0.00,60.00,QR PromptPay,5
T005462,2026-06-07 18:35,B02,M0069,Platinum,In store,Merchandise,4,660,264.00,2376.00,Credit Card,3
T005463,2026-06-07 19:43,B03,,,In-store,Bakery,1,105,0.00,105.00,QR PromptPay,
T005464,2026-06-07 21:07,B05,M0102,Platinum,Delivery,Coffee,2,105,42.00,168.00,Credit Card,
T005465,2026-06-08 08:30,B05,M0297,Bronze,In-store,Coffee,3,115,69.00,276.00,Credit Card,
T005466,2026-06-08 08:36,B07,M0325,PLATINUM,In-store,Coffee,1,55,2.75,52.25,Cash,
T005467,08/06/2026 08:45,B06,M0056,Platinum,App,Coffee,2,85,8.50,161.50,Credit Card,5
T005468,2026-06-08 08:46,B03,M0059,Gold,In-store,Coffee,1,105,10.50,94.50,QR PromptPay,
T005469,08/06/2026 09:15,B06,,,In-store,Coffee,3,65,0.00,195.00,Credit Card,5
T005470,2026-06-08 12:21,B08,M0184,Silver,Delivery,Merchandise,2,460,0.00,920.00,Credit Card,4
T005471,2026-06-08 12:34,B03,M0044,Bronze,In-store,Coffee,1,70,7.00,63.00,Credit Card,
T005472,2026-06-08 12:46,B04,M0143,Bronze,Delivery,Bakery,1,55,5.50,49.50,Credit Card,
T005473,2026-06-08 12:59,B08,M0056,Platinum,In-store,Coffee,2,70,28.00,112.00,QR PromptPay,
T005474,2026-06-08 13:33,B05,M0318,Platinum,In-store,Coffee,1,105,0.00,105.00,QR PromptPay,
T005475,2026-06-08 13:34,B01,M0020,Bronze,Delivery,Bakery,1,45,2.25,42.75,QR PromptPay,
T005476,2026-06-08 13:59,B04,M0318,Platinum,In-store,Coffee,1,80,0.00,80.00,QR PromptPay,3
T005477,2026-06-08 14:16,B03,,,In-store,Tea,1,70,0.00,70.00,Cash,3
T005478,2026-06-08 14:45,B04,M0191,Gold,In-store,Coffee,1,95,0.00,95.00,QR PromptPay,
T005479,2026-06-08 16:10,B03,M0044,Bronze,In-store,Coffee,1,65,13.00,52.00,Credit Card,3
T005480,2026-06-08 17:00,B05,M0307,Platinum,App,Coffee,2,90,0.00,110.00,Credit Card,2
T005481,08/06/2026 17:05,B06,,,App,Coffee,3,100,0.00,300.00,App Wallet,
T005482,2026-06-08 18:13,B05,M0307,Platinum,in-store,Coffee,2,70,14.00,126.00,Credit Card,5
T005483,2026-06-08 19:19,B05,M0092,Bronze,APP,Coffee,4,80,0.00,320.00,Credit Card,
T005484,2026-06-08 19:39,B04,M0191,Gold,In-store,Coffee,1,65,6.50,58.50,Credit Card,4
T005485,2026-06-08 19:54,B02,M0269,Gold,In-store,Coffee,3,55,0.00,165.00,QR PromptPay,
T005484,2026-06-08 19:59,B04,M0191,Gold,In-store,Coffee,-1,65,-6.50,-58.50,Credit Card,
T005486,2026-06-09 07:35,B08,M0051,PLATINUM,In-store,Tea,1,75,7.50,67.50,QR PromptPay,4
T005487,2026-06-09 08:38,B02,M0172,Silver,App,Coffee,1,100,0.00,100.00,Credit Card,
T005488,2026-06-09 08:52,B04,M0258,Bronze,In-store,Coffee,1,105,5.25,99.75,Cash,
T005489,2026-06-09 09:12,B03,M0309,Silver,In-store,Coffee,1,70,0.00,70.00,Credit Card,
T005490,2026-06-09 09:54,B05,M0114,Silver,In-store,Coffee,1,70,0.00,70.00,Credit Card,
T005491,2026-06-09 10:33,B08,M0109,Bronze,In-store,Tea,3,95,0.00,285.00,Credit Card,4
T005492,2026-06-09 10:42,B08,,,Delivery,Merchandise,1,395,0.00,395.00,Cash,4
T005493,09/06/2026 10:56,B06,M0278,Bronze,In-store,Bakery,1,60,0.00,60.00,Cash,
T005494,2026-06-09 11:01,B01,M0031,Bronze,App,Bakery,1,75,0.00,75.00,Credit Card,3
T005495,2026-06-09 11:18,B01,M0237,Slvr,In-store,Tea,2,75,0.00,150.00,QR PromptPay,5
T005496,2026-06-09 11:22,B04,M0092,Bronze,In-store,Coffee,2,95,0.00,190.00,QR PromptPay,
T005497,2026-06-09 11:29,B07,M0284,Silver,In-store,Coffee,1,90,18.00,72.00,QR PromptPay,
T005498,2026-06-09 12:40,B07,M0054,Bronze,In-store,Coffee,4,120,0.00,480.00,Cash,5
T005499,2026-06-09 12:49,B01,M0048,Silver,In-store,Merchandise,4,610,488.00,1952.00,Credit Card,3
T005500,09/06/2026 13:36,B06,,,In store,Coffee,3,95,0.00,285.00,Credit Card,
T005501,2026-06-09 14:17,B02,M0184,Silver,App,Bakery,3,60,0.00,180.00,App Wallet,
T005501,2026-06-09 14:47,B02,M0184,Silver,App,Bakery,-3,60,-0.00,-180.00,App Wallet,
T005502,2026-06-09 14:50,B01,M0188,Bronze,App,Bakery,4,55,0.00,220.00,Credit Card,5
T005503,09/06/2026 14:59,B06,M0304,Platinum,In-store,Coffee,3,95,42.75,242.25,QR PromptPay,
T005504,2026-06-09 16:05,B05,M0310,Gold,App,Tea,4,90,36.00,324.00,Credit Card,4
T005505,2026-06-09 16:46,B07,M0040,Bronze,App,Coffee,1,110,0.00,110.00,App Wallet,
T005506,2026-06-09 18:26,B02,M0015,Gold,In-store,Coffee,1,65,0.00,65.00,Cash,4
T005507,2026-06-09 18:39,B05,M0120,Bronze,In-store,Coffee,2,85,0.00,170.00,Credit Card,
T005508,2026-06-09 19:40,B03,M0078,Slvr,app,Tea,2,50,0.00,100.00,App Wallet,4
T005509,10/06/2026 07:33,B06,M0058,Gld,In-store,Bakery,1,70,0.00,70.00,QR PromptPay,
T005510,2026-06-10 08:29,B01,M0236,Silver,In-store,Coffee,1,65,0.00,65.00,Cash,5
T005511,2026-06-10 08:37,B05,M0187,Bronze,Delivery,Coffee,1,85,0.00,85.00,Credit Card,
T005512,2026-06-10 08:53,B01,,,App,Bakery,3,85,0.00,255.00,App Wallet,
T005513,2026-06-10 09:46,B08,,,Delivery ,Coffee,3,105,0.00,315.00,QR PromptPay,
T005514,2026-06-10 10:00,B07,,,Mobile App,Bakery,3,55,0.00,165.00,App Wallet,4
T005515,2026-06-10 10:41,B07,M0050,Silver,Delivery,Merchandise,1,660,0.00,660.00,Credit Card,
T005516,2026-06-10 12:46,B08,,,In-store,Coffee,1,110,0.00,110.00,Credit Card,4
T005517,2026-06-10 12:49,B03,M0076,Bronze,App,Tea,2,55,0.00,110.00,Credit Card,4
T005518,2026-06-10 12:50,B05,M0240,Platinum,In-store,Coffee,2,105,0.00,210.00,Cash,
T005519,2026-06-10 13:04,B04,M0063,Silver,In-store,Coffee,2,105,0.00,210.00,QR PromptPay,
T005520,2026-06-10 13:11,B04,,,In-store,Coffee,1,80,0.00,80.00,QR PromptPay,
T005521,2026-06-10 13:25,B04,M0178,Bronze,App,Bakery,1,110,0.00,110.00,App Wallet,
T005522,2026-06-10 13:49,B07,M0193,Bronze,In-store,Coffee,2,90,0.00,180.00,Credit Card,4
T005523,2026-06-10 13:58,B02,M0117,Silver,In-store,Coffee,1,95,0.00,95.00,QR PromptPay,
T005524,2026-06-10 14:31,B04,M0112,Bronze,In-store,Coffee,1,120,0.00,120.00,Cash,
T005525,2026-06-10 14:45,B07,M0036,Platinum,Delivery,Coffee,3,75,22.50,202.50,QR PromptPay,
T005526,2026-06-10 16:15,B03,,,In-store,Coffee,1,105,0.00,105.00,Cash,
T005527,10/06/2026 16:15,B06,,,In-store,Bakery,4,65,0.00,260.00,Credit Card,
T005528,2026-06-10 17:24,B04,M0264,Bronze,Delivery,Bakery,1,90,0.00,90.00,Cash,5
T005529,2026-06-10 18:11,B05,M0127,Slvr,In-store,Bakery,4,75,0.00,300.00,Cash,
T005530,2026-06-10 18:51,b02,,,In-store,Coffee,3,105,0.00,315.00,QR PromptPay,
T005531,2026-06-10 19:23,B07,M0292,Silver,App,Tea,3,95,0.00,285.00,App Wallet,
T005532,2026-06-10 19:30,B01,,,Delivery,Coffee,1,55,0.00,55.00,QR PromptPay,
T005533,2026-06-10 19:56,B01,M0147,Silver,In-store,Coffee,2,105,0.00,210.00,Cash,
T005534,2026-06-11 08:27,B07,M0288,Gold,Delivery,Tea,2,95,9.50,180.50,QR PromptPay,
T005535,2026-06-11 08:39,B08,M0318,Platinum,In-store,Coffee,2,55,0.00,110.00,Cash,
T005536,2026-06-11 08:54,B03,,,In-store,Coffee,1,110,0.00,110.00,QR PromptPay,
T005537,2026-06-11 10:14,B02,,,In-store,Coffee,1,55,0.00,55.00,QR PromptPay,
T005538,2026-06-11 10:44,B03,M0106,Bronze,App,Coffee,1,85,0.00,85.00,App Wallet,
T005539,2026-06-11 10:52,B02,M0148,Gold,App,Coffee,4,85,34.00,306.00,Credit Card,4
T005540,2026-06-11 11:11,B05,M0098,Bronze,App,Bakery,2,110,0.00,220.00,App Wallet,
T005541,2026-06-11 12:04,B03,M0214,Silver,In-store,Coffee,1,115,23.00,92.00,QR PromptPay,
T005542,2026-06-11 12:19,B05,,,In-store,Tea,4,55,0.00,220.00,Credit Card,
T005543,2026-06-11 12:36,B07,M0244,Bronze,App,Coffee,1,85,0.00,85.00,Credit Card,3
T005544,2026-06-11 12:46,B01,M0051,Platinum,In-store,Bakery,3,80,36.00,204.00,QR PromptPay,4
T005545,2026-06-11 12:59,B03,M0229,Platinum,In-store,Merchandise,1,720,36.00,684.00,QR PromptPay,
T005546,2026-06-11 13:19,b02,M0127,Silver,In-store,Coffee,2,105,0.00,210.00,Cash,2
T005547,2026-06-11 13:29,B08,M0051,Platinum,In-store,Coffee,1,65,9.75,55.25,QR PromptPay,
T005548,2026-06-11 13:47,B05,M0258,Bronze,In-store,Tea,2,80,0.00,160.00,QR PromptPay,5
T005549,11/06/2026 13:50,B06,M0304,Platinum,in-store,Bakery,2,75,22.50,127.50,Credit Card,
T005550,2026-06-11 15:53,B05,M0092,BRONZE,In-store,Tea,2,70,0.00,140.00,QR PromptPay,
T005551,2026-06-11 16:20,B04,M0308,Gold,Delivery,Tea,2,75,15.00,135.00,QR PromptPay,3
T005552,2026-06-11 16:33,B01,M0208,GOLD,App,Tea,2,70,0.00,140.00,App Wallet,3
T005553,2026-06-11 16:34,B07,M0192,Gold,Delivery,Tea,1,55,0.00,55.00,Credit Card,
T005554,2026-06-11 16:40,B07,M0170,Gold,App,Coffee,3,85,51.00,204.00,Credit Card,
T005555,2026-06-11 18:14,B02,M0233,Bronze,App,Bakery,1,85,0.00,85.00,Credit Card,
T005556,2026-06-11 18:53,B01,,,In-store,Coffee,1,110,0.00,110.00,QR PromptPay,
T005557,2026-06-11 23:55,B05,,,Delivery,Bakery,1,85,0.00,85.00,QR PromptPay,
T005558,2026-06-12 07:37,B03,M0203,Bronze,In-store,Coffee,2,95,0.00,190.00,QR PromptPay,
T005559,2026-06-12 08:01,B05,,,App,Tea,1,75,0.00,75.00,App Wallet,
T005560,2026-06-12 08:08,B03,,,In-store,Coffee,4,80,0.00,320.00,QR PromptPay,
T005561,2026-06-12 08:15,B07,,,In-store,Coffee,2,110,0.00,220.00,QR PromptPay,3
T005562,2026-06-12 08:31,B01,,,App,Bakery,4,70,0.00,280.00,App Wallet,3
T005563,12/06/2026 08:41,B06,M0056,Platinum,In-store,Tea,2,60,0.00,120.00,QR PromptPay,
T005564,2026-06-12 09:05,B03,M0044,Bronze,Delivery,Merchandise,2,360,0.00,720.00,QR PromptPay,2
T005565,2026-06-12 09:51,B04,M0021,Bronze,In-store,Bakery,4,50,10.00,190.00,QR PromptPay,
T005566,2026-06-12 09:55,B07,M0286,Silver,App,Coffee,1,110,0.00,110.00,App Wallet,
T005567,2026-06-12 10:22,B08,M0002,Bronze,In-store,Bakery,1,90,0.00,90.00,Credit Card,
T005568,12/06/2026 11:10,B06,,,In-store,Coffee,1,70,0.00,70.00,Cash,
T005569,2026-06-12 11:12,B03,M0044,Bronze,App,Bakery,1,110,0.00,110.00,App Wallet,
T005570,2026-06-12 12:44,B05,,,App,Bakery,4,45,0.00,180.00,Credit Card,
T005571,2026-06-12 13:21,B04,M0144,Silver,App,Tea,1,65,0.00,65.00,App Wallet,4
T005572,2026-06-12 13:29,B08,,,In-store,Coffee,1,95,0.00,95.00,QR PromptPay,4
T005573,2026-06-12 13:40,B08,M0259,Bronze,App,Coffee,1,115,17.25,97.75,Credit Card,
T005574,2026-06-12 13:42,B03,M0048,Silver,In-store,Coffee,2,70,28.00,112.00,QR PromptPay,
T005575,2026-06-12 13:44,B08,M0295,Silver,In-store,Coffee,1,110,0.00,110.00,QR PromptPay,
T005576,12/06/2026 13:56,B06,M0273,Silver,App,Coffee,1,100,10.00,90.00,App Wallet,
T005577,2026-06-12 16:59,B03,M0104,Silver,App,Bakery,1,105,0.00,105.00,App Wallet,
T005578,2026-06-12 18:38,B01,M0114,Silver,In-store,Coffee,1,75,0.00,75.00,QR PromptPay,
T005579,2026-06-12 19:30,B04,,,Delivery,Bakery,1,45,0.00,45.00,Cash,
T005580,12/06/2026 19:52,B06,,,In-store,Merchandise,4,670,0.00,2680.00,Credit Card,3
T005581,2026-06-13 01:23,B05,M0047,Platinum,Delivery,Bakery,1,50,0.00,50.00,Credit Card,
T005582,2026-06-13 07:02,B03,M0312,Silver,App,Tea,1,75,11.25,63.75,Credit Card,2
T005583,13/06/2026 08:26,B06,M0273,Silver,In-store,Tea,3,95,0.00,285.00,QR PromptPay,
T005584,2026-06-13 10:07,B08,,,App,Bakery,1,110,0.00,110.00,Credit Card,
T005585,2026-06-13 10:50,B01,M0127,Silver,App,Coffee,2,120,0.00,240.00,App Wallet,
T005586,2026-06-13 11:14,B04,M0137,Bronze,APP,Coffee,2,85,0.00,170.00,Credit Card,
T005587,2026-06-13 11:48,B04,M0304,Platinum,App,Bakery,1,90,13.50,76.50,Credit Card,
T005588,2026-06-13 11:56,B07,,,App,Coffee,4,90,0.00,360.00,Credit Card,
T005589,2026-06-13 12:04,B02,M0026,BRONZE,In-store,Tea,3,95,0.00,285.00,QR PromptPay,
T005590,2026-06-13 12:32,B05,,,App,Coffee,1,85,0.00,85.00,App Wallet,2
T005591,2026-06-13 12:43,B08,M0119,Bronze,In-store,Coffee,4,90,0.00,360.00,Cash,
T005592,2026-06-13 12:49,B01,M0114,Silver,App,Coffee,1,90,0.00,90.00,App Wallet,
T005593,2026-06-13 13:04,B02,M0265,Gold,App,Coffee,1,120,18.00,102.00,Credit Card,3
T005594,2026-06-13 13:14,B08,M0306,Bronze,In-store,Coffee,4,95,0.00,380.00,Credit Card,4
T005595,13/06/2026 13:25,B06,M0117,Silver,In-store,Coffee,4,90,0.00,360.00,QR PromptPay,
T005596,13/06/2026 13:47,B06,,,Delivery,Coffee,1,70,0.00,70.00,QR PromptPay,
T005597,2026-06-13 13:48,B2,M0244,Bronze,In-store,Coffee,4,90,36.00,324.00,QR PromptPay,
T005598,2026-06-13 14:11,B08,M0012,Platinum,In-store,Coffee,1,85,4.25,80.75,QR PromptPay,
T005599,13/06/2026 14:44,B06,,,App,Coffee,1,70,0.00,70.00,Credit Card,1
T005600,2026-06-13 14:48,B04,M0264,Bronze,App,Coffee,1,105,0.00,105.00,Credit Card,
T005601,2026-06-13 14:52,B01,M0290,Gold,In-store,Coffee,2,110,0.00,220.00,Credit Card,4
T005602,2026-06-13 15:32,B01,M0018,Silver,In-store,Bakery,4,60,24.00,216.00,Cash,
T005603,13/06/2026 16:18,B06,,,In-store,Bakery,1,65,0.00,65.00,Cash,
T005604,2026-06-13 16:20,B01,M0300,Bronze,In-store,Bakery,1,110,0.00,110.00,QR PromptPay,
T005605,2026-06-13 16:24,B08,,,In-store,Bakery,2,85,0.00,170.00,Credit Card,
T005606,2026-06-13 16:31,B04,,,App,Coffee,1,110,0.00,110.00,Credit Card,
T005607,2026-06-13 16:34,B04,M0318,Platinum,In-store,Bakery,1,95,0.00,95.00,Credit Card,
T005608,2026-06-13 16:48,B08,M0002,Bronze,Instore,Bakery,1,60,0.00,60.00,Credit Card,4
T005609,2026-06-13 17:41,B03,M0312,Silver,App,Tea,1,80,0.00,80.00,Credit Card,
T005610,2026-06-13 18:02,B08,M0258,bronze,Delivery,Tea,2,95,0.00,190.00,QR PromptPay,
T005611,2026-06-13 18:21,B08,M0180,Bronze,App,Coffee,1,70,0.00,70.00,App Wallet,
T005612,2026-06-13 19:20,B05,M0240,Platinum,In-store,Coffee,1,80,0.00,80.00,QR PromptPay,
T005613,2026-06-13 19:25,B02,M0265,Gold,In-store,Coffee,1,65,6.50,58.50,QR PromptPay,
T005614,2026-06-13 19:39,B05,,,In-store,Coffee,1,60,0.00,60.00,Cash,
T005615,2026-06-14 07:31,B02,M0150,Bronze,App,Merchandise,2,275,0.00,550.00,Credit Card,
T005616,2026-06-14 07:32,B02,M0306,Bronze,In-store,Coffee,1,115,0.00,115.00,Cash,
T005617,2026-06-14 07:54,B01,M0114,Silver,App,Tea,1,85,0.00,85.00,App Wallet,
T005618,2026-06-14 10:11,B04,M0099,Gold,App,Coffee,2,65,6.50,123.50,App Wallet,
T005619,2026-06-14 10:55,B04,M0144,Silver,In-store,Coffee,4,70,42.00,238.00,Cash,5
T005620,2026-06-14 12:39,B07,M0286,Silver,In-store,Tea,1,50,0.00,50.00,Cash,
T005621,2026-06-14 13:29,B04,M0063,Silver,In-store,Coffee,3,95,0.00,285.00,QR PromptPay,
T005622,2026-06-14 13:30,B04,M0318,Platinum,In-store,Tea,2,55,5.50,104.50,Credit Card,
T005623,2026-06-14 13:39,B02,M0257,Silver,In-store,Tea,1,50,0.00,50.00,Credit Card,
T005624,2026-06-14 13:52,B04,M0016,Gold,In-store,Tea,2,60,18.00,102.00,Credit Card,
T005625,2026-06-14 13:52,B01,M0076,Bronze,In-store,Coffee,1,55,0.00,55.00,QR PromptPay,4
T005626,2026-06-14 16:07,B01,M0158,Silver,App,Bakery,1,70,0.00,70.00,Credit Card,
T005627,2026-06-14 16:21,B07,M0244,Bronze,In-store,Coffee,1,100,0.00,100.00,Credit Card,3
T005628,2026-06-14 17:07,B01,M0261,PLATINUM,In-store,Bakery,4,80,0.00,320.00,Cash,
T005629,2026-06-14 17:24,B04,,,Delivery,Coffee,1,85,0.00,85.00,Credit Card,4
T005630,2026-06-14 17:34,B02,M0147,Silver,App,Coffee,4,100,0.00,400.00,App Wallet,
T005631,2026-06-14 18:18,B05,M0047,Platinum,App,Coffee,1,100,20.00,80.00,Credit Card,4
T005632,14/06/2026 18:25,B06,M0005,Bronze,App,Coffee,1,70,0.00,70.00,Credit Card,
T005633,2026-06-14 18:28,B02,,,Delivery,Coffee,1,115,0.00,115.00,Cash,
T005634,2026-06-14 19:00,B07,M0325,Platinum,In-store,Tea,3,75,11.25,213.75,Credit Card,
T005635,2026-06-15 10:10,B07,M0040,Bronze,In-store,Coffee,1,110,22.00,88.00,QR PromptPay,
T005636,2026-06-15 11:23,B01,,,In-store,Coffee,4,120,0.00,480.00,Credit Card,
T005637,2026-06-15 12:15,B04,,,In-store,Coffee,2,65,0.00,130.00,Credit Card,
T005638,2026-06-15 12:41,B04,,,In-store,Bakery,1,65,0.00,65.00,Credit Card,
T005639,2026-06-15 13:14,B07,M0244,Bronze,In-store,Bakery,1,100,0.00,100.00,Credit Card,4
T005640,2026-06-15 13:36,B07,M0054,Bronze,In-store,Bakery,1,80,0.00,80.00,QR PromptPay,
T005641,2026-06-15 13:56,B03,M0085,Bronze,In-store,Merchandise,1,410,0.00,410.00,Cash,
T005642,2026-06-15 14:29,B01,,,Delivery,Coffee,2,100,0.00,200.00,Credit Card,
T005643,2026-06-15 15:25,B04,M0294,Bronze,In-store,Bakery,2,55,0.00,110.00,Credit Card,
T005644,2026-06-15 15:53,B01,,,In-store,Bakery,1,80,0.00,80.00,Credit Card,
T005644,2026-06-15 15:53,B01,,,In-store,Bakery,1,80,0.00,80.00,Credit Card,
T005645,2026-06-15 16:06,B03,M0242,Silver,In-store,Coffee,1,85,17.00,68.00,Cash,
T005646,2026-06-15 16:24,B07,M0192,Gold,App,Coffee,2,110,0.00,220.00,Credit Card,5
T005647,2026-06-15 16:43,B01,,,In-store,Bakery,1,105,0.00,105.00,QR PromptPay,
T005648,2026-06-15 17:19,B08,M0180,Bronze,In-store,Coffee,1,85,0.00,85.00,Cash,
T005649,2026-06-15 18:01,B04,M0016,Gold,App,Coffee,1,65,3.25,61.75,Credit Card,
T005650,2026-06-15 18:31,B02,M0222,Silver,App,Coffee,1,105,0.00,105.00,App Wallet,2
T005651,2026-06-15 21:47,B05,M0027,Silver,Delivery,Merchandise,4,575,345.00,1955.00,Credit Card,
T005652,2026-06-15 22:38,B05,,,Delivery,Coffee,3,55,0.00,165.00,Credit Card,
T005653,2026-06-16 07:55,B04,,,In-store,Coffee,4,55,0.00,220.00,Cash,3
T005654,2026-06-16 07:56,B03,,,App,Coffee,2,80,0.00,160.00,Credit Card,
T005655,2026-06-16 08:06,B05,M0098,Bronze,In-store,Coffee,1,95,0.00,95.00,Cash,
T005656,2026-06-16 08:28,B03,M0042,Bronze,App,Tea,2,60,0.00,120.00,App Wallet,5
T005657,2026-06-16 08:46,B07,M0286,Silver,Delivery,Coffee,2,80,0.00,160.00,QR PromptPay,3
T005658,2026-06-16 08:53,B07,M0286,Silver,In-store,Bakery,2,55,5.50,104.50,QR PromptPay,
T005659,2026-06-16 09:24,B03,M0044,Bronze,In-store,Coffee,2,70,7.00,133.00,QR PromptPay,
T005660,2026-06-16 09:36,B04,M0178,Bronze,App,Bakery,2,75,0.00,150.00,App Wallet,
T005660,2026-06-16 09:36,B04,M0178,Bronze,App,Bakery,2,75,0.00,150.00,App Wallet,
T005661,2026-06-16 09:54,B02,M0201,Bronze,App,Coffee,1,75,0.00,75.00,Credit Card,
T005662,2026-06-16 09:58,B04,M0040,Bronze,In-store,Bakery,1,50,0.00,50.00,QR PromptPay,5
T005663,2026-06-16 10:31,B05,,,In-store,Bakery,2,95,0.00,190.00,QR PromptPay,
T005664,2026-06-16 12:32,B07,M0297,Bronze,In-store,Coffee,1,80,0.00,80.00,Cash,
T005665,2026-06-16 13:17,B08,M0204,Gold,In-store,Coffee,3,115,34.50,310.50,Cash,4
T005666,2026-06-16 13:39,B07,M0192,Gold,App,Bakery,1,60,3.00,57.00,App Wallet,
T005667,2026-06-16 13:41,B03,,,Delivery,Coffee,2,60,0.00,120.00,Cash,
T005668,2026-06-16 14:08,B03,M0312,Silver,In-store,Coffee,2,120,0.00,240.00,Cash,
T005669,2026-06-16 15:20,B05,M9064,Gold,In-store,Coffee,3,105,0.00,315.00,QR PromptPay,5
T005670,2026-06-16 15:25,B02,M0082,Bronze,App,Bakery,1,60,0.00,60.00,App Wallet,
T005671,2026-06-16 16:05,B07,M0276,Bronze,App,Bakery,1,105,0.00,105.00,App Wallet,5
T005672,2026-06-16 17:47,B01,M0158,Silver,App,Coffee,1,90,0.00,90.00,App Wallet,4
T005673,2026-06-16 19:26,B07,M0244,Bronze,Delivery,Coffee,1,70,0.00,70.00,Credit Card,
T005674,16/06/2026 19:33,B06,M0273,Silver,Delivery,Coffee,1,105,0.00,105.00,Cash,1
T005675,2026-06-17 02:07, B05,,,Delivery ,Bakery,2,90,0.00,180.00,QR PromptPay,
T005676,2026-06-17 07:14,B02,M0069,Platinum,App,Bakery,1,90,0.00,90.00,App Wallet,
T005677,2026-06-17 07:42,B04,,,Delivery,Coffee,2,65,0.00,130.00,Credit Card,
T005678,2026-06-17 07:54,B05,M0047,Platinum,App,Coffee,1,65,0.00,65.00,App Wallet,
T005679,2026-06-17 08:04,B03,M0036,Platinum,In-store,Coffee,1,60,0.00,60.00,Credit Card,
T005680,17/06/2026 08:23,B06,,,In-store,Coffee,1,85,0.00,85.00,QR PromptPay,2
T005681,2026-06-17 08:56,B01,M0208,Gold,App,Coffee,2,85,34.00,136.00,App Wallet,2
T005682,2026-06-17 09:09,B04,M0301,Bronze,In-store,Bakery,2,50,0.00,100.00,QR PromptPay,
T005683,2026-06-17 09:23,B05,M0304,Platinum,In-store,Bakery,1,55,5.50,49.50,Cash,3
T005684,2026-06-17 11:18,B07,M0286,Silver,In-store,Coffee,4,65,0.00,260.00,QR PromptPay,3
T005685,2026-06-17 12:05,B04,M0187,Bronze,In-store,Coffee,2,65,0.00,130.00,Credit Card,5
T005686,2026-06-17 12:18,B08,M0184,Silver,In-store,Bakery,3,55,8.25,156.75,Credit Card,
T005687,2026-06-17 12:20,B07,,,App,Coffee,1,75,0.00,75.00,Credit Card,
T005688,2026-06-17 13:24,B02,,,App,Tea,1,50,0.00,50.00,App Wallet,
T005689,17/06/2026 13:46,B06,M0304,Platinum,App,Bakery,1,110,0.00,110.00,Credit Card,
T005690,2026-06-17 14:57,B01,,,In-store,Coffee,1,65,0.00,65.00,QR PromptPay,4
T005691,2026-06-17 14:58,B02,M0138,Silver,In-store,Bakery,2,100,0.00,200.00,QR PromptPay,
T005691,2026-06-17 14:58,B02,M0138,Silver,In-store,Bakery,2,100,0.00,200.00,QR PromptPay,
T005692,2026-06-17 15:26,B04,M0112,Bronze,Delivery,Bakery,1,90,0.00,90.00,Credit Card,
T005693,2026-06-17 16:01,B02,M9388,Bronze,Delivery,Bakery,1,50,0.00,50.00,Cash,
T005694,2026-06-17 16:34,B05,M0188,BRONZE,In-store,Tea,1,50,0.00,50.00,Credit Card,4
T005695,2026-06-17 16:44,B01,,,In-store,Tea,1,90,0.00,90.00,Cash,
T005696,2026-06-17 17:52,B01,M0027,Silver,Delivery,Tea,1,75,0.00,75.00,Cash,
T005697,2026-06-17 18:32,B08,M0051,Platinum,App,Merchandise,1,345,69.00,276.00,App Wallet,
T005697,2026-06-17 18:32,B08,M0051,Platinum,App,Merchandise,1,345,69.00,276.00,App Wallet,
T005698,2026-06-17 18:49,B01,,,In-store,Tea,1,50,0.00,50.00,QR PromptPay,
T005699,17/06/2026 19:02,B06,,,In-store,Coffee,2,85,0.00,170.00,Cash,4
T005700,2026-06-17 19:08,B07,,,Delivery,Coffee,4,65,0.00,260.00,QR PromptPay,
T005701,2026-06-17 19:26,B01,M0097,Bronze,In-store,Coffee,1,110,0.00,110.00,QR PromptPay,
T005702,2026-06-18 07:42,B05,M0230,Silver,In-store,Tea,1,80,12.00,68.00,Credit Card,
T005703,2026-06-18 07:56,B01,,,In-store,Bakery,2,65,0.00,130.00,QR PromptPay,5
T005704,2026-06-18 08:23,B08,M0015,Gold,In-store,Merchandise,2,770,231.00,1309.00,QR PromptPay,
T005705,2026-06-18 08:36,B08,M0193,Bronze,in-store,Coffee,1,70,0.00,70.00,Credit Card,5
T005706,2026-06-18 08:39,B08,,,App,Coffee,1,60,0.00,60.00,App Wallet,3
T005707,2026-06-18 10:05,B07,M0325,Platinum,App,Coffee,1,100,10.00,90.00,Credit Card,
T005708,2026-06-18 10:06,B05,M0307,Platinum,App,Coffee,1,120,0.00,120.00,Credit Card,
T005709,2026-06-18 10:43,B05,M0313,Bronze,In-store,Coffee,2,120,0.00,240.00,QR PromptPay,
T005710,2026-06-18 11:11,B04,M0014,Bronze,In-store,Bakery,2,60,0.00,120.00,Credit Card,4
T005711,2026-06-18 13:33,B02,M0117,Silver,In-store,Merchandise,1,810,0.00,810.00,Credit Card,3
T005712,18/06/2026 16:18,B06,M0294,Bronze,In-store,Coffee,1,80,0.00,80.00,Credit Card,
T005713,2026-06-18 16:32,B08,,,Delivery,Coffee,3,65,0.00,195.00,QR PromptPay,5
T005714,2026-06-18 16:39,B01,M0048,SILVER,In-store,Bakery,1,100,0.00,100.00,QR PromptPay,
T005715,2026-06-18 16:41,B07,,,Delivery,Bakery,1,80,0.00,80.00,QR PromptPay,5
T005716,2026-06-18 16:50,B04,M0051,Platinum,App,Bakery,1,50,0.00,50.00,Credit Card,
T005717,2026-06-18 16:50,B01,M0127,Silver,In-store,Coffee,1,120,0.00,120.00,Cash,4
T005718,2026-06-18 17:00,B08,,,App,Coffee,1,100,0.00,100.00,App Wallet,4
T005719,2026-06-18 18:28,B07,M0170,Gold,In-store,Bakery,1,100,0.00,100.00,QR PromptPay,
T005720,2026-06-18 18:43,B02,,,App,Coffee,1,80,0.00,80.00,Credit Card,
T005721,2026-06-18 18:53,B08,M0051,Platinum,delivery,Bakery,2,70,21.00,119.00,Credit Card,
T005722,2026-06-18 19:51,B05,M0322,Gold,In-store,Bakery,2,100,40.00,160.00,QR PromptPay,
T005723,2026-06-18 19:52,B08,M0012,Platinum,App,Bakery,4,105,63.00,357.00,App Wallet,
T005724,2026-06-19 01:00,B05,,,Delivery,Coffee,2,55,0.00,110.00,QR PromptPay,
T005725,2026-06-19 07:32,B03,M9366,Bronze,Delivery,Coffee,3,60,0.00,180.00,QR PromptPay,
T005726,2026-06-19 08:17,B03,M0132,Bronze,In-store,Coffee,2,70,0.00,140.00,QR PromptPay,4
T005727,2026-06-19 08:31,B04,,,Delivery,Bakery,3,70,0.00,210.00,QR PromptPay,4
T005728,2026-06-19 08:36,B03,M0132,Bronze,In-store,Tea,1,80,0.00,80.00,QR PromptPay,
T005729,2026-06-19 10:31,B08,M0180,Bronze,in-store,Coffee,1,55,0.00,55.00,Cash,
T005730,2026-06-19 10:56,B08,M0073,Gold,App,Coffee,1,95,0.00,95.00,Credit Card,
T005731,2026-06-19 11:29,B07,,,Delivery,Bakery,2,90,0.00,180.00,QR PromptPay,
T005732,2026-06-19 11:34,B08,M0158,Silver,In-store,Coffee,4,80,0.00,320.00,Credit Card,
T005733,2026-06-19 11:38,B04,M0294,Bronze,In-store,Coffee,1,90,0.00,90.00,QR PromptPay,
T005733,2026-06-19 12:18,B04,M0294,Bronze,in-store,Coffee,-1,90,-0.00,-90.00,QR PromptPay,
T005734,2026-06-19 12:33,B01,M0158,Silver,App,Merchandise,1,595,89.25,505.75,App Wallet,
T005735,2026-06-19 12:48,B01,M0018,Silver,Instore,Bakery,2,50,0.00,100.00,Cash,
T005736,2026-06-19 13:34,B05,M0240,Platinum,Instore,Bakery,1,80,0.00,80.00,Cash,5
T005737,2026-06-19 14:09,B01,,,In-store,Bakery,1,110,0.00,110.00,Credit Card,4
T005738,19/06/2026 14:45,B06,M0058,Gold,In-store,Coffee,4,115,0.00,460.00,Cash,
T005739,2026-06-19 16:28,B04,M0158,Silver,Delivery,Tea,1,90,4.50,85.50,QR PromptPay,
T005740,2026-06-19 16:43,B05,,,In-store,Coffee,1,80,0.00,80.00,Credit Card,4
T005741,2026-06-19 16:55,B07,M0284,Silver,In-store,Coffee,1,115,0.00,115.00,QR PromptPay,
T005739,2026-06-19 17:56,B04,M0158,Silver,Delivery,Tea,-1,90,-4.50,-85.50,QR PromptPay,
T005742,2026-06-19 18:21,B04,M0119,Bronze,In-store,Coffee,1,110,0.00,110.00,Cash,
T005743,19/06/2026 18:55,B06,M0310,Gold,In-store,Bakery,1,50,0.00,50.00,Cash,
T005744,2026-06-19 19:16,B08,,,In-store,Bakery,1,70,0.00,70.00,Credit Card,3
T005745,2026-06-19 19:43,B08,,,In-store,Coffee,3,60,0.00,180.00,QR PromptPay,3
T005746,2026-06-19 22:43,B05,M0259,Bronze,Delivery,Coffee,1,55,0.00,55.00,QR PromptPay,4
T005747,20/06/2026 07:25,B06,,,Instore,Coffee,1,55,0.00,55.00,Credit Card,
T005748,2026-06-20 08:06,B04,,,In-store,Tea,0,50,0.00,0.00,Cash,4
T005749,2026-06-20 08:13,B05,M0230,Silver,Delivery,Coffee,1,65,0.00,65.00,Cash,
T005750,20/06/2026 08:40,B06,M0298,Bronze,In-store,Coffee,2,110,0.00,220.00,Cash,1
T005751,2026-06-20 09:25,B02,M0142,Silver,In-store,Coffee,1,90,0.00,90.00,Credit Card,
T005752,20/06/2026 09:48,B06,,,In-store,Coffee,1,95,0.00,95.00,Cash,
T005753,2026-06-20 11:36,B01,M0027,Silver,In-store,Coffee,2,65,0.00,130.00,Cash,
T005754,2026-06-20 11:53,B08,M0222,Silver,In-store,Coffee,2,80,16.00,144.00,Credit Card,3
T005755,2026-06-20 12:12,B07,,,In-store,Merchandise,1,440,0.00,440.00,QR PromptPay,
T005756,2026-06-20 12:19,B02,,,App,Coffee,1,105,0.00,105.00,App Wallet,
T005757,2026-06-20 13:30,B02,,,In-store,Coffee,1,120,0.00,120.00,QR PromptPay,
T005758,2026-06-20 13:45,B05,,,In-store,Coffee,3,80,0.00,240.00,QR PromptPay,4
T005759,2026-06-20 13:56,B03,M0312,Silver,In-store,Tea,2,95,0.00,190.00,QR PromptPay,4
T005760,2026-06-20 15:10,B04,M0318,Platinum,In-store,Coffee,1,65,3.25,61.75,QR PromptPay,
T005761,2026-06-20 15:28,B01,M0166,Platinum,In-store,Coffee,1,115,0.00,115.00,Credit Card,4
T005762,2026-06-20 15:45,B01,M0045,Gold,In-store,Coffee,1,65,0.00,65.00,Cash,4
T005763,2026-06-20 16:07,B02,,,In-store,Coffee,4,85,0.00,340.00,QR PromptPay,4
T005764,2026-06-20 16:14,B08,M0053,Gold,In-store,Tea,1,85,12.75,72.25,QR PromptPay,
T005765,2026-06-20 16:51,B01,,,In-store,Coffee,3,115,0.00,345.00,Cash,
T005766,2026-06-21 02:08,B05,M0114,Silver,Delivery,Coffee,1,100,5.00,95.00,Credit Card,
T005767,2026-06-21 10:50,B05,M0187,Bronze,In-store,Coffee,1,120,0.00,120.00,Credit Card,
T005768,2026-06-21 11:17,B02,M9772,Gold,In-store,Bakery,2,105,0.00,210.00,Credit Card,3
T005769,2026-06-21 11:40,B05,M0247,Bronze,in-store,Tea,3,85,0.00,255.00,Cash,4
T005770,2026-06-21 11:51,B02,M0082,Bronze,App,Bakery,1,110,0.00,110.00,App Wallet,
T005771,2026-06-21 12:38,B08,,,App,Coffee,1,80,0.00,80.00,App Wallet,
T005769,2026-06-21 12:45,B05,M0247,Bronze,In-store,Tea,-3,85,-0.00,-255.00,Cash,
T005772,2026-06-21 13:05,B01,M0012,Platinum,In-store,Bakery,1,80,0.00,80.00,Cash,
T005773,2026-06-21 13:06,B08,M0045,Gold,In-store,Bakery,1,45,0.00,45.00,QR PromptPay,5
T005774,2026-06-21 13:28,B07,M9351,Bronze,In-store,Bakery,1,105,5.25,99.75,Credit Card,
T005775,2026-06-21 13:56,B03,M0044,Bronze,In-store,Bakery,1,70,0.00,70.00,QR PromptPay,
T005776,2026-06-21 14:09,B07,M0056,Platinum,In-store,Coffee,1,105,21.00,84.00,Cash,
T005777,2026-06-21 14:22,B08,,,Delivery,Coffee,1,105,0.00,105.00,Credit Card,
T005778,2026-06-21 14:45,B02,,,In-store,Merchandise,2,850,0.00,1700.00,Cash,4
T005779,2026-06-21 14:54,B01,M0132,Bronze,In-store,Coffee,3,65,0.00,195.00,Credit Card,4
T005780,2026-06-21 15:17,B01,M0083,Bronze,In-store,Coffee,3,60,0.00,180.00,Credit Card,3
T005781,2026-06-21 15:49,B07,M0288,Gold,In-store,Coffee,2,75,0.00,150.00,Cash,
T005782,2026-06-21 16:41,B07,M0288,gold,App,Merchandise,1,635,0.00,635.00,Credit Card,3
T005783,2026-06-21 19:10,B03,M0242,Silver,In-store,Coffee,1,90,18.00,72.00,QR PromptPay,
T005784,2026-06-22 02:41,B05,M0230,Silver,Delivery,Merchandise,2,835,0.00,1670.00,QR PromptPay,4
T005785,2026-06-22 07:18,B05,M0310,Gold,In-store,Coffee,2,60,0.00,120.00,QR PromptPay,
T005786,2026-06-22 08:24,B07,M0130,Platinum,In-store,Coffee,2,60,24.00,96.00,Credit Card,3
T005787,2026-06-22 08:37,B08,,,In-store,Coffee,1,120,0.00,120.00,Cash,3
T005788,22/06/2026 09:35,B06,,,delivery,Tea,1,85,0.00,85.00,QR PromptPay,
T005789,2026-06-22 09:37,B08,M0051,Platinum,App,Bakery,1,75,0.00,75.00,App Wallet,5
T005790,2026-06-22 10:22,B03,M0078,Silver,App,Tea,1,75,7.50,67.50,App Wallet,
T005791,2026-06-22 10:30,B08,M0002,Bronze,Delivery,Coffee,2,110,0.00,220.00,QR PromptPay,
T005792,2026-06-22 10:32,B08,M0048,Silver,Delivery,Coffee,1,75,15.00,60.00,Cash,
T005793,2026-06-22 12:53,B02,,,Delivery,Bakery,4,45,0.00,180.00,QR PromptPay,
T005794,2026-06-22 13:00,B07,M0284,Silver,App,Tea,1,60,0.00,60.00,Credit Card,
T005795,2026-06-22 13:05,B02,M9366,Gold,In-store,Bakery,1,80,8.00,72.00,Cash,5
T005796,2026-06-22 13:42,B03,,,In-store,Coffee,1,60,0.00,60.00,Credit Card,
T005797,2026-06-22 14:18,B08,M0035,Bronze,In-store,Tea,1,55,0.00,55.00,QR PromptPay,
T005798,2026-06-22 14:39,B08,,,In-store,Coffee,1,90,0.00,90.00,Cash,5
T005799,2026-06-22 14:42,B01,M0303,Bronze,app,Coffee,4,90,0.00,360.00,App Wallet,
T005800,2026-06-22 14:54,B04,M0294,Bronze,Delivery,Bakery,4,55,0.00,220.00,QR PromptPay,5
T005801,2026-06-22 15:01,B04,M0112,Bronze,Delivery,Coffee,4,70,0.00,280.00,Credit Card,2
T005802,2026-06-22 16:02,B05,M0240,Platinum,In store,Coffee,2,70,0.00,140.00,Cash,5
T005803,22/06/2026 16:52,B06,M0256,Bronze,Instore,Merchandise,3,460,0.00,1380.00,QR PromptPay,
T005804,2026-06-22 17:57,B08,,,Delivery,Coffee,2,105,0.00,210.00,Cash,4
T005805,2026-06-22 17:58,B03,M0163,BRONZE,In-store,Bakery,1,55,0.00,55.00,Cash,
T005806,2026-06-22 19:16,B04,M0099,Gold,In-store,Coffee,1,95,19.00,76.00,QR PromptPay,
T005807,2026-06-22 19:18,B05,M0128,Bronze,Delivery,Coffee,3,120,36.00,324.00,Credit Card,
T005808,2026-06-22 19:23,B02,M0222,Silver,App,Coffee,2,85,34.00,136.00,App Wallet,
T005809,2026-06-23 07:51,B01,,,In-store,Coffee,3,75,0.00,225.00,QR PromptPay,
T005810,2026-06-23 08:11,B04,M0177,Bronze,In-store,Tea,1,65,0.00,65.00,QR PromptPay,
T005811,2026-06-23 08:22,B01,M0048,Silver,App,Tea,2,75,0.00,150.00,Credit Card,
T005812,2026-06-23 09:06,B05,M0197,Gold,In-store,Tea,2,85,0.00,170.00,QR PromptPay,
T005813,2026-06-23 11:50,B01,M0147,Silver,Delivery,Coffee,2,100,0.00,200.00,Cash,
T005814,2026-06-23 12:07,B01,M0319,Gold,In-store,Coffee,4,95,0.00,380.00,QR PromptPay,4
T005815,2026-06-23 12:46,B04,,,Delivery,Coffee,1,60,0.00,60.00,Credit Card,
T005816,2026-06-23 12:54,B01,M0185,Gold,In-store,Tea,1,65,9.75,55.25,Cash,
T005817,2026-06-23 14:39,B04,,,In-store,Coffee,1,55,0.00,55.00,Credit Card,
T005818,2026-06-23 15:37,B05,M9388,Bronze,In-store,Tea,1,55,0.00,55.00,Credit Card,
T005819,2026-06-23 16:32,B02,M0091,Silver,In-store,Bakery,2,45,0.00,90.00,Credit Card,
T005820,23/06/2026 17:06,B06,,,Delivery,Coffee,1,70,0.00,70.00,QR PromptPay,5
T005821,2026-06-23 17:47,B08,M0132,Bronze,APP,Coffee,4,80,0.00,320.00,App Wallet,3
T005822,2026-06-23 17:58,B01,M0163,Bronze,In-store,Coffee,1,90,0.00,90.00,Cash,4
T005823,2026-06-23 19:47,B01,,,In store,Bakery,3,55,0.00,165.00,QR PromptPay,
T005824,2026-06-23 19:49,B01,M0045,Gold,In-store,Coffee,2,85,8.50,161.50,QR PromptPay,
T005825,2026-06-23 22:34,B05,,,Delivery,Bakery,1,60,0.00,60.00,QR PromptPay,
T005826,2026-06-24 00:49,B05,,,Delivery,Coffee,1,55,0.00,55.00,Credit Card,
T005827,2026-06-24 07:24,B04,,,In-store,Coffee,1,85,0.00,85.00,Cash,
T005828,2026-06-24 09:25,B01,,,In-store,Merchandise,2,760,0.00,1520.00,Credit Card,4
T005829,2026-06-24 10:39,B02,M0265,Gold,In-store,Tea,2,80,16.00,144.00,Credit Card,4
T005830,2026-06-24 11:14,B04,M0024,Platinum,In-store,Tea,3,95,14.25,270.75,QR PromptPay,4
T005831,2026-06-24 12:23,b04,M0294,Bronze,App,Bakery,2,90,0.00,180.00,App Wallet,
T005832,2026-06-24 12:33,B08,,,In-store,Coffee,1,65,0.00,65.00,QR PromptPay,5
T005833,2026-06-24 12:48,B08,M0192,Gold,App,Coffee,1,65,0.00,65.00,App Wallet,
T005834,2026-06-24 13:20,B01,,,In-store,Coffee,3,70,0.00,210.00,Cash,4
T005835,2026-06-24 13:51,B08,M0042,Bronze,In-store,Coffee,1,85,0.00,85.00,Credit Card,
T005836,2026-06-24 14:15,B04,M0294,Bronze,App,Coffee,1,90,0.00,90.00,Credit Card,4
T005837,2026-06-24 14:30,B08,,,In-store,Bakery,1,80,0.00,80.00,Cash,5
T005838,2026-06-24 16:52,B01,M0147,Silver,In-store,Merchandise,1,435,0.00,435.00,QR PromptPay,
T005839,24/06/2026 16:53,B06,M0051,Platinum,In-store,Coffee,1,95,0.00,95.00,Cash,
T005840,2026-06-24 18:07,B03,M0045,Gold,In-store,Bakery,4,55,0.00,220.00,QR PromptPay,
T005841,2026-06-24 18:08,B02,M0015,Gold,In-store,Coffee,1,75,7.50,67.50,Cash,5
T005842,2026-06-24 18:09,B05,M0202,Bronze,In store,Coffee,1,55,0.00,55.00,QR PromptPay,
T005843,25/06/2026 07:21,B06,M0229,Platinum,App,Bakery,1,110,16.50,93.50,App Wallet,
T005844,2026-06-25 07:55,B08,M0119,Bronze,App,Coffee,1,115,0.00,115.00,Credit Card,
T005845,25/06/2026 08:01,B06,M0056,Platinum,App,Bakery,2,75,0.00,150.00,App Wallet,
T005846,25/06/2026 08:14,b06,M0260,Gold,In-store,Bakery,1,85,0.00,85.00,QR PromptPay,1
T005847,2026-06-25 08:30,B08,M0180,Bronze,In-store,Bakery,1,80,8.00,72.00,Cash,
T005848,2026-06-25 08:46,B07,M0124,Bronze,In-store,Bakery,3,110,0.00,330.00,QR PromptPay,
T005849,2026-06-25 09:01,B04,M0308,Gold,App,Bakery,1,65,0.00,65.00,App Wallet,
T005850,2026-06-25 10:32,B07,,,App,Coffee,1,105,0.00,105.00,Credit Card,
T005851,2026-06-25 10:55,B01,M0056,Platinum,In-store,Coffee,1,90,18.00,72.00,Credit Card,
T005852,2026-06-25 11:55,B03,M0066,Bronze,Delivery,Bakery,1,45,0.00,45.00,Credit Card,
T005853,2026-06-25 12:02,B01,M0192,Gold,Delivery,Tea,3,85,0.00,255.00,Cash,
T005854,25/06/2026 12:03,B06,M0260,Gold,Delivery,Coffee,2,60,0.00,120.00,Cash,2
T005855,2026-06-25 12:50,B05,,,In store,Coffee,1,110,0.00,110.00,QR PromptPay,4
T005856,2026-06-25 12:55,B07,M0312,Silver,In-store,Coffee,2,85,0.00,170.00,Cash,
T005857,2026-06-25 13:09,B01,M0114,Silver,App,Tea,2,50,0.00,100.00,Credit Card,
T005858,2026-06-25 13:51,B03,M0037,Silver,Instore,Coffee,1,60,9.00,51.00,QR PromptPay,
T005859,2026-06-25 14:50,B05,M0223,Silver,In-store,Coffee,2,60,0.00,120.00,QR PromptPay,
T005860,25/06/2026 14:57,B06,,,App,Bakery,2,65,0.00,130.00,Credit Card,
T005861,25/06/2026 15:03,B06,M0273,Silver,Delivery,Coffee,1,85,0.00,85.00,Credit Card,5
T005862,2026-06-25 16:53,B04,,,In-store,Coffee,1,120,0.00,120.00,Credit Card,3
T005863,2026-06-25 16:59,B04,M0014,Bronze,In-store,Bakery,2,90,0.00,180.00,Credit Card,
T005864,2026-06-25 17:03,B07,M0024,Platinum,In-store,Coffee,1,90,18.00,72.00,Credit Card,2
T005865,25/06/2026 18:37,B06,M9388,Gold,In-store,Coffee,1,120,0.00,120.00,QR PromptPay,
T005866,2026-06-25 19:05,B01,M0070,Bronze,Delivery,Coffee,3,90,0.00,270.00,QR PromptPay,4
T005867,2026-06-25 19:30,B04,M0105,Gold,In-store,Bakery,2,55,0.00,110.00,Cash,4
T005868,2026-06-26 02:33,B05,,,Delivery,Tea,1,70,0.00,70.00,QR PromptPay,
T005869,2026-06-26 08:09,B05,M0076,Bronze,In-store,Bakery,1,110,0.00,110.00,Credit Card,5
T005870,2026-06-26 09:20,B03,M0059,Gold,App,Coffee,2,80,0.00,160.00,Credit Card,
T005871,2026-06-26 09:51,B07,M0192,Gold,In-store,Coffee,2,110,0.00,220.00,QR PromptPay,
T005872,2026-06-26 10:26,B05,M0181,Bronze,App,Coffee,1,70,0.00,70.00,Credit Card,
T005873,2026-06-26 12:03,B01,M0216,Platinum,In-store,Coffee,2,60,6.00,114.00,QR PromptPay,
T005874,2026-06-26 12:03,B04,,,In-store,Coffee,3,70,0.00,210.00,Cash,
T005875,2026-06-26 13:08,B05,M0092,Bronze,In-store,Coffee,2,95,0.00,190.00,Cash,
T005876,2026-06-26 13:12,B08,M0283,Bronze,In-store,Merchandise,1,600,60.00,540.00,Credit Card,
T005877,2026-06-26 16:39,B04,M0177,Bronze,In-store,Merchandise,2,385,0.00,770.00,Cash,
T005878,2026-06-26 16:42,B08,,,App,Merchandise,1,855,0.00,855.00,App Wallet,
T005879,2026-06-26 17:32,B01,M0276,Bronze,In-store,Coffee,3,110,0.00,330.00,QR PromptPay,5
T005880,2026-06-26 18:17,b07,M0325,Platinum,In-store,Coffee,1,80,12.00,68.00,QR PromptPay,4
T005881,2026-06-26 18:59,B2,,,In-store,Bakery,1,55,0.00,55.00,Credit Card,4
T005882,26/06/2026 19:07,B06,M0069,Platinum,app,Coffee,1,75,15.00,60.00,Credit Card,
T005883,2026-06-26 19:09,B08,,,In-store,Coffee,3,110,0.00,330.00,Cash,
T005884,2026-06-27 07:30,B01,,,App,Coffee,2,110,0.00,220.00,App Wallet,
T005885,2026-06-27 07:52,B05,,,In-store,Coffee,3,70,0.00,210.00,QR PromptPay,
T005886,2026-06-27 07:58,B05,M0310,Gold,App,Coffee,2,60,0.00,120.00,App Wallet,
T005887,2026-06-27 08:26,B03,M9064,Silver,App,Coffee,2,105,0.00,210.00,App Wallet,
T005888,27/06/2026 08:29,B06,M0058,Gld,In-store,Coffee,4,95,19.00,361.00,Credit Card,1
T005889,2026-06-27 08:34,B07,M0286,Silver,In-store,Tea,1,95,0.00,95.00,Credit Card,5
T005890,2026-06-27 09:58,B05,M0187,Bronze,In-store,Tea,1,75,0.00,75.00,Credit Card,3
T005891,2026-06-27 10:52,B02,M0015,Gold,App,Coffee,1,100,5.00,95.00,Credit Card,
T005892,2026-06-27 12:53,B02,M0069,Platinum,App,Merchandise,1,300,15.00,285.00,Credit Card,
T005893,2026-06-27 12:58,B05,M0069,Platinum,In-store,Merchandise,4,330,66.00,1254.00,Credit Card,
T005894,2026-06-27 12:58,B08,M0073,Gold,App,Coffee,3,60,0.00,180.00,Credit Card,
T005895,2026-06-27 13:09,B03,M0254,Bronze,In-store,Tea,3,85,0.00,255.00,Cash,
T005896,2026-06-27 13:47,B01,M0083,Bronze,Delivery,Bakery,1,100,0.00,100.00,QR PromptPay,
T005897,2026-06-27 13:52,B08,,,In-store,Bakery,1,45,0.00,45.00,QR PromptPay,
T005898,2026-06-27 15:23,B03,M0212,Silver,App,Coffee,1,65,0.00,65.00,App Wallet,
T005899,2026-06-27 16:36,B01,M0018,Silver,In-store,Bakery,4,90,0.00,360.00,Credit Card,4
T005900,2026-06-27 16:42,B01,,,In-store,Tea,2,50,0.00,100.00,Cash,
T005901,2026-06-27 16:54,B05,M0147,Silver,Delivery,Coffee,1,90,0.00,90.00,Cash,4
T005902,2026-06-27 17:43,B01,,,App,Coffee,2,55,0.00,110.00,App Wallet,
T005903,2026-06-27 18:47,B05,M9064,Silver,Delivery,Coffee,2,105,0.00,210.00,Cash,3
T005904,2026-06-27 19:02,B02,M0292,Silver,In-store,Bakery,1,75,7.50,67.50,Cash,
T005905,2026-06-28 07:12,B07,M0252,Gold,In-store,Coffee,1,80,8.00,22.00,QR PromptPay,
T005906,2026-06-28 07:32,B07,M0193,Bronze,In-store,Tea,3,85,0.00,255.00,Cash,
T005907,2026-06-28 07:34,B03,,,App,Bakery,1,100,0.00,100.00,Credit Card,4
T005908,2026-06-28 07:44,B05,M0118,Gld,App,Coffee,2,60,6.00,114.00,App Wallet,
T005909,2026-06-28 07:54,B02,M0155,Silver,In-store,Coffee,1,70,0.00,70.00,QR PromptPay,
T005910,2026-06-28 08:05,B04,M0144,Silver,In-store,Coffee,1,95,0.00,95.00,Credit Card,
T005911,2026-06-28 08:37,B05,M0185,Gold,In-store,Tea,1,50,2.50,47.50,Credit Card,
T005912,2026-06-28 08:50,B05,M0297,Bronze,In-store,Coffee,4,100,0.00,400.00,Credit Card,
T005913,2026-06-28 08:50,B01,M0208,Gold,In-store,Bakery,3,110,33.00,297.00,QR PromptPay,
T005914,2026-06-28 08:57,B04,M0051,Platinum,In-store,Coffee,1,115,23.00,92.00,Credit Card,3
T005915,2026-06-28 10:10,B01,M0166,Platinum,App,Coffee,1,60,6.00,54.00,Credit Card,
T005916,2026-06-28 12:18,B05,M0243,Bronze,App,Coffee,4,70,0.00,280.00,Credit Card,4
T005917,2026-06-28 12:37,B01,M0114,Silver,Delivery,Coffee,1,115,0.00,115.00,QR PromptPay,
T005918,2026-06-28 12:52,B01,,,App,Coffee,1,115,0.00,115.00,App Wallet,4
T005919,2026-06-28 13:21,B03,M0042,Bronze,In-store,Coffee,1,70,0.00,70.00,Cash,5
T005920,2026-06-28 13:26,B03,M0103,Silver,In-store,Coffee,1,110,0.00,110.00,QR PromptPay,3
T005921,2026-06-28 14:20,B08,M0226,BRONZE,Delivery,Coffee,1,120,12.00,108.00,Credit Card,
T005922,2026-06-28 16:45,B04,,,In-store,Coffee,2,55,0.00,110.00,QR PromptPay,
T005923,2026-06-28 16:46,B01,M0048,Silver,App,Tea,1,75,0.00,75.00,Credit Card,4
T005924,2026-06-28 17:19,B04,M0063,Silver,App,Coffee,1,80,0.00,80.00,Credit Card,
T005925,2026-06-28 17:45,B04,M0024,Platinum,In-store,Coffee,3,100,0.00,300.00,Cash,2
T005926,2026-06-28 18:19,B07,,,In-store,Bakery,2,105,0.00,210.00,Cash,
T005927,2026-06-28 18:27,B04,M0204,Gold,Mobile App,Tea,3,95,0.00,285.00,Credit Card,
T005928,2026-06-28 19:23,B02,M0069,Platinum,App,Tea,1,60,0.00,60.00,App Wallet,3
T005929,28/06/2026 19:32,B06,M0219,Bronze,In-store,Coffee,4,120,48.00,432.00,QR PromptPay,
T005930,2026-06-28 19:47,B05,M0297,Bronze,Delivery,Coffee,1,70,0.00,70.00,Credit Card,
T005931,2026-06-28 21:30,B05,,,Delivery,Coffee,1,120,0.00,120.00,QR PromptPay,
T005932,2026-06-28 22:36,B05,M0298,Bronze,Delivery,Coffee,1,60,0.00,60.00,Credit Card,5
T005933,2026-06-29 08:18,B08,M0289,Silver,In-store,Coffee,4,65,0.00,260.00,QR PromptPay,
T005934,2026-06-29 08:19,B07,M0124,Bronze,Delivery,Coffee,2,95,0.00,190.00,Credit Card,4
T005935,2026-06-29 08:37,B08,M0238,Bronze,In-store,Coffee,1,90,0.00,90.00,QR PromptPay,5
T005936,2026-06-29 08:54,B07,M0240,Platinum,In-store,Bakery,1,50,7.50,42.50,Credit Card,4
T005937,2026-06-29 10:01,B04,,,Delivery,Coffee,1,฿65,0.00,65.00,Cash,4
T005938,2026-06-29 10:16,B07,M0059,Gold,App,Coffee,2,115,0.00,230.00,App Wallet,
T005939,2026-06-29 10:26,B03,M0197,Gold,In-store,Coffee,2,120,0.00,240.00,Credit Card,5
T005940,2026-06-29 10:50,B02,,,App,Coffee,1,65,0.00,65.00,App Wallet,4
T005941,29/06/2026 11:51,B06,M0058,Gold,Delivery,Coffee,1,95,0.00,95.00,Credit Card,5
T005942,29/06/2026 11:54,B06,M0294,Bronze,Delivery,Bakery,3,100,0.00,300.00,Cash,
T005943,2026-06-29 11:57,B05,,,App,Coffee,1,110,0.00,110.00,Credit Card,4
T005944,2026-06-29 12:05,B03,M0078,Silver,In-store,Coffee,1,60,0.00,60.00,Credit Card,
T005945,2026-06-29 12:11,B05,M0036,Platinum,In-store,Coffee,2,90,0.00,180.00,Cash,
T005946,2026-06-29 15:02,B07,,,Delivery,Coffee,1,80,0.00,80.00,Cash,
T005947,2026-06-29 15:15,B03,M0312,Silver,App,Coffee,1,70,0.00,70.00,Credit Card,
T005948,2026-06-29 15:15,B03,M0312,Silver,In-store,Bakery,4,55,44.00,176.00,Cash,
T005949,2026-06-29 15:55,B07,M0059,Gold,App,Tea,1,85,0.00,85.00,Credit Card,
T005950,2026-06-29 15:56,B02,M0265,Gold,in-store,Tea,2,55,0.00,110.00,Credit Card,3
T005951,2026-06-29 16:30,B08,M0149,Bronze,In-store,Coffee,2,100,0.00,200.00,Cash,
T005952,2026-06-29 16:41,B05,M0127,Silver,Delivery,Bakery,1,65,0.00,65.00,Cash,3
T005953,2026-06-29 18:07,B05,,,Delivery,Bakery,1,50,0.00,50.00,Cash,
T005954,2026-06-29 18:12,B08,M0002,Bronze,In-store,Merchandise,2,315,0.00,630.00,QR PromptPay,
T005955,2026-06-29 18:38,B01,,,In-store,Merchandise,1,825,0.00,825.00,Cash,5
T005956,2026-06-29 18:44,B01,M0216,Platinum,Delivery,Coffee,2,115,34.50,195.50,Cash,5
T005957,2026-06-29 23:30,B05,,,Delivery,Coffee,2,55,0.00,110.00,QR PromptPay,4
T005958,30/06/2026 07:28,B06,M0058,Gold,In-store,Bakery,2,70,0.00,140.00,Credit Card,
T005959,2026-06-30 07:37,B07,M0286,Silver,In-store,Coffee,2,95,0.00,190.00,Credit Card,
T005960,2026-06-30 08:10,B04,M0294,Bronze,In-store,Tea,2,70,0.00,140.00,Cash,
T005961,30/06/2026 08:21,B06,M0056,Platinum,In-store,Bakery,4,85,0.00,340.00,QR PromptPay,1
T005962,2026-06-30 08:30,B04,,,App,Bakery,1,85,0.00,85.00,Credit Card,3
T005963,2026-06-30 08:38,B07,M0040,Bronze,In-store,Coffee,1,75,0.00,75.00,Credit Card,3
T005964,2026-06-30 08:49,B07,,,In-store,Coffee,1,60,0.00,60.00,Credit Card,4
T005965,2026-06-30 09:33,B03,M0059,Gold,In-store,Coffee,1,60,0.00,60.00,Cash,4
T005966,2026-06-30 09:39,B01,M0255,Bronze,App,Coffee,1,100,0.00,100.00,App Wallet,3
T005967,30/06/2026 10:14,B06,,,Delivery,Bakery,2,80,0.00,160.00,QR PromptPay,
T005968,30/06/2026 10:32,B06,M0288,Gold,In-store,Bakery,4,50,320.94,-120.94,Credit Card,1
T005969,2026-06-30 10:34,B01,M0208,Gold,In-store,Merchandise,1,700,0.00,700.00,Credit Card,
T005970,30/06/2026 12:16,B06,,,In-store,Coffee,2,60,0.00,120.00,Credit Card,5
T005971,30/06/2026 12:27,B06,M0260,Gold,In-store,Coffee,1,55,0.00,55.00,QR PromptPay,5
T005972,2026-06-30 12:40,B02,M0292,Silver,App,Coffee,3,65,0.00,195.00,Credit Card,
T005973,2026-06-30 12:49,B03,M0059,Gold,Delivery,Coffee,1,55,0.00,55.00,Credit Card,4
T005974,2026-06-30 12:52,B03,M0281,Silver,Delivery,Merchandise,1,530,0.00,530.00,QR PromptPay,3
T005975,2026-06-30 12:57,B05,M0297,Bronze,In-store,Tea,2,95,0.00,190.00,QR PromptPay,
T005976,2026-06-30 13:09,B01,,,App,Coffee,1,120,0.00,120.00,App Wallet,5
T005977,2026-06-30 13:10,B02,M0015,Gold,Delivery,Bakery,4,55,44.00,176.00,QR PromptPay,
T005978,2026-06-30 13:13,B03,M0325,Platinum,Delivery,Bakery,1,75,3.75,71.25,Cash,
T005979,2026-06-30 13:23,B03,M0071,Bronze,In-store,Coffee,1,90,0.00,90.00,Credit Card,
T005980,2026-06-30 13:29,B04,,,App,Coffee,4,90,0.00,360.00,Credit Card,
T005981,2026-06-30 13:58,B08,,,In-store,Merchandise,2,460,0.00,920.00,QR PromptPay,
T005982,2026-06-30 14:41,B05,,,Delivery,Coffee,1,80,0.00,80.00,Credit Card,4
T005983,2026-06-30 16:03,B07,M0288,Gold,In-store,Tea,4,70,56.00,224.00,QR PromptPay,
T005984,2026-06-30 16:09,B08,M0002,Bronze,In-store,Coffee,3,110,0.00,330.00,QR PromptPay,
T005985,2026-06-30 16:15,B03,M0059,Gold,App,Coffee,1,55,0.00,55.00,Credit Card,
T005986,2026-06-30 18:02,B08,M0119,Bronze,Delivery,Tea,1,75,11.25,63.75,QR PromptPay,
T005987,2026-06-30 21:13,B05,,,Delivery,Bakery,2,110,0.00,220.00,QR PromptPay,
T005988,2026-07-01 07:24,B07,,,In-store,Coffee,4,105,0.00,420.00,QR PromptPay,
T005989,2026-07-01 07:30,B01,M0127,Silver,In-store,Coffee,1,95,0.00,95.00,Cash,
T005990,01/07/2026 08:02,B06,,,Deliv.,Bakery,1,65,0.00,65.00,Cash,5
T005991,2026-07-01 08:44,B08,,,App,Coffee,1,75,0.00,75.00,Credit Card,4
T005991,2026-07-01 08:44,B08,,,App,Coffee,1,75,0.00,75.00,Credit Card,4
T005992,2026-07-01 08:50,B03,,,In-store,Bakery,3,75,0.00,225.00,Cash,
T005993,2026-07-01 10:41,B02,,,In-store,Coffee,1,65,0.00,65.00,Credit Card,
T005994,2026-07-01 12:03,B04,M0117,Silver,In-store,Bakery,1,60,12.00,48.00,QR PromptPay,
T005995,01/07/2026 12:05,B06,,,In-store,Coffee,1,100,0.00,100.00,QR PromptPay,
T005996,2026-07-01 12:23,B01,,,App,Coffee,4,65,0.00,260.00,App Wallet,
T005997,2026-07-01 12:36,B01,,,Delivery,Tea,3,75,0.00,225.00,QR PromptPay,
T005998,2026-07-01 12:58,B04,M0258,Bronze,App,Coffee,1,105,15.75,89.25,Credit Card,3
T005999,2026-07-01 13:42,B08,M0180,Bronze,In-store,Coffee,1,100,0.00,100.00,Credit Card,
T006000,2026-07-01 15:33,B1,M0070,Bronze,In-store,Coffee,2,55,0.00,110.00,Cash,4
T006001,2026-07-01 15:46,B07,M0054,Bronze,Delivery,Coffee,4,90,0.00,360.00,Credit Card,
T006002,2026-07-01 16:38,B01,,,delivery,Coffee,2,120,0.00,240.00,Cash,
T006003,2026-07-01 17:39,B07,M0288,Gold,Delivery,Coffee,1,60,0.00,60.00,Cash,
T006004,2026-07-01 18:03,B04,M0193,Bronze,In-store,Coffee,1,100,0.00,100.00,Credit Card,3
T006005,2026-07-01 18:23,B03,M0078,Silver,In-store,Coffee,1,55,5.50,49.50,Cash,
T006006,2026-07-01 18:46,B02,M0142,Silver,In-store,Bakery,1,90,4.50,85.50,Credit Card,
T006007,2026-07-01 18:51,B04,M0105,Gold,In-store,Bakery,1,50,5.00,45.00,QR PromptPay,
T006008,2026-07-01 19:17,B02,,,In-store,Coffee,1,85,0.00,85.00,Credit Card,
T006009,2026-07-01 19:43,B07,,,In-store,Bakery,1,95,0.00,95.00,QR PromptPay,3
T006010,2026-07-02 08:07,B03,,,app,Coffee,4,70,0.00,280.00,App Wallet,4
T006011,2026-07-02 10:36,B01,M0234,Bronze,App,Tea,4,70,0.00,280.00,Credit Card,
T006012,02/07/2026 10:36,B06,M0056,Platinum,In-store,Bakery,1,90,0.00,90.00,QR PromptPay,
T006013,2026-07-02 11:32,B05,M0048,Silver,In-store,Bakery,1,65,0.00,65.00,Credit Card,5
T006014,2026-07-02 13:08,B07,,,App,Coffee,1,60,0.00,60.00,Credit Card,5
T006015,2026-07-02 13:09,B01,M0083,Bronze,App,Bakery,1,75,0.00,75.00,App Wallet,
T006016,2026-07-02 13:26,B08,M0171,Gold,Instore,Coffee,2,85,0.00,170.00,Credit Card,
T006017,2026-07-02 13:29,B08,M0153,Bronze,App,Bakery,1,55,0.00,55.00,Credit Card,
T006018,2026-07-02 13:38,B03,,,App,Coffee,4,115,0.00,460.00,App Wallet,
T006019,2026-07-02 14:13,B05,M0307,Platinum,Delivery,Coffee,4,70,14.00,266.00,Cash,
T006020,2026-07-02 16:03,B04,,,In-store,Bakery,1,100,0.00,100.00,Credit Card,4
T006021,2026-07-02 17:11,B03,M0066,Bronze,In-store,Bakery,4,100,0.00,400.00,Cash,
T006022,2026-07-02 17:32,B07,,,In-store,Coffee,3,115,0.00,345.00,Cash,
T006023,2026-07-02 17:41,B05,M0240,PLATINUM,App,Coffee,1,65,0.00,65.00,Credit Card,
T006024,2026-07-02 17:51,B04,M0028,Silver,In-store,Bakery,1,110,0.00,110.00,QR PromptPay,
T006025,2026-07-02 19:29,B05,M0230,Silver,In-store,Coffee,2,65,0.00,130.00,QR PromptPay,
T006025,2026-07-02 19:50,B05,M0230,Silver,In-store,Coffee,-2,65,-0.00,-130.00,QR PromptPay,
T006026,03/07/2026 08:09,B06,,,In-store,Tea,3,65,0.00,195.00,Credit Card,5
T006027,2026-07-03 08:48,B05,M0102,Platinum,In-store,Coffee,1,55,0.00,55.00,Cash,
T006028,2026-07-03 08:49,B01,M0158,SILVER,App,Coffee,1,100,0.00,100.00,Credit Card,
T006029,03/07/2026 11:41,B06,M0056,Platinum,In-store,Coffee,1,90,9.00,81.00,QR PromptPay,1
T006030,2026-07-03 12:01,B08,M0119,Bronze,In-store,Coffee,1,60,0.00,60.00,Cash,
T006031,2026-07-03 12:02,B01,M0002,Bronze,In-store,Bakery,3,50,0.00,150.00,Cash,
T006032,2026-07-03 12:03,B07,,,Delivery,Bakery,1,45,0.00,45.00,QR PromptPay,
T006033,2026-07-03 12:24,B08,,,In-store,Tea,1,90,0.00,90.00,QR PromptPay,5
T006034,03/07/2026 13:00,B06,M0313,Bronze,App,Tea,1,95,0.00,95.00,App Wallet,
T006035,03/07/2026 13:19,B06,,,App,Merchandise,2,550,0.00,1100.00,Credit Card,4
T006036,2026-07-03 14:31,B03,M0117,Silver,In-store,Tea,1,90,0.00,90.00,Cash,
T006037,2026-07-03 14:48,B05,M0297,Bronze,App,Tea,2,95,9.50,180.50,App Wallet,
T006038,2026-07-03 15:48,B02,M0082,Bronze,In-store,Coffee,3,90,0.00,270.00,QR PromptPay,
T006039,2026-07-03 15:48,B04,,,App,Coffee,2,100,0.00,200.00,Credit Card,
T006040,2026-07-03 16:26,B07,M0244,Bronze,App,Coffee,2,110,0.00,220.00,Credit Card,
T006041,2026-07-03 16:28,B01,M0048,Silver,In-store,Coffee,2,110,0.00,220.00,Cash,3
T006042,03/07/2026 16:39,B06,M0056,Platinum,Delivery,Bakery,4,75,15.00,285.00,Cash,1
T006042,03/07/2026 16:39,B06,M0056,Platinum,Delivery,Bakery,4,75,15.00,285.00,Cash,1
T006041,2026-07-03 17:36,B01,M0048,Silver,In-store,Coffee,-2,110,-0.00,-220.00,Cash,
T006043,2026-07-03 17:55,B01,M0181,Bronze,App,Bakery,4,75,0.00,300.00,Credit Card,
T006044,2026-07-03 18:29,B01,M0114,Silver,App,Coffee,1,120,0.00,120.00,Credit Card,
T006045,2026-07-03 18:51,B01,,,App,Merchandise,1,320,0.00,320.00,Credit Card,
T006046,2026-07-03 19:17,B04,,,In-store,Coffee,4,80,0.00,320.00,Cash,3
T006047,2026-07-03 19:29,B01,M0018,Silver,In-store,Coffee,4,65,26.00,234.00,Credit Card,
T006048,2026-07-04 07:18,B07,,,In-store,Bakery,1,60,0.00,60.00,Cash,
T006049,2026-07-04 07:22,B03,,,In-store,Tea,2,85,0.00,170.00,Cash,
T006050,2026-07-04 07:52,B03,,,In-store,Tea,2,80,0.00,160.00,Credit Card,4
T006051,2026-07-04 08:04,B01,M0097,Bronze,Delivery,Tea,2,65,0.00,130.00,Credit Card,
T006052,2026-07-04 08:23,B08,M0119,Bronze,App,Merchandise,2,790,0.00,1580.00,Credit Card,
T006053,2026-07-04 08:24,B07,M0088,Bronze,In-store,Coffee,1,80,0.00,80.00,Cash,2
T006054,2026-07-04 08:41,B01,M9039,silver,App,Coffee,2,75,0.00,150.00,App Wallet,3
T006055,2026-07-04 09:45,B04,M0178,Bronze,In-store,Bakery,3,100,15.00,285.00,Credit Card,
T006056,2026-07-04 10:26,B08,,,App,Coffee,1,115,0.00,115.00,App Wallet,3
T006057,2026-07-04 12:18,B04,M0241,Gold,Delivery,Bakery,1,60,0.00,60.00,Cash,
T006057,2026-07-04 12:54,B04,M0241,gold,Delivery,Bakery,-1,60,-0.00,-60.00,Cash,
T006058,2026-07-04 12:59,B05,M0240,Platinum,In-store,Coffee,4,80,0.00,320.00,Credit Card,
T006059,04/07/2026 13:12,B06,M0052,Brz,In-store,Bakery,1,75,0.00,75.00,QR PromptPay,
T006060,2026-07-04 13:31,B04,,,Delivery,Bakery,1,65,0.00,65.00,Cash,
T006060,2026-07-04 13:31,B04,,,Delivery,Bakery,1,65,0.00,65.00,Cash,
T006061,04/07/2026 13:39,B06,M0304,Platinum,App,Merchandise,3,365,219.00,876.00,Credit Card,4
T006062,2026-07-04 13:57,B05,M0055,Silver,In-store,Bakery,2,55,0.00,110.00,QR PromptPay,3
T006063,2026-07-04 13:59,B07,M0289,Silver,Delivery,Coffee,2,75,0.00,150.00,Credit Card,
T006064,2026-07-04 14:08,B08,M0086,Silver,In-store,Coffee,1,80,0.00,80.00,Credit Card,
T006065,2026-07-04 14:24,B07,M0088,Bronze,In-store,Coffee,4,115,0.00,460.00,QR PromptPay,
T006066,2026-07-04 14:41,B05,M0223,Silver,In-store,Coffee,2,85,0.00,170.00,QR PromptPay,
T006067,2026-07-04 14:47,B04,M0246,Bronze,In-store,Coffee,1,95,0.00,95.00,Credit Card,
T006068,2026-07-04 15:02,B03,M0074,Platinum,In-store,Merchandise,2,605,181.50,1028.50,QR PromptPay,
T006069,2026-07-04 16:42,B05,M0297,Bronze,App,Merchandise,4,270,0.00,1080.00,App Wallet,
T006070,2026-07-04 18:32,B05,M0092,Bronze,App,Coffee,1,120,24.00,96.00,App Wallet,3
T006071,2026-07-05 02:35,B05,,,Delivery,Bakery,2,60,0.00,120.00,QR PromptPay,
T006072,2026-07-05 07:49,B08,M0013,Bronze,In-store,Bakery,2,85,0.00,170.00,QR PromptPay,
T006072,2026-07-05 07:49,B08,M0013,Bronze,In-store,Bakery,2,85,0.00,170.00,QR PromptPay,
T006073,2026-07-05 07:53,B07,,,In-store,Coffee,1,75,0.00,75.00,Cash,5
T006074,2026-07-05 08:10,B01,,,In-store,Coffee,1,90,0.00,90.00,Cash,
T006075,2026-07-05 08:45,B04,M9772,gold,App,Bakery,1,85,17.00,68.00,App Wallet,
T006076,2026-07-05 08:47,B01,M0216,Platinum,In-store,Merchandise,2,620,0.00,1240.00,QR PromptPay,
T006077,2026-07-05 08:52,B03,M0164,Bronze,In-store,Coffee,2,90,0.00,180.00,QR PromptPay,
T006078,2026-07-05 09:08,B04,M0063,Silver,In-store,Merchandise,1,570,85.50,484.50,Credit Card,
T006079,2026-07-05 10:12,B05,,,In-store,Bakery,2,65,0.00,130.00,Cash,
T006080,2026-07-05 10:47,B07,M0054,Bronze,Delivery,Bakery,1,70,0.00,70.00,QR PromptPay,
T006081,05/07/2026 12:05,B06,,,App,Merchandise,1,630,0.00,630.00,Credit Card,2
T006082,2026-07-05 12:43,B01,,,Delivery,Coffee,1,90,0.00,90.00,QR PromptPay,5
T006083,2026-07-05 12:56,B03,M0048,SILVER,In-store,Coffee,1,85,0.00,85.00,Cash,
T006084,2026-07-05 13:00,B07,M0170,Gold,Delivery,Coffee,4,110,44.00,396.00,QR PromptPay,
T006085,2026-07-05 13:45,B04,,,In-store,Tea,3,50,0.00,150.00,QR PromptPay,
T006086,2026-07-05 14:32,B08,,,In store,Coffee,1,95,0.00,95.00,QR PromptPay,5
T006087,2026-07-05 16:50,B07,,,App,Tea,1,85,0.00,85.00,App Wallet,5
T006088,2026-07-05 17:55,B05,,,In-store,Coffee,1,100,0.00,100.00,QR PromptPay,
T006089,2026-07-05 19:05,B03,M0066,Bronze,In-store,Coffee,1,55,0.00,55.00,QR PromptPay,
T006090,2026-07-06 07:06,B08,M0051,Platinum,Mobile App,Coffee,4,70,56.00,224.00,Credit Card,
T006091,2026-07-06 07:18,B07,M0056,Platinum,In-store,Bakery,1,45,2.25,42.75,Credit Card,3
T006092,2026-07-06 08:05,B04,M0144,Silver,In-store,Coffee,1,60,3.00,57.00,QR PromptPay,
T006093,2026-07-06 08:21,B07,,,App,Coffee,3,75,0.00,225.00,App Wallet,3
T006094,2026-07-06 08:24,B08,,,In-store,Bakery,4,105,0.00,420.00,QR PromptPay,
T006095,2026-07-06 08:38,B08,,,In-store,Coffee,1,55,0.00,55.00,QR PromptPay,5
T006096,2026-07-06 10:15,B02,,,In-store,Coffee,1,90,0.00,90.00,Credit Card,
T006097,2026-07-06 10:36,B04,M0155,Silver,In-store,Bakery,4,50,0.00,200.00,Credit Card,4
T006098,2026-07-06 10:42,B01,M0319,Gold,In-store,Bakery,1,45,0.00,45.00,QR PromptPay,5
T006099,2026-07-06 11:34,B07,M0284,Silver,In-store,Bakery,2,105,0.00,210.00,QR PromptPay,
T006100,2026-07-06 12:28,B01,M0048,Silver,Delivery ,Bakery,4,80,0.00,320.00,Credit Card,
T006101,2026-07-06 12:33,B04,M0063,Silver,Delivery,Coffee,3,80,0.00,240.00,Cash,
T006102,2026-07-06 12:53,B07,M0252,Gold,In-store,Coffee,1,90,13.50,76.50,QR PromptPay,
T006103,2026-07-06 13:20,B03,M0245,Platinum,In-store,Bakery,1,60,6.00,54.00,Credit Card,4
T006104,2026-07-06 13:38,B04,,,in-store,Tea,4,55,0.00,220.00,QR PromptPay,
T006105,2026-07-06 14:37,B04,M0318,Platinum,Delivery,Merchandise,1,830,124.50,705.50,Cash,4
T006106,2026-07-06 15:51,B04,M0258,Bronze,App,Coffee,1,55,0.00,55.00,App Wallet,5
T006107,2026-07-06 16:02,B05,M9388,Bronze,In-store,Coffee,1,55,0.00,55.00,Cash,
T006108,2026-07-06 16:03,B01,,,In-store,Tea,3,55,0.00,165.00,QR PromptPay,4
T006109,2026-07-06 16:04,B04,M0016,Gold,In-store,Tea,1,90,9.00,81.00,Cash,5
T006110,06/07/2026 16:07,B06,,,In-store,Coffee,1,80,0.00,80.00,Cash,
T006111,2026-07-06 16:11,B08,M0180,BRONZE,In-store,Coffee,1,110,0.00,110.00,Credit Card,
T006112,06/07/2026 16:12,B06,M0191,Gold,App,Bakery,1,105,0.00,105.00,Credit Card,4
T006113,2026-07-06 16:59,B03,M0008,Platinum,In-store,Coffee,1,70,0.00,70.00,QR PromptPay,4
T006114,2026-07-06 17:27,B05,,,In-store,Coffee,1,60,0.00,60.00,Cash,
T006115,2026-07-06 18:29,B08,M0002,Bronze,In-store,Tea,1,95,0.00,95.00,Credit Card,
T006116,2026-07-06 18:31,B02,M0172,Silver,Delivery,Tea,1,85,0.00,85.00,Credit Card,3
T006116,2026-07-06 19:54,B02,M0172,Silver,Delivery,Tea,-1,85,-0.00,-85.00,Credit Card,
T006117,2026-07-07 07:21,B04,M0308,Gold,In-store,Coffee,4,120,24.00,456.00,QR PromptPay,3
T006118,2026-07-07 07:49,B08,M0119,Bronze,App,Bakery,2,85,0.00,170.00,Credit Card,
T006119,2026-07-07 08:25,B05,,,App,Tea,1,80,0.00,80.00,Credit Card,3
T006120,2026-07-07 08:25,B04,M0136,Bronze,In-store,Coffee,2,60,0.00,120.00,Credit Card,3
T006121,2026-07-07 08:31,B03,,,App,Bakery,1,70,0.00,70.00,App Wallet,5
T006122,2026-07-07 12:15,B03,M0164,Brz,In-store,Bakery,3,45,0.00,135.00,QR PromptPay,
T006123,2026-07-07 13:11,B01,M0127,Silver,In-store,Coffee,1,60,6.00,54.00,Credit Card,2
T006124,2026-07-07 13:27,B02,M0163,Bronze,Delivery,Coffee,1,70,0.00,70.00,Credit Card,
T006124,2026-07-07 13:27,B02,M0163,Bronze,Delivery,Coffee,1,70,0.00,70.00,Credit Card,
T006125,2026-07-07 13:28,B02,M0142,Silver,In-store,Coffee,3,65,0.00,195.00,Cash,
T006126,2026-07-07 13:45,B08,M0071,Bronze,Delivery,Coffee,2,75,0.00,150.00,QR PromptPay,4
T006127,2026-07-07 14:19,B02,M0048,Silver,In-store,Coffee,1,55,0.00,55.00,QR PromptPay,2
T006128,2026-07-07 14:36,B04,M0143,bronze,In-store,Bakery,2,85,0.00,170.00,Cash,
T006127,2026-07-07 14:50,B02,M0048,Silver,in-store,Coffee,-1,55,-0.00,-55.00,QR PromptPay,
T006129,2026-07-07 15:31,B07,M0002,Bronze,Delivery,Coffee,4,75,0.00,300.00,Credit Card,4
T006130,2026-07-07 15:56,B05,M0002,bronze,In-store,Coffee,4,100,0.00,400.00,QR PromptPay,5
T006131,2026-07-07 16:09,B03,M0059,Gold,App,Merchandise,4,360,72.00,1368.00,Credit Card,
T006132,2026-07-07 16:12,B04,,,In-store,Coffee,1,60,0.00,60.00,Cash,5
T006133,2026-07-07 16:22,B05,,,Delivery,Coffee,1,70,0.00,70.00,Cash,
T006134,2026-07-07 16:27,B02,,,App,Tea,4,85,0.00,340.00,App Wallet,4
T006135,07/07/2026 17:06,B06,M0052,Bronze,In-store,Coffee,1,120,0.00,120.00,Credit Card,5
T006136,2026-07-07 17:29,B08,M0286,Silver,Delivery,Coffee,1,90,0.00,90.00,Credit Card,
T006137,2026-07-08 07:34,B01,,,In-store,Coffee,3,110,0.00,330.00,Credit Card,
T006138,2026-07-08 08:12,B04,,,In-store,Coffee,1,65,0.00,65.00,Cash,
T006139,2026-07-08 10:05,B02,M0002,Bronze,In-store,Coffee,1,100,0.00,100.00,QR PromptPay,
T006140,2026-07-08 10:06,B08,,,In-store,Coffee,1,110,0.00,110.00,Cash,3
T006141,2026-07-08 10:06,B03,M0042,Bronze,In-store,Tea,1,55,0.00,55.00,QR PromptPay,
T006142,2026-07-08 10:19,B02,M0117,Silver,In-store,Coffee,1,65,0.00,65.00,QR PromptPay,
T006143,2026-07-08 10:41,B04,M0096,Gold,In-store,Tea,2,55,0.00,110.00,QR PromptPay,4
T006144,2026-07-08 10:49,B02,M0257,Silver,Delivery,Bakery,1,85,0.00,85.00,QR PromptPay,
T006145,2026-07-08 11:04,B01,M0185,Gold,In-store,Merchandise,3,545,0.00,1635.00,QR PromptPay,
T006146,2026-07-08 11:21,b03,M0312,Silver,Delivery,Coffee,1,80,0.00,80.00,Cash,
T006147,2026-07-08 11:42,B01,,,In-store,Merchandise,1,395,0.00,395.00,QR PromptPay,
T006148,2026-07-08 11:53,B01,M0158,Silver,App,Coffee,1,60,0.00,60.00,Credit Card,
T006149,2026-07-08 12:49,B07,M0054,Bronze,In-store,Coffee,1,110,0.00,110.00,Credit Card,
T006150,2026-07-08 12:58,B02,M0257,Silver,In-store,Bakery,4,95,57.00,323.00,Cash,
T006151,2026-07-08 13:03,B02,M0142,Silver,In-store,Merchandise,1,605,30.25,574.75,QR PromptPay,
T006152,08/07/2026 14:35,B06,M0314,Bronze,App,Coffee,3,95,0.00,285.00,Credit Card,
T006153,2026-07-08 14:54,B08,M0180,Bronze,In-store,Coffee,2,80,0.00,160.00,Cash,
T006154,2026-07-08 16:05,B03,,,In-store,Coffee,4,110,0.00,440.00,Cash,
T006155,2026-07-08 16:09,B07,,,App,Coffee,2,100,0.00,200.00,Credit Card,
T006156,08/07/2026 16:24,B06,M0056,Platinum,In-store,Bakery,2,80,8.00,152.00,Cash,1
T006157,2026-07-08 16:39,B08,,,Delivery,Coffee,2,80,0.00,160.00,Credit Card,
T006158,2026-07-08 17:47,B05,M0120,Bronze,In-store,Coffee,2,105,0.00,210.00,Cash,
T006159,2026-07-08 22:23,B05,,,Delivery,Coffee,3,95,0.00,285.00,Credit Card,4
T006160,2026-07-08 23:49,B05,,,Delivery,Merchandise,1,680,0.00,680.00,QR PromptPay,4
T006161,2026-07-09 00:00,B05,,,Delivery,Coffee,2,120,0.00,240.00,Credit Card,
T006162,2026-07-09 08:11,B01,M0281,Silver,In-store,Bakery,1,110,22.00,88.00,Cash,
T006163,2026-07-09 08:56,B03,,,In-store,Coffee,2,65,0.00,130.00,QR PromptPay,
T006164,2026-07-09 08:59,B05,M0297,Bronze,App,Coffee,2,75,0.00,150.00,Credit Card,4
T006165,2026-07-09 10:27,B01,,,In-store,Coffee,4,85,0.00,340.00,Credit Card,5
T006166,2026-07-09 12:03,B04,,,App,Coffee,2,115,0.00,230.00,Credit Card,
T006167,2026-07-09 12:36,B02,M0015,Gold,In-store,Bakery,3,60,0.00,180.00,QR PromptPay,
T006168,2026-07-09 12:43,B05,M0230,Silver,In-store,Coffee,2,60,0.00,120.00,QR PromptPay,2
T006169,2026-07-09 12:57,B08,,,In-store,Coffee,1,55,0.00,55.00,Cash,
T006170,2026-07-09 13:37,B03,M0136,Bronze,Delivery,Coffee,3,75,0.00,225.00,QR PromptPay,
T006171,2026-07-09 13:40,B08,M0171,Gold,In-store,Coffee,3,105,31.50,283.50,Cash,
T006172,2026-07-09 13:51,B02,,,App,Bakery,4,60,0.00,240.00,Credit Card,
T006173,2026-07-09 13:52,B05,M0295,Silver,In-store,Coffee,1,70,0.00,70.00,QR PromptPay,
T006174,2026-07-09 15:18,B01,M0045,Gold,In-store,Coffee,2,95,0.00,190.00,Credit Card,
T006175,2026-07-09 17:32,B04,M0258,Bronze,In-store,Bakery,1,95,0.00,95.00,Credit Card,
T006176,2026-07-09 18:45,B08,M0010,Bronze,Delivery,Coffee,3,60,0.00,180.00,Credit Card,
T006177,2026-07-09 19:33,B07,M0318,Platinum,In-store,Coffee,1,95,0.00,95.00,Credit Card,5
T006178,2026-07-09 19:40,B01,M0319,Gold,In-store,Coffee,2,55,0.00,110.00,Credit Card,5
T006179,09/07/2026 19:57,B06,M0020,Bronze,In-store,Merchandise,1,305,0.00,305.00,Cash,1
T006180,2026-07-09 19:59,B07,,,In-store,Coffee,2,120,0.00,240.00,Cash,
T006181,2026-07-10 07:27,B04,M0171,Gold,In-store,Bakery,4,95,0.00,380.00,Credit Card,
T006182,2026-07-10 08:08,B01,,,In-store,Bakery,2,90,0.00,180.00,QR PromptPay,4
T006183,2026-07-10 08:13,B01,M0300,Bronze,Delivery,Coffee,1,70,0.00,70.00,QR PromptPay,5
T006184,2026-07-10 08:19,B07,M0286,Silver,In-store,Coffee,1,60,9.00,51.00,QR PromptPay,5
T006185,2026-07-10 08:23,B04,M0079,Silver,App,Coffee,2,120,0.00,240.00,App Wallet,
T006186,2026-07-10 08:28,B04,M0144,Silver,App,Tea,1,60,0.00,60.00,Credit Card,5
T006187,2026-07-10 08:44,B04,,,in-store,Bakery,4,90,0.00,360.00,QR PromptPay,4
T006187,2026-07-10 08:44,B04,,,in-store,Bakery,4,90,0.00,360.00,QR PromptPay,4
T006188,10/07/2026 08:48,B06,M0005,Bronze,In-store,Coffee,3,65,0.00,195.00,Cash,
T006189,2026-07-10 08:55,B04,M0175,Bronze,In-store,Coffee,1,60,0.00,60.00,QR PromptPay,4
T006190,2026-07-10 09:43,B01,M0127,Silver,In-store,Coffee,1,65,0.00,65.00,Cash,
T006191,2026-07-10 10:28,B08,M0170,Gold,In-store,Coffee,1,60,0.00,60.00,Credit Card,
T006192,2026-07-10 11:03,B01,,,In-store,Tea,2,55,0.00,110.00,Cash,
T006193,2026-07-10 11:13,B01,,,Delivery,Coffee,2,80,0.00,160.00,QR PromptPay,4
T006194,2026-07-10 11:17,B04,M0059,Gold,Delivery,Bakery,1,85,12.75,72.25,Cash,
T006195,2026-07-10 12:28,B01,M0040,Bronze,In-store,Coffee,2,80,0.00,160.00,QR PromptPay,
T006196,2026-07-10 12:51,B04,M0200,Silver,Delivery,Coffee,2,70,0.00,140.00,QR PromptPay,
T006197,2026-07-10 13:11,B02,M0222,Silver,Delivery,Coffee,2,60,0.00,120.00,Credit Card,
T006197,2026-07-10 13:11,B02,M0222,Silver,Delivery,Coffee,2,60,0.00,120.00,Credit Card,
T006198,2026-07-10 13:18,B07,M0244,Bronze,In-store,Coffee,3,105,0.00,315.00,Cash,
T006199,2026-07-10 13:33,B07,,,In-store,Coffee,1,70,0.00,70.00,QR PromptPay,4
T006200,2026-07-10 14:37,B04,,,In-store,Coffee,2,90,0.00,180.00,Cash,4
T006201,2026-07-10 15:38,B02,,,In-store,Coffee,1,120,0.00,120.00,Cash,4
T006202,2026-07-10 16:06,B02,,,In-store,Bakery,1,95,0.00,95.00,QR PromptPay,4
T006203,2026-07-10 16:51,B03,M0160,Bronze,App,Bakery,1,45,0.00,45.00,Credit Card,4
T006204,2026-07-10 17:19,B02,M0082,Bronze,In-store,Coffee,1,85,0.00,85.00,Credit Card,
T006205,2026-07-10 17:46,B03,M0074,Platinum,In-store,Coffee,3,85,25.50,229.50,QR PromptPay,
T006206,2026-07-10 18:34,B03,M0312,Silver,In-store,Coffee,1,100,0.00,100.00,Cash,
T006207,2026-07-10 19:31,B04,M0092,Bronze,App,Merchandise,1,860,0.00,860.00,Credit Card,
T006208,2026-07-10 19:39,B04,M0079,Silver,App,Bakery,2,85,25.50,144.50,Credit Card,
T006209,2026-07-10 19:52,B07,,,In-store,Coffee,3,85,0.00,255.00,Credit Card,3
T006210,2026-07-11 07:05,B08,M0087,Bronze,In-store,Coffee,1,60,0.00,60.00,Cash,
T006211,2026-07-11 07:36,B02,M0010,Bronze,In-store,Bakery,1,75,0.00,75.00,QR PromptPay,
T006212,2026-07-11 10:10,B08,,,App,Coffee,1,100,0.00,100.00,Credit Card,
T006213,2026-07-11 11:46,B08,M0002,Bronze,App,Bakery,2,100,0.00,200.00,App Wallet,
T006214,2026-07-11 11:49,B03,M0078,Silver,Delivery,Coffee,1,115,17.25,97.75,Cash,4
T006215,2026-07-11 11:57,B02,M0136,Bronze,In-store,Bakery,3,85,0.00,255.00,QR PromptPay,
T006216,11/07/2026 12:05,B06,M0304,Platinum,Delivery,Tea,2,55,0.00,110.00,Credit Card,
T006217,2026-07-11 12:19,B05,M0223,Silver,App,Tea,3,80,0.00,240.00,Credit Card,
T006218,2026-07-11 12:21,B03,M0078,Silver,App,Coffee,4,100,0.00,400.00,App Wallet,
T006219,2026-07-11 12:42,B02,M0015,Gold,In-store,Coffee,1,110,22.00,88.00,Cash,
T006220,2026-07-11 13:12,B01,M0045,Gld,Delivery,Coffee,2,95,0.00,190.00,QR PromptPay,
T006221,2026-07-11 13:27,B08,M0114,Silver,In-store,Tea,4,75,45.00,255.00,Cash,4
T006222,2026-07-11 13:33, B03,M0299,Platinum,In-store,Tea,2,95,19.00,171.00,QR PromptPay,
T006223,2026-07-11 13:42,B03,M0051,Platinum,In-store,Bakery,1,110,22.00,88.00,Credit Card,
T006222,2026-07-11 13:47,B03,M0299,Platinum,In-store,Tea,-2,95,-19.00,-171.00,QR PromptPay,
T006224,2026-07-11 16:00,B08,,,In-store,Merchandise,4,635,0.00,2540.00,QR PromptPay,4
T006225,2026-07-11 16:21,B05,M0295,Silver,In-store,Coffee,1,105,0.00,105.00,QR PromptPay,
T006226,2026-07-11 16:22,B07,,,In-store,Coffee,3,55,0.00,165.00,QR PromptPay,
T006227,11/07/2026 16:27,B06,M0052,Bronze,App,Coffee,1,90,0.00,90.00,App Wallet,
T006228,2026-07-11 16:48,B03,M0175,Bronze,In-store,Coffee,3,65,0.00,195.00,Credit Card,
T006229,2026-07-11 16:50,B05,,,In-store,Coffee,1,115,0.00,115.00,QR PromptPay,4
T006230,2026-07-11 18:41,B03,,,In-store,Coffee,1,75,0.00,75.00,Cash,
T006231,2026-07-11 19:27,B05,M0092,Bronze,In-store,Bakery,2,55,0.00,110.00,QR PromptPay,
T006232,2026-07-11 22:21,B05,,,Delivery,Tea,1,85,0.00,85.00,Credit Card,5
T006233,2026-07-11 22:28,B05,M0194,Silver,Delivery,Coffee,2,85,34.00,136.00,QR PromptPay,
T006234,2026-07-12 07:35,B02,,,app,Tea,1,60,0.00,60.00,Credit Card,5
T006235,2026-07-12 07:41,B08,,,APP,Tea,1,60,0.00,60.00,App Wallet,3
T006236,2026-07-12 08:29,B05,M0240,Platinum,Delivery,Coffee,4,110,0.00,440.00,QR PromptPay,
T006237,2026-07-12 09:57,B07,M0040,Brz,In-store,Coffee,2,80,0.00,160.00,Cash,
T006238,2026-07-12 10:41,B03,M0310,Gold,App,Tea,1,50,10.00,40.00,App Wallet,
T006239,12/07/2026 10:50,B06,M0147,Silver,App,Bakery,1,65,0.00,65.00,Credit Card,5
T006240,2026-07-12 11:06,B04,,,In-store,Tea,1,50,0.00,50.00,Credit Card,4
T006241,2026-07-12 13:07,B05,M0202,Bronze,In-store,Coffee,3,110,49.50,280.50,Credit Card,4
T006242,2026-07-12 13:19,B03,M0297,Bronze,app,Coffee,2,105,0.00,210.00,App Wallet,
T006243,2026-07-12 13:56,B08,M0117,Silver,App,Coffee,2,95,9.50,180.50,App Wallet,3
T006244,2026-07-12 14:08,B03,M0117,Silver,In-store,Merchandise,1,725,0.00,725.00,Cash,
T006245,2026-07-12 15:02,B03,M0078,Silver,App,Coffee,1,55,0.00,55.00,App Wallet,4
T006246,2026-07-12 16:17,B05,M0092,Bronze,In-store,Coffee,1,60,0.00,60.00,QR PromptPay,
T006247,2026-07-12 16:40,B02,,,In-store,Coffee,1,70,0.00,70.00,Credit Card,
T006248,2026-07-12 16:40,B04,,,In-store,Coffee,2,75,0.00,150.00,Cash,3
T006249,2026-07-12 16:41, B05,,,In-store,Tea,3,70,0.00,210.00,QR PromptPay,
T006250,2026-07-12 16:47,B08,,,In-store,Coffee,3,115,0.00,345.00,Cash,3
T006251,2026-07-12 18:57,B07,,,In-store,Bakery,2,55,0.00,110.00,QR PromptPay,
T006252,12/07/2026 19:01,B06,M0058,Gold,Delivery,Coffee,1,70,0.00,70.00,QR PromptPay,
T006253,2026-07-12 19:18,B04,M0113,Silver,In-store,Coffee,1,80,12.00,68.00,Cash,3
T006254,2026-07-12 19:19,B05,,,In-store,Coffee,1,55,0.00,55.00,Cash,5
T006255,2026-07-13 07:06,B02,M0117,Silver,Delivery,Coffee,4,85,0.00,340.00,QR PromptPay,3
T006256,2026-07-13 09:35,B04,M0263,Bronze,App,Tea,1,50,0.00,50.00,App Wallet,5
T006257,13/07/2026 10:54,B06,,,In-store,Coffee,4,120,0.00,480.00,Cash,
T006258,2026-07-13 11:01,B05,,,In-store,Coffee,3,100,0.00,300.00,Cash,
T006259,2026-07-13 11:06,B07,,,In-store,Bakery,1,60,0.00,60.00,QR PromptPay,
T006260,2026-07-13 11:48,B02,,,Instore,Coffee,1,95,0.00,95.00,Credit Card,3
T006261,2026-07-13 12:03,B04,M0178,Bronze,In-store,Coffee,1,55,0.00,55.00,QR PromptPay,3
T006262,2026-07-13 12:22,B8,M0240,platinum,Delivery,Coffee,1,110,0.00,110.00,Cash,
T006263,2026-07-13 12:35,B02,M0222,Silver,In-store,Coffee,1,55,0.00,55.00,QR PromptPay,
T006264,2026-07-13 13:02,B07,,,Deliv.,Coffee,2,115,0.00,230.00,QR PromptPay,
T006265,2026-07-13 13:03,B03,M0132,Bronze,Delivery,Coffee,2,100,10.00,190.00,Credit Card,5
T006266,2026-07-13 13:29,B02,M0015,Gold,In-store,Bakery,1,50,0.00,50.00,Cash,
T006267,2026-07-13 14:42,B05,M0297,BRONZE,Delivery,Merchandise,1,700,0.00,700.00,QR PromptPay,
T006268,2026-07-13 15:24,B02,M0042,Bronze,App,Coffee,1,115,5.75,109.25,App Wallet,
T006269,2026-07-13 16:06,B05,,,Instore,Coffee,1,90,0.00,90.00,Cash,
T006270,2026-07-13 16:37,B05,,,Instore,Coffee,3,100,0.00,300.00,Cash,
T006271,2026-07-13 16:41,B01,M0293,Gold,In-store,Coffee,1,85,0.00,85.00,Credit Card,5
T006272,2026-07-13 16:57,B03,M0132,Bronze,In-store,Coffee,4,55,0.00,220.00,QR PromptPay,
T006273,2026-07-13 17:30,B08,M0051,Platinum,App,Coffee,1,90,9.00,81.00,App Wallet,
T006274,2026-07-13 18:01,B08,M0002,Bronze,In-store,Coffee,2,120,24.00,216.00,Credit Card,
T006275,2026-07-13 18:31,B05,,,Delivery,Bakery,2,75,0.00,150.00,Cash,
T006276,2026-07-13 19:18,B05,M0240,Platinum,Instore,Coffee,1,65,9.75,55.25,Cash,
T006277,2026-07-14 07:05,B07,M0078,Silver,In-store,Coffee,1,100,10.00,90.00,Credit Card,
T006278,2026-07-14 07:53,B02,M0136,Bronze,In-store,Coffee,1,105,0.00,105.00,Credit Card,5
T006279,2026-07-14 08:16,B07,M0192,Gold,In-store,Coffee,1,100,0.00,100.00,QR PromptPay,
T006280,2026-07-14 08:28,B02,M9672,Silver,App,Coffee,2,55,0.00,110.00,App Wallet,4
T006281,2026-07-14 08:28,B01,M0119,Bronze,In-store,Coffee,2,85,0.00,170.00,QR PromptPay,4
T006282,2026-07-14 08:43,B02,M0150,Brz,In-store,Tea,2,80,0.00,160.00,Credit Card,
T006283,2026-07-14 08:54,B03,M0042,Bronze,App,Coffee,3,65,0.00,195.00,Credit Card,
T006284,2026-07-14 10:38,B05,M0295,Silver,App,Coffee,1,70,0.00,70.00,App Wallet,
T006285,2026-07-14 12:01,B05,,,App,Coffee,1,105,0.00,105.00,App Wallet,4
T006286,2026-07-14 12:05,B08,M0289,Silver,In-store,Merchandise,1,685,0.00,685.00,QR PromptPay,5
T006287,2026-07-14 12:39,B02,M0201,Bronze,In-store,Tea,4,80,0.00,320.00,QR PromptPay,3
T006288,2026-07-14 13:00,B01,,,Delivery,Coffee,4,70,0.00,280.00,QR PromptPay,5
T006289,2026-07-14 13:06,B03,M0059,Gold,App,Coffee,2,85,0.00,170.00,App Wallet,
T006290,2026-07-14 13:07,B01,,,App,Coffee,2,110,0.00,220.00,Credit Card,
T006291,2026-07-14 13:12,B02,,,In-store,Coffee,4,85,0.00,340.00,Credit Card,4
T006292,2026-07-14 13:17,B08,,,Delivery,Merchandise,2,300,0.00,600.00,QR PromptPay,
T006293,2026-07-14 13:48,B02,M0160,Bronze,In-store,Merchandise,1,745,0.00,745.00,QR PromptPay,
T006294,2026-07-14 13:52,B04,M0178,Bronze,In store,Coffee,1,55,0.00,55.00,Credit Card,
T006295,2026-07-14 14:13,B07,,,In-store,Tea,3,55,0.00,165.00,Credit Card,
T006296,2026-07-14 17:45,B01,M0158,Silver,In-store,Coffee,1,110,0.00,110.00,Credit Card,
T006297,2026-07-14 17:55,B04,,,In-store,Coffee,4,75,0.00,300.00,Credit Card,
T006298,14/07/2026 19:45,B06,,,In-store,Coffee,1,75,0.00,75.00,Cash,
T006299,2026-07-14 22:55,B05,,,Delivery,Coffee,4,80,0.00,320.00,QR PromptPay,
T006300,2026-07-15 01:43,B05,,,delivery,Tea,1,90,0.00,90.00,Credit Card,
T006301,2026-07-15 07:06,B01,,,App,Tea,1,90,0.00,90.00,Credit Card,5
T006302,2026-07-15 07:53,B04,M0037,Silver,In-store,Bakery,3,95,0.00,285.00,Cash,3
T006303,2026-07-15 08:45,B4,M0178,Bronze,In-store,Coffee,1,95,0.00,95.00,QR PromptPay,
T006304,2026-07-15 09:27,B04,M0258,Bronze,App,Tea,1,60,0.00,60.00,App Wallet,
T006305,15/07/2026 10:04,B06,,,Delivery,Coffee,2,80,0.00,160.00,QR PromptPay,
T006306,2026-07-15 10:20,B03,M0312,Silver,Delivery,Merchandise,1,655,0.00,655.00,Cash,
T006307,2026-07-15 12:27,B03,M0071,Bronze,In-store,Coffee,2,55,0.00,110.00,Credit Card,
T006308,2026-07-15 13:25,B07,M0130,Platinum,In-store,Coffee,1,105,10.50,94.50,QR PromptPay,3
T006308,2026-07-15 13:25,B07,M0130,Platinum,In-store,Coffee,1,105,10.50,94.50,QR PromptPay,3
T006309,2026-07-15 13:53,B02,M9366,Silver,In-store,Coffee,3,85,0.00,255.00,Cash,
T006310,2026-07-15 14:01,B04,M0318,Platinum,In-store,Bakery,2,70,0.00,140.00,Credit Card,4
T006311,2026-07-15 14:03,B03,M0197,Gold,App,Coffee,2,115,0.00,230.00,Credit Card,
T006312,2026-07-15 14:04,B05,M0120,Bronze,App,Bakery,1,50,10.00,40.00,App Wallet,5
T006313,2026-07-15 15:58,B02,M0257,Silver,App,Coffee,1,80,0.00,80.00,Credit Card,
T006314,2026-07-15 16:24,B01,M0027,Silver,In-store,Coffee,1,120,0.00,120.00,Cash,
T006315,2026-07-15 17:01,B05,M0076,Bronze,In-store,Tea,4,85,0.00,340.00,Cash,4
T006316,2026-07-15 17:58,B05,M0322,Gold,In-store,Coffee,1,105,0.00,105.00,QR PromptPay,
T006317,2026-07-15 18:01,B02,M0136,bronze,App,Bakery,4,60,0.00,240.00,Credit Card,
T006318,2026-07-15 19:02,B05,,,In-store,Coffee,2,90,0.00,180.00,QR PromptPay,
T006319,2026-07-15 19:49,B04,,,In-store,Merchandise,1,585,0.00,585.00,Credit Card,
T006320,2026-07-16 07:36,B04,M0058,Gold,In-store,Coffee,3,115,0.00,345.00,QR PromptPay,
T006321,2026-07-16 07:57,B05,M0065,Bronze,Delivery,Merchandise,2,495,0.00,990.00,Cash,3
T006322,2026-07-16 08:01,B04,M0144,Silver,In-store,Tea,2,55,0.00,110.00,Cash,3
T006323,2026-07-16 08:46,B05,M0055,Silver,App,Merchandise,2,610,0.00,1220.00,Credit Card,4
T006324,2026-07-16 09:05,B05,M0202,Bronze,In-store,Bakery,4,55,0.00,220.00,Cash,
T006325,2026-07-16 09:18,B07,M0192,gold,In-store,Bakery,3,75,0.00,225.00,QR PromptPay,5
T006326,16/07/2026 10:13,B06,M0052,Bronze,In-store,Coffee,1,65,0.00,65.00,Cash,5
T006327,2026-07-16 11:20,B01,M0208,Gold,In-store,Coffee,2,85,17.00,153.00,Cash,3
T006328,16/07/2026 11:28,B06,M0051,Platinum,In-store,Coffee,2,70,21.00,119.00,QR PromptPay,3
T006329,2026-07-16 12:13,B05,M0200,Silver,Delivery,Coffee,4,115,0.00,460.00,Cash,
T006330,2026-07-16 12:13,B07,M0170,Gold,In-store,Tea,4,85,51.00,289.00,QR PromptPay,4
T006331,2026-07-16 12:13,B02,M0222,Silver,In-store,Bakery,2,65,0.00,130.00,Cash,3
T006332,16/07/2026 12:16,B06,M0304,Platinum,In-store,Bakery,4,60,48.00,192.00,Cash,
T006333,2026-07-16 12:28,B05,M0194,Silver,In-store,Coffee,1,80,0.00,80.00,Cash,5
T006334,16/07/2026 12:41,B06,M0120,Bronze,Delivery,Coffee,3,110,0.00,330.00,Credit Card,5
T006335,2026-07-16 12:42,B03,M0106,Bronze,In-store,Coffee,1,115,0.00,115.00,QR PromptPay,5
T006336,2026-07-16 13:05,B05,M0167,Silver,App,Bakery,3,85,0.00,255.00,Credit Card,
T006337,2026-07-16 13:08,B04,M0096,Gold,In-store,Tea,2,65,0.00,130.00,QR PromptPay,
T006338,2026-07-16 13:15,B03,M0254,Bronze,In-store,Bakery,1,80,0.00,80.00,QR PromptPay,
T006339,2026-07-16 13:27,B05,M0200,Silver,In-store,Coffee,1,65,13.00,52.00,QR PromptPay,4
T006340,2026-07-16 15:21,B02,,,In-store,Coffee,4,85,0.00,340.00,Cash,
T006341,2026-07-16 15:38,B03,,,In-store,Coffee,2,115,0.00,230.00,Cash,
T006342,2026-07-16 16:56,B04,,,In-store,Coffee,1,60,0.00,60.00,QR PromptPay,
T006343,2026-07-16 22:54,B05,,,Delivery,Coffee,1,75,0.00,75.00,QR PromptPay,4
T006344,2026-07-16 23:25,B05,,,Deliv.,Coffee,1,65,0.00,65.00,Credit Card,4
T006345,2026-07-17 07:37,B03,M0078,Silver,In-store,Merchandise,1,335,0.00,335.00,Credit Card,
T006346,2026-07-17 07:52,B01,M0051,Platinum,In-store,Coffee,4,75,60.00,240.00,QR PromptPay,4
T006347,17/07/2026 08:34,B06,M0044,Bronze,delivery,Tea,2,65,0.00,130.00,QR PromptPay,3
T006347,17/07/2026 08:44,B06,M0044,Bronze,Delivery,Tea,-2,65,-0.00,-130.00,QR PromptPay,
T006348,2026-07-17 09:49,B04,M0253,Gold,Delivery,Bakery,2,90,0.00,180.00,QR PromptPay,
T006349,2026-07-17 10:44,B08,,,App,Bakery,2,100,0.00,200.00,App Wallet,
T006350,2026-07-17 11:08,B02,,,App,Bakery,3,45,0.00,135.00,Credit Card,5
T006351,2026-07-17 11:23,B01,M0027,Silver,App,Tea,2,50,0.00,100.00,App Wallet,4
T006352,2026-07-17 12:04,B01,M0027,Silver,In-store,Coffee,1,60,0.00,60.00,QR PromptPay,
T006353,17/07/2026 12:44,B06,M0273,Silver,Mobile App,Coffee,1,105,0.00,105.00,Credit Card,
T006354,2026-07-17 12:45,B04,M0191,GOLD,App,Coffee,1,70,0.00,70.00,App Wallet,
T006355,2026-07-17 13:19,B03,,,App,Tea,1,65,0.00,65.00,App Wallet,
T006356,2026-07-17 14:06,B05,,,In-store,Coffee,4,85,0.00,340.00,QR PromptPay,4
T006357,2026-07-17 14:27,B03,M0197,Gold,In-store,Tea,4,95,0.00,380.00,QR PromptPay,4
T006358,2026-07-17 15:17,B02,M0295,Silver,In-store,Bakery,4,80,0.00,320.00,Cash,
T006359,2026-07-17 15:25,B03,M0260,Gold,In-store,Coffee,1,65,9.75,55.25,Credit Card,
T006359,2026-07-17 15:40,B03,M0260,Gold,In-store,Coffee,-1,65,-9.75,-55.25,Credit Card,
T006360,17/07/2026 16:04,B06,M0163,Bronze,App,Coffee,1,75,0.00,75.00,App Wallet,
T006361,2026-07-17 16:59,B05,M0202,Bronze,In-store,Coffee,1,70,0.00,70.00,Credit Card,
T006362,2026-07-17 17:06,B02,M0148,Gold,In-store,Bakery,3,105,0.00,315.00,Cash,
T006363,2026-07-17 17:54,B05,M0011,Gold,In-store,Bakery,1,55,0.00,55.00,Cash,
T006364,2026-07-17 17:54,B03,M0059,Gold,In-store,Coffee,2,60,12.00,108.00,Cash,
T006365,2026-07-17 18:22,B05,M0120,Bronze,In-store,Bakery,1,85,0.00,85.00,QR PromptPay,
T006366,2026-07-17 18:28,B02,M0069,Platinum,In-store,Coffee,4,75,45.00,255.00,QR PromptPay,3
T006367,2026-07-17 18:41,B07,,,Delivery,Bakery,3,65,0.00,195.00,QR PromptPay,3
T006368,2026-07-17 18:51,B03,M0044,Bronze,Delivery,Coffee,1,110,11.00,99.00,QR PromptPay,
T006369,2026-07-18 07:17,B04,M0092,Bronze,in-store,Tea,2,95,28.50,161.50,Cash,3
T006370,2026-07-18 07:38,B03,M0078,Silver,Instore,Merchandise,1,580,0.00,580.00,Cash,
T006371,18/07/2026 08:02,B06,M0223,Silver,In-store,Merchandise,2,495,0.00,990.00,QR PromptPay,1
T006372,2026-07-18 08:18,B08,,,In-store,Bakery,1,80,0.00,80.00,Credit Card,5
T006373,2026-07-18 08:21,B08,M0171,Gold,Delivery,Coffee,2,75,0.00,150.00,QR PromptPay,
T006374,2026-07-18 08:22,B04,,,In-store,Merchandise,3,555,0.00,1665.00,Cash,4
T006375,2026-07-18 08:26,B08,,,Delivery,Coffee,2,70,0.00,140.00,Cash,
T006376,2026-07-18 08:31,B04,,,In-store,Coffee,1,60,0.00,60.00,Cash,
T006377,2026-07-18 08:47,B01,M0208,Gold,App,Coffee,1,95,14.25,80.75,Credit Card,5
T006378,2026-07-18 09:50,B03,M0199,Silver,In-store,Coffee,2,65,26.00,104.00,Credit Card,4
T006379,2026-07-18 10:04,B03,,,App,Bakery,3,100,0.00,300.00,App Wallet,
T006380,2026-07-18 11:00,B08,M0119,Bronze,app,Tea,4,80,0.00,320.00,App Wallet,
T006381,2026-07-18 11:32,B03,,,Delivery,Tea,1,75,0.00,75.00,QR PromptPay,
T006382,2026-07-18 12:24,B07,M0130,Platinum,In store,Coffee,1,65,0.00,65.00,Credit Card,5
T006383,2026-07-18 12:48,B04,M0177,Bronze,App,Coffee,1,115,0.00,115.00,App Wallet,3
T006384,2026-07-18 12:48,B04,,,Delivery,Coffee,1,110,0.00,110.00,Cash,
T006385,2026-07-18 12:57,B05,M0242,Silver,App,Coffee,2,60,0.00,120.00,Credit Card,
T006386,2026-07-18 13:06,B05,M0310,Gold,In-store,Tea,1,55,0.00,55.00,Cash,2
T006387,2026-07-18 13:33,B07,,,App,Coffee,1,110 THB,0.00,110.00,Credit Card,
T006388,2026-07-18 14:30,B01,M0237,Silver,App,Bakery,1,105,0.00,105.00,App Wallet,
T006389,2026-07-18 15:19,B08,M0051,Platinum,In-store,Bakery,1,110,11.00,99.00,Credit Card,
T006390,2026-07-18 16:01,B02,,,App,Coffee,2,120,0.00,240.00,Credit Card,2
T006391,2026-07-18 16:13,B08,M0051,Platinum,In-store,Coffee,3,90,0.00,270.00,Credit Card,
T006392,2026-07-18 16:57,B07,,,In-store,Coffee,1,115,0.00,115.00,Cash,
T006393,2026-07-18 17:54,B03,M0085,Bronze,App,Coffee,1,90,9.00,81.00,Credit Card,
T006394,2026-07-18 19:16,B05,M0185,Gld,In-store,Bakery,3,55,16.50,148.50,Cash,4
T006395,2026-07-18 19:48,B04,M0144,Silver,In-store,Coffee,1,75,0.00,75.00,Cash,
T006396,2026-07-19 07:18,B03,M0078,Silver,Delivery,Coffee,2,85,34.00,136.00,Cash,
T006397,2026-07-19 08:22,B04,M0109,Bronze,In-store,Tea,3,70,0.00,210.00,QR PromptPay,5
T006398,2026-07-19 08:36,B04,,,App,Coffee,2,120,0.00,240.00,Credit Card,
T006399,2026-07-19 08:50,B04,M0245,Platinum,In-store,Coffee,1,80,8.00,72.00,QR PromptPay,4
T006400,2026-07-19 09:00,B03,,,In-store,Bakery,2,110,0.00,220.00,Credit Card,
T006401,19/07/2026 09:11,B06,M0219,Bronze,In-store,Bakery,1,95,0.00,95.00,Credit Card,2
T006402,2026-07-19 11:23,B03,M0264,BRONZE,App,Tea,2,55,0.00,110.00,App Wallet,
T006403,2026-07-19 12:01,B02,,,App,Coffee,1,90,0.00,90.00,Credit Card,
T006404,2026-07-19 12:30,B04,M0187,Bronze,In-store,Coffee,1,105,0.00,105.00,Cash,2
T006405,2026-07-19 12:31,B01,M0045,Gold,Delivery,Coffee,1,80,0.00,80.00,QR PromptPay,3
T006406,2026-07-19 12:36,B08,M0238,Bronze,Delivery,Coffee,3,110,0.00,330.00,QR PromptPay,
T006407,2026-07-19 12:37,B03,M0103,Silver,In-store,Coffee,1,55,0.00,55.00,Credit Card,
T006408,2026-07-19 12:39,B02,,,Instore,Coffee,1,105,0.00,105.00,Credit Card,
T006409,19/07/2026 12:48,B06,,,In-store,Coffee,2,100,0.00,200.00,Cash,
T006410,19/07/2026 12:53,B06,M0304,Platinum,App,Bakery,2,110,22.00,198.00,App Wallet,4
T006411,2026-07-19 12:54,B01,M0208,Gold,In-store,Coffee,4,95,0.00,380.00,Cash,
T006412,2026-07-19 13:10,B03,M0119,Bronze,Delivery,Tea,1,85,8.50,76.50,Cash,5
T006413,2026-07-19 13:53,B04,M0255,Bronze,App,Tea,1,95,0.00,95.00,App Wallet,5
T006414,2026-07-19 13:55,B01,M0127,Silver,APP,Coffee,1,95,0.00,95.00,App Wallet,
T006415,2026-07-19 14:43,B04,M0294,Bronze,Delivery,Merchandise,1,625,0.00,625.00,Cash,4
T006416,2026-07-19 14:44,B01,,,App,Bakery,2,80,0.00,160.00,App Wallet,
T006417,2026-07-19 14:59,B08,M0288,Gold,In-store,Coffee,2,85,8.50,161.50,QR PromptPay,
T006418,2026-07-19 15:48,B05,M9039,Silver,App,Bakery,1,65,0.00,65.00,App Wallet,
T006419,2026-07-19 16:22,B08,M0153,Bronze,App,Coffee,4,90,0.00,360.00,Credit Card,3
T006420,2026-07-19 16:38,B01,M0237,Silver,Delivery,Coffee,3,90,27.00,243.00,Credit Card,3
T006421,2026-07-19 16:40,B03,,,In-store,Bakery,2,55,0.00,110.00,Cash,3
T006422,19/07/2026 16:43,B06,M0304,Platinum,In-store,Coffee,2,55,16.50,93.50,Cash,
T006423,2026-07-19 16:55,B03,M0197,Gold,Delivery,Bakery,1,85,0.00,85.00,Credit Card,
T006424,2026-07-19 16:56,B04,M0144,Silver,Instore,Bakery,3,95,0.00,285.00,Credit Card,4
T006425,19/07/2026 18:06,B06,M0063,Silver,Delivery,Tea,1,85,0.00,85.00,Cash,5
T006426,2026-07-19 18:09,B04,M0024,Platinum,In-store,Merchandise,1,725,36.25,688.75,QR PromptPay,
T006427,2026-07-19 18:52,B07,M0191,Gold,App,Coffee,4,60,0.00,240.00,Credit Card,
T006428,2026-07-19 19:43,B02,M0160,Bronze,App,Coffee,1,90,0.00,90.00,App Wallet,4
T006429,2026-07-20 07:10,B03,M0242,Silver,In-store,Tea,2,90,0.00,180.00,QR PromptPay,5
T006430,2026-07-20 07:25,B02,M0117,Silver,In-store,Coffee,4,120,0.00,480.00,Credit Card,
T006431,20/07/2026 08:35,B06,M0304,Platinum,App,Coffee,2,105,0.00,210.00,Credit Card,
T006432,2026-07-20 09:03,B05,,,App,Tea,1,85,0.00,85.00,Credit Card,
T006433,20/07/2026 13:28,B06,,,App,Coffee,4,75,0.00,300.00,Credit Card,
T006434,2026-07-20 13:32,B04,,,Delivery,Merchandise,4,340,0.00,1360.00,QR PromptPay,5
T006435,2026-07-20 13:32,B03,M0078,Silver,In-store,Coffee,1,฿90.00,0.00,90.00,QR PromptPay,
T006436,2026-07-20 14:30,B03,M0319,Gold,In-store,Coffee,1,65,0.00,65.00,QR PromptPay,5
T006437,2026-07-20 15:09,B08,,,Delivery,Coffee,1,60,0.00,60.00,Cash,
T006438,2026-07-20 15:14,B08,,,In-store,Coffee,2,60,0.00,120.00,Cash,
T006439,2026-07-20 16:05,B05,,,In-store,Coffee,2,55,0.00,110.00,Cash,4
T006440,20/07/2026 16:05,B06,M0058,Gold,In-store,Merchandise,1,790,158.00,632.00,Credit Card,1
T006441,2026-07-20 16:30,B07,M0286,Silver,app,Coffee,2,90,0.00,180.00,App Wallet,4
T006442,2026-07-20 16:38,B08,M0259,Bronze,In-store,Coffee,3,90,0.00,270.00,Cash,
T006443,2026-07-20 16:47,B08,M0306,Bronze,Delivery,Bakery,2,85,0.00,170.00,QR PromptPay,
T006444,2026-07-20 17:16,B05,,,Delivery,Bakery,4,90,0.00,360.00,Cash,4
T006445,2026-07-20 17:50,B02,M0144,Silver,In-store,Coffee,1,90,0.00,90.00,QR PromptPay,
T006446,2026-07-20 18:00,B05,M0004,Bronze,In-store,Coffee,1,80,12.00,68.00,Credit Card,
T006447,2026-07-20 18:01,B04,M0308,Gold,App,Coffee,2,90,0.00,180.00,App Wallet,2
T006448,2026-07-20 18:07,B07,,,In-store,Tea,1,85,0.00,85.00,QR PromptPay,
T006449,2026-07-20 18:12,B04,M0125,Bronze,In-store,Coffee,1,85,0.00,85.00,Cash,3
T006447,2026-07-20 18:43,B04,M0308,Gold,App,Coffee,-2,90,-0.00,-180.00,App Wallet,
T006450,2026-07-21 01:24,B05,M0036,Platinum,delivery,Coffee,4,55,0.00,220.00,QR PromptPay,2
T006451,2026-07-21 07:10,B07,M0244,Bronze,App,Merchandise,4,880,0.00,3520.00,App Wallet,
T006452,2026-07-21 07:36,B03,M0197,GOLD,In-store,Coffee,2,80,0.00,160.00,QR PromptPay,
T006453,2026-07-21 08:04,B07,M0002,Bronze,In-store,Bakery,1,70,0.00,70.00,Credit Card,3
T006454,2026-07-21 08:08,B05,M0055,Silver,App,Bakery,2,90,18.00,162.00,Credit Card,4
T006455,2026-07-21 08:33,B04,M0294,Bronze,In-store,Bakery,1,60,0.00,60.00,QR PromptPay,4
T006456,2026-07-21 08:48,B03,,,In-store,Merchandise,1,305,0.00,305.00,Cash,3
T006457,2026-07-21 09:20,B01,,,Instore,Merchandise,1,800,0.00,800.00,Cash,
T006458,2026-07-21 10:08,B05,M0223,Silver,App,Coffee,1,65,0.00,65.00,App Wallet,
T006459,2026-07-21 11:27,B03,M0002,Bronze,In-store,Coffee,2,110,0.00,220.00,Cash,
T006460,2026-07-21 12:02,B05,,,In-store,Merchandise,3,310,0.00,930.00,Credit Card,
T006461,2026-07-21 12:09,B05,,,In-store,Coffee,4,80,0.00,320.00,Credit Card,
T006462,2026-07-21 12:43,B04,M0029,Gold,In-store,Tea,1,65,6.50,58.50,QR PromptPay,
T006463,21/07/2026 13:28,B06,M0114,Silver,In-store,Bakery,1,80,0.00,80.00,QR PromptPay,5
T006464,21/07/2026 14:06,B06,,,App,Tea,1,65,0.00,65.00,Credit Card,5
T006465,2026-07-21 14:32,B01,M0158,Silver,In-store,Coffee,1,65,0.00,65.00,Credit Card,5
T006466,2026-07-21 15:51,B04,M0063,Silver,in-store,Bakery,3,60,0.00,180.00,Credit Card,4
T006467,2026-07-21 16:15,B08,M0139,Silver,In-store,Coffee,4,115,0.00,460.00,QR PromptPay,
T006468,2026-07-21 16:21,B02,M0142,Silver,In-store,Coffee,3,90,0.00,270.00,Cash,4
T006469,2026-07-21 16:25,B08,M0082,Bronze,In-store,Coffee,3,75,0.00,225.00,Credit Card,
T006470,2026-07-21 16:25,B01,M0197,Gld,In-store,Merchandise,2,745,298.00,1192.00,Credit Card,
T006471,2026-07-21 17:57,B01,,,In-store,Coffee,3,75,0.00,225.00,QR PromptPay,5
T006472,2026-07-21 18:06,B04,M0318,Platinum,Delivery,Coffee,4,60,24.00,216.00,Credit Card,
T006473,2026-07-21 18:44,B05,M0267,Silver,App,Bakery,1,65,0.00,65.00,App Wallet,
T006474,2026-07-21 19:57,B08,,,In-store,Bakery,1,50,0.00,50.00,QR PromptPay,
T006475,2026-07-22 02:12,B05,,,Delivery,Tea,1,55,0.00,55.00,Credit Card,4
T006476,2026-07-22 08:19,B08,M0171,Gold,In-store,Tea,4,85,0.00,340.00,Credit Card,
T006477,2026-07-22 08:20,B02,,,Delivery,Coffee,1,90,0.00,90.00,Cash,4
T006478,2026-07-22 08:22,B01,M0155,Silver,Delivery,Coffee,2,100,0.00,200.00,Cash,
T006479,2026-07-22 08:34,B08,M0056,Platinum,In-store,Merchandise,1,765,0.00,765.00,Cash,
T006480,2026-07-22 08:42,B04,M0191,Gold,In-store,Merchandise,1,635,0.00,635.00,QR PromptPay,5
T006481,2026-07-22 08:53,B03,M0294,Bronze,In-store,Tea,1,90,0.00,90.00,Cash,
T006482,2026-07-22 08:56,B02,M0015,Gold,Delivery,Coffee,2,100,0.00,200.00,Credit Card,
T006483,2026-07-22 09:44,B05,M9366,Gold,In-store,Tea,1,95,14.25,80.75,QR PromptPay,
T006484,2026-07-22 09:55,B05,,,In-store,Merchandise,4,735,0.00,2940.00,Credit Card,5
T006485,2026-07-22 10:14,B03,M0143,Bronze,In store,Coffee,3,115,0.00,345.00,QR PromptPay,
T006486,2026-07-22 10:25,B02,,,In-store,Coffee,4,90,0.00,360.00,Credit Card,
T006487,2026-07-22 11:54,B08,M0300,Bronze,Delivery,Coffee,2,95,0.00,190.00,QR PromptPay,
T006488,22/07/2026 12:20,B06,M0242,Silver,In-store,Bakery,3,55,0.00,165.00,QR PromptPay,
T006489,2026-07-22 12:23,B05,M0128,BRONZE,In-store,Coffee,1,110,0.00,110.00,QR PromptPay,
T006490,2026-07-22 12:50,B08,M0255,Bronze,In-store,Coffee,2,85,0.00,170.00,Credit Card,4
T006491,2026-07-22 12:59,B05,M0310,Gold,App,Coffee,2,120,0.00,240.00,Credit Card,
T006492,2026-07-22 13:20,B08,,,In-store,Tea,1,65,0.00,65.00,QR PromptPay,
T006493,2026-07-22 13:52,B07,,,App,Bakery,2,100,0.00,200.00,Credit Card,
T006494,2026-07-22 13:52,B08,,,In-store,Bakery,1,95,0.00,95.00,Credit Card,
T006495,2026-07-22 14:14,B04,M0258,Bronze,In-store,Tea,2,95,0.00,190.00,Credit Card,5
T006496,2026-07-22 15:04,B03,M0309,Silver,In-store,Coffee,1,65,0.00,65.00,Credit Card,
T006497,2026-07-22 15:55,B01,M0293,Gold,App,Coffee,1,120,24.00,96.00,App Wallet,
T006498,2026-07-22 16:10,B03,,,In-store,Coffee,4,115,0.00,460.00,Cash,3
T006499,2026-07-22 16:48,B05,M0102,Platinum,App,Coffee,2,100,0.00,200.00,Credit Card,
T006500,2026-07-22 16:58,B08,M0087,Bronze,In-store,Tea,1,90,0.00,90.00,QR PromptPay,
T006501,2026-07-22 18:25,B04,,,In-store,Tea,0,65,0.00,0.00,Cash,
T006502,2026-07-22 22:24,B05,,,Delivery,Coffee,1,100,0.00,100.00,Credit Card,5
T006503,2026-07-22 23:08,B05,,,Delivery,Coffee,2,120,0.00,240.00,QR PromptPay,
T006504,2026-07-23 07:53,B07,M0175,Bronze,App,Coffee,1,90,0.00,90.00,Credit Card,3
T006505,2026-07-23 08:16,B04,,,In-store,Coffee,2,65,0.00,130.00,Cash,4
T006506,2026-07-23 08:19,B02,,,in-store,Coffee,1,100,0.00,100.00,Cash,
T006507,2026-07-23 08:28,B08,,,Delivery,Bakery,1,80,0.00,80.00,QR PromptPay,
T006508,2026-07-23 08:34,B08,,,In-store,Coffee,4,65,0.00,260.00,QR PromptPay,
T006509,2026-07-23 08:45,B04,,,In-store,Coffee,2,90,0.00,180.00,Cash,
T006510,2026-07-23 08:57,B03,M0078,Silver,Delivery,Coffee,2,65,26.00,104.00,QR PromptPay,
T006511,2026-07-23 09:21,B02,M0222,Silver,App,Merchandise,4,830,0.00,3320.00,App Wallet,
T006512,23/07/2026 09:52,B06,M0283,Bronze,App,Coffee,3,90,0.00,270.00,App Wallet,1
T006513,2026-07-23 11:42,B08,M0010,Bronze,App,Coffee,1,95,0.00,95.00,Credit Card,5
T006514,2026-07-23 12:04,B03,,,App,Tea,4,65,0.00,260.00,App Wallet,4
T006515,2026-07-23 12:11,B08,,,In-store,Bakery,2,80,0.00,160.00,QR PromptPay,
T006516,2026-07-23 12:15,B07,M0054,Bronze,In-store,Coffee,1,100,15.00,85.00,Cash,
T006517,2026-07-23 12:17,B05,,,In-store,Coffee,3,70,0.00,210.00,Credit Card,4
T006518,2026-07-23 13:05,B04,M0063,Silver,In-store,Merchandise,1,500,0.00,500.00,QR PromptPay,
T006519,2026-07-23 13:55,B07,M0040,bronze,App,Coffee,1,85,0.00,85.00,Credit Card,4
T006520,2026-07-23 14:35,B01,,,In-store,Bakery,3,50,0.00,150.00,Cash,
T006521,2026-07-23 15:22,B02,M0171,Gold,Delivery,Bakery,1,75,0.00,75.00,Credit Card,
T006522,2026-07-23 15:42,B07,M0325,Platinum,In-store,Coffee,1,75,3.75,71.25,QR PromptPay,
T006523,2026-07-23 16:20,B02,M0257,Silver,In-store,Coffee,4,115,0.00,460.00,Credit Card,
T006524,2026-07-23 16:26,B04,M0078,Silver,In-store,Coffee,1,60,0.00,60.00,QR PromptPay,3
T006525,2026-07-23 16:40,B08,,,Delivery,Bakery,4,55,0.00,220.00,QR PromptPay,
T006526,2026-07-23 18:32,B07,,,In-store,Coffee,1,60,0.00,60.00,Credit Card,4
T006527,2026-07-23 18:48,B5,M0092,Bronze,In-store,Coffee,3,70,0.00,210.00,Credit Card,3
T006528,2026-07-23 19:33,B02,,,App,Merchandise,4,710,0.00,2840.00,App Wallet,
T006529,2026-07-23 19:41,B08,M0259,Bronze,In-store,Coffee,2,60,0.00,120.00,QR PromptPay,3
T006530,2026-07-24 07:37,B03,M0059,Gold,Delivery,Coffee,2,110,0.00,220.00,Credit Card,
T006531,2026-07-24 08:12,B01,M0308,Gold,in-store,Coffee,1,80,4.00,76.00,QR PromptPay,3
T006532,2026-07-24 08:48,B08,,,In-store,Coffee,1,85,0.00,85.00,Cash,2
T006533,2026-07-24 09:57,B01,,,In-store,Coffee,4,105,0.00,420.00,Cash,
T006534,2026-07-24 10:32,B08,M0051,Platinum,In-store,Tea,2,85,0.00,170.00,QR PromptPay,
T006535,2026-07-24 10:50,B07,M0325,Platinum,In-store,Coffee,1,90,0.00,90.00,Credit Card,
T006536,2026-07-24 12:06,B01,,,In-store,Coffee,3,100,0.00,300.00,QR PromptPay,4
T006537,24/07/2026 12:18,B06,M0056,Platinum,Delivery,Coffee,1,110,11.00,99.00,Credit Card,
T006538,2026-07-24 12:20,B05,M0040,Bronze,In-store,Tea,1,70,0.00,70.00,QR PromptPay,4
T006539,2026-07-24 13:02,B01,,,In-store,Coffee,2,70,0.00,140.00,QR PromptPay,3
T006540,2026-07-24 13:08,B07,,,In-store,Merchandise,1,555,0.00,555.00,Cash,5
T006541,2026-07-24 13:47,B05,,,In-store,Merchandise,1,575,0.00,575.00,Cash,4
T006542,2026-07-24 14:43,B01,M0319,Gold,App,Coffee,2,70,0.00,140.00,Credit Card,
T006543,2026-07-24 15:26,B02,M0222,Silver,Delivery ,Coffee,2,80,0.00,160.00,Cash,4
T006544,2026-07-24 15:51,B05,M0076,Bronze,App,Merchandise,2,545,218.00,872.00,App Wallet,4
T006545,2026-07-24 16:18,B07,M0086,Silver,In-store,Coffee,3,100,30.00,270.00,QR PromptPay,5
T006546,2026-07-24 16:18,B02,,,In-store,Coffee,1,90,0.00,90.00,QR PromptPay,4
T006547,2026-07-24 16:31,B03,,,Delivery,Merchandise,2,685,0.00,1370.00,Credit Card,
T006548,2026-07-24 16:51,B03,M0004,BRONZE,In-store,Coffee,1,105,0.00,105.00,QR PromptPay,5
T006549,2026-07-24 17:06,B07,M0286,Silver,In-store,Tea,2,50,0.00,100.00,QR PromptPay,
T006550,2026-07-24 17:06,B08,,,In-store,Bakery,1,55,0.00,55.00,Cash,3
T006549,2026-07-24 17:29,B07,M0286,Silver,In-store,Tea,-2,50,-0.00,-100.00,QR PromptPay,
T006551,2026-07-24 18:31,B05,M0249,Gold,In-store,Coffee,1,80,0.00,80.00,Cash,3
T006552,2026-07-24 18:48,B04,,,In-store,Coffee,4,85,0.00,340.00,QR PromptPay,
T006553,2026-07-24 19:07,B01,M0114,Silver,In-store,Coffee,1,120,0.00,120.00,Cash,3
T006554,2026-07-24 19:40,B02,M0233,Bronze,Delivery,Merchandise,4,510,0.00,2040.00,Credit Card,5
T006555,2026-07-25 07:48,B01,,,In-store,Coffee,1,85,0.00,85.00,Credit Card,
T006556,2026-07-25 08:02,B03,,,In-store,Bakery,1,105,0.00,105.00,QR PromptPay,
T006557,2026-07-25 08:32,B04,,,In-store,Bakery,2,55,0.00,110.00,Cash,
T006558,2026-07-25 08:36,B05,M0200,Silver,In-store,Tea,1,85,0.00,85.00,Cash,
T006559,2026-07-25 09:48,B08,,,In-store,Coffee,2,110,0.00,220.00,QR PromptPay,3
T006560,2026-07-25 09:52,B01,M0038,Gold,In-store,Coffee,1,85,8.50,76.50,Credit Card,4
T006561,2026-07-25 10:16,B07,,,Delivery,Coffee,1,80,0.00,80.00,Credit Card,
T006562,2026-07-25 10:59,B04,M0258,Bronze,In-store,Merchandise,1,425,63.75,361.25,Cash,
T006563,2026-07-25 12:13,B05,M0200,Silver,Delivery,Coffee,1,60,0.00,60.00,Cash,
T006564,25/07/2026 12:32,B06,M0053,Gold,in-store,Bakery,4,105,0.00,420.00,Credit Card,
T006565,2026-07-25 12:56,B05,M0310,Gold,App,Coffee,1,100,15.00,85.00,Credit Card,3
T006566,2026-07-25 13:03,B02,M0222,Silver,In-store,Coffee,1,110,5.50,104.50,Cash,
T006567,25/07/2026 13:23,B06,M0273,Silver,Instore,Tea,1,70,0.00,70.00,QR PromptPay,
T006568,25/07/2026 13:33,B06,M0229,Platinum,In-store,Bakery,1,50,7.50,42.50,Credit Card,3
T006569,25/07/2026 13:34,B06,M0278,Bronze,App,Bakery,4,75,0.00,300.00,Credit Card,
T006570,2026-07-25 15:15,B01,M0119,Bronze,App,Tea,1,50,0.00,50.00,App Wallet,
T006571,2026-07-25 16:05,B04,,,In-store,Bakery,3,65,0.00,195.00,QR PromptPay,
T006572,2026-07-25 16:22,B04,,,In-store,Bakery,2,45,0.00,60.00,QR PromptPay,4
T006573,2026-07-25 16:32,B05,M0092,Bronze,In-store,Coffee,3,80,0.00,240.00,QR PromptPay,
T006574,2026-07-25 16:53,B07,,,In-store,Coffee,4,85,0.00,340.00,Credit Card,
T006575,25/07/2026 18:23,B06,M0131,Bronze,Delivery,Bakery,1,55,0.00,55.00,Cash,
T006576,2026-07-25 18:41,B05,M0055,Silver,In-store,Tea,1,75,0.00,75.00,Cash,4
T006577,2026-07-25 23:54,B05,,,Delivery,Merchandise,2,680,0.00,1360.00,QR PromptPay,
T006578,2026-07-26 08:29,B02,M0222,Silver,App,Coffee,1,120,0.00,120.00,Credit Card,4
T006579,2026-07-26 08:33,B08,M0119,Bronze,In-store,Coffee,1,120,0.00,120.00,Cash,
T006580,2026-07-26 08:38,B04,,,App,Coffee,3,105,0.00,315.00,Credit Card,4
T006581,2026-07-26 08:49,B05,M0240,Platinum,APP,Coffee,3,80,0.00,240.00,Credit Card,
T006582,2026-07-26 08:55,B03,,,In-store,Coffee,3,80,0.00,240.00,Cash,
T006583,2026-07-26 08:56,B07,M0193,bronze,In-store,Coffee,1,120,24.00,96.00,Credit Card,
T006584,2026-07-26 10:36,B04,M0063,Silver,In-store,Coffee,1,85,17.00,68.00,Cash,
T006585,2026-07-26 10:55,B01,M0070,Bronze,Delivery,Coffee,1,70,0.00,70.00,Credit Card,3
T006586,2026-07-26 13:56,B07,M0325,Platinum,In-store,Bakery,1,85,0.00,85.00,QR PromptPay,
T006587,2026-07-26 14:02,B01,,,In-store,Coffee,1,110,0.00,110.00,Credit Card,5
T006588,2026-07-26 16:00,B07,M0276,Bronze,In-store,Coffee,4,60,0.00,240.00,Cash,
T006589,2026-07-26 16:11,B03,M0245,Platinum,In-store,Coffee,1,115,17.25,97.75,QR PromptPay,
T006590,2026-07-26 17:19,B01,,,App,Coffee,3,75,0.00,225.00,Credit Card,4
T006591,2026-07-26 17:44,B04,M0143,Bronze,Delivery,Coffee,2,85,0.00,170.00,Cash,
T006592,2026-07-26 18:00,B05,M0223,Silver,App,Coffee,1,100,0.00,100.00,App Wallet,
T006593,2026-07-26 19:04,B05,M0297,BRONZE,In-store,Coffee,1,85,0.00,85.00,QR PromptPay,
T006594,2026-07-27 00:43,B05,,,Delivery,Coffee,2,115,0.00,230.00,Credit Card,
T006595,27/07/2026 07:32,B06,M0304,Platinum,In-store,Coffee,1,115,17.25,97.75,QR PromptPay,1
T006596,2026-07-27 07:32,B04,,,App,Bakery,1,70,0.00,70.00,Credit Card,
T006597,2026-07-27 08:03,B07,M0009,Bronze,In-store,Coffee,3,120,0.00,360.00,Cash,4
T006598,2026-07-27 08:28,B1,M0276,Bronze,In-store,Coffee,1,110,22.00,88.00,Cash,4
T006599,2026-07-27 08:30,B03,M0242,Silver,In-store,Coffee,1,85,0.00,85.00,Cash,
T006600,2026-07-27 09:00,B01,M0251,Bronze,In-store,Tea,1,50,0.00,50.00,QR PromptPay,
T006601,2026-07-27 09:21,B05,,,In-store,Merchandise,1,600,0.00,600.00,Credit Card,
T006602,2026-07-27 12:13,B01,M0186,Gold,App,Coffee,2,95,0.00,190.00,Credit Card,5
T006603,2026-07-27 12:40,B08,M0119,Bronze,In-store,Tea,2,50,0.00,100.00,QR PromptPay,4
T006604,2026-07-27 13:10,B07,M0192,GOLD,In-store,Bakery,4,95,57.00,323.00,Cash,
T006605,2026-07-27 13:23,B04,M0178,bronze,APP,Coffee,3,60,0.00,180.00,App Wallet,
T006606,2026-07-27 13:59,B07,,,In-store,Coffee,2,80,0.00,160.00,QR PromptPay,5
T006607,2026-07-27 14:40,B04,M0144,Silver,App,Bakery,1,80,8.00,72.00,App Wallet,
T006608,2026-07-27 14:51,B07,,,Delivery,Coffee,1,70,0.00,70.00,QR PromptPay,
T006609,2026-07-27 14:58,B08,,,App,Bakery,1,80,0.00,80.00,App Wallet,
T006610,2026-07-27 15:50,B04,M0143,Bronze,In-store,Coffee,1,60,0.00,60.00,Cash,
T006611,2026-07-27 16:16,B05,M0055,Silver,In-store,Coffee,1,100,15.00,85.00,Credit Card,
T006612,2026-07-27 16:17,B04,M0057,Bronze,In-store,Bakery,3,60,0.00,180.00,Credit Card,4
T006613,2026-07-27 16:21,B07,,,App,Coffee,2,85,0.00,170.00,App Wallet,
T006614,2026-07-27 16:21,B01,M0045,Gold,App,Coffee,2,80,0.00,160.00,Credit Card,
T006615,2026-07-27 18:21,B04,,,In-store,Bakery,3,90,0.00,270.00,Credit Card,4
T006616,2026-07-27 18:37,B01,M0078,Silver,App,Coffee,1,105,5.25,99.75,App Wallet,
T006616,2026-07-27 19:09,B01,M0078,Silver,APP,Coffee,-1,105,-5.25,-99.75,App Wallet,
T006617,2026-07-28 02:45,B05,,,Delivery,Tea,2,65,0.00,130.00,Credit Card,
T006618,2026-07-28 07:34,B08,,,In-store,Bakery,3,80,0.00,240.00,Cash,
T006619,2026-07-28 07:57,B04,M0029,Gold,In-store,Merchandise,3,320,96.00,864.00,QR PromptPay,
T006620,2026-07-28 08:10,B08,,,In-store,Bakery,2,95,0.00,190.00,Credit Card,
T006621,2026-07-28 08:13,B03,M0071,Brz,In-store,Tea,2,75,0.00,150.00,Cash,
T006622,2026-07-28 08:54,B04,M0112,Bronze,In-store,Coffee,1,105,10.50,94.50,Credit Card,
T006622,2026-07-28 08:54,B04,M0112,Bronze,In-store,Coffee,1,105,10.50,94.50,Credit Card,
T006623,2026-07-28 08:54,B02,M0222,Silver,In-store,Coffee,1,65,13.00,52.00,Credit Card,4
T006624,2026-07-28 08:55,B08,M0002,Bronze,App,Coffee,1,55,0.00,55.00,App Wallet,
T006625,2026-07-28 09:03,B04,M0177,Bronze,In-store,Coffee,1,80,0.00,80.00,Cash,
T006626,2026-07-28 09:27,B02,M0257,Silver,Delivery,Coffee,2,75,0.00,150.00,Credit Card,
T006627,2026-07-28 10:10,B08,,,In-store,Tea,1,65,0.00,65.00,Cash,4
T006628,28/07/2026 11:50,B06,M0056,Platinum,App,Coffee,1,110,5.50,104.50,Credit Card,5
T006629,28/07/2026 11:53,B06,,,In-store,Coffee,1,55,0.00,55.00,Cash,
T006630,2026-07-28 12:12,B05,,,Delivery,Coffee,41,70,0.00,2870.00,Credit Card,
T006631,2026-07-28 12:13,B02,,,In-store,Coffee,2,100,0.00,200.00,Cash,2
T006632,2026-07-28 12:46,B03,,,In-store,Tea,2,90,0.00,180.00,Cash,
T006633,2026-07-28 12:56,B07,,,In-store,Coffee,2,90,0.00,180.00,Credit Card,5
T006634,28/07/2026 13:13,B06,M0278,Bronze,Instore,Coffee,3,80,0.00,240.00,Credit Card,
T006635,2026-07-28 13:40,B05,M0240,Platinum,In-store,Coffee,3,80,48.00,192.00,Cash,3
T006636,2026-07-28 14:39,B01,M0045,Gold,Delivery,Bakery,2,55,0.00,110.00,Cash,
T006637,2026-07-28 15:04,B03,M0320,Silver,In-store,Coffee,2,95,0.00,190.00,QR PromptPay,
T006638,2026-07-28 15:11,B04,,,In-store,Bakery,2,45,0.00,90.00,QR PromptPay,
T006639,2026-07-28 15:41,B04,,,In-store,Coffee,4,85,0.00,340.00,QR PromptPay,3
T006640,2026-07-28 16:15,B08,M0184,Slvr,In-store,Coffee,2,100,40.00,160.00,Credit Card,
T006641,2026-07-28 17:58,B03,M0254,Bronze,In-store,Coffee,4,100,0.00,400.00,Credit Card,
T006642,2026-07-28 22:44,B05,,,Delivery,Coffee,1,55,0.00,55.00,Credit Card,
T006643,2026-07-29 07:45,B04,M0029,Gold,App,Bakery,4,70,0.00,280.00,App Wallet,
T006644,29/07/2026 07:49,B06,,,App,Coffee,1,105,0.00,105.00,App Wallet,
T006645,2026-07-29 08:06,B01,M0070,Bronze,Delivery,Coffee,1,70,0.00,70.00,Cash,
T006646,2026-07-29 08:09, B01,,,In-store,Coffee,1,95,0.00,95.00,QR PromptPay,
T006647,2026-07-29 08:14,B07,M0130,Platinum,App,Merchandise,1,295,44.25,250.75,App Wallet,
T006648,2026-07-29 08:42,B08,,,App,Tea,1,80,0.00,80.00,Credit Card,
T006649,2026-07-29 10:41,B05,M0065,Bronze,In-store,Merchandise,3,350,0.00,1050.00,QR PromptPay,2
T006650,2026-07-29 11:59,B01,M9039,Bronze,Delivery,Coffee,1,65,0.00,65.00,Cash,
T006651,29/07/2026 12:05,B06,M0240,Platinum,In-store,Coffee,2,฿85,8.50,161.50,Credit Card,
T006652,29/07/2026 12:28,B06,,,In-store,Coffee,2,70,0.00,140.00,Credit Card,5
T006653,2026-07-29 12:39,B01,M0158,Silver,In-store,Coffee,2,110,0.00,220.00,Credit Card,
T006654,2026-07-29 13:04,B03,M0164,Bronze,In-store,Tea,2,85,0.00,170.00,QR PromptPay,3
T006655,2026-07-29 13:50,B03,M0078,Silver,In-store,Coffee,3,85,0.00,255.00,QR PromptPay,
T006654,2026-07-29 13:52,B03,M0164,Bronze,In-store,Tea,-2,85,-0.00,-170.00,QR PromptPay,
T006656,2026-07-29 16:22,B02,M0230,Silver,in-store,Coffee,1,100,20.00,80.00,QR PromptPay,3
T006657,29/07/2026 16:28,B06,M0056,PLATINUM,In-store,Coffee,1,100,10.00,90.00,QR PromptPay,1
T006658,2026-07-29 16:34,B05,M0187,Bronze,In-store,Coffee,3,110,33.00,297.00,Cash,5
T006659,2026-07-29 16:35,B02,M0201,Bronze,Delivery,Bakery,4,110,44.00,396.00,Cash,4
T006660,2026-07-29 17:55,B08,,,In-store,Coffee,4,75,0.00,300.00,Credit Card,
T006661,2026-07-29 18:19,B02,,,In-store,Bakery,4,110,0.00,440.00,Credit Card,
T006662,2026-07-29 18:45,B04,,,Delivery,Coffee,1,100,0.00,100.00,QR PromptPay,4
T006663,29/07/2026 19:01,B06,,,App,Tea,1,85,0.00,85.00,Credit Card,
T006664,2026-07-29 19:59,B04,M0096,Gold,In-store,Bakery,2,45,9.00,81.00,QR PromptPay,4
T006665,2026-07-29 22:43,B05,,,Deliv.,Tea,1,55,0.00,55.00,QR PromptPay,
T006666,2026-07-30 07:26,B04,,,In-store,Bakery,1,85,0.00,85.00,QR PromptPay,
T006667,2026-07-30 08:11,B07,M0175,Bronze,In-store,Coffee,1,60,12.00,48.00,Cash,
T006668,2026-07-30 08:20,B01,,,App,Bakery,3,60,0.00,180.00,App Wallet,
T006669,2026-07-30 08:21,B04,,,In-store,Coffee,1,80,0.00,80.00,QR PromptPay,
T006670,30/07/2026 09:20,B06,M0313,Bronze,In-store,Coffee,4,65,0.00,260.00,QR PromptPay,
T006671,2026-07-30 10:34,B05,,,app,Merchandise,1,640,0.00,640.00,App Wallet,4
T006672,2026-07-30 11:04,B07,,,App,Coffee,1,95,0.00,95.00,App Wallet,2
T006673,2026-07-30 11:58,B03,M0318,Platinum,Delivery,Coffee,1,95,0.00,95.00,Cash,
T006674,2026-07-30 12:09,B03,,,Delivery,Tea,1,85,0.00,85.00,QR PromptPay,4
T006675,30/07/2026 12:31,B06,M0219,Bronze,In-store,Coffee,4,85,0.00,340.00,Credit Card,
T006676,2026-07-30 12:56,B05,M0297,Bronze,Delivery,Merchandise,2,715,0.00,1430.00,QR PromptPay,5
T006677,2026-07-30 13:06,B08,,,Delivery,Bakery,3,45,0.00,135.00,QR PromptPay,
T006678,2026-07-30 13:20,B01,M0114,SILVER,App,Coffee,2,120,36.00,204.00,Credit Card,4
T006679,30/07/2026 13:57,B06,M0058,Gold,In-store,Coffee,2,55,0.00,110.00,QR PromptPay,
T006680,30/07/2026 14:02,B06,M0005,Bronze,App,Tea,1,75,0.00,75.00,App Wallet,
T006681,30/07/2026 14:16,B06,M0304,Platinum,In-store,Coffee,1,95,0.00,95.00,QR PromptPay,
T006682,2026-07-30 14:50,B02,,,App,Merchandise,1,335,0.00,335.00,Credit Card,
T006683,2026-07-30 15:50,B05,,,In-store,Tea,3,65,0.00,195.00,QR PromptPay,5
T006684,2026-07-30 16:16,B04,,,App,Bakery,2,50,0.00,100.00,Credit Card,
T006685,2026-07-30 16:18,B02,M0117,Silver,In-store,Coffee,2,105,0.00,210.00,QR PromptPay,
T006686,2026-07-30 16:25,B04,M0258,Bronze,APP,Bakery,1,95,0.00,95.00,App Wallet,
T006687,2026-07-30 16:38,B05,M0053,Gold,In-store,Coffee,3,80,0.00,240.00,QR PromptPay,
T006688,2026-07-30 18:22,B03,M0197,Gold,In-store,Bakery,2,45,4.50,65.50,Credit Card,
T006689,30/07/2026 18:23,B06,,,In-store,Merchandise,2,825,0.00,1650.00,Credit Card,1
T006690,30/07/2026 19:24,B06,,,In-store,Coffee,2,70,0.00,140.00,QR PromptPay,
T006691,2026-07-31 07:14,B04,,,In-store,Coffee,3,85,0.00,255.00,QR PromptPay,
T006692,2026-07-31 08:42,B03,,,In-store,Coffee,1,80,0.00,80.00,Credit Card,4
T006693,2026-07-31 08:44,B01,M0114,Silver,App,Coffee,2,85,25.50,144.50,App Wallet,5
T006694,2026-07-31 09:46,B04,,,App,Coffee,1,70,0.00,70.00,App Wallet,
T006695,2026-07-31 10:29,B08,M0051,Platinum,App,Tea,1,65,0.00,65.00,App Wallet,
T006696,2026-07-31 11:25,B03,,,In-store,Tea,4,60,0.00,240.00,Cash,
T006697,2026-07-31 11:27,B07,,,Delivery,Coffee,1,90,0.00,90.00,Credit Card,
T006698,2026-07-31 11:28,B01,M0063,Silver,In-store,Coffee,2,55,0.00,110.00,Credit Card,
T006699,2026-07-31 11:51,B08,,,App,Coffee,1,110,0.00,110.00,App Wallet,
T006700,2026-07-31 12:30,B08,M0002,Bronze,In-store,Coffee,1,105,5.25,99.75,Credit Card,
T006701,2026-07-31 12:33,B04,,,In-store,Coffee,1,100,0.00,100.00,Credit Card,
T006702,2026-07-31 12:48,B04,,,App,Coffee,1,100,0.00,100.00,App Wallet,
T006703,2026-07-31 13:00,B08,M0119,Bronze,In-store,Merchandise,2,285,0.00,570.00,QR PromptPay,
T006704,2026-07-31 14:01,B02,M0201,Bronze,In-store,Merchandise,1,265,26.50,238.50,Cash,4
T006705,2026-07-31 14:23,B04,M0099,Gold,App,Coffee,3,120,0.00,360.00,Credit Card,3
T006706,2026-07-31 14:34,B05,M0191,Gold,In-store,Coffee,1,115,0.00,115.00,QR PromptPay,4
T006707,2026-07-31 15:09,B08,M0051,Platinum,In-store,Coffee,2,80,0.00,160.00,Credit Card,5
T006708,2026-07-31 16:22,B07,,,App,Coffee,2,110,0.00,220.00,Credit Card,3
T006709,2026-07-31 16:34,B04,M0051,Platinum,In-store,Bakery,3,55,16.50,148.50,Cash,4
T006710,2026-07-31 17:39,B04,M0096,Gold,In-store,Tea,2,95,0.00,190.00,QR PromptPay,3
T006711,2026-07-31 17:53,B03,M0011,Gold,In-store,Tea,1,90,13.50,76.50,QR PromptPay,5
T006712,31/07/2026 18:05,B06,M0304,Platinum,In-store,Bakery,2,45,0.00,90.00,QR PromptPay,1
T006713,2026-07-31 19:57,B02,M0069,Platinum,In-store,Tea,2,65,0.00,130.00,Cash,
T006714,2026-08-01 07:51,B01,,,In-store,Bakery,1,45,0.00,45.00,Credit Card,
T006715,2026-08-01 08:35,B05,M0200,Silver,In-store,Coffee,1,70,0.00,70.00,QR PromptPay,4
T006716,2026-08-01 08:46,B04,M0167,Silver,In-store,Bakery,1,55,0.00,55.00,QR PromptPay,
T006717,2026-08-01 09:31,B03,,,In-store,Coffee,2,55,0.00,110.00,QR PromptPay,
T006718,2026-08-01 10:56,B05,M0307,Platinum,In-store,Coffee,4,70,14.00,266.00,Cash,3
T006719,01/08/2026 11:02,B06,M0314,Bronze,In-store,Coffee,1,95,0.00,95.00,QR PromptPay,
T006720,2026-08-01 11:53,B08,M0318,Platinum,In-store,Bakery,2,60,0.00,120.00,Cash,
T006721,2026-08-01 12:25,B02,M0233,Bronze,In-store,Coffee,2,115,0.00,230.00,Credit Card,
T006722,2026-08-01 12:32,B07,,,In-store,Coffee,2,95,0.00,190.00,QR PromptPay,3
T006722,2026-08-01 12:32,B07,,,In-store,Coffee,2,95,0.00,190.00,QR PromptPay,3
T006723,2026-08-01 12:40, B03,,,In-store,Coffee,1,75,0.00,75.00,Credit Card,5
T006724,2026-08-01 13:45,B04,M0200,Silver,In-store,Coffee,1,90,0.00,90.00,QR PromptPay,
T006725,2026-08-01 14:15,B05,M0055,Silver,In-store,Coffee,1,120,0.00,120.00,Credit Card,
T006726,2026-08-01 14:59,B01,M0164,Bronze,Delivery,Coffee,3,70,0.00,210.00,Credit Card,
T006727,2026-08-01 15:25,B07,,,App,Tea,2,75,0.00,150.00,App Wallet,
T006728,2026-08-01 15:39,B02,M0201,Bronze,In-store,Coffee,4,120,0.00,480.00,QR PromptPay,3
T006729,2026-08-01 16:26,B05,M0310,Gold,App,Bakery,4,60,0.00,240.00,App Wallet,
T006730,2026-08-01 16:36,B07,,,In-store,Coffee,1,55,0.00,55.00,Cash,
T006731,2026-08-01 16:41,B04,M0029,Gold,In-store,Merchandise,3,890,267.00,2403.00,QR PromptPay,
T006732,2026-08-01 16:45,B01,M0289,Silver,In-store,Bakery,3,50,0.00,150.00,Credit Card,
T006733,2026-08-01 16:57,B04,,,In-store,Coffee,4,80,0.00,320.00,Credit Card,5
T006734,2026-08-01 17:48,B08,,,In-store,Tea,1,60,0.00,60.00,QR PromptPay,3
T006735,2026-08-01 18:40,B03,M0132,Bronze,In-store,Tea,1,65,0.00,65.00,QR PromptPay,
T006736,2026-08-01 19:37,B02,M0018,Silver,In-store,Bakery,1,80,0.00,80.00,QR PromptPay,
T006737,2026-08-01 19:50,B05,M0200,Silver,App,Bakery,1,60,3.00,57.00,App Wallet,3
T006738,2026-08-02 00:35,B05,,,Delivery,Bakery,2,105,0.00,210.00,Credit Card,
T006739,2026-08-02 08:34,B04,M0155,Silver,In-store,Coffee,1,55,0.00,55.00,Cash,
T006740,2026-08-02 09:17,B07,,,In-store,Coffee,3,120,0.00,360.00,Cash,5
T006741,2026-08-02 09:41,B04,M0144,Silver,In store,Tea,3,60,9.00,171.00,Credit Card,
T006742,2026-08-02 09:44,B05,M0092,Bronze,In-store,Coffee,1,70,0.00,70.00,Credit Card,
T006743,2026-08-02 10:45,B08,M0199,Silver,In-store,Merchandise,1,495,0.00,495.00,Credit Card,
T006744,2026-08-02 12:30,B07,,,App,Coffee,1,95,0.00,95.00,Credit Card,
T006745,2026-08-02 12:41,B01,,,In-store,Bakery,4,85,0.00,340.00,QR PromptPay,
T006746,2026-08-02 12:41,B05,,,Delivery,Bakery,3,45,0.00,135.00,QR PromptPay,5
T006747,2026-08-02 12:54,B03,M0082,Bronze,In-store,Coffee,4,95,0.00,380.00,QR PromptPay,
T006748,02/08/2026 12:55,B06,,,In-store,Coffee,1,115,0.00,115.00,Cash,1
T006749,2026-08-02 13:31,B05,M0307,Platinum,In-store,Bakery,2,75,0.00,150.00,Credit Card,
T006750,2026-08-02 14:26,B03,M0106,Bronze,In-store,Merchandise,1,645,0.00,645.00,QR PromptPay,
T006751,2026-08-02 14:37,B05,M0249,Gold,In-store,Coffee,1,70,0.00,70.00,QR PromptPay,
T006752,2026-08-02 15:45,B05,M0307,Platinum,In-store,Bakery,4,90,0.00,360.00,Credit Card,3
T006753,2026-08-02 16:14,B08,M0109,Bronze,App,Coffee,1,105,0.00,105.00,Credit Card,5
T006754,2026-08-02 16:22,B04,M0308,Gold,In-store,Bakery,1,60,0.00,60.00,QR PromptPay,
T006755,2026-08-02 16:59,B08,M0119,Bronze,App,Bakery,4,50,0.00,200.00,App Wallet,4
T006756,2026-08-02 17:22,B07,M0054,BRONZE,App,Bakery,4,45,0.00,180.00,App Wallet,
T006757,2026-08-02 17:37,B05,,,Delivery,Coffee,66,80,0.00,5280.00,Credit Card,
T006758,2026-08-02 18:27,B05,M0069,Platinum,App,Bakery,3,90,0.00,270.00,App Wallet,
T006759,02/08/2026 19:27,B06,M0051,Platinum,In-store,Coffee,3,85,0.00,255.00,QR PromptPay,
T006760,03/08/2026 08:00,B06,M0020,Bronze,In-store,Bakery,1,75,0.00,75.00,Credit Card,5
T006761,2026-08-03 08:06,B03,,,App,Coffee,2,120,0.00,240.00,Credit Card,5
T006762,2026-08-03 08:32,B04,M0246,Bronze,In-store,Coffee,3,120,0.00,360.00,QR PromptPay,
T006763,2026-08-03 08:48,B01,,,In-store,Bakery,2,110,0.00,220.00,Cash,5
T006764,2026-08-03 09:39,B07,M0106,Bronze,In-store,Tea,1,95,0.00,95.00,QR PromptPay,
T006765,2026-08-03 10:21,B03,M0059,gold,In-store,Coffee,2,75,0.00,150.00,Cash,
T006766,2026-08-03 11:01,B03,M0205,PLATINUM,In-store,Coffee,1,55,5.50,49.50,QR PromptPay,
T006767,03/08/2026 11:38,B06,M0005,Bronze,In-store,Coffee,1,70,0.00,70.00,Credit Card,
T006767,03/08/2026 11:38,B06,M0005,Bronze,In-store,Coffee,1,70,0.00,70.00,Credit Card,
T006768,2026-08-03 12:05,B07,M0040,Bronze,In-store,Coffee,1,55,0.00,55.00,Credit Card,
T006769,2026-08-03 13:30,B04,M0177,Bronze,In-store,Bakery,2,105,0.00,210.00,Credit Card,
T006770,2026-08-03 16:04,B08,M0012,Platinum,Delivery,Bakery,2,105,0.00,210.00,Cash,
T006771,2026-08-03 16:30,B04,M0016,Gold,In-store,Coffee,3,60,9.00,171.00,Credit Card,
T006772,2026-08-03 17:51,B07,M0080,Silver,In-store,Bakery,2,85,25.50,144.50,QR PromptPay,
T006773,2026-08-03 18:05,B01,M0127,Silver,In-store,Coffee,1,100,0.00,100.00,Cash,
T006774,2026-08-03 19:54,B07,,,In-store,Coffee,1,115,0.00,115.00,Credit Card,
T006775,2026-08-04 10:03,B01,M0295,Silver,In-store,Bakery,1,55,0.00,55.00,Cash,
T006776,2026-08-04 10:29,B07,M0288,Gold,In-store,Bakery,2,75,22.50,127.50,QR PromptPay,
T006777,2026-08-04 12:17,B03,M0312,Silver,Delivery,Merchandise,1,635,0.00,635.00,Credit Card,
T006778,2026-08-04 12:17,B08,,,Instore,Coffee,2,55,0.00,110.00,Cash,
T006779,2026-08-04 12:18,B08,M0119,Bronze,App,Merchandise,1,535,80.25,454.75,App Wallet,
T006780,2026-08-04 12:19,B08,M0051,Platinum,In-store,Bakery,1,90,9.00,81.00,Cash,5
T006781,2026-08-04 13:14,B08,,,In-store,Tea,1,70,0.00,70.00,Credit Card,4
T006782,2026-08-04 13:32,B02,M0015,Gold,App,Coffee,1,90,9.00,81.00,App Wallet,
T006783,04/08/2026 14:26,B06,M0060,Bronze,Delivery,Tea,4,65,0.00,260.00,Credit Card,5
T006784,2026-08-04 16:29,B01,M0031,Bronze,Delivery,Bakery,1,105,0.00,105.00,Credit Card,3
T006785,2026-08-04 16:32,B03,,,In-store,Tea,2,50,0.00,100.00,Credit Card,5
T006786,2026-08-04 16:42,B05,,,App,Coffee,2,100,0.00,200.00,Credit Card,4
T006787,2026-08-04 17:05,B03,M0023,bronze,Delivery,Bakery,3,65,0.00,195.00,Cash,2
T006788,2026-08-04 18:55,B03,,,App,Coffee,2,70,0.00,140.00,Credit Card,4
T006789,2026-08-04 18:59,B08,M0259,bronze,In-store,Tea,2,70,0.00,140.00,Credit Card,
T006790,2026-08-04 19:03,B07,M0074,Platinum,In-store,Tea,3,70,42.00,168.00,Cash,
T006791,2026-08-04 19:30,B01,M0158,Silver,Delivery,Merchandise,1,355,0.00,355.00,Credit Card,
T006792,2026-08-05 00:27,B05,,,Delivery,Coffee,4,100,0.00,400.00,Credit Card,
T006793,05/08/2026 07:17,B06,M0075,BRONZE,Delivery,Bakery,1,100,0.00,100.00,QR PromptPay,
T006794,2026-08-05 07:24,B05,,,In-store,Tea,2,55,0.00,110.00,QR PromptPay,5
T006795,2026-08-05 08:01,B05,,,Delivery,Bakery,3,45,0.00,135.00,QR PromptPay,
T006796,2026-08-05 08:33,B03,M0254,Bronze,In-store,Bakery,4,100,40.00,360.00,QR PromptPay,5
T006797,2026-08-05 08:51,B04,M0178,Bronze,Delivery,Bakery,4,100,0.00,400.00,Credit Card,
T006798,2026-08-05 09:30,B05,,,in-store,Tea,1,70,0.00,70.00,Credit Card,
T006799,2026-08-05 09:41,B07,M0289,Silver,Mobile App,Tea,4,70,28.00,252.00,Credit Card,5
T006800,2026-08-05 11:09,B02,M0201,Bronze,App,Bakery,1,100,0.00,100.00,App Wallet,
T006801,2026-08-05 11:14,B04,M0318,Platinum,In-store,Coffee,1,85,8.50,76.50,Credit Card,
T006801,2026-08-05 11:14,B04,M0318,Platinum,In-store,Coffee,1,85,8.50,76.50,Credit Card,
T006802,2026-08-05 12:45,B05,M0297,Bronze,In-store,Coffee,1,90,18.00,72.00,QR PromptPay,
T006803,2026-08-05 12:54,B03,M0078,Silver,In-store,Coffee,1,105,21.00,84.00,QR PromptPay,
T006804,2026-08-05 13:12,B05,M0147,Silver,In store,Coffee,2,120,24.00,216.00,Credit Card,1
T006805,2026-08-05 13:58,B08,M0010,Bronze,in-store,Coffee,1,90,9.00,81.00,Cash,5
T006806,2026-08-05 14:35,B02,M0269,Gold,In-store,Coffee,4,95,0.00,380.00,Credit Card,
T006807,05/08/2026 16:36,B06,M0058,Gold,App,Bakery,3,85,0.00,255.00,Credit Card,
T006808,2026-08-05 16:41,B01,M0276,Bronze,App,Bakery,4,45,0.00,180.00,App Wallet,
T006809,2026-08-05 16:58,B05,M0092,Bronze,App,Coffee,1,100,0.00,100.00,Credit Card,2
T006810,2026-08-05 17:32,B02,M0160,Bronze,In-store,Coffee,1,110,0.00,110.00,Cash,4
T006811,2026-08-05 17:41,B03,M9772,Bronze,In-store,Bakery,4,110,0.00,440.00,Cash,5
T006812,2026-08-05 17:47,B01,,,Delivery ,Coffee,1,75,0.00,75.00,Credit Card,
T006813,2026-08-05 18:13,B05,M0306,Bronze,App,Coffee,4,75,0.00,300.00,Credit Card,
T006814,2026-08-05 18:40,B08,M0211,Bronze,Mobile App,Bakery,1,60,0.00,60.00,Credit Card,
T006815,05/08/2026 19:21,B06,,,Instore,Coffee,1,75,0.00,75.00,Cash,1
T006816,2026-08-06 07:38,B04,,,In-store,Coffee,1,115,0.00,115.00,Cash,4
T006817,2026-08-06 07:41,B08,M0051,Platinum,In-store,Coffee,1,75,0.00,75.00,Cash,5
T006818,2026-08-06 08:01,B05,M0185,Gold,Delivery,Bakery,4,95,57.00,323.00,QR PromptPay,
T006819,2026-08-06 09:46,B08,M0119,Bronze,In-store,Bakery,2,70,21.00,119.00,Cash,4
T006820,2026-08-06 11:10,B04,M0096,Gold,In-store,Bakery,2,70,0.00,140.00,Cash,5
T006821,2026-08-06 11:46,B05,M0295,Silver,in-store,Coffee,1,110,0.00,110.00,QR PromptPay,3
T006822,06/08/2026 12:09,B06,,,APP,Coffee,2,120,0.00,240.00,Credit Card,
T006823,2026-08-06 12:26,B08,,,In-store,Merchandise,1,305,0.00,305.00,QR PromptPay,
T006824,2026-08-06 13:52,B05,,,In-store,Tea,3,75,0.00,225.00,QR PromptPay,
T006825,2026-08-06 15:06,B04,M0318,Platinum,In-store,Merchandise,4,505,101.00,1919.00,QR PromptPay,
T006826,2026-08-06 15:13,B07,,,App,Bakery,1,80,0.00,80.00,App Wallet,
T006827,2026-08-06 15:23,B03,M0309,Silver,In-store,Coffee,2,60,18.00,102.00,Cash,
T006828,2026-08-06 15:27,B05,M0297,Bronze,In-store,Coffee,3,65,0.00,195.00,QR PromptPay,
T006829,2026-08-06 15:28,B04,,,Delivery,Coffee,1,90,0.00,90.00,QR PromptPay,
T006830,2026-08-06 16:04,B04,,,In-store,Bakery,2,45,0.00,90.00,QR PromptPay,
T006831,2026-08-06 16:44,B01,M0027,Silver,In-store,Bakery,2,90,36.00,144.00,Credit Card,
T006832,2026-08-06 18:35,B03,M0242,Silver,In-store,Coffee,1,70,0.00,70.00,Cash,4
T006833,2026-08-07 00:49,B05,M0290,Gold,Delivery,Tea,1,90,18.00,72.00,QR PromptPay,
T006834,2026-08-07 07:09,B05,,,In-store,Tea,1,55,0.00,55.00,Credit Card,4
T006835,2026-08-07 07:13,B05,,,In-store,Coffee,2,80,0.00,160.00,Credit Card,
T006836,2026-08-07 07:22,B04,M0155,Silver,In-store,Bakery,3,50,0.00,150.00,QR PromptPay,
T006837,07/08/2026 07:23,B06,M0132,Bronze,In-store,Bakery,1,105,0.00,105.00,Credit Card,5
T006837,07/08/2026 07:23,B06,M0132,Bronze,In-store,Bakery,1,105,0.00,105.00,Credit Card,5
T006838,07/08/2026 08:13,B06,M0273,Silver,In-store,Coffee,4,90,0.00,360.00,Credit Card,
T006839,2026-08-07 08:22,B04,M0143,Bronze,Delivery,Coffee,1,110,0.00,110.00,Credit Card,
T006840,2026-08-07 09:01,B04,,,App,Coffee,1,95,0.00,95.00,App Wallet,
T006841,2026-08-07 10:40,B05,,,In-store,Merchandise,2,270,0.00,540.00,QR PromptPay,4
T006842,2026-08-07 10:47,B01,M0290,Gold,In-store,Coffee,4,100,40.00,360.00,Credit Card,4
T006843,2026-08-07 12:06,B03,M0197,Gold,Delivery,Coffee,2,100,0.00,200.00,Credit Card,
T006844,2026-08-07 12:10,B08,,,In-store,Coffee,1,60,0.00,60.00,Cash,
T006845,2026-08-07 12:24,B01,,,App,Coffee,1,110,0.00,110.00,App Wallet,
T006846,2026-08-07 13:01,B04,M0015,Gold,Delivery,Bakery,1,80,12.00,68.00,QR PromptPay,5
T006847,2026-08-07 13:09,B01,,,In-store,Coffee,2,65,0.00,130.00,Credit Card,3
T006848,2026-08-07 13:15,B05,,,In-store,Coffee,3,85,0.00,255.00,QR PromptPay,
T006849,2026-08-07 13:16,B07,M0286,Silver,In-store,Coffee,3,105,63.00,252.00,Credit Card,5
T006850,2026-08-07 13:20,B03,M9349,Platinum,In-store,Coffee,3,70,0.00,210.00,Credit Card,
T006851,07/08/2026 14:00,B06,M0273,Silver,In-store,Coffee,2,120,48.00,192.00,Credit Card,
T006852,2026-08-07 14:35,B03,M0197,Gold,App,Coffee,1,115,17.25,97.75,App Wallet,4
T006853,2026-08-07 15:13,B01,,,In-store,Coffee,1,105,0.00,105.00,Credit Card,
T006854,07/08/2026 15:13,B06,M0304,Platinum,In-store,Coffee,2,60,0.00,120.00,QR PromptPay,
T006855,2026-08-07 15:13,B2,,,App,Coffee,1,100,0.00,100.00,Credit Card,5
T006856,2026-08-07 15:29,B07,,,In-store,Bakery,4,70,0.00,280.00,Cash,
T006857,2026-08-07 15:46,B08,,,App,Coffee,1,100,0.00,100.00,App Wallet,
T006857,2026-08-07 15:46,B08,,,App,Coffee,1,100,0.00,100.00,App Wallet,
T006858,2026-08-07 16:04,B03,M0201,Bronze,App,Coffee,2,65,0.00,130.00,App Wallet,
T006859,2026-08-07 16:14,B03,M0039,Gold,In-store,Merchandise,1,635,0.00,635.00,Cash,
T006860,2026-08-07 16:18,B05,M0206,Bronze,In-store,Coffee,1,110,0.00,110.00,Cash,5
T006861,2026-08-07 16:37,B02,M0044,Bronze,In-store,Bakery,2,110,0.00,220.00,QR PromptPay,3
T006862,2026-08-07 18:37,B7,,,App,Coffee,1,85,0.00,85.00,App Wallet,
T006863,2026-08-07 18:43,B08,M0325,Platinum,Delivery,Coffee,1,85,0.00,85.00,QR PromptPay,
T006864,2026-08-07 19:05,B05,M0039,Gold,Delivery,Merchandise,1,690,138.00,552.00,QR PromptPay,5
T006865,2026-08-07 19:09,B04,,,In-store,Coffee,1,80,0.00,80.00,QR PromptPay,
T006866,2026-08-07 19:15,B05,M0118,gold,In-store,Coffee,1,110,0.00,110.00,Credit Card,
T006867,2026-08-07 19:18,B05,M0161,Bronze,In-store,Coffee,2,70,0.00,140.00,QR PromptPay,5
T006868,2026-08-07 19:43,B05,M0070,Bronze,In-store,Coffee,2,75,0.00,150.00,Cash,3
T006869,2026-08-07 23:16,B05,,,Delivery,Bakery,4,50,0.00,200.00,Credit Card,
T006870,2026-08-08 07:28,B05,M0092,Bronze,In-store,Bakery,1,45,0.00,45.00,Credit Card,2
T006871,2026-08-08 07:34,B08,,,In-store,Coffee,2,60,0.00,120.00,Credit Card,
T006872,08/08/2026 08:12,B06,M0173,Silver,In-store,Tea,1,80,4.00,76.00,Credit Card,
T006873,2026-08-08 08:18,b01,M0127,Silver,In-store,Coffee,2,80,0.00,160.00,Credit Card,4
T006874,2026-08-08 09:25,B5,M0223,Silver,Delivery,Coffee,3,70 THB,0.00,210.00,QR PromptPay,4
T006875,2026-08-08 10:08,B02,M0015,Gold,In-store,Coffee,2,70,28.00,112.00,QR PromptPay,3
T006876,2026-08-08 11:02,B04,M0029,Gold,In-store,Coffee,1,110,0.00,110.00,QR PromptPay,
T006877,2026-08-08 11:18,B03,M0266,Silver,App,Tea,1,60,0.00,60.00,Credit Card,3
T006875,2026-08-08 11:19,B02,M0015,Gold,In-store,Coffee,-2,70,-28.00,-112.00,QR PromptPay,
T006878,2026-08-08 11:31,B04,,,App,Coffee,2,85,0.00,200.00,Credit Card,5
T006879,08/08/2026 12:14,B06,,,In-store,Coffee,2,100,0.00,200.00,Cash,1
T006880,2026-08-08 12:16,B05,M0322,Gold,App,Bakery,2,45,18.00,72.00,Credit Card,
T006881,2026-08-08 12:38,B08,M0073,Gold,In-store,Coffee,4,55,0.00,220.00,Cash,
T006882,2026-08-08 12:58,B05,M0166,Platinum,In-store,Tea,1,95,4.75,90.25,Cash,
T006883,2026-08-08 12:58,B04,M0052,Bronze,In-store,Coffee,1,75,15.00,60.00,QR PromptPay,5
T006884,2026-08-08 13:19,B03,M0042,Bronze,In-store,Coffee,2,80,0.00,160.00,Cash,
T006885,2026-08-08 13:20,B03,M0044,Bronze,In-store,Coffee,2,105,0.00,210.00,QR PromptPay,
T006886,2026-08-08 13:41,B03,,,In-store,Bakery,1,110,0.00,110.00,QR PromptPay,5
T006887,2026-08-08 13:58,B05,M0039,Gold,In-store,Bakery,4,80,16.00,304.00,Cash,5
T006888,2026-08-08 14:00,B02,M0272,Bronze,App,Coffee,3,60,0.00,180.00,Credit Card,3
T006889,2026-08-08 15:20,B02,,,In-store,Bakery,2,55,0.00,110.00,QR PromptPay,
T006890,2026-08-08 16:06,B04,M9772,Gold,Delivery,Coffee,4,65,26.00,234.00,Credit Card,4
T006891,2026-08-08 16:50, B02,M0160,Bronze,App,Bakery,2,80,0.00,160.00,App Wallet,
T006892,2026-08-08 16:56,B02,M0222,Silver,In-store,Coffee,3,95,28.50,256.50,Credit Card,4
T006893,2026-08-08 17:25,B01,M0208,Gold,In-store,Coffee,1,90,0.00,90.00,Credit Card,
T006894,2026-08-08 17:53,B04,M0301,BRONZE,In-store,Bakery,1,100,5.00,95.00,Cash,
T006895,2026-08-08 18:01,B05,M0310,Gold,App,Tea,1,70,0.00,70.00,Credit Card,3
T006896,2026-08-09 01:15,B05,,,Delivery ,Tea,4,60,0.00,240.00,Credit Card,
T006897,2026-08-09 07:01,B04,M0029,Gold,In-store,Tea,3,90,0.00,270.00,QR PromptPay,
T006898,2026-08-09 07:29,B01,M0045,Gold,In-store,Coffee,2,115,46.00,184.00,QR PromptPay,5
T006899,09/08/2026 07:35,B06,,,App,Bakery,4,80,0.00,320.00,Credit Card,5
T006900,09/08/2026 07:51,B06,M0304,Platinum,In-store,Bakery,2,45,13.50,76.50,QR PromptPay,1
T006901,09/08/2026 07:56,b06,M0058,Gold,App,Coffee,1,90,0.00,90.00,App Wallet,1
T006902,2026-08-09 08:07,B04,,,In-store,Coffee,4,90,0.00,360.00,QR PromptPay,
T006903,2026-08-09 08:46,B07,,,Delivery,Coffee,1,100,0.00,100.00,QR PromptPay,4
T006904,2026-08-09 09:22,B08,M0027,Silver,In-store,Coffee,4,85,0.00,340.00,QR PromptPay,
T006905,2026-08-09 10:02,B05,M0243,Bronze,In-store,Coffee,1,110,0.00,110.00,Credit Card,3
T006906,2026-08-09 10:12,B03,M0104,Silver,App,Bakery,1,45,0.00,45.00,Credit Card,
T006907,2026-08-09 10:45,B08,M0010,Bronze,in-store,Tea,1,50,0.00,50.00,QR PromptPay,3
T006908,2026-08-09 12:16,B03,M0023,Bronze,App,Bakery,1,45,0.00,45.00,Credit Card,
T006909,2026-08-09 12:26,B03,,,In-store,Coffee,1,75,0.00,75.00,QR PromptPay,
T006909,2026-08-09 12:26,B03,,,In-store,Coffee,1,75,0.00,75.00,QR PromptPay,
T006910,2026-08-09 12:29,B05,M0223,Silver,App,Bakery,1,70,10.50,59.50,Credit Card,
T006911,2026-08-09 12:43,B01,M0127,Silver,App,Coffee,4,120,0.00,480.00,App Wallet,4
T006912,2026-08-09 13:17,B01,M0127,Silver,In-store,Bakery,4,50,0.00,280.00,QR PromptPay,
T006913,09/08/2026 13:47,B06,M0144,Silver,In-store,Coffee,2,115,0.00,230.00,Cash,
T006914,2026-08-09 15:23,B07,M0294,Bronze,Delivery,Bakery,3,105,0.00,315.00,QR PromptPay,
T006915,2026-08-09 15:53,B04,,,App,Coffee,3,120,0.00,360.00,App Wallet,
T006916,2026-08-09 16:31,B04,,,In-store,Coffee,3,105,0.00,315.00,Cash,
T006917,2026-08-09 16:58,B07,M0114,Silver,In-store,Bakery,1,85,4.25,80.75,Cash,
T006918,2026-08-09 18:09,B08,,,In-store,Merchandise,2,340,0.00,680.00,Credit Card,4
T006919,2026-08-09 18:09,B03,M0053,GOLD,App,Tea,4,50,0.00,200.00,App Wallet,
T006920,2026-08-09 19:07,B04,M0191,Gold,Delivery,Tea,3,95,42.75,242.25,Credit Card,
T006921,2026-08-09 19:58,B05,M0102,Platinum,In-store,Coffee,1,80,8.00,72.00,QR PromptPay,
T006922,2026-08-10 08:10,B07,M9672,Bronze,In-store,Tea,1,50,0.00,50.00,Cash,4
T006923,2026-08-10 08:22,B01,,,app,Bakery,1,65,0.00,65.00,App Wallet,
T006924,2026-08-10 09:48,B02,M0015,Gld,In-store,Coffee,1,90,0.00,90.00,QR PromptPay,
T006925,10/08/2026 10:04,B06,M0211,Brz,App,Tea,1,75,0.00,75.00,App Wallet,3
T006926,2026-08-10 11:01,B01,,,App,Coffee,1,55,0.00,55.00,App Wallet,
T006927,2026-08-10 12:41,B02,M0069,Platinum,In-store,Coffee,1,115,23.00,92.00,Cash,
T006928,2026-08-10 12:56,B08,M0204,Gold,App,Coffee,4,115,92.00,368.00,App Wallet,
T006929,2026-08-10 13:40,B03,,,App,Coffee,2,65,0.00,130.00,Credit Card,3
T006930,2026-08-10 13:44,B05,M0088,Bronze,App,Coffee,1,75,0.00,5.00,App Wallet,2
T006931,2026-08-10 13:51,B03,M0197,Gold,In-store,Bakery,1,45,6.75,38.25,Credit Card,
T006932,2026-08-10 16:03,B03,M0059,Gold,In-store,Bakery,3,90,0.00,270.00,Cash,3
T006933,2026-08-10 16:22,B07,M0286,silver,In-store,Coffee,2,105,0.00,210.00,QR PromptPay,
T006934,2026-08-10 16:28,B01,M0216,Platinum,App,Bakery,4,55,33.00,187.00,App Wallet,
T006935,2026-08-10 16:33,B07,,,App,Coffee,1,95,0.00,95.00,Credit Card,3
T006936,2026-08-10 16:44,B05,M0092,Bronze,In-store,Merchandise,1,305,0.00,305.00,QR PromptPay,3
T006937,2026-08-10 16:49,B04,M0318,Platinum,App,Coffee,1,60,0.00,60.00,App Wallet,
T006938,2026-08-10 16:55,B01,,,App,Bakery,1,80,0.00,80.00,App Wallet,
T006936,2026-08-10 17:28,B05,M0092,Bronze,In-store,Merchandise,-1,305,-0.00,-305.00,QR PromptPay,
T006939,2026-08-10 17:39,B01,,,Delivery,Merchandise,3,255,0.00,765.00,Credit Card,4
T006940,2026-08-10 18:04,B05,M0308,Gold,Instore,Tea,1,65,13.00,52.00,Credit Card,
T006941,2026-08-10 18:14,B07,,,In-store,Coffee,1,90,0.00,90.00,Cash,
T006942,2026-08-10 18:56,B01,M0312,Silver,App,Coffee,2,60,0.00,120.00,Credit Card,
T006943,10/08/2026 19:34,B06,M0222,Silver,In-store,Coffee,3,95,0.00,285.00,Cash,
T006944,2026-08-11 08:00,B03,M0251,Bronze,Delivery,Coffee,2,75,0.00,150.00,Cash,
T006945,11/08/2026 08:13,B06,M0020,Bronze,In-store,Coffee,1,105,0.00,105.00,Cash,
T006946,11/08/2026 09:25,B06,M0260,Gold,In store,Bakery,2,90,0.00,180.00,QR PromptPay,
T006947,11/08/2026 10:13,B06,M0058,Gold,App,Merchandise,2,300,60.00,540.00,App Wallet,
T006948,2026-08-11 10:26,B04,M0144,Silver,In-store,Coffee,2,115,0.00,230.00,QR PromptPay,
T006949,2026-08-11 12:08,b03,M0288,Gold,In-store,Merchandise,3,615,92.25,1752.75,QR PromptPay,
T006950,2026-08-11 13:19,B05,,,In-store,Coffee,3,65,0.00,195.00,QR PromptPay,
T006951,2026-08-11 13:38,B07,M0193,Bronze,In-store,Bakery,1,80,0.00,80.00,QR PromptPay,5
T006952,2026-08-11 13:53,B05,,,In store,Merchandise,4,855,0.00,3420.00,Cash,
T006952,2026-08-11 13:53,B05,,,In store,Merchandise,4,855,0.00,3420.00,Cash,
T006953,2026-08-11 13:58,B04,M0144,Silver,In-store,Coffee,1,100,0.00,100.00,Cash,
T006954,2026-08-11 13:58,B08,M0171,Gold,In-store,Bakery,1,60,0.00,60.00,Cash,5
T006955,2026-08-11 16:17,B03,M0200,Silver,In-store,Coffee,4,80,0.00,320.00,Cash,
T006956,2026-08-11 16:29,b08,,,In-store,Tea,3,75,0.00,225.00,Cash,
T006957,2026-08-11 16:50,B01,,,Delivery,Coffee,3,100,0.00,300.00,Cash,4
T006958,2026-08-11 17:32,B07,M0170,Gold,In-store,Bakery,3,70,0.00,210.00,QR PromptPay,
T006959,2026-08-11 17:44,B01,M0208,Gold,Delivery,Coffee,2,65,13.00,117.00,QR PromptPay,
T006960,2026-08-11 18:22,B07,,,App,Bakery,1,50,0.00,50.00,App Wallet,4
T006961,2026-08-11 18:33,B03,M0200,Silver,In-store,Coffee,1,65,0.00,65.00,QR PromptPay,
T006962,11/08/2026 18:40,B06,M0314,Bronze,In-store,Tea,1,95,0.00,95.00,QR PromptPay,
T006963,11/08/2026 19:09,B06,,,In-store,Coffee,2,55,0.00,110.00,QR PromptPay,
T006964,2026-08-11 19:31,B02,M0165,Bronze,In-store,Bakery,2,95,0.00,190.00,Cash,
T006965,2026-08-11 19:37,B03,M0103,Silver,App,Coffee,4,60,48.00,192.00,App Wallet,5
T006966,2026-08-11 19:43,B08,M0119,Bronze,In-store,Bakery,4,80,0.00,320.00,Credit Card,5
T006967,2026-08-11 21:27,B05,,,Delivery,Coffee,1,85,0.00,85.00,Credit Card,2
T006968,2026-08-12 01:10,B05,,,Delivery,Coffee,1,70,0.00,70.00,Credit Card,
T006969,12/08/2026 07:09,B06,,,App,Coffee,4,120,0.00,480.00,App Wallet,5
T006970,2026-08-12 07:46,B05,M0167,Silver,App,Coffee,1,110,0.00,110.00,App Wallet,
T006971,2026-08-12 08:02,B05,M0047,Platinum,In-store,Coffee,4,80,48.00,272.00,Credit Card,
T006972,2026-08-12 09:34, B05,,,In-store,Coffee,2,95,0.00,190.00,Cash,4
T006973,2026-08-12 10:26,b05,M0163,Bronze,In-store,Bakery,1,60,0.00,60.00,Cash,
T006974,2026-08-12 10:49,B01,M0127,Silver,In-store,Coffee,2,75,30.00,120.00,QR PromptPay,3
T006975,2026-08-12 11:23,B04,M0301,Bronze,In-store,Tea,2,95,9.50,180.50,QR PromptPay,
T006976,2026-08-12 11:38,B02,,,App,Coffee,1,110,0.00,110.00,App Wallet,
T006977,2026-08-12 12:04,B04,M0191,Gold,In-store,Bakery,1,70,10.50,59.50,QR PromptPay,5
T006978,2026-08-12 13:28,B01,M0181,Bronze,In-store,Coffee,4,70,14.00,266.00,Credit Card,4
T006979,12/08/2026 13:38,B06,M0080,Silver,In-store,Coffee,1,100,0.00,100.00,QR PromptPay,1
T006980,2026-08-12 14:48,B07,M0244,Bronze,app,Tea,3,85,0.00,255.00,App Wallet,
T006981,2026-08-12 15:05,B01,,,In-store,Coffee,1,120,0.00,120.00,QR PromptPay,
T006982,2026-08-12 15:45,B07,M0050,Silver,App,Bakery,2,65,0.00,130.00,App Wallet,
T006983,2026-08-12 16:10,B03,M0103,Silver,In-store,Bakery,1,70,3.50,66.50,Credit Card,5
T006984,2026-08-12 16:52,B02,M0165,Bronze,Delivery,Coffee,1,60,0.00,60.00,QR PromptPay,
T006985,2026-08-12 16:55,B03,,,Delivery,Coffee,2,70,0.00,140.00,QR PromptPay,
T006986,2026-08-12 17:27,B07,,,In-store,Tea,1,60,0.00,60.00,QR PromptPay,
T006987,2026-08-12 17:36,B08,,,App,Coffee,1,90,0.00,90.00,App Wallet,3
T006988,2026-08-12 19:15,B08,M0211,Bronze,In-store,Coffee,4,110,0.00,440.00,Credit Card,
T006989,2026-08-12 19:36,B05,,,In-store,Bakery,2,65,0.00,130.00,Credit Card,
T006990,2026-08-12 19:43,B04,,,In-store,Coffee,2,115,0.00,230.00,Credit Card,
T006991,2026-08-13 07:11,B01,,,App,Coffee,2,100,0.00,200.00,Credit Card,
T006992,13/08/2026 07:18,B06,,,Delivery,Merchandise,1,315,0.00,315.00,Credit Card,
T006993,2026-08-13 08:11,B02,M0288,Gold,Delivery,Tea,2,80,24.00,136.00,Credit Card,
T006994,2026-08-13 08:55,B04,,,App,Coffee,2,115,0.00,230.00,App Wallet,
T006995,2026-08-13 09:42,B08,M0259,Bronze,Delivery,Coffee,1,100,0.00,100.00,QR PromptPay,4
T006996,2026-08-13 10:18,B08,,,In-store,Coffee,1,70,0.00,70.00,Cash,
T006997,2026-08-13 10:47,B03,M0156,Silver,In-store,Bakery,1,75,0.00,75.00,Credit Card,
T006998,2026-08-13 10:53,B02,M0201,Bronze,App,Bakery,1,65,9.75,55.25,App Wallet,
T006999,2026-08-13 13:29,B05,M0092,Bronze,In-store,Coffee,4,55,22.00,198.00,Credit Card,
T007000,2026-08-13 13:39,B05,M0167,Silver,In-store,Tea,2,60,0.00,120.00,Cash,3
T007001,2026-08-13 14:12,B01,,,In-store,Coffee,1,60,0.00,60.00,Cash,4
T007002,2026-08-13 14:25,B04,,,In-store,Bakery,4,80,0.00,320.00,Cash,4
T007003,2026-08-13 15:22,B05,M0276,Bronze,Delivery,Bakery,1,70,0.00,70.00,QR PromptPay,4
T007004,2026-08-13 15:39,B08,M0119,Bronze,In-store,Coffee,4,115,0.00,460.00,Credit Card,
T007005,2026-08-13 16:05,B04,,,Delivery,Merchandise,4,795,0.00,3180.00,QR PromptPay,
T007004,2026-08-13 16:32,B08,M0119,Bronze,In-store,Coffee,-4,115,-0.00,-460.00,Credit Card,
T007006,2026-08-13 16:49,B03,M0104,Silver,In-store,Coffee,1,60,0.00,60.00,QR PromptPay,2
T007007,2026-08-13 18:15,B04,,,App,Coffee,1,90,0.00,90.00,App Wallet,5
T007008,2026-08-13 18:33,B04,M0144,Silver,In-store,Coffee,1,60,0.00,60.00,Credit Card,
T007009,2026-08-13 19:26,B08,,,In-store,Coffee,2,110,0.00,220.00,Credit Card,
T007010,2026-08-13 19:44,B07,M0289,Silver,In-store,Coffee,1,120,0.00,120.00,Credit Card,
T007011,2026-08-14 07:13,B08,M0002,Bronze,In-store,Bakery,4,70,0.00,280.00,Credit Card,
T007012,2026-08-14 07:32,B01,M9349,Silver,App,Bakery,2,60,18.00,102.00,Credit Card,4
T007013,2026-08-14 08:02,B04,M0016,Gold,In-store,Coffee,1,75,15.00,60.00,QR PromptPay,
T007014,2026-08-14 08:14,B07,,,In-store,Coffee,3,100,0.00,300.00,Cash,
T007015,2026-08-14 08:34,B03,M0197,Gld,In-store,Coffee,1,115,5.75,109.25,Cash,
T007016,2026-08-14 08:45,B05,M0047,Platinum,In-store,Coffee,2,95,9.50,180.50,Credit Card,3
T007017,2026-08-14 09:13,B04,M0127,Silver,Delivery,Coffee,4,90,0.00,360.00,Cash,
T007018,2026-08-14 10:42,B08,,,In-store,Coffee,2,85,0.00,170.00,Cash,
T007019,2026-08-14 10:49,B01,M0158,Silver,In-store,Coffee,1,120,6.00,114.00,QR PromptPay,
T007020,2026-08-14 11:44,B07,M9064,Bronze,In-store,Coffee,4,110,66.00,374.00,Cash,3
T007021,2026-08-14 11:57,B01,M0031,Bronze,In-store,Bakery,2,105,0.00,210.00,Credit Card,
T007022,2026-08-14 12:17,B08,,,In-store,Tea,3,55,0.00,165.00,Credit Card,
T007023,2026-08-14 12:35,B03,M0059,Gold,In-store,Bakery,1,55,0.00,55.00,Cash,4
T007024,2026-08-14 12:51,B03,M0078,Silver,In-store,Bakery,1,45,0.00,45.00,Credit Card,3
T007025,2026-08-14 13:04,B03,,,In-store,Coffee,1,85,0.00,85.00,QR PromptPay,
T007026,2026-08-14 13:31,B04,,,In-store,Coffee,1,100,0.00,100.00,QR PromptPay,5
T007027,14/08/2026 13:44,B06,M0304,Platinum,In-store,Bakery,4,60,36.00,204.00,Credit Card,4
T007028,14/08/2026 14:17,B06,M0304,Platinum,In-store,Bakery,1,110,22.00,88.00,QR PromptPay,4
T007029,2026-08-14 15:10,B04,,,Delivery,Coffee,4,110,0.00,440.00,Cash,
T007030,2026-08-14 15:28,B03,M0078,Silver,Mobile App,Coffee,1,105,0.00,105.00,Credit Card,
T007031,2026-08-14 15:31,B07,M0170,gold,App,Coffee,4,85,17.00,323.00,Credit Card,
T007032,2026-08-14 15:51,B07,,,App,Coffee,1,80,0.00,80.00,App Wallet,4
T007033,2026-08-14 16:04,B04,M0144,Silver,In-store,Tea,2,80,0.00,160.00,QR PromptPay,4
T007034,2026-08-14 17:38,B05,,,In-store,Bakery,1,55,0.00,55.00,Cash,5
T007035,2026-08-14 18:29,B05,M0161,Bronze,In-store,Coffee,2,85,0.00,170.00,Cash,
T007036,14/08/2026 18:30,B06,M0060,Bronze,In-store,Coffee,1,110,0.00,110.00,QR PromptPay,
T007037,2026-08-14 18:48,B05,,,In-store,Bakery,1,90,0.00,90.00,QR PromptPay,5
T007038,2026-08-15 07:29,B04,M0178,Bronze,in-store,Coffee,1,70,0.00,70.00,QR PromptPay,2
T007039,2026-08-15 07:51,B01,M0070,Bronze,In-store,Tea,1,70,0.00,70.00,Cash,
T007040,2026-08-15 08:02,B04,M0144,Silver,App,Bakery,4,75,0.00,300.00,Credit Card,
T007041,2026-08-15 08:10,B03,M0078,Silver,In-store,Bakery,2,45,0.00,90.00,QR PromptPay,1
T007042,2026-08-15 08:19,B02,M0257,Silver,App,Coffee,1,100,10.00,90.00,App Wallet,
T007043,2026-08-15 08:40,B03,M0254,Bronze,In-store,Coffee,1,65,0.00,65.00,QR PromptPay,
T007044,2026-08-15 09:11,B04,M0057,Bronze,Instore,Coffee,1,75,0.00,75.00,Credit Card,4
T007045,2026-08-15 09:29,B02,M0136,Bronze,App,Coffee,2,110,0.00,220.00,App Wallet,3
T007046,2026-08-15 09:52,B02,M0222,Silver,In-store,Coffee,2,60,0.00,120.00,Cash,
T007047,2026-08-15 10:15,B03,M9772,Silver,In-store,Coffee,2,80,8.00,152.00,Credit Card,
T007048,2026-08-15 10:23,B04,,,In-store,Bakery,2,90,0.00,180.00,QR PromptPay,
T007049,15/08/2026 11:27,B06,M0182,Bronze,Delivery,Tea,1,75,0.00,75.00,QR PromptPay,
T007050,2026-08-15 12:01,B04,,,Delivery,Bakery,1,75,0.00,75.00,Credit Card,
T007051,2026-08-15 12:31,B02,,,In-store,Coffee,2,75,0.00,150.00,Credit Card,4
T007052,2026-08-15 12:46,B01,M0276,Bronze,Delivery,Tea,2,90,0.00,180.00,QR PromptPay,
T007053,2026-08-15 13:03,B03,M0242,Silver,App,Bakery,1,80,8.00,72.00,Credit Card,
T007054,2026-08-15 13:16,B02,,,In-store,Tea,2,65,0.00,130.00,QR PromptPay,
T007055,2026-08-15 13:42,B04,,,In-store,Coffee,4,90,0.00,360.00,Credit Card,
T007056,2026-08-15 15:03,B04,M0318,Platinum,In-store,Coffee,1,70,7.00,63.00,Credit Card,
T007056,2026-08-15 15:03,B04,M0318,Platinum,In-store,Coffee,1,70,7.00,63.00,Credit Card,
T007057,2026-08-15 15:43,B01,M0128,Bronze,In-store,Merchandise,4,฿705,282.00,2538.00,Cash,3
T007058,2026-08-15 18:09,B02,M0026,Bronze,App,Coffee,2,80,0.00,160.00,App Wallet,
T007059,2026-08-15 19:57,B05,M0068,Silver,Deliv.,Coffee,3,85,51.00,204.00,QR PromptPay,
T007060,2026-08-16 01:31,B05,,,Delivery,Coffee,2,100,0.00,200.00,Credit Card,
T007061,2026-08-16 07:46,B02,,,in-store,Coffee,1,95,0.00,95.00,Cash,
T007062,2026-08-16 08:52,B08,,,In-store,Coffee,1,110,0.00,110.00,Cash,
T007063,2026-08-16 10:34,B03,,,In-store,Coffee,2,70,0.00,140.00,QR PromptPay,
T007064,2026-08-16 12:01,B08,,,In-store,Merchandise,3,875,0.00,2625.00,QR PromptPay,
T007065,2026-08-16 12:12,B01,M0208,gold,In-store,Bakery,3,105,0.00,315.00,QR PromptPay,
T007066,2026-08-16 12:35,B04,,,In-store,Bakery,2,75,0.00,150.00,QR PromptPay,
T007067,2026-08-16 13:12,B07,M0086,SILVER,In-store,Bakery,1,45,0.00,45.00,QR PromptPay,
T007068,2026-08-16 14:23,B01,M0237,Silver,App,Bakery,1,60,0.00,60.00,App Wallet,4
T007069,2026-08-16 14:58,B05,,,In-store,Tea,1,55,0.00,55.00,QR PromptPay,5
T007069,2026-08-16 14:58,B05,,,In-store,Tea,1,55,0.00,55.00,QR PromptPay,5
T007070,16/08/2026 17:13,B06,M0080,Silver,In-store,Tea,4,95,0.00,380.00,Credit Card,
T007071,2026-08-16 18:02,B07,M0242,Silver,In-store,Tea,2,90,0.00,180.00,Cash,
T007071,2026-08-16 18:02,B07,M0242,Silver,In-store,Tea,2,90,0.00,180.00,Cash,
T007072,2026-08-16 18:17,B05,M0208,Gold,Delivery,Tea,2,90,0.00,180.00,Credit Card,
T007073,2026-08-17 08:23,B08,,,In-store,Coffee,2,75,0.00,150.00,Credit Card,4
T007074,2026-08-17 08:28,B07,M0050,Silver,In-store,Coffee,2,60,0.00,120.00,Credit Card,3
T007075,2026-08-17 08:47,B02,M0055,Silver,In-store,Coffee,3,95,0.00,285.00,Credit Card,
T007076,2026-08-17 10:02,B05,M0297,Bronze,In-store,Coffee,1,115,0.00,115.00,Cash,
T007077,2026-08-17 10:13,B3,M0197,Gold,App,Coffee,1,70,0.00,70.00,App Wallet,
T007078,2026-08-17 11:59,B03,,,App,Tea,4,75,0.00,300.00,App Wallet,
T007079,2026-08-17 12:29,B05,M0092,Bronze,App,Coffee,4,120,0.00,480.00,Credit Card,2
T007080,2026-08-17 12:58,B03,,,In-store,Coffee,1,90,0.00,90.00,QR PromptPay,5
T007081,2026-08-17 12:58,B04,,,In-store,Coffee,1,70,0.00,70.00,Cash,3
T007082,2026-08-17 13:20,B01,,,In-store,Coffee,1,70,0.00,70.00,Cash,
T007083,2026-08-17 13:20,B08,M0051,Platinum,Delivery,Bakery,1,75,15.00,60.00,QR PromptPay,4
T007084,2026-08-17 13:20,B04,,,In-store,Coffee,1,90,0.00,90.00,Credit Card,
T007085,2026-08-17 13:33,B01,M0181,Bronze,Delivery,Coffee,2,85,8.50,161.50,QR PromptPay,3
T007086,2026-08-17 13:55,B01,M0216,Platinum,Delivery,Merchandise,1,740,0.00,740.00,Credit Card,
T007087,2026-08-17 17:05,B03,M0197,Gold,In-store,Tea,4,55,0.00,220.00,QR PromptPay,
T007088,2026-08-17 17:31,B01,M0240,Platinum,Delivery,Coffee,1,110,5.50,104.50,Credit Card,
T007089,2026-08-17 17:40,B02,M0076,Bronze,In-store,Bakery,1,55,0.00,55.00,Credit Card,
T007090,2026-08-17 17:41,B05,M0297,Bronze,In-store,Coffee,1,฿90.00,0.00,90.00,QR PromptPay,
T007091,2026-08-17 18:23,B01,,,In-store,Bakery,2,90,0.00,180.00,QR PromptPay,5
T007092,2026-08-17 18:30,B07,M0170,Gold,In-store,Coffee,3,85,51.00,204.00,Credit Card,4
T007093,17/08/2026 18:30,B06,M0058,Gold,App,Bakery,3,95,0.00,285.00,App Wallet,1
T007094,18/08/2026 07:56,B06,,,In-store,Coffee,4,95,0.00,380.00,QR PromptPay,
T007095,2026-08-18 08:07,B04,M0079,Silver,App,Tea,3,80,0.00,240.00,Credit Card,
T007096,2026-08-18 08:07,B03,M0104,Silver,In-store,Coffee,3,110,33.00,297.00,QR PromptPay,
T007097,2026-08-18 08:08,B04,M0264,Bronze,App,Coffee,2,60,0.00,120.00,Credit Card,
T007098,2026-08-18 08:19,B04,M0264,Bronze,In-store,Coffee,1,90,0.00,90.00,Credit Card,
T007099,2026-08-18 08:44,B08,M0119,Bronze,In-store,Tea,1,90,0.00,90.00,QR PromptPay,
T007100,2026-08-18 09:43,B01,,,App,Bakery,1,95,0.00,95.00,App Wallet,
T007101,2026-08-18 09:44,B03,M0156,Silver,Delivery,Bakery,4,110,0.00,440.00,Cash,2
T007102,18/08/2026 10:20,B06,M0182,Bronze,In-store,Coffee,3,75,0.00,225.00,Credit Card,
T007103,2026-08-18 10:30,B01,M0114,Silver,In-store,Tea,3,85,0.00,255.00,Credit Card,4
T007104,2026-08-18 10:55,B04,,,In-store,Coffee,2,120,0.00,240.00,Credit Card,
T007105,2026-08-18 11:21,B04,M0246,Bronze,App,Bakery,2,110,0.00,220.00,App Wallet,
T007106,2026-08-18 11:32,B03,,,In-store,Coffee,4,80,0.00,320.00,Cash,
T007107,2026-08-18 12:45,B04,M0099,Gld,In-store,Coffee,2,100,0.00,200.00,Cash,
T007108,2026-08-18 13:10,B01,M0237,Silver,App,Coffee,3,80,0.00,240.00,App Wallet,3
T007109,2026-08-18 13:10,B07,,,App,Coffee,3,65,0.00,195.00,App Wallet,
T007110,2026-08-18 13:34,B02,M0258,Bronze,In-store,Merchandise,3,680,0.00,2040.00,QR PromptPay,5
T007111,2026-08-18 15:21,B04,M0258,Bronze,In-store,Coffee,2,60,0.00,120.00,Cash,
T007112,18/08/2026 16:04,B06,M0101,Bronze,In-store,Tea,1,75,0.00,75.00,QR PromptPay,
T007113,2026-08-18 16:05,B05,M0243,Bronze,App,Coffee,1,60,0.00,60.00,Credit Card,
T007114,2026-08-18 16:20,B05,M0185,Gold,Delivery,Coffee,1,95,0.00,95.00,Credit Card,
T007115,2026-08-18 16:26,B08,M0051,Platinum,In-store,Tea,1,90,13.50,76.50,Credit Card,
T007116,2026-08-18 17:11,B03,,,In-store,Coffee,1,80,0.00,80.00,QR PromptPay,4
T007117,2026-08-18 17:29,b03,M0266,Silver,In-store,Tea,1,80,8.00,72.00,QR PromptPay,3
T007118,2026-08-18 17:46,B05,,,In-store,Merchandise,2,725,0.00,1450.00,QR PromptPay,
T007119,2026-08-18 18:10,B03,M0053,Gold,In-store,Tea,1,50,0.00,50.00,Credit Card,
T007120,2026-08-18 19:26,B03,M0071,Bronze,In-store,Bakery,1,55,0.00,55.00,QR PromptPay,
T007121,2026-08-19 07:29,B05,M0297,Bronze,Delivery,Coffee,1,100,0.00,100.00,QR PromptPay,4
T007122,2026-08-19 07:51,B05,,,delivery,Coffee,1,105,0.00,105.00,QR PromptPay,
T007123,2026-08-19 08:05,B01,M0078,Silver,In-store,Coffee,2,75,30.00,120.00,QR PromptPay,
T007124,2026-08-19 09:10,B02,M0160,Brz,In-store,Coffee,1,80,8.00,72.00,QR PromptPay,4
T007125,2026-08-19 09:28,B05,M0295,Silver,In-store,Bakery,3,75,0.00,225.00,QR PromptPay,4
T007126,2026-08-19 11:59,B01,M0208,Gold,In-store,Bakery,1,90,18.00,72.00,Cash,4
T007127,2026-08-19 12:12,B03,M0059,Gold,in-store,Merchandise,2,250,100.00,400.00,QR PromptPay,
T007128,19/08/2026 12:13,B06,M0273,Slvr,App,Coffee,1,90,18.00,72.00,App Wallet,
T007129,2026-08-19 13:10,B05,M0307,Platinum,In-store,Coffee,2,120,36.00,204.00,QR PromptPay,
T007130,2026-08-19 13:46,B08,M0259,Bronze,App,Coffee,1,55 THB,0.00,55.00,Credit Card,
T007131,2026-08-19 13:50,B04,M0258,Bronze,In-store,Coffee,2,105,0.00,210.00,Cash,4
T007132,2026-08-19 13:53,B01,M0290,Gold,In-store,Coffee,1,95,9.50,85.50,Cash,
T007133,2026-08-19 14:11,B04,,,App,Coffee,1,110,0.00,110.00,App Wallet,4
T007134,2026-08-19 14:36,B04,M0191,Gold,App,Bakery,3,85,51.00,204.00,Credit Card,
T007135,2026-08-19 15:15,B07,M0314,Bronze,delivery,Bakery,2,55,0.00,110.00,Cash,
T007136,19/08/2026 15:20,B06,,,In-store,Merchandise,4,710,0.00,2840.00,QR PromptPay,5
T007137,2026-08-19 15:43,B03,,,App,Bakery,1,90,0.00,90.00,Credit Card,
T007138,2026-08-19 16:00,B02,,,In-store,Coffee,3,110,0.00,330.00,Credit Card,
T007139,2026-08-19 16:37,B05,,,App,Bakery,1,90,0.00,90.00,App Wallet,
T007140,2026-08-19 16:42,B03,,,In-store,Coffee,2,60,0.00,120.00,Credit Card,
T007141,2026-08-19 16:45,B04,M0191,Gold,In-store,Coffee,1,75,7.50,67.50,Credit Card,
T007142,2026-08-19 16:57,B05,M0144,Silver,In-store,Merchandise,2,520,208.00,832.00,QR PromptPay,4
T007143,19/08/2026 18:09,B06,M0056,PLATINUM,In-store,Bakery,1,60,0.00,60.00,Credit Card,5
T007144,2026-08-19 18:55,B04,M0178,Bronze,In-store,Coffee,3,70,0.00,210.00,Cash,
T007145,2026-08-19 19:12,B04,,,In-store,Coffee,2,100,0.00,200.00,Cash,
T007146,2026-08-19 21:06,B05,,,Delivery,Bakery,3,60,0.00,180.00,Credit Card,3
T007147,2026-08-20 07:17,B05,,,Delivery,Merchandise,2,635,0.00,1270.00,QR PromptPay,3
T007148,2026-08-20 07:29,B07,M0009,Bronze,In-store,Bakery,1,90,0.00,90.00,Credit Card,
T007149,2026-08-20 07:29,B08,M0051,Platinum,Delivery,Tea,2,80,0.00,160.00,QR PromptPay,5
T007150,2026-08-20 07:34,B01,,,App,Bakery,1,80,0.00,80.00,Credit Card,4
T007151,2026-08-20 08:02,B03,M0197,Gold,In-store,Coffee,1,120,6.00,114.00,Cash,4
T007152,2026-08-20 08:06,B05,M0092,Bronze,In-store,Tea,1,65,0.00,65.00,Cash,
T007153,2026-08-20 08:16,B08,M0051,Platinum,In-store,Coffee,2,115,11.50,218.50,QR PromptPay,
T007151,2026-08-20 08:47,B03,M0197,Gold,In-store,Coffee,-1,120,-6.00,-114.00,Cash,
T007154,2026-08-20 08:47,B02,M0161,Bronze,App,Coffee,1,80,0.00,80.00,App Wallet,4
T007155,2026-08-20 08:53,B05,M0310,Gold,In-store,Tea,1,50,0.00,50.00,QR PromptPay,
T007156,2026-08-20 09:59,B08,,,In-store,Coffee,2,95,0.00,190.00,Credit Card,
T007157,2026-08-20 11:05,B07,M0028,Silver,In-store,Tea,4,95,0.00,380.00,Credit Card,
T007158,20/08/2026 12:01,B06,M0052,Bronze,App,Bakery,1,95,0.00,95.00,App Wallet,
T007159,2026-08-20 12:13,B07,M0192,Gld,In-store,Bakery,1,90,18.00,72.00,QR PromptPay,3
T007160,2026-08-20 13:50,B07,M0288,Gold,Delivery,Coffee,3,115,0.00,345.00,Cash,
T007161,2026-08-20 13:51,B02,M0117,Silver,In-store,Tea,1,75,0.00,75.00,Cash,
T007162,2026-08-20 14:46,B07,M0054,Bronze,App,Coffee,1,100,0.00,100.00,Credit Card,
T007163,2026-08-20 15:48,B04,M0310,Gold,In-store,Tea,1,75,3.75,71.25,Cash,
T007164,2026-08-20 16:16,B08,M0012,Platinum,In-store,Tea,2,80,0.00,160.00,Credit Card,3
T007165,2026-08-20 16:34,B07,M0240,Platinum,App,Tea,2,75,22.50,127.50,App Wallet,
T007166,2026-08-20 16:36,B07,M0325,Platinum,In-store,Bakery,3,55,0.00,165.00,Credit Card,
T007167,2026-08-20 16:50,B01,M0114,Silver,In-store,Bakery,2,110,0.00,220.00,QR PromptPay,
T007168,2026-08-20 16:50,B04,M0294,Bronze,App,Merchandise,1,585,0.00,585.00,Credit Card,
T007169,2026-08-20 17:53,B01,M0290,Gold,In-store,Coffee,1,75,0.00,75.00,Credit Card,
T007170,2026-08-20 18:13,B08,,,App,Coffee,1,80,0.00,80.00,App Wallet,3
T007171,2026-08-20 19:19,B05,,,Delivery,Coffee,1,80,0.00,80.00,QR PromptPay,
T007172,2026-08-20 19:33,B08,M0306,Bronze,In-store,Coffee,1,105,0.00,105.00,QR PromptPay,
T007173,2026-08-20 22:56, B05,,,Delivery,Coffee,1,75,0.00,75.00,Credit Card,
T007174,2026-08-21 02:50,B05,,,Delivery,Coffee,2,55,0.00,110.00,QR PromptPay,4
T007175,2026-08-21 07:19,B08,M0051,Platinum,Delivery,Coffee,1,70,10.50,59.50,Credit Card,
T007176,2026-08-21 07:31,B03,,,In-store,Coffee,2,75,0.00,150.00,Cash,
T007177,21/08/2026 07:57,B06,M0123,Gold,In-store,Bakery,1,45,0.00,45.00,QR PromptPay,
T007178,2026-08-21 08:33,b05,,,Delivery,Coffee,3,65,0.00,195.00,Cash,
T007179,2026-08-21 08:45,B03,,,In-store,Coffee,2,105,0.00,210.00,QR PromptPay,4
T007180,21/08/2026 08:45,B06,M0197,Gold,In-store,Coffee,3,100,0.00,300.00,Credit Card,5
T007181,21/08/2026 10:11,B06,M0056,Platinum,delivery,Tea,1,85,8.50,76.50,QR PromptPay,5
T007182,2026-08-21 11:44,B02,M0272,Bronze,In-store,Coffee,2,110,0.00,220.00,Credit Card,4
T007183,2026-08-21 12:01,B07,M0172,Silver,in-store,Coffee,1,115,0.00,115.00,QR PromptPay,3
T007184,2026-08-21 13:09,B03,M0059,Gold,Delivery,Coffee,2,80,209.50,-49.50,QR PromptPay,
T007185,2026-08-21 13:33,B07,,,In-store,Bakery,1,65,0.00,65.00,Cash,
T007186,2026-08-21 13:50,B03,,,In-store,Coffee,3,105,0.00,315.00,QR PromptPay,
T007187,2026-08-21 14:03,B08,,,In-store,Coffee,1,75,0.00,75.00,QR PromptPay,
T007188,2026-08-21 14:09,B03,M0299,Platinum,Delivery,Coffee,1,95,0.00,95.00,Credit Card,4
T007189,2026-08-21 15:52,B04,M0185,Gold,App,Coffee,4,105,0.00,420.00,App Wallet,
T007190,2026-08-21 16:34,B04,M0144,Silver,In-store,Bakery,2,65,13.00,117.00,Credit Card,
T007191,2026-08-21 16:40,B02,,,App,Coffee,4,105,0.00,420.00,Credit Card,
T007192,2026-08-21 16:43,B01,M0319,Gold,In-store,Merchandise,1,455,0.00,455.00,Credit Card,
T007193,2026-08-21 17:14,B08,,,In-store,Tea,1,90,0.00,90.00,QR PromptPay,4
T007194,2026-08-21 18:51,B02,,,In-store,Bakery,1,70,0.00,160.00,Credit Card,
T007195,2026-08-21 19:42,B04,,,In-store,Coffee,4,110,0.00,440.00,Credit Card,
T007196,2026-08-21 22:14,B05,M0137,Bronze,Delivery ,Bakery,1,80,4.00,76.00,Credit Card,
T007197,2026-08-21 23:55,B05,,,Delivery,Tea,1,70,0.00,70.00,QR PromptPay,4
T007198,2026-08-22 07:40,B04,,,App,Coffee,1,115,0.00,115.00,App Wallet,
T007199,2026-08-22 08:14,B03,,,Instore,Coffee,3,95,0.00,285.00,Cash,
T007200,2026-08-22 08:29,B03,M0132,Bronze,In-store,Coffee,1,105,21.00,84.00,QR PromptPay,
T007201,2026-08-22 08:38,B04,M0037,Silver,App,Coffee,1,100,5.00,95.00,Credit Card,
T007202,2026-08-22 08:41,B01,M0027,Silver,App,Tea,1,70,14.00,56.00,App Wallet,
T007203,2026-08-22 08:50,B05,M0156,SILVER,In-store,Coffee,1,60,0.00,60.00,QR PromptPay,4
T007204,2026-08-22 08:57,B03,,,Delivery,Bakery,4,75,0.00,300.00,Credit Card,5
T007205,22/08/2026 09:23,B06,M0056,Platinum,In-store,Tea,1,50,7.50,42.50,Cash,
T007206,2026-08-22 09:40,B04,,,In-store,Coffee,4,70,0.00,280.00,QR PromptPay,
T007207,2026-08-22 11:46,B07,,,Delivery,Coffee,4,65,0.00,260.00,Cash,
T007208,2026-08-22 12:20,B05,M0200,Silver,In-store,Bakery,3,50,0.00,150.00,Cash,
T007209,22/08/2026 12:26,B06,M0304,Plat.,In-store,Coffee,1,90,13.50,76.50,QR PromptPay,4
T007210,2026-08-22 12:53,B04,M0028,Silver,App,Coffee,1,75,0.00,75.00,App Wallet,
T007211,22/08/2026 12:59,B06,M0182,Bronze,Delivery,Coffee,4,85,0.00,340.00,QR PromptPay,
T007212,22/08/2026 13:03,B06,M0056,Platinum,In-store,Tea,2,50,0.00,100.00,Credit Card,
T007213,2026-08-22 13:22,B07,M0088,Bronze,App,Bakery,1,95,0.00,95.00,Credit Card,
T007214,2026-08-22 13:56,B02,,,Delivery,Tea,2,75,0.00,150.00,Cash,5
T007215,2026-08-22 14:07,B07,M0193,Bronze,In-store,Coffee,1,55,0.00,55.00,Credit Card,
T007216,2026-08-22 14:31,B08,M0073,Gold,In-store,Coffee,1,85,12.75,72.25,QR PromptPay,
T007217,2026-08-22 14:55,B08,M0180,Bronze,In-store,Coffee,2,120,0.00,240.00,Cash,
T007218,2026-08-22 14:58,B03,M0170,Gold,App,Tea,1,80,12.00,68.00,App Wallet,4
T007219,2026-08-22 15:03,B03,M0164,Bronze,Delivery,Coffee,2,65,0.00,130.00,Cash,
T007220,2026-08-22 16:05,B05,M0223,Silver,In-store,Coffee,4,105,0.00,420.00,Credit Card,
T007221,2026-08-22 16:05,B07,M0252,Gold,Delivery,Coffee,1,95,19.00,76.00,QR PromptPay,
T007222,2026-08-22 16:31,B04,M0063,Silver,Delivery,Coffee,2,105,10.50,199.50,QR PromptPay,5
T007223,2026-08-22 16:44,B07,M0249,Gold,Delivery,Coffee,1,65,0.00,65.00,Cash,4
T007224,2026-08-22 17:12,B05,M0240,Platinum,App,Coffee,1,115,17.25,97.75,Credit Card,3
T007225,2026-08-22 17:42,B01,,,In-store,Coffee,4,95,0.00,380.00,QR PromptPay,
T007226,2026-08-22 18:13,B08,M0271,Gold,In-store,Merchandise,3,645,0.00,1935.00,QR PromptPay,
T007224,2026-08-22 18:15,B05,M0240,Platinum,App,Coffee,-1,115,-17.25,-97.75,Credit Card,
T007227,22/08/2026 18:37,B06,M9349,Silver,App,Tea,3,50,0.00,150.00,Credit Card,
T007228,2026-08-22 19:10,B08,M0171,Gold,Delivery,Coffee,3,115,34.50,310.50,Credit Card,5
T007229,2026-08-22 19:28,B01,,,In-store,Tea,3,55,0.00,165.00,Credit Card,4
T007230,2026-08-22 19:38,B02,M0117,Silver,App,Coffee,4,110,0.00,440.00,Credit Card,4
T007231,2026-08-22 19:39,B08,M0211,Bronze,In-store,Bakery,1,105,0.00,105.00,Credit Card,
T007232,2026-08-22 19:46,B02,M0286,SILVER,In-store,Coffee,3,85,0.00,255.00,QR PromptPay,
T007233,2026-08-22 19:53,B01,M0208,Gold,In-store,Coffee,1,100,10.00,90.00,Credit Card,4
T007231,2026-08-22 19:59,B08,M0211,Bronze,In-store,Bakery,-1,105,-0.00,-105.00,Credit Card,
T007234,2026-08-23 07:15,B02,M0171,Gold,App,Tea,1,65,13.00,52.00,Credit Card,
T007235,2026-08-23 08:06,B01,M0027,Silver,In-store,Coffee,1,55,0.00,55.00,QR PromptPay,
T007236,2026-08-23 08:49,B08,M0199,Silver,In-store,Bakery,1,105,0.00,105.00,QR PromptPay,
T007237,2026-08-23 09:21,B04,M0038,Gold,App,Tea,2,50,0.00,100.00,Credit Card,5
T007238,2026-08-23 10:05,B05,M0294,Bronze,Delivery,Tea,4,85,0.00,340.00,Cash,
T007239,23/08/2026 10:12,B06,,,App,Bakery,4,95,0.00,380.00,App Wallet,1
T007240,2026-08-23 10:29,B08,,,In-store,Bakery,2,100,0.00,200.00,QR PromptPay,
T007241,2026-08-23 10:39,B08,M0002,Bronze,In-store,Coffee,2,80,0.00,160.00,Credit Card,
T007242,2026-08-23 11:35,B01,,,App,Coffee,1,55,0.00,55.00,Credit Card,
T007243,2026-08-23 12:05,B04,M0155,Silver,In-store,Tea,1,60,3.00,57.00,Cash,
T007244,2026-08-23 12:17,B01,M0281,Silver,App,Coffee,1,65,0.00,65.00,Credit Card,
T007245,2026-08-23 12:29,B01,M0158,Silver,Delivery,Tea,1,70,3.50,66.50,Credit Card,5
T007246,2026-08-23 12:51,B08,M0073,Gold,Delivery,Coffee,1,90,0.00,90.00,QR PromptPay,
T007247,2026-08-23 13:34,B08,M0012,Platinum,In-store,Merchandise,2,345,0.00,690.00,Cash,
T007248,2026-08-23 14:11,B03,M0078,Silver,In-store,Bakery,4,75,0.00,300.00,Credit Card,3
T007249,2026-08-23 14:27,B08,M0272,Bronze,In-store,Bakery,2,90,18.00,162.00,Credit Card,4
T007250,2026-08-23 14:50,B07,M0288,Gold,In-store,Bakery,2,80,0.00,160.00,QR PromptPay,3
T007251,2026-08-23 15:41,B03,M0242,Silver,App,Bakery,2,65,26.00,104.00,Credit Card,5
T007252,2026-08-23 16:44,B04,M0024,PLATINUM,In-store,Tea,1,95,14.25,80.75,Credit Card,
T007253,2026-08-23 19:38,B03,M0059,Gold,Delivery,Coffee,1,70,14.00,56.00,Cash,3
T007254,2026-08-24 07:02,B08,M0181,Bronze,App,Bakery,1,55,0.00,55.00,Credit Card,3
T007255,2026-08-24 07:30,B08,,,In-store,Coffee,1,95,0.00,95.00,Cash,4
T007256,2026-08-24 08:03,B03,M0070,Bronze,In-store,Coffee,2,115,0.00,230.00,Credit Card,3
T007257,2026-08-24 08:45,B07,,,Delivery,Bakery,2,90,0.00,180.00,Cash,
T007258,2026-08-24 08:49,B01,M0027,Silver,Delivery,Tea,3,65,0.00,195.00,Cash,4
T007259,2026-08-24 09:30,B07,,,In-store,Bakery,1,45,0.00,45.00,Credit Card,
T007260,2026-08-24 09:36,B05,M0076,Bronze,In-store,Bakery,4,65,0.00,260.00,QR PromptPay,
T007261,2026-08-24 09:39,b05,M0068,SILVER,In-store,Coffee,2,70,0.00,140.00,QR PromptPay,4
T007262,24/08/2026 10:40,B06,,,In-store,Coffee,1,110,0.00,110.00,Cash,
T007263,2026-08-24 10:51,B07,M0288,Gold,App,Coffee,1,80,0.00,120.00,Credit Card,
T007264,2026-08-24 10:59,B07,M0170,Gold,App,Tea,3,55,0.00,165.00,App Wallet,5
T007265,2026-08-24 11:04,B04,M9039,Gold,In-store,Coffee,2,110,0.00,220.00,Credit Card,
T007266,24/08/2026 11:38,B06,,,App,Bakery,1,55,0.00,55.00,Credit Card,1
T007267,2026-08-24 11:52,B05,M0206,Bronze,App,Coffee,3,115,0.00,345.00,App Wallet,4
T007268,2026-08-24 12:05,B02,,,In-store,Coffee,4,120,0.00,480.00,Credit Card,
T007269,24/08/2026 12:06,B06,M0118,Gold,In-store,Bakery,1,50,0.00,50.00,Cash,
T007270,2026-08-24 12:06,B07,M0257,Silver,Delivery,Bakery,1,85,0.00,85.00,QR PromptPay,
T007271,2026-08-24 12:13,B05,M0240,platinum,In-store,Coffee,1,75,3.75,71.25,Cash,
T007272,2026-08-24 12:21,B01,M0016,Gold,In-store,Merchandise,1,850,127.50,722.50,Credit Card,4
T007273,2026-08-24 12:21,B05,M0310,Gld,Delivery,Coffee,2,120,12.00,228.00,QR PromptPay,4
T007273,2026-08-24 12:21,B05,M0310,Gld,Delivery,Coffee,2,120,12.00,228.00,QR PromptPay,4
T007274,2026-08-24 12:24,B07,M0253,Gold,App,Tea,2,90,0.00,180.00,App Wallet,
T007275,2026-08-24 12:28,B02,M0222,Silver,Instore,Merchandise,1,520,0.00,520.00,Credit Card,
T007276,2026-08-24 12:33,B08,,,In-store,Bakery,3,50,0.00,150.00,Credit Card,
T007272,2026-08-24 13:12,B01,M0016,Gold,In-store,Merchandise,-1,850,-127.50,-722.50,Credit Card,
T007277,24/08/2026 13:15,B06,M0060,Bronze,Delivery,Tea,3,80,0.00,240.00,QR PromptPay,5
T007278,2026-08-24 13:18,B04,M0063,Silver,Delivery,Tea,2,85,0.00,170.00,Cash,
T007279,2026-08-24 13:29,B01,M0114,Silver,Delivery,Tea,2,85,0.00,170.00,QR PromptPay,
T007280,2026-08-24 13:38,B01,,,App,Coffee,1,75,0.00,75.00,App Wallet,
T007281,2026-08-24 13:40,B03,M0151,Bronze,In-store,Coffee,4,75,0.00,300.00,Cash,
T007282,2026-08-24 13:52,B05,M9388,Platinum,In-store,Bakery,1,105,5.25,99.75,Credit Card,
T007283,2026-08-24 13:57,B02,M0082,bronze,In-store,Merchandise,1,875,0.00,875.00,QR PromptPay,
T007284,2026-08-24 14:06,B03,M0245,Platinum,Delivery,Coffee,1,90,9.00,81.00,Cash,
T007285,2026-08-24 15:04,B01,M0276,Bronze,In-store,Coffee,2,60,0.00,120.00,Credit Card,
T007286,2026-08-24 15:24,B08,M0063,Silver,In-store,Coffee,1,105,0.00,105.00,Cash,4
T007287,2026-08-24 15:25,B05,,,In-store,Bakery,1,80,0.00,80.00,Credit Card,
T007288,2026-08-24 15:50,B04,M9772,Silver,In-store,Coffee,1,55,0.00,55.00,Cash,
T007289,2026-08-24 16:20,B05,,,In-store,Tea,2,90,0.00,180.00,QR PromptPay,
T007290,2026-08-24 16:45,B02,,,App,Bakery,3,90,0.00,270.00,App Wallet,
T007291,2026-08-24 16:46,B01,M0099,Gold,In-store,Merchandise,4,755,0.00,3020.00,Cash,
T007292,2026-08-24 17:31,B02,M0172,Silver,Delivery,Tea,1,60,0.00,60.00,Credit Card,
T007293,2026-08-24 17:42,B08,M0051,Platinum,In-store,Tea,4,60,0.00,240.00,QR PromptPay,
T007294,2026-08-24 17:53,B01,M9388,Gold,Delivery,Coffee,1,65,13.00,52.00,Credit Card,
T007295,2026-08-24 18:04,B03,,,App,Coffee,1,110,0.00,110.00,App Wallet,
T007296,2026-08-24 18:19,B05,M0098,Bronze,App,Tea,1,70,0.00,70.00,Credit Card,3
T007297,2026-08-24 18:52,B01,,,In-store,Bakery,1,65,0.00,65.00,QR PromptPay,5
T007298,2026-08-24 19:12,B04,,,In-store,Merchandise,1,300,0.00,300.00,QR PromptPay,
T007299,2026-08-25 08:37,B05,M0286,Silver,App,Coffee,3,90,0.00,270.00,App Wallet,
T007300,2026-08-25 08:55,B01,M0208,Gold,In-store,Bakery,3,55,0.00,165.00,Cash,
T007301,25/08/2026 09:20,B06,M0144,Silver,App,Bakery,2,65,0.00,130.00,App Wallet,
T007302,2026-08-25 10:40,B08,,,In-store,Bakery,1,95,0.00,95.00,Cash,
T007303,2026-08-25 12:19,B04,,,In-store,Bakery,1,85,0.00,85.00,Credit Card,
T007304,25/08/2026 12:28,B06,M0248,Gold,App,Tea,1,65,0.00,65.00,App Wallet,
T007305,2026-08-25 12:55,B01,M0276,Bronze,In-store,Coffee,2,70,14.00,126.00,QR PromptPay,5
T007306,2026-08-25 13:06,B04,M0308,Gold,In-store,Merchandise,2,385,0.00,770.00,Cash,
T007307,2026-08-25 13:17,B03,M0197,Gold,Delivery,Coffee,1,105,0.00,105.00,Cash,
T007308,2026-08-25 14:26,B05,,,In-store,Tea,1,50,0.00,50.00,Cash,
T007309,2026-08-25 15:43,B03,M0053,Gold,In-store,Coffee,2,75,0.00,150.00,QR PromptPay,2
T007310,2026-08-25 15:52,B02,M0078,Silver,In-store,Bakery,1,110,0.00,110.00,Credit Card,4
T007311,25/08/2026 16:03,B06,M0020,Bronze,App,Tea,1,65,0.00,65.00,App Wallet,5
T007312,25/08/2026 16:05,B06,M0231,Gold,App,Bakery,1,55,0.00,55.00,App Wallet,5
T007313,2026-08-25 16:33,B04,M0178,Bronze,App,Coffee,2,115,0.00,230.00,Credit Card,
T007314,2026-08-25 16:34,B07,M0122,Bronze,APP,Bakery,3,60,0.00,180.00,Credit Card,
T007315,2026-08-25 16:37,B01,M0114,Silver,In-store,Coffee,2,100,0.00,200.00,Credit Card,4
T007316,2026-08-25 16:41,B08,,,App,Bakery,1,45,0.00,45.00,Credit Card,
T007317,2026-08-25 18:35,B08,,,In-store,Tea,4,95,0.00,460.00,Cash,
T007318,2026-08-25 18:42,B05,M0145,Bronze,In-store,Coffee,1,105,0.00,105.00,QR PromptPay,
T007319,2026-08-26 07:07,B07,M0155,Silver,App,Bakery,3,105,47.25,267.75,App Wallet,
T007320,2026-08-26 07:44,B01,M0114,Silver,In-store,Coffee,4,60,0.00,240.00,Cash,
T007320,2026-08-26 07:44,B01,M0114,Silver,In-store,Coffee,4,60,0.00,240.00,Cash,
T007321,2026-08-26 08:52,B04,,,App,Tea,1,85,0.00,85.00,Credit Card,3
T007322,2026-08-26 08:56,B03,,,In-store,Coffee,1,60,0.00,60.00,Credit Card,4
T007323,2026-08-26 10:00,B08,M0002,BRONZE,Delivery,Coffee,2,75,30.00,120.00,Credit Card,
T007324,2026-08-26 10:20,B08,M0012,Platinum,In-store,Bakery,1,95,0.00,95.00,QR PromptPay,
T007325,2026-08-26 11:27,B04,M0168,gold,In-store,Bakery,1,95,0.00,95.00,QR PromptPay,3
T007326,2026-08-26 12:33,B01,,,In-store,Bakery,1,75,0.00,75.00,Cash,2
T007327,26/08/2026 12:39,B06,M0080,Silver,App,Coffee,2,60,0.00,120.00,App Wallet,2
T007328,2026-08-26 12:46,B05,M0039,Gold,In-store,Bakery,2,85,0.00,170.00,Credit Card,5
T007329,2026-08-26 12:47,B01,M0045,Gold,In-store,Bakery,1,65,0.00,65.00,QR PromptPay,
T007330,2026-08-26 12:53,B05,M0200,Silver,In-store,Tea,1,65,3.25,61.75,QR PromptPay,
T007331,2026-08-26 12:54,B01,M0070,Bronze,In-store,Tea,1,75,0.00,75.00,Cash,4
T007332,2026-08-26 12:59,B03,,,App,Coffee,1,105,0.00,105.00,Credit Card,4
T007333,2026-08-26 13:02,B03,,,Delivery,Coffee,1,110,0.00,110.00,Cash,
T007334,2026-08-26 16:26,B08,,,In-store,Tea,2,55,0.00,110.00,QR PromptPay,
T007335,2026-08-26 16:45,B01,M0127,Silver,In-store,Coffee,2,55,0.00,110.00,QR PromptPay,
T007336,2026-08-26 16:50,B07,M0230,Silver,Delivery,Coffee,1,110,0.00,110.00,QR PromptPay,4
T007337,26/08/2026 17:41,B06,,,In-store,Coffee,4,105,0.00,420.00,QR PromptPay,1
T007338,2026-08-26 18:06,B08,M0051,Platinum,In-store,Coffee,2,115,34.50,195.50,QR PromptPay,
T007339,2026-08-26 18:58,B08,M0010,Bronze,App,Merchandise,1,575,0.00,575.00,App Wallet,
T007340,2026-08-26 19:24,B04,M0308,Gold,In-store,Coffee,1,85,17.00,68.00,QR PromptPay,
T007341,2026-08-26 19:40,B04,M0143,Bronze,App,Coffee,4,85,0.00,340.00,App Wallet,
T007342,2026-08-26 19:43,B02,M0082,Bronze,In-store,Bakery,4,90,0.00,360.00,Cash,
T007343,2026-08-27 00:12,B05,,,Delivery,Merchandise,2,580,0.00,1160.00,Credit Card,
T007344,2026-08-27 07:42,B03,M0078,Silver,Delivery,Coffee,1,90,0.00,90.00,Credit Card,2
T007345,2026-08-27 08:47,B03,M9351,Bronze,Delivery,Coffee,1,115,0.00,115.00,Credit Card,
T007346,2026-08-27 10:10,B04,M0112,Bronze,Delivery,Bakery,1,90,0.00,90.00,QR PromptPay,5
T007347,27/08/2026 12:15,B06,,,App,Coffee,1,115,0.00,115.00,App Wallet,
T007348,2026-08-27 13:00,B02,M0272,Bronze,In-store,Coffee,1,105,21.00,84.00,Credit Card,2
T007349,2026-08-27 13:01,B04,,,In-store,Coffee,3,80,0.00,240.00,Credit Card,
T007350,2026-08-27 13:59,B01,,,In-store,Tea,4,60,0.00,240.00,Credit Card,
T007351,2026-08-27 14:12,B02,M9388,Gold,In-store,Bakery,2,65,26.00,104.00,Cash,3
T007352,2026-08-27 14:56,B01,M0126,Gold,App,Tea,1,90,0.00,90.00,Credit Card,
T007353,2026-08-27 15:13,B04,M0177,Bronze,In-store,Coffee,4,70,0.00,280.00,Credit Card,
T007354,2026-08-27 16:20,B08,M0271,Gold,App,Tea,4,80,0.00,320.00,Credit Card,
T007355,2026-08-27 16:34,B05,,,App,Coffee,1,75,0.00,75.00,Credit Card,
T007356,2026-08-27 16:40,B01,,,In-store,Coffee,1,105,0.00,105.00,Credit Card,
T007357,2026-08-27 16:56,B05,,,In-store,Merchandise,1,835,0.00,835.00,Cash,
T007358,2026-08-27 18:23,B03,M0309,Silver,In-store,Coffee,3,70,31.50,178.50,QR PromptPay,
T007359,2026-08-27 23:28,B05,,,Delivery,Bakery,4,100,0.00,400.00,Credit Card,
T007360,2026-08-28 08:39,B05,M0240,Platinum,In-store,Tea,1,80,0.00,80.00,QR PromptPay,
T007361,2026-08-28 08:41,B07,M0325,Platinum,App,Tea,1,55,0.00,55.00,Credit Card,3
T007362,2026-08-28 12:17,B03,M0197,Gold,App,Bakery,1,80,4.00,76.00,Credit Card,5
T007363,2026-08-28 12:50,B04,M0251,Bronze,In-store,Bakery,1,90,0.00,90.00,QR PromptPay,
T007364,2026-08-28 12:54,B07,M0244,Bronze,Delivery,Tea,1,75,0.00,75.00,QR PromptPay,5
T007365,2026-08-28 13:02,B05,M0297,Bronze,Delivery,Bakery,2,60,0.00,120.00,Credit Card,
T007366,2026-08-28 13:08,B01,M0276,Bronze,In-store,Coffee,3,90,0.00,270.00,Credit Card,
T007367,2026-08-28 13:15,B01,M0208,Gold,In-store,Coffee,1,65,0.00,65.00,Cash,3
T007368,2026-08-28 13:41,B02,,,App,Coffee,3,55,0.00,165.00,Credit Card,
T007369,2026-08-28 13:50,B08,M0073,Gold,In-store,Tea,2,90,0.00,180.00,Cash,
T007370,2026-08-28 13:52,B05,M0295,Silver,In-store,Coffee,4,85,0.00,340.00,Cash,5
T007371,2026-08-28 16:41,B03,M0051,Platinum,App,Merchandise,2,745,223.50,1266.50,Credit Card,4
T007372,28/08/2026 16:43,B06,M0313,Bronze,In-store,Merchandise,2,405,0.00,810.00,Cash,4
T007373,2026-08-28 18:44,B05,M0063,Silver,In-store,Coffee,4,85,17.00,323.00,Cash,4
T007374,2026-08-28 18:56,B03,M0074,Platinum,In-store,Bakery,2,฿80,16.00,144.00,Credit Card,3
T007375,2026-08-28 19:33,B02,,,App,Bakery,1,60,0.00,60.00,Credit Card,
T007376,2026-08-28 19:34,B03,M0037,Silver,In-store,Tea,1,85,17.00,68.00,QR PromptPay,4
T007377,2026-08-28 19:39,B02,,,In-store,Tea,2,85,0.00,170.00,Credit Card,
T007378,2026-08-28 19:56,B01,M0237,Silver,App,Bakery,1,50,0.00,50.00,App Wallet,
T007379,2026-08-28 23:58,B05,,,Delivery,Coffee,4,80,0.00,320.00,QR PromptPay,
T007380,2026-08-29 07:23,B02,M0222,Silver,Delivery,Coffee,2,115,34.50,195.50,QR PromptPay,
T007381,2026-08-29 08:15,B03,M0266,Silver,In-store,Coffee,3,110,0.00,330.00,Credit Card,
T007382,2026-08-29 08:27,B05,M9039,Bronze,In-store,Bakery,3,45,0.00,135.00,Cash,3
T007383,2026-08-29 08:53,B03,M0185,Gold,In-store,Tea,1,90,0.00,90.00,Credit Card,4
T007384,2026-08-29 11:19,B07,,,In-store,Bakery,4,65,0.00,260.00,QR PromptPay,
T007385,29/08/2026 11:24,B06,M0172,Silver,Instore,Tea,1,90,0.00,90.00,Cash,
T007386,2026-08-29 11:46,B08,M0306,Bronze,Delivery,Coffee,1,95,0.00,95.00,Credit Card,
T007387,2026-08-29 11:50,B08,M0051,Platinum,App,Coffee,2,100,10.00,190.00,Credit Card,
T007388,2026-08-29 12:12,B03,,,In-store,Merchandise,1,845,0.00,845.00,Credit Card,4
T007389,29/08/2026 12:18,B06,,,Delivery,Bakery,1,65,0.00,65.00,Credit Card,5
T007390,2026-08-29 12:20,B03,,,In-store,Coffee,1,฿110.00,0.00,110.00,Credit Card,
T007391,2026-08-29 13:03,B05,M9772,Bronze,Delivery,Bakery,1,90,0.00,90.00,Cash,
T007392,2026-08-29 14:53,B04,M0016,Gold,In-store,Bakery,1,85,12.75,72.25,QR PromptPay,
T007393,2026-08-29 15:53,B03,M0254,Bronze,In-store,Coffee,1,105,0.00,105.00,Credit Card,
T007394,2026-08-29 16:08,B01,,,In-store,Tea,1,95,0.00,95.00,Cash,
T007395,2026-08-29 16:38,B08,M0240,Platinum,APP,Bakery,1,105,10.50,94.50,Credit Card,5
T007396,29/08/2026 17:03,b06,M0056,Platinum,Delivery,Tea,2,60,0.00,120.00,Cash,
T007397,2026-08-29 17:20,B02,M0222,Silver,In-store,Merchandise,2,855,0.00,1710.00,Cash,
T007398,2026-08-29 18:04,B04,M0281,Silver,In-store,Tea,4,75,0.00,300.00,QR PromptPay,
T007399,2026-08-29 18:22,B01,M0310,Gold,APP,Merchandise,2,665,0.00,1330.00,Credit Card,
T007400,2026-08-29 18:24,B03,M0066,Bronze,In-store,Coffee,4,95,0.00,380.00,QR PromptPay,
T007401,2026-08-29 18:24,B03,M0132,Bronze,App,Merchandise,3,840,504.00,2016.00,App Wallet,
T007402,2026-08-29 18:42,B01,M0147,Silver,In-store,Coffee,2,60,0.00,120.00,Cash,4
T007403,2026-08-29 19:04,B03,,,In-store,Bakery,4,45,0.00,180.00,Cash,
T007404,2026-08-29 19:48,B07,M0200,Silver,App,Merchandise,1,595,0.00,595.00,Credit Card,
T007405,2026-08-30 08:13,B01,,,In-store,Coffee,1,85,0.00,85.00,Cash,
T007406,2026-08-30 08:16,B08,M0306,Bronze,Delivery,Bakery,4,100,0.00,400.00,Credit Card,3
T007407,2026-08-30 08:42,B03,,,In-store,Coffee,3,90,0.00,270.00,Credit Card,4
T007408,2026-08-30 09:23,B08,,,App,Bakery,1,50,0.00,50.00,Credit Card,
T007409,30/08/2026 09:42,B06,M0231,Gold,In-store,Coffee,2,90,9.00,171.00,Credit Card,
T007410,2026-08-30 10:05,B08,M0204,Gold,In-store,Tea,2,55,0.00,110.00,Credit Card,
T007411,2026-08-30 10:13,B03,,,In-store,Bakery,2,75,0.00,150.00,Credit Card,
T007412,2026-08-30 10:34,B01,M0158,Silver,In-store,Coffee,1,80,0.00,80.00,Credit Card,5
T007413,2026-08-30 10:35,B04,M0051,Platinum,In-store,Merchandise,1,480,96.00,384.00,Credit Card,
T007414,2026-08-30 11:41,B02,M0292,Silver,Delivery,Coffee,3,115,0.00,345.00,Cash,
T007415,2026-08-30 12:22,B01,M0027,Silver,In-store,Merchandise,1,480,0.00,480.00,QR PromptPay,4
T007416,2026-08-30 12:44,B04,M0177,Bronze,In-store,Merchandise,1,485,0.00,485.00,Credit Card,3
T007417,2026-08-30 12:58,B02,M0201,Bronze,In-store,Coffee,3,100,0.00,300.00,QR PromptPay,
T007418,2026-08-30 13:40,B08,M0271,Gold,In-store,Bakery,3,50,7.50,142.50,Credit Card,
T007419,2026-08-30 13:52,B07,,,App,Coffee,2,95,0.00,190.00,Credit Card,3
T007420,2026-08-30 13:55,B01,M0319,Gold,In-store,Coffee,1,120,0.00,120.00,QR PromptPay,5
T007421,2026-08-30 14:21,B04,M0137,Bronze,In-store,Coffee,1,105,0.00,105.00,Credit Card,3
T007422,2026-08-30 15:16,B08,M0306,Bronze,App,Coffee,4,฿110.00,66.00,374.00,App Wallet,5
T007423,2026-08-30 15:38,B04,,,In-store,Bakery,1,105,0.00,105.00,Credit Card,
T007424,2026-08-30 15:59,B08,M0002,Bronze,Delivery,Bakery,1,45,0.00,45.00,Cash,
T007425,2026-08-30 16:13,B02,M0117,Silver,App,Coffee,2,115,0.00,230.00,Credit Card,3
T007426,2026-08-30 16:15,B05,,,In-store,Bakery,2,75,0.00,150.00,Cash,
T007427,2026-08-30 16:22,B08,M0020,Bronze,In-store,Coffee,4,110,0.00,440.00,Credit Card,4
T007428,2026-08-30 16:51,B01,M0027,Silver,Delivery,Bakery,4,80,0.00,320.00,QR PromptPay,
T007429,2026-08-30 19:16,B05,M0167,silver,Delivery,Tea,3,75,45.00,180.00,QR PromptPay,
T007430,2026-08-30 19:27,B07,,,Delivery,Coffee,1,105,0.00,105.00,Cash,3
T007431,2026-08-30 19:43,B07,M0297,Bronze,App,Bakery,2,80,0.00,160.00,Credit Card,5
T007432,2026-08-30 19:47,B03,M0023,Bronze,App,Coffee,3,100,0.00,300.00,Credit Card,
T007433,2026-08-30 19:57,B04,M0177,Bronze,Delivery,Bakery,2,45,0.00,90.00,QR PromptPay,
T007434,2026-08-30 19:58,B02,M0201,Bronze,App,Merchandise,2,295,88.50,501.50,Credit Card,
T007435,2026-08-30 22:13,B05,,,Delivery,Coffee,2,75,0.00,150.00,Credit Card,3
T007436,2026-08-30 22:16,B05,,,Delivery,Merchandise,1,370,0.00,370.00,QR PromptPay,
T007437,2026-08-31 00:44,B05,,,Delivery,Tea,4,60,0.00,240.00,Credit Card,
T007438,2026-08-31 07:47,B05,,,In-store,Coffee,1,65,0.00,65.00,QR PromptPay,2
T007439,2026-08-31 08:05,B05,M0200,Silver,App,Bakery,1,105,0.00,105.00,App Wallet,4
T007440,2026-08-31 08:26,B08,,,Delivery,Coffee,1,65,0.00,65.00,QR PromptPay,
T007441,2026-08-31 09:59,B04,M0318,Platinum,In-store,Coffee,3,55,0.00,165.00,Cash,5
T007442,2026-08-31 10:13,B03,,,App,Tea,4,55,0.00,130.00,App Wallet,
T007443,2026-08-31 10:16,B05,,,In-store,Bakery,1,55,0.00,55.00,Cash,
T007444,2026-08-31 11:18,B04,M0079,Silver,App,Coffee,2,75,30.00,120.00,App Wallet,
T007445,2026-08-31 11:53,B01,M0295,Silver,In-store,Bakery,3,80,0.00,240.00,Cash,3
T007446,2026-08-31 12:27,B04,M0144,Silver,in-store,Coffee,1,105,0.00,105.00,Cash,5
T007447,2026-08-31 12:37,B05,M0312,Silver,Delivery,Tea,2,80,24.00,136.00,Credit Card,
T007448,31/08/2026 12:47,B06,M0273,Silver,In-store,Coffee,1,70,0.00,70.00,Cash,5
T007449,2026-08-31 13:23,b07,M0040,Bronze,App,Coffee,1,75,0.00,75.00,App Wallet,4
T007450,2026-08-31 13:45,B07,M0128,Bronze,In-store,Bakery,1,95,0.00,95.00,Credit Card,4
T007451,2026-08-31 13:50,B07,,,In-store,Coffee,3,105,0.00,315.00,Cash,5
T007452,2026-08-31 14:23,B01,,,In-store,Coffee,3,115,0.00,345.00,Cash,
T007453,2026-08-31 15:59,B03,M0078,Silver,In-store,Merchandise,2,625,0.00,1250.00,Credit Card,
T007454,2026-08-31 16:03,B08,,,Delivery,Coffee,1,90,0.00,90.00,Cash,
T007455,2026-08-31 16:46,B07,M0040,Bronze,In-store,Coffee,3,70,0.00,210.00,QR PromptPay,4
T007456,31/08/2026 17:23,B06,,,Delivery,Merchandise,1,290,0.00,290.00,QR PromptPay,1
T007456,31/08/2026 17:23,B06,,,Delivery,Merchandise,1,290,0.00,290.00,QR PromptPay,1
T007457,2026-08-31 18:32,B04,M0178,Bronze,App,Bakery,2,80,0.00,160.00,App Wallet,1
T007458,2026-08-31 18:59,B03,,,Delivery,Coffee,2,75,0.00,150.00,QR PromptPay,5
T007459,2026-08-31 19:46,B01,M0127,Silver,Delivery,Coffee,2,120,36.00,204.00,QR PromptPay,4
T007460,2026-09-01 07:08,B08,,,App,Merchandise,2,480,0.00,960.00,Credit Card,5
T007461,2026-09-01 07:20,B02,M0117,Silver,In store,Tea,1,75,0.00,75.00,Credit Card,3
T007462,2026-09-01 08:40,B07,M0054,Bronze,Delivery,Tea,1,90,0.00,90.00,Cash,
T007463,2026-09-01 09:22,B07,M0088,Bronze,Delivery,Bakery,1,45,0.00,45.00,Credit Card,
T007464,2026-09-01 10:14,B03,,,In-store,Coffee,1,55,0.00,55.00,Cash,3
T007465,2026-09-01 10:30,B03,,,In-store,Bakery,3,75,0.00,225.00,Cash,
T007466,01/09/2026 12:08,B06,,,APP,Bakery,3,65,0.00,195.00,Credit Card,
T007467,2026-09-01 12:27,B05,,,In-store,Coffee,2,115,0.00,230.00,Credit Card,
T007468,2026-09-01 12:39,B04,M0318,Platinum,Instore,Coffee,1,70,14.00,56.00,QR PromptPay,
T007469,2026-09-01 13:18,B03,M0078,Silver,In-store,Merchandise,2,370,0.00,740.00,Credit Card,
T007470,2026-09-01 13:29,B04,M0179,Gold,In-store,Coffee,1,75,0.00,75.00,Cash,
T007471,2026-09-01 13:49,B03,,,In-store,Coffee,1,115,0.00,115.00,Cash,4
T007472,2026-09-01 13:49,B02,M0082,Bronze,In-store,Coffee,1,70,3.50,66.50,Cash,3
T007473,2026-09-01 13:55,B03,,,In-store,Bakery,2,105,0.00,210.00,QR PromptPay,
T007474,2026-09-01 14:55,B02,M0292,Silver,App,Coffee,4,90 THB,0.00,360.00,App Wallet,
T007475,2026-09-01 15:04,B01,M0218,Brz,Delivery,Coffee,1,55,0.00,55.00,QR PromptPay,4
T007476,2026-09-01 15:25,B04,M0099,Gold,App,Coffee,1,70,0.00,70.00,Credit Card,4
T007477,2026-09-01 15:30,B02,M0069,Platinum,In-store,Bakery,1,100,20.00,80.00,Credit Card,
T007478,2026-09-01 17:07,B03,,,In-store,Tea,4,70,0.00,280.00,QR PromptPay,
T007478,2026-09-01 17:07,B03,,,In-store,Tea,4,70,0.00,280.00,QR PromptPay,
T007479,2026-09-01 17:55,B03,M0242,Silver,In-store,Coffee,2,90,0.00,180.00,Cash,
T007480,2026-09-01 19:02,B05,M0076,Bronze,In-store,Coffee,1,85,12.75,72.25,Credit Card,
T007481,2026-09-01 19:55,B08,,,In-store,Coffee,2,105,0.00,210.00,QR PromptPay,4
T007482,2026-09-02 00:50,B05,M0082,bronze,Delivery,Tea,1,80,0.00,80.00,Credit Card,4
T007483,2026-09-02 02:50,B05,,,Delivery,Tea,1,50,0.00,50.00,QR PromptPay,
T007484,2026-09-02 08:14,B04,M0096,Gold,In-store,Merchandise,1,800,0.00,800.00,Cash,
T007485,2026-09-02 08:37,B03,M0044,Bronze,In-store,Coffee,1,115,0.00,115.00,Credit Card,3
T007486,2026-09-02 08:42,B07,M0208,Gld,In-store,Bakery,3,90,54.00,216.00,Cash,
T007487,02/09/2026 08:51,B06,M0213,Silver,In-store,Coffee,2,105,10.50,199.50,QR PromptPay,
T007488,2026-09-02 09:18,B02,,,In-store,Coffee,4,70,0.00,280.00,QR PromptPay,5
T007489,2026-09-02 09:22,B07,M0086,Silver,App,Coffee,2,80,8.00,152.00,Credit Card,
T007490,2026-09-02 09:27,B08,M0051,Platinum,In-store,Bakery,2,45,0.00,90.00,QR PromptPay,
T007491,2026-09-02 15:51,B02,M0271,Gold,Delivery,Coffee,1,80,0.00,80.00,QR PromptPay,
T007492,02/09/2026 17:08,B06,M0080,Silver,In-store,Coffee,1,75,0.00,75.00,Cash,
T007493,02/09/2026 17:33,B06,,,In-store,Coffee,2,75,0.00,150.00,Credit Card,
T007494,02/09/2026 17:45,B06,M0101,Bronze,In-store,Bakery,4,90,0.00,360.00,QR PromptPay,5
T007495,2026-09-02 17:59,B01,M0208,Gold,App,Tea,4,70,0.00,280.00,App Wallet,
T007496,2026-09-02 18:14,B04,M0076,Bronze,App,Bakery,1,75,0.00,75.00,Credit Card,5
T007497,2026-09-02 18:40,B02,,,In-store,Coffee,1,70,0.00,70.00,QR PromptPay,5
T007498,2026-09-02 19:51,B03,,,In-store,Bakery,3,60,0.00,180.00,Cash,5
T007499,2026-09-03 07:39,B03,,,In-store,Coffee,1,120,0.00,120.00,QR PromptPay,5
T007500,2026-09-03 08:10,B03,,,In-store,Tea,1,60,0.00,60.00,Cash,
T007501,2026-09-03 08:54,B08,M0184,Silver,App,Coffee,3,80,0.00,240.00,App Wallet,3
T007502,2026-09-03 09:21,B04,M0191,Gold,In-store,Bakery,1,75,0.00,75.00,QR PromptPay,
T007503,2026-09-03 09:46,B03,,,App,Bakery,1,80,0.00,80.00,App Wallet,
T007504,2026-09-03 09:52,B02,,,In-store,Bakery,1,65,0.00,65.00,Credit Card,
T007505,2026-09-03 10:06,B03,M0254,Bronze,App,Coffee,1,105,0.00,105.00,Credit Card,5
T007506,2026-09-03 11:13,B05,,,App,Merchandise,2,295,0.00,590.00,App Wallet,
T007507,2026-09-03 12:03,B08,,,In-store,Coffee,3,80,0.00,240.00,Cash,
T007508,2026-09-03 12:11,B07,M0054,Bronze,In-store,Coffee,3,65,0.00,195.00,Cash,
T007509,2026-09-03 12:59,B02,M0039,gold,In-store,Bakery,2,80,0.00,160.00,Cash,
T007510,2026-09-03 13:41,B05,M0248,Gold,In-store,Coffee,1,95,14.25,80.75,QR PromptPay,
T007511,2026-09-03 13:49,B08,M0229,Platinum,In-store,Coffee,4,75,45.00,255.00,QR PromptPay,3
T007512,2026-09-03 14:03,B05,M0039,Gold,In-store,Coffee,1,90,4.50,85.50,Credit Card,
T007513,03/09/2026 14:43,B06,M0229,Platinum,App,Coffee,1,115,11.50,103.50,Credit Card,5
T007514,2026-09-03 15:06,B02,,,App,Tea,1,80,0.00,80.00,Credit Card,
T007515,2026-09-03 16:13,B04,M0155,Silver,In-store,Tea,2,75,0.00,150.00,Cash,
T007516,2026-09-03 16:34,B07,M0170,Gold,In-store,Tea,1,55,0.00,55.00,Cash,
T007517,2026-09-03 18:28,B05,M0047,Platinum,In-store,Tea,2,80,16.00,144.00,Credit Card,
T007518,2026-09-03 19:44,B08,M0002,Bronze,In-store,Bakery,2,60,0.00,120.00,Credit Card,
T007519,2026-09-03 22:41,B05,,,Delivery,Coffee,1,75,0.00,75.00,Credit Card,
T007520,2026-09-04 07:06,B07,M0088,Bronze,In-store,Coffee,1,95,0.00,95.00,QR PromptPay,
T007521,2026-09-04 07:15,B01,M0070,Bronze,In-store,Coffee,2,85,0.00,170.00,QR PromptPay,2
T007522,2026-09-04 07:41,B01,M0119,Bronze,App,Coffee,1,75,0.00,75.00,App Wallet,3
T007523,2026-09-04 08:16,B03,M0053,Gold,Delivery,Tea,2,60,0.00,120.00,QR PromptPay,
T007524,2026-09-04 08:40,B05,M9772,Bronze,In-store,Coffee,4,80,0.00,320.00,Cash,
T007525,2026-09-04 09:05,B05,,,Delivery,Coffee,4,100,0.00,400.00,QR PromptPay,4
T007526,04/09/2026 09:33,B06,,,In-store,Bakery,2,105,0.00,210.00,QR PromptPay,
T007527,2026-09-04 09:49,B02,,,In-store,Coffee,1,100,0.00,100.00,QR PromptPay,
T007528,2026-09-04 10:11,B03,M0171,Gold,App,Coffee,3,105,63.00,252.00,App Wallet,
T007529,2026-09-04 12:21,B07,M0193,Bronze,Delivery,Coffee,1,70,0.00,70.00,Credit Card,
T007530,2026-09-04 13:13,B04,M0178,Bronze,In-store,Bakery,2,95,0.00,190.00,Cash,2
T007530,2026-09-04 13:13,B04,M0178,Bronze,In-store,Bakery,2,95,0.00,190.00,Cash,2
T007531,04/09/2026 13:41,B06,M0060,Bronze,In-store,Tea,1,85,0.00,85.00,Credit Card,
T007532,2026-09-04 13:53,B08,M0271,Gold,App,Tea,3,50,22.50,127.50,App Wallet,3
T007533,2026-09-04 15:29,B03,M0071,Bronze,In-store,Tea,1,60,12.00,48.00,Cash,4
T007534,04/09/2026 15:52,B06,M0260,Gold,In-store,Tea,1,70,7.00,63.00,QR PromptPay,
T007535,04/09/2026 16:13,B06,M0052,Bronze,App,Coffee,1,90,13.50,76.50,App Wallet,1
T007536,2026-09-04 16:34,B04,M0258,Bronze,Delivery,Merchandise,2,645,0.00,1290.00,Cash,5
T007537,2026-09-04 16:44,B08,M0184,Silver,App,Coffee,3,100,45.00,255.00,App Wallet,
T007538,2026-09-04 16:51,B01,,,Delivery,Coffee,2,85,0.00,170.00,Cash,
T007539,2026-09-04 17:25,B08,,,In-store,Bakery,2,110,0.00,220.00,Cash,
T007540,04/09/2026 19:34,B06,M0182,Bronze,Delivery,Bakery,1,60,0.00,60.00,Credit Card,
T007541,2026-09-05 07:05,B04,M0246,Bronze,Delivery,Coffee,1,95,0.00,95.00,Credit Card,
T007542,2026-09-05 07:22,B02,M0254,Bronze,App,Coffee,1,80,16.00,64.00,Credit Card,
T007543,2026-09-05 07:45,B01,,,In-store,Merchandise,2,740,0.00,1480.00,QR PromptPay,5
T007544,05/09/2026 08:23,B06,M0058,Gold,Delivery,Coffee,0,85,0.00,0.00,Cash,
T007545,2026-09-05 08:28,B01,,,In-store,Tea,2,60,0.00,120.00,QR PromptPay,4
T007546,2026-09-05 08:33,B05,M0240,Platinum,In-store,Merchandise,1,845,126.75,718.25,Cash,5
T007547,05/09/2026 09:36,B06,,,In-store,Coffee,1,70,0.00,70.00,Cash,
T007548,2026-09-05 10:34,B07,M0288,Gold,In-store,Tea,1,85,0.00,85.00,QR PromptPay,4
T007549,2026-09-05 11:20,B08,,,In-store,Bakery,2,65,0.00,130.00,QR PromptPay,3
T007550,2026-09-05 11:30,B04,M0096,Gold,App,Coffee,1,90,0.00,90.00,App Wallet,3
T007551,2026-09-05 12:00,B05,M0039,Gold,Delivery,Bakery,1,55,8.25,46.75,QR PromptPay,
T007551,2026-09-05 12:00,B05,M0039,Gold,Delivery,Bakery,1,55,8.25,46.75,QR PromptPay,
T007552,2026-09-05 12:33,B05,M0223,Silver,In-store,Coffee,3,95,0.00,285.00,Cash,
T007553,2026-09-05 13:08,B01,,,In-store,Coffee,1,70,0.00,70.00,QR PromptPay,
T007554,05/09/2026 13:09,B06,M0229,Platinum,Delivery,Coffee,1,105,10.50,94.50,QR PromptPay,4
T007555,05/09/2026 15:08,B06,,,In-store,Bakery,1,50,0.00,50.00,Credit Card,1
T007556,2026-09-05 16:35,B01,,,In-store,Coffee,3,65,0.00,195.00,QR PromptPay,
T007557,05/09/2026 16:39,B06,M0050,Silver,Delivery,Coffee,3,65,39.00,186.00,Cash,4
T007558,05/09/2026 16:41,B06,M0058,Gold,App,Coffee,1,85,12.75,72.25,Credit Card,
T007559,2026-09-05 18:14,B03,M9351,Platinum,In-store,Coffee,1,60,0.00,60.00,Cash,4
T007560,2026-09-06 02:18, B05,,,Delivery,Merchandise,3,430,0.00,1290.00,Credit Card,5
T007561,2026-09-06 07:26,B01,M0208,Gold,In-store,Bakery,1,55,0.00,55.00,QR PromptPay,
T007562,2026-09-06 07:31,B02,,,In-store,Coffee,3,115,0.00,345.00,Credit Card,3
T007563,2026-09-06 08:06,B01,,,In store,Coffee,3,120,0.00,360.00,QR PromptPay,4
T007564,06/09/2026 08:10,B06,M0219,Bronze,App,Coffee,1,55,0.00,55.00,App Wallet,
T007565,2026-09-06 09:03,B04,M0096,Gold,In-store,Coffee,4,60,12.00,228.00,Cash,
T007566,2026-09-06 09:10,B03,M0312,Silver,In-store,Bakery,1,105,5.25,99.75,Credit Card,
T007567,2026-09-06 09:55,B05,,,In-store,Coffee,1,120,0.00,120.00,Cash,
T007568,2026-09-06 09:58,B03,,,In-store,Coffee,1,70,0.00,70.00,QR PromptPay,
T007569,2026-09-06 10:15,B02,M0051,Platinum,In-store,Tea,4,80,0.00,320.00,QR PromptPay,5
T007570,2026-09-06 10:51,B05,M0039,Gold,App,Bakery,1,55,0.00,55.00,App Wallet,
T007571,2026-09-06 11:18,B01,M0310,Gold,In-store,Bakery,2,55,0.00,110.00,Credit Card,
T007572,06/09/2026 12:50,B06,,,App,Bakery,2,80,0.00,160.00,Credit Card,5
T007573,06/09/2026 13:15,B06,M0056,Platinum,In-store,Coffee,1,80,0.00,80.00,QR PromptPay,2
T007574,2026-09-06 13:36,B03,M0051,PLATINUM,In-store,Coffee,3,75,0.00,225.00,Cash,
T007575,2026-09-06 13:42,B03,,,App,Coffee,2,110,0.00,220.00,Credit Card,4
T007576,2026-09-06 13:51,B02,,,App,Coffee,2,65,0.00,130.00,Credit Card,
T007577,2026-09-06 14:11,B02,M0222,Silver,In-store,Coffee,2,65,0.00,130.00,Credit Card,3
T007578,2026-09-06 14:51,B08,M9366,Plat.,App,Bakery,1,75,0.00,75.00,App Wallet,
T007579,2026-09-06 15:22,B02,M0304,Platinum,App,Bakery,3,65,0.00,195.00,App Wallet,2
T007580,2026-09-06 15:51,B05,,,In-store,Tea,1,65,0.00,65.00,QR PromptPay,5
T007581,2026-09-06 16:01,B02,M0082,Bronze,In-store,Tea,4,55,22.00,198.00,QR PromptPay,
T007582,2026-09-06 16:02,B04,,,Delivery,Bakery,3,50,0.00,150.00,QR PromptPay,3
T007583,06/09/2026 16:18,B06,,,In store,Coffee,1,95,0.00,95.00,Credit Card,5
T007584,2026-09-06 16:24,B07,,,In-store,Coffee,1,55,0.00,55.00,Cash,5
T007585,2026-09-06 18:07,B05,M0310,Gold,In-store,Coffee,1,120,0.00,120.00,Cash,
T007586,2026-09-06 18:11,B02,M0197,Gold,In-store,Bakery,1,65,9.75,55.25,Cash,
T007587,2026-09-06 18:18,B07,,,In-store,Coffee,4,105,0.00,420.00,QR PromptPay,
T007588,2026-09-06 19:54,B03,M0147,Silver,In-store,Tea,2,60,12.00,108.00,Credit Card,4
T007588,2026-09-06 19:54,B03,M0147,Silver,In-store,Tea,2,60,12.00,108.00,Credit Card,4
T007589,2026-09-07 08:20,B02,M0069,Platinum,In-store,Coffee,1,75,0.00,75.00,QR PromptPay,
T007590,2026-09-07 08:23,B07,,,Delivery,Coffee,2,85,0.00,170.00,Credit Card,5
T007591,2026-09-07 08:33,B05,M0315,Bronze,App,Bakery,3,90,0.00,270.00,Credit Card,
T007592,2026-09-07 08:34,B04,M0144,Silver,In-store,Tea,1,85,0.00,85.00,Cash,
T007593,2026-09-07 08:47,B05,,,In-store,Coffee,1,105,0.00,105.00,QR PromptPay,
T007594,07/09/2026 08:52,B06,M0058,Gold,in-store,Coffee,1,105,0.00,105.00,QR PromptPay,
T007595,2026-09-07 08:55,B02,,,In-store,Coffee,1,90,0.00,90.00,Cash,
T007596,2026-09-07 08:56,B01,M0313,Bronze,App,Tea,1,90,0.00,90.00,App Wallet,3
T007597,2026-09-07 08:59,B07,M9039,Bronze,Delivery,Coffee,2,115,34.50,195.50,QR PromptPay,
T007598,2026-09-07 10:16,B01,M0058,Gold,In-store,Bakery,4,105,84.00,336.00,QR PromptPay,5
T007599,2026-09-07 10:47,B05,M0068,Silver,App,Bakery,2,70 THB,28.00,112.00,Credit Card,
T007600,2026-09-07 11:19,B02,,,In-store,Bakery,2,105,0.00,210.00,QR PromptPay,
T007601,2026-09-07 11:48,B04,,,In-store,Coffee,1,60,0.00,60.00,Cash,
T007601,2026-09-07 11:48,B04,,,In-store,Coffee,1,60,0.00,60.00,Cash,
T007602,2026-09-07 12:00,B05,,,In-store,Tea,2,50,0.00,100.00,Credit Card,4
T007603,2026-09-07 12:01,B05,,,App,Bakery,1,85,0.00,85.00,Credit Card,3
T007604,2026-09-07 12:01,B03,,,App,Coffee,4,80,0.00,250.00,App Wallet,4
T007605,2026-09-07 13:25,B03,M0200,Silver,In-store,Coffee,2,0,0.00,0.00,Credit Card,4
T007606,2026-09-07 15:22,B08,M0119,Bronze,Delivery,Bakery,2,70,0.00,140.00,QR PromptPay,
T007607,2026-09-07 16:09,B08,,,In-store,Bakery,3,75,0.00,225.00,Cash,4
T007608,07/09/2026 16:41,B06,,,Delivery,Bakery,1,90,0.00,90.00,Credit Card,
T007609,2026-09-07 16:54,B01,M0083,Brz,Delivery,Coffee,1,85,0.00,85.00,QR PromptPay,
T007610,2026-09-08 00:48,B05,,,Delivery,Coffee,4,65,0.00,260.00,QR PromptPay,
T007611,2026-09-08 07:16,B02,M0148,Gold,App,Merchandise,1,460,92.00,368.00,App Wallet,
T007612,2026-09-08 08:12,B01,M0216,Platinum,Delivery,Coffee,1,75,11.25,63.75,Credit Card,3
T007613,2026-09-08 08:16,B03,,,App,Coffee,1,100,0.00,100.00,Credit Card,
T007614,2026-09-08 08:51,B04,M0113,Silver,App,Coffee,4,60,36.00,204.00,Credit Card,
T007615,2026-09-08 08:59,B03,M0164,Bronze,In-store,Coffee,1,55,0.00,55.00,Cash,
T007616,08/09/2026 09:57,B06,,,In-store,Coffee,4,115,0.00,460.00,Cash,
T007617,2026-09-08 10:42,B03,M0132,Bronze,Delivery,Coffee,2,105,0.00,210.00,Cash,
T007618,2026-09-08 11:04,B05,,,In-store,Coffee,2,75,0.00,150.00,QR PromptPay,
T007619,2026-09-08 11:06,B05,M0039,Gold,App,Bakery,1,85,0.00,85.00,Credit Card,
T007620,2026-09-08 12:03,B03,M0078,Silver,In-store,Coffee,1,115,0.00,115.00,Credit Card,
T007621,2026-09-08 12:10,B07,M0325,Platinum,In-store,Coffee,2,60,24.00,96.00,Cash,
T007622,2026-09-08 12:35,B07,M0244,Bronze,In-store,Coffee,2,85,8.50,161.50,Cash,3
T007623,2026-09-08 12:37,B07,M0325,Platinum,Delivery,Coffee,1,100,0.00,100.00,Credit Card,
T007624,2026-09-08 12:41,B07,M0143,Bronze,In-store,Tea,1,90,18.00,72.00,Cash,
T007625,2026-09-08 13:03,B05,M0092,Bronze,In-store,Tea,2,70,0.00,140.00,Credit Card,3
T007626,2026-09-08 13:10,B07,,,Delivery,Coffee,2,65,0.00,130.00,QR PromptPay,4
T007627,2026-09-08 13:11,B05,M0047,Platinum,Delivery,Coffee,1,120,18.00,102.00,Cash,
T007628,2026-09-08 13:12,B02,M0165,Bronze,Delivery,Coffee,2,70,28.00,112.00,Cash,
T007627,2026-09-08 14:14,B05,M0047,Platinum,Delivery ,Coffee,-1,120,-18.00,-102.00,Cash,
T007629,2026-09-08 14:33,B05,M0185,Gold,In-store,Coffee,3,85,0.00,255.00,QR PromptPay,
T007630,2026-09-08 15:06,B03,,,Delivery,Merchandise,2,385,0.00,770.00,Credit Card,
T007631,2026-09-08 15:09,B04,,,App,Coffee,1,90,0.00,90.00,Credit Card,
T007632,2026-09-08 16:15,B03,M0281,Silver,App,Coffee,2,70,0.00,140.00,Credit Card,4
T007633,08/09/2026 16:16,B06,M0260,Gold,In-store,Coffee,1,95,0.00,95.00,QR PromptPay,
T007634,2026-09-08 16:41,B01,,,Delivery,Coffee,1,120,0.00,120.00,Credit Card,
T007634,2026-09-08 16:41,B01,,,Delivery,Coffee,1,120,0.00,120.00,Credit Card,
T007635,2026-09-08 17:47,B03,,,In-store,Coffee,1,105,0.00,105.00,Cash,
T007636,2026-09-08 18:01,B05,M0185,Gold,App,Bakery,4,55,0.00,220.00,Credit Card,
T007637,2026-09-08 18:03,B08,M0147,Silver,In-store,Coffee,2,55,0.00,110.00,Credit Card,3
T007638,2026-09-08 18:10,B03,,,In-store,Bakery,3,90,0.00,270.00,QR PromptPay,
T007639,2026-09-08 18:18,B07,,,In store,Coffee,1,110,0.00,110.00,QR PromptPay,3
T007640,2026-09-08 18:37,B02,M0259,Bronze,App,Coffee,4,105,0.00,420.00,App Wallet,4
T007641,2026-09-08 23:11,B05,M0272,Bronze,Delivery,Coffee,3,80,0.00,240.00,QR PromptPay,
T007642,2026-09-09 01:22,B05,,,Delivery,Coffee,2,110,0.00,220.00,Credit Card,
T007643,2026-09-09 07:13,B07,M0170,Gold,In-store,Bakery,1,65,9.75,55.25,Credit Card,4
T007644,09/09/2026 08:00,B06,M0289,Silver,App,Coffee,1,120,0.00,120.00,Credit Card,3
T007645,2026-09-09 08:08,B04,M0144,SILVER,In-store,Merchandise,2,365,109.50,620.50,QR PromptPay,4
T007646,2026-09-09 08:14,B04,M9772,Bronze,In-store,Coffee,1,115,5.75,109.25,Cash,
T007647,2026-09-09 08:47,B01,M0147,Silver,In-store,Coffee,3,120,36.00,324.00,Cash,3
T007648,2026-09-09 09:18,B07,M0288,Gold,App,Merchandise,2,395,79.00,711.00,App Wallet,
T007649,2026-09-09 10:17,B02,,,App,Coffee,4,70,0.00,280.00,App Wallet,
T007650,09/09/2026 11:02,B06,M0166,Platinum,In-store,Bakery,1,75,7.50,67.50,Cash,
T007651,2026-09-09 12:42,B08,M0073,Gold,In-store,Coffee,2,70,28.00,112.00,Cash,5
T007652,2026-09-09 12:43,B03,M0312,Silver,App,Bakery,1,80,12.00,68.00,App Wallet,
T007653,2026-09-09 13:29,B02,M0222,Silver,Delivery,Tea,1,55,0.00,55.00,Credit Card,
T007654,2026-09-09 15:37,B01,M0083,Bronze,In-store,Tea,1,90,0.00,90.00,Cash,3
T007655,2026-09-09 16:41,B03,,,In-store,Coffee,1,120,0.00,120.00,Credit Card,5
T007656,2026-09-09 16:49,B05,M0039,Gold,In-store,Tea,1,65,13.00,52.00,Credit Card,
T007657,2026-09-10 07:36,B04,M0038,Gold,In-store,Bakery,1,80,4.00,76.00,QR PromptPay,
T007658,2026-09-10 08:04,B07,M0286,Silver,Delivery,Merchandise,2,710,71.00,1349.00,Cash,2
T007659,2026-09-10 08:22,B05,M0223,Silver,App,Coffee,2,90,18.00,162.00,Credit Card,5
T007660,2026-09-10 08:23,B07,M0289,silver,In-store,Coffee,1,120,0.00,120.00,QR PromptPay,5
T007661,2026-09-10 08:48,B01,,,In-store,Merchandise,3,445,0.00,1335.00,QR PromptPay,
T007662,2026-09-10 08:51,B05,M0145,Bronze,In-store,Coffee,4,70,56.00,224.00,Cash,4
T007663,2026-09-10 08:59,B02,M0015,Gold,App,Merchandise,3,395,59.25,1125.75,Credit Card,
T007664,2026-09-10 10:54,B01,M0293,Gold,In-store,Coffee,1,70,0.00,70.00,QR PromptPay,
T007665,2026-09-10 11:39,B07,M0252,Gold,Delivery,Tea,1,60,0.00,60.00,Cash,
T007666,2026-09-10 12:22,B07,M0169,Bronze,Delivery,Bakery,3,80,0.00,240.00,Credit Card,
T007667,2026-09-10 12:38,B04,M0029,Gold,In-store,Coffee,1,95,19.00,76.00,QR PromptPay,
T007668,2026-09-10 12:38,B07,M0292,Silver,In-store,Bakery,2,85,0.00,170.00,Cash,5
T007669,2026-09-10 12:46,B03,M0042,Bronze,In-store,Merchandise,2,585,0.00,1170.00,Cash,4
T007670,2026-09-10 13:10,B05,,,In-store,Coffee,4,70,0.00,280.00,Credit Card,
T007671,10/09/2026 14:36,B06,M0080,Silver,Delivery,Coffee,1,100,0.00,100.00,QR PromptPay,
T007672,2026-09-10 15:21,B04,M0233,Bronze,In-store,Coffee,1,60,12.00,48.00,QR PromptPay,
T007673,2026-09-10 16:05,B07,M0288,GOLD,App,Coffee,2,120,0.00,240.00,App Wallet,4
T007674,2026-09-10 16:15,B04,M0178,Bronze,In-store,Bakery,1,55,0.00,55.00,Cash,
T007675,2026-09-10 16:28,B01,,,In-store,Coffee,3,75,0.00,225.00,Cash,
T007676,2026-09-10 18:15,B5,M0092,Bronze,In-store,Coffee,4,75,0.00,300.00,Cash,
T007677,2026-09-10 18:23,B05,M0297,Bronze,App,Coffee,4,90,0.00,360.00,Credit Card,2
T007678,2026-09-10 18:53,B03,M0132,Bronze,In-store,Bakery,4,80,16.00,264.00,Credit Card,5
T007679,10/09/2026 19:03,B06,,,In-store,Coffee,1,60,0.00,60.00,Cash,
T007680,2026-09-10 19:30,B02,,,In-store,Tea,2,60,0.00,120.00,QR PromptPay,
T007681,2026-09-11 07:04,B05,,,Delivery,Tea,1,65,0.00,65.00,Cash,
T007682,2026-09-11 07:21,B04,,,Delivery,Coffee,2,115,0.00,230.00,Cash,
T007683,2026-09-11 07:23,B07,,,In-store,Coffee,2,80,0.00,160.00,QR PromptPay,
T007684,2026-09-11 07:53,B03,,,App,Coffee,1,90,0.00,90.00,Credit Card,
T007685,2026-09-11 08:20,B01,M0211,Bronze,In-store,Coffee,1,85,0.00,85.00,Credit Card,4
T007686,2026-09-11 08:54,B08,M0002,Bronze,Mobile App,Coffee,2,105,0.00,210.00,App Wallet,
T007687,2026-09-11 10:41,B02,M0257,Silver,In-store,Coffee,1,120,12.00,108.00,QR PromptPay,
T007688,2026-09-11 10:42,B05,M0248,Gold,In-store,Coffee,1,90,4.50,85.50,Credit Card,
T007689,11/09/2026 11:15,B06,M0020,Bronze,In-store,Coffee,1,110,0.00,110.00,QR PromptPay,1
T007690,2026-09-11 11:45,B05,M0161,Brz,In-store,Coffee,1,105,0.00,65.00,QR PromptPay,
T007691,2026-09-11 12:34,B05,M0295,Silver,In-store,Tea,1,80,0.00,80.00,QR PromptPay,
T007692,2026-09-11 13:06,B04,M0191,gold,App,Coffee,1,75,3.75,71.25,App Wallet,
T007693,2026-09-11 13:48,B03,,,In-store,Coffee,1,65,0.00,65.00,Credit Card,
T007694,2026-09-11 14:08,B04,M0191,Gold,In store,Coffee,3,100,30.00,270.00,QR PromptPay,
T007695,11/09/2026 14:09,B06,M0051,Platinum,App,Coffee,4,70,56.00,224.00,App Wallet,
T007696,11/09/2026 16:15,B06,M0273,Silver,In-store,Coffee,3,110,0.00,330.00,Cash,4
T007697,2026-09-11 16:44,B04,M0099,Gold,In-store,Coffee,3,90,27.00,243.00,Credit Card,4
T007698,2026-09-11 17:04,B05,,,In-store,Tea,2,฿65,0.00,130.00,QR PromptPay,
T007699,2026-09-11 17:05,B08,M0112,Bronze,In-store,Tea,2,฿90.00,0.00,180.00,QR PromptPay,3
T007700,2026-09-11 18:01,B08,M0306,Bronze,App,Bakery,2,55,0.00,110.00,App Wallet,
T007701,2026-09-11 18:15,B03,M0229,Platinum,In-store,Tea,2,90,0.00,180.00,QR PromptPay,
T007702,2026-09-11 18:29,B03,M0059,Gold,In-store,Coffee,3,70,21.00,189.00,Credit Card,
T007703,2026-09-11 18:40,B02,,,In-store,Coffee,1,110,0.00,110.00,Cash,
T007704,2026-09-11 19:38,B08,M0300,Bronze,In-store,Bakery,1,85,17.00,68.00,Credit Card,3
T007705,2026-09-12 07:28,B05,,,In-store,Bakery,1,50,0.00,50.00,QR PromptPay,
T007706,2026-09-12 07:52,B08,M0002,Bronze,In-store,Coffee,4,105,0.00,420.00,QR PromptPay,
T007707,2026-09-12 08:22,B01,M0276,Bronze,In-store,Tea,2,85,0.00,170.00,QR PromptPay,4
T007708,2026-09-12 09:54,B08,M0271,Gold,Delivery,Coffee,2,100,20.00,180.00,Credit Card,
T007709,2026-09-12 12:15,B02,M0188,Bronze,In-store,Coffee,1,70,0.00,70.00,QR PromptPay,
T007710,2026-09-12 12:19,B02,,,In-store,Coffee,4,95,0.00,380.00,QR PromptPay,
T007711,2026-09-12 13:16,B04,,,In-store,Merchandise,1,670,0.00,670.00,QR PromptPay,3
T007712,2026-09-12 13:21,B03,M0309,Silver,in-store,Coffee,4,95,0.00,380.00,QR PromptPay,
T007713,2026-09-12 13:42,B08,,,In-store,Tea,1,95,0.00,95.00,QR PromptPay,3
T007714,2026-09-12 13:56,B05,M0297,Bronze,In-store,Coffee,2,100,0.00,200.00,QR PromptPay,
T007715,2026-09-12 14:09,B08,M0167,Silver,Delivery,Coffee,1,80,0.00,80.00,QR PromptPay,
T007716,2026-09-12 14:38,B04,,,In-store,Tea,1,90,0.00,90.00,Cash,
T007717,2026-09-12 14:40,B01,M9351,Silver,In-store,Coffee,4,100,60.00,340.00,Credit Card,4
T007718,2026-09-12 15:11,B03,,,In-store,Coffee,4,฿105.00,0.00,420.00,QR PromptPay,
T007719,2026-09-12 15:28,B07,,,In-store,Bakery,4,50,0.00,200.00,QR PromptPay,
T007720,2026-09-12 16:35,B05,M0185,Gold,In-store,Coffee,1,100,20.00,80.00,QR PromptPay,4
T007721,2026-09-12 16:37,B01,,,In-store,Bakery,2,80,0.00,160.00,Credit Card,
T007721,2026-09-12 16:37,B01,,,In-store,Bakery,2,80,0.00,160.00,Credit Card,
T007722,12/09/2026 16:50,B06,M0313,Bronze,In-store,Coffee,2,120,0.00,240.00,Credit Card,
T007723,2026-09-12 17:29,B04,,,Delivery,Coffee,2,105,0.00,210.00,Cash,
T007724,2026-09-12 17:56,B04,M0191,Gold,App,Coffee,1,70,0.00,70.00,App Wallet,
T007725,2026-09-12 18:13,B03,M0312,Silver,App,Tea,3,75,0.00,225.00,App Wallet,
T007726,2026-09-12 18:42,B02,M0117,Silver,In-store,Tea,1,70,0.00,70.00,Credit Card,
T007727,2026-09-12 18:54,B05,M0200,Silver,App,Coffee,1,90,0.00,90.00,Credit Card,
T007724,2026-09-12 18:59,B04,M0191,Gold,App,Coffee,-1,70,-0.00,-70.00,App Wallet,
T007728,2026-09-12 19:05,B08,,,App,Coffee,2,75,0.00,150.00,App Wallet,
T007729,2026-09-12 22:36,B05,,,Delivery,Coffee,1,75,0.00,75.00,QR PromptPay,
T007730,2026-09-13 08:40,B01,M0045,Gold,App,Coffee,1,90,0.00,90.00,Credit Card,
T007731,2026-09-13 08:46,B01,M0127,Silver,In-store,Bakery,4,110,0.00,440.00,Cash,
T007732,13/09/2026 09:00,B06,M0260,Gold,In store,Bakery,1,95,0.00,95.00,Cash,4
T007733,2026-09-13 09:17,B03,,,App,Bakery,1,45,0.00,-35.00,App Wallet,
T007734,2026-09-13 09:33,B01,,,App,Tea,1,55,0.00,55.00,Credit Card,4
T007735,2026-09-13 10:17,B03,M0053,Gold,In-store,Coffee,1,120,0.00,120.00,QR PromptPay,
T007736,2026-09-13 10:55,B08,M0271,Gold,In-store,Coffee,1,70,14.00,56.00,Credit Card,
T007737,2026-09-13 12:16,B02,M0179,Gold,In-store,Coffee,2,95,0.00,190.00,Credit Card,
T007738,2026-09-13 12:18,B03,M0309,silver,In-store,Coffee,1,80,4.00,76.00,Credit Card,
T007739,13/09/2026 12:24,B06,M0058,Gld,In-store,Coffee,1,60,6.00,54.00,Credit Card,
T007740,2026-09-13 12:35,B02,M0117,Silver,In-store,Coffee,1,75,0.00,75.00,Credit Card,
T007741,2026-09-13 13:14,B07,,,In-store,Coffee,1,105,0.00,105.00,Credit Card,
T007742,2026-09-13 13:55,B03,M0299,Platinum,In-store,Coffee,3,115,0.00,345.00,QR PromptPay,
T007743,2026-09-13 14:02,B08,,,In-store,Merchandise,1,770,0.00,770.00,Cash,3
T007744,2026-09-13 14:05,B01,,,App,Coffee,2,75,0.00,150.00,App Wallet,
T007745,13/09/2026 14:53,B06,M0304,Platinum,Delivery,Bakery,1,85,17.00,68.00,Cash,
T007746,2026-09-13 15:09,B02,,,Delivery,Bakery,4,95,0.00,380.00,QR PromptPay,
T007747,2026-09-13 15:58,B05,M0240,Platinum,In-store,Coffee,1,70,7.00,63.00,QR PromptPay,5
T007748,2026-09-13 16:08,B03,M0219,Bronze,In-store,Coffee,2,60,0.00,120.00,Cash,4
T007749,2026-09-13 16:39,B08,,,Delivery,Coffee,1,95,0.00,95.00,QR PromptPay,
T007750,2026-09-13 16:42,B02,,,App,Coffee,3,65,0.00,195.00,Credit Card,
T007751,2026-09-13 16:53,B04,M0016,Gold,App,Coffee,2,65,0.00,130.00,Credit Card,
T007752,13/09/2026 17:34,B06,,,In-store,Merchandise,2,795,0.00,1590.00,QR PromptPay,4
T007753,2026-09-13 17:41,B05,M0322,Gold,In-store,Merchandise,2,325,130.00,520.00,QR PromptPay,
T007754,2026-09-13 17:48,B04,,,In-store,Tea,2,55,0.00,110.00,QR PromptPay,
T007755,2026-09-13 17:51,B05,M0145,Bronze,In-store,Bakery,2,80,0.00,160.00,Credit Card,4
T007756,2026-09-13 19:13,B08,M0045,Gold,Delivery,Bakery,2,90,0.00,130.00,Cash,5
T007757,2026-09-13 21:26,B05,,,Delivery,Coffee,2,75,0.00,150.00,Credit Card,
T007758,2026-09-14 02:16,B05,,,Delivery,Coffee,4,105,0.00,420.00,Credit Card,4
T007759,2026-09-14 07:43,B02,M0069,Platinum,App,Bakery,3,70,31.50,178.50,Credit Card,
T007760,2026-09-14 08:28,B02,M0148,Gold,In-store,Tea,4,55,0.00,220.00,Credit Card,4
T007761,2026-09-14 08:43,B04,M0178,Bronze,In-store,Coffee,1,80,0.00,80.00,QR PromptPay,
T007762,2026-09-14 09:24,B01,,,App,Coffee,3,120,0.00,360.00,Credit Card,
T007763,2026-09-14 09:45,B08,M0199,Silver,In-store,Coffee,2,85,0.00,170.00,Credit Card,
T007764,2026-09-14 11:29,B03,M0312,Silver,In-store,Coffee,2,105,0.00,210.00,QR PromptPay,
T007765,14/09/2026 11:54,B06,M9064,Platinum,App,Tea,1,95,14.25,80.75,Credit Card,
T007766,2026-09-14 12:44,B05,M0295,Silver,In-store,Tea,1,70,0.00,70.00,Cash,
T007767,2026-09-14 12:49,B07,M0054,bronze,Delivery,Tea,2,90,0.00,180.00,QR PromptPay,
T007768,14/09/2026 13:06,B06,,,In-store,Bakery,1,100,0.00,100.00,Credit Card,
T007769,2026-09-14 13:22,B04,M0155,Silver,Delivery,Coffee,1,120,0.00,120.00,Credit Card,
T007770,2026-09-14 13:32,B04,M0308,Gold,In-store,Coffee,2,70,0.00,140.00,QR PromptPay,
T007771,2026-09-14 14:01,B04,M0254,Bronze,App,Coffee,1,105,0.00,105.00,App Wallet,
T007772,2026-09-14 15:00,B02,,,In-store,Coffee,1,65,0.00,65.00,QR PromptPay,5
T007773,2026-09-14 16:06,B02,M0117,Silver,Delivery,Bakery,4,45,0.00,180.00,Cash,4
T007774,2026-09-14 16:18,B04,M0191,Gold,In-store,Coffee,1,70,0.00,70.00,QR PromptPay,
T007775,2026-09-14 16:36,B04,M9039,Platinum,App,Coffee,2,110,33.00,187.00,App Wallet,
T007773,2026-09-14 17:35,B02,M0117,Silver,Delivery,Bakery,-4,45,-0.00,-180.00,Cash,
T007776,2026-09-14 17:50,B03,,,In-store,Coffee,1,100,0.00,100.00,Cash,5
T007777,2026-09-14 18:17,B02,M0122,Bronze,In-store,Coffee,1,110,0.00,110.00,Cash,5
T007778,2026-09-14 18:29,B02,,,Delivery,Coffee,1,90,0.00,90.00,QR PromptPay,
T007779,2026-09-14 19:03,B04,M0271,Gold,App,Merchandise,2,355,0.00,710.00,App Wallet,
T007780,2026-09-14 19:53,B03,M0078,Silver,In-store,Bakery,2,75,0.00,150.00,Cash,
T007781,2026-09-14 22:09,B05,,,Delivery,Tea,1,70,0.00,70.00,QR PromptPay,
T007782,2026-09-14 23:42,B05,,,Delivery,Coffee,3,110,0.00,330.00,QR PromptPay,
T007783,2026-09-15 07:46,B02,,,In-store,Coffee,3,65,0.00,195.00,QR PromptPay,
T007784,2026-09-15 08:04,B04,M0024,Platinum,Instore,Coffee,1,70,7.00,63.00,QR PromptPay,
T007785,2026-09-15 08:37,B05,M0102,Platinum,Delivery,Coffee,1,90,9.00,81.00,QR PromptPay,3
T007786,2026-09-15 10:30,B07,M0288,Gold,In-store,Merchandise,1,325,0.00,325.00,Cash,
T007787,2026-09-15 11:10,B04,M0294,Bronze,In-store,Merchandise,4,375,0.00,1500.00,Cash,5
T007788,2026-09-15 13:20,B01,M0045,Gold,In-store,Coffee,2,90,0.00,180.00,Credit Card,4
T007789,2026-09-15 13:21,B03,,,Instore,Coffee,3,115,0.00,345.00,Cash,
T007790,2026-09-15 13:26,B05,,,In-store,Coffee,3,70,0.00,210.00,Cash,
T007791,2026-09-15 13:38,B07,M0252,Gold,In-store,Bakery,1,50,2.50,47.50,QR PromptPay,
T007792,15/09/2026 13:54,B06,M0056,Platinum,In-store,Tea,3,55,33.00,132.00,QR PromptPay,
T007793,2026-09-15 14:10,B03,M0286,Silver,In-store,Coffee,1,115,0.00,115.00,Credit Card,5
T007794,2026-09-15 14:15,B03,M0078,Silver,Instore,Coffee,2,105,42.00,168.00,Credit Card,
T007795,2026-09-15 14:17,B04,M0143,Bronze,App,Coffee,1,85,0.00,85.00,App Wallet,3
T007796,2026-09-15 16:23,B02,M0099,Gold,In-store,Coffee,1,80,16.00,64.00,Cash,
T007797,2026-09-15 16:32,B03,M0104,Silver,In-store,Coffee,1,75,0.00,75.00,Credit Card,3
T007798,15/09/2026 16:32,B06,,,In-store,Coffee,2,65,0.00,130.00,Cash,
T007799,2026-09-15 16:49,B03,M0240,Platinum,App,Tea,1,55,2.75,52.25,Credit Card,
T007800,2026-09-15 17:42,B04,M0276,Bronze,In-store,Coffee,2,70,0.00,140.00,Credit Card,5
T007801,2026-09-15 17:56,B08,M0306,Bronze,In-store,Coffee,4,100,0.00,400.00,QR PromptPay,
T007802,15/09/2026 18:18,B06,M0182,Bronze,In-store,Tea,2,55,0.00,110.00,Credit Card,5
T007803,2026-09-15 18:54,B02,,,Delivery ,Coffee,1,110,0.00,110.00,Cash,5
T007804,2026-09-15 19:36,B08,,,In-store,Coffee,1,75,0.00,75.00,Cash,
