transaction_id,transaction_datetime,branch_id,member_id,member_tier,channel,product_category,quantity,unit_price,discount_amount,total_amount,payment_method,satisfaction_score
T000001,2025-10-01 08:46,B01,M0070,Bronze,App,Bakery,1,45,9.00,36.00,Credit Card,4
T000002,2025-10-01 09:34,B07,M0263,BRONZE,delivery,Bakery,4,50,0.00,200.00,QR PromptPay,
T000003,2025-10-01 11:39,B05,M0158,Silver,In-store,Merchandise,3,465,0.00,1395.00,QR PromptPay,2
T000004,2025-10-01 11:45,B08,M0066,Silver,In-store,Coffee,3,105,0.00,315.00,Cash,
T000005,2025-10-01 11:56,B03,,,In-store,Coffee,1,55,0.00,55.00,QR PromptPay,
T000006,2025-10-01 12:08,B04,,,Delivery,Bakery,1,65,0.00,65.00,Cash,4
T000007,2025-10-01 12:15,B05,M0051,Bronze,App,Coffee,1,80,0.00,80.00,App Wallet,
T000008,2025-10-01 12:44,B03,,,In-store,Bakery,2,50,0.00,100.00,QR PromptPay,
T000009,2025-10-01 13:26,B07,,,App,Coffee,4,70,0.00,280.00,Credit Card,
T000010,2025-10-01 13:30,B01,M0251,Bronze,Delivery,Merchandise,2,300,0.00,600.00,Cash,5
T000011,2025-10-01 15:52,B05,,,In-store,Merchandise,1,615,0.00,615.00,Cash,
T000012,2025-10-01 16:06,B03,M0031,Silver,App,Bakery,1,60,6.00,54.00,App Wallet,5
T000013,2025-10-01 16:14,B02,M0160,Bronze,In-store,Tea,2,95,0.00,190.00,Credit Card,5
T000014,2025-10-01 18:17,B6,,,In-store,Tea,2,70,0.00,140.00,Credit Card,
T000015,2025-10-01 19:23,B06,,,Delivery,Bakery,2,100,0.00,200.00,Cash,
T000016,2025-10-02 08:02,B08,M0050,Brz,In-store,Coffee,2,80,0.00,160.00,Credit Card,4
T000017,2025-10-02 08:07,B08,M0039,Silver,App,Coffee,4,120,0.00,480.00,App Wallet,
T000018,2025-10-02 08:11,B03,M9823,Bronze,Delivery,Coffee,3,70,0.00,210.00,Credit Card,
T000019,2025-10-02 08:42,B07,,,In-store,Tea,1,85,0.00,85.00,Cash,5
T000020,2025-10-02 08:51,B01,M0197,Silver,App,Coffee,1,85,0.00,85.00,Credit Card,4
T000021,2025-10-02 09:14,B03,M0249,Silver,App,Coffee,2,55,16.50,93.50,Credit Card,
T000022,2025-10-02 10:18,B05,M0091,Bronze,In-store,Coffee,1,95,0.00,95.00,Cash,
T000023,2025-10-02 11:40,B04,M0291,Bronze,In-store,Bakery,3,100,60.00,240.00,QR PromptPay,
T000024,2025-10-02 12:16,B07,,,In-store,Tea,1,80,0.00,80.00,QR PromptPay,
T000025,2025-10-02 12:27,B08,,,In-store,Coffee,4,105,0.00,420.00,QR PromptPay,
T000026,2025-10-02 14:04,B02,,,App,Coffee,1,105,0.00,105.00,Credit Card,3
T000027,2025-10-02 14:17,B05,,,In-store,Tea,2,85,0.00,170.00,Credit Card,
T000028,2025-10-02 16:59,B02,,,In-store,Coffee,2,110,0.00,220.00,Cash,5
T000029,2025-10-02 17:02,B08,,,In-store,Coffee,4,55,0.00,220.00,Credit Card,
T000030,2025-10-02 19:05,B02,,,App,Coffee,1,120,0.00,120.00,App Wallet,
T000031,2025-10-02 19:48,B02,M0143,Bronze,App,Tea,3,50,0.00,150.00,App Wallet,
T000032,2025-10-03 08:10,B04,M0153,Silver,In-store,Tea,2,75,0.00,150.00,QR PromptPay,5
T000033,2025-10-03 08:13,B06,M0246,Bronze,App,Bakery,2,85,0.00,170.00,Credit Card,
T000034,2025-10-03 08:47,B03,,,In-store,Coffee,2,70,0.00,140.00,QR PromptPay,
T000035,2025-10-03 08:59,B06,M0173,Silver,In store,Coffee,3,65,0.00,195.00,QR PromptPay,
T000036,2025-10-03 11:20,B04,,,In-store,Coffee,1,70,0.00,70.00,Credit Card,3
T000037,2025-10-03 11:27,B05,M0208,Silver,In-store,Coffee,1,65,0.00,65.00,QR PromptPay,3
T000038,2025-10-03 11:45,B02,,,In-store,Bakery,3,105,0.00,315.00,QR PromptPay,
T000039,2025-10-03 12:25,B03,M0110,Silver,In-store,Bakery,2,90,0.00,180.00,QR PromptPay,4
T000040,2025-10-03 12:59,B02,M0279,Bronze,App,Tea,4,75,0.00,300.00,Credit Card,
T000041,2025-10-03 14:09,B05,,,In-store,Merchandise,4,815,0.00,3260.00,Credit Card,
T000042,2025-10-03 14:15,B05,M0083,Gold,APP,Coffee,4,75,0.00,300.00,Credit Card,
T000043,2025-10-03 14:53,B07,M0074,Gold,In-store,Merchandise,1,395,0.00,395.00,Cash,
T000044,2025-10-03 15:18,B01,M0052,Bronze,in-store,Coffee,1,75,0.00,75.00,Credit Card,
T000045,2025-10-03 16:00,B01,M0022,Silver,In-store,Coffee,1,120,0.00,120.00,Cash,
T000046,2025-10-03 16:04,B03,,,In-store,Bakery,1,80,0.00,80.00,QR PromptPay,3
T000047,2025-10-03 16:31,B02,M0049,Platinum,App,Coffee,1,60,0.00,60.00,Credit Card,5
T000048,2025-10-03 16:34,B05,,,Delivery,Tea,1,80,0.00,80.00,Credit Card,
T000049,2025-10-03 16:44,B02,,,In-store,Coffee,2,100,0.00,200.00,Credit Card,
T000050,2025-10-03 16:49,B08,M0104,Silver,App,Merchandise,1,785,0.00,785.00,App Wallet,5
T000051,2025-10-03 17:17,B07,,,App,Merchandise,1,435,0.00,435.00,Credit Card,5
T000052,2025-10-03 17:19,B08,,,In-store,Bakery,2,45,0.00,90.00,QR PromptPay,
T000053,2025-10-03 17:26,B07,,,In-store,Tea,1,80,0.00,80.00,QR PromptPay,3
T000054,2025-10-03 17:42,B08,,,In-store,Coffee,1,55,0.00,55.00,Credit Card,
T000050,2025-10-03 17:43,B08,M0104,Silver,App,Merchandise,-1,785,-0.00,-785.00,App Wallet,
T000055,2025-10-03 17:55,B04,,,Delivery,Coffee,3,90,0.00,270.00,Cash,
T000056,2025-10-03 18:48,B05,,,Delivery,Coffee,3,100,0.00,300.00,Cash,
T000057,2025-10-03 19:39,B02,,,App,Coffee,1,55,0.00,55.00,App Wallet,
T000058,2025-10-04 07:18,B04,M0024,Silver,In-store,Tea,2,50,15.00,85.00,QR PromptPay,4
T000059,2025-10-04 08:40,B02,M0303,Gold,In-store,Coffee,1,65,0.00,65.00,Credit Card,
T000060,2025-10-04 11:04,B04,M0078,Bronze,In-store,Tea,2,60,0.00,130.00,Credit Card,
T000061,2025-10-04 11:12,B04,,,Delivery,Bakery,1,105,0.00,105.00,QR PromptPay,3
T000062,2025-10-04 11:21,B03,,,In-store,Coffee,1,70,0.00,70.00,QR PromptPay,
T000063,2025-10-04 11:22,B05,,,In-store,Tea,2,85,0.00,170.00,Cash,
T000064,2025-10-04 12:59,B04,M0251,Bronze,In-store,Coffee,4,85,0.00,340.00,QR PromptPay,
T000065,2025-10-04 13:02,B06,,,In-store,Bakery,3,65,0.00,195.00,Credit Card,
T000066,2025-10-04 13:36,B07,M0221,Silver,App,Bakery,1,45,0.00,45.00,App Wallet,
T000067,2025-10-04 14:16,B03,M0312,Bronze,In-store,Coffee,3,100,0.00,300.00,Cash,
T000068,2025-10-04 16:19,B03,,,App,Coffee,3,75,0.00,225.00,App Wallet,
T000069,2025-10-04 17:17,B02,M0200,Gold,App,Coffee,1,60,0.00,60.00,App Wallet,
T000070,2025-10-04 19:22,B01,M0052,Bronze,In-store,Coffee,4,100,80.00,320.00,Cash,3
T000071,2025-10-05 07:31,B01,M0145,Silver,In-store,Coffee,1,85,0.00,85.00,QR PromptPay,4
T000072,2025-10-05 08:01,B04,,,In-store,Coffee,3,115,0.00,345.00,QR PromptPay,
T000073,2025-10-05 08:03,B08,M0006,Gold,In-store,Coffee,4,110,88.00,352.00,Credit Card,3
T000074,2025-10-05 08:09,B02,M0187,Silver,In-store,Bakery,2,95,28.50,161.50,Credit Card,
T000075,2025-10-05 08:11,B05,M0330,Silver,App,Coffee,1,70,0.00,70.00,Credit Card,
T000076,2025-10-05 08:12,B04,M0080,SILVER,In-store,Tea,1,80,0.00,80.00,Cash,4
T000077,2025-10-05 08:37,B01,M0069,Silver,Delivery,Bakery,2,85,0.00,170.00,Credit Card,3
T000078,2025-10-05 09:09,B04,M0093,Bronze,In-store,Tea,1,95,14.25,80.75,QR PromptPay,
T000079,2025-10-05 09:10,B02,M0054,Silver,Delivery,Bakery,1,85,4.25,80.75,QR PromptPay,5
T000080,2025-10-05 09:16,B02,,,App,Tea,2,90,0.00,180.00,App Wallet,
T000081,2025-10-05 09:21,B01,,,In-store,Bakery,2,110,0.00,220.00,Cash,5
T000082,2025-10-05 10:16,B01,M0291,Bronze,In-store,Bakery,1,70,0.00,70.00,QR PromptPay,3
T000083,2025-10-05 13:24,B05,,,delivery,Coffee,4,75,0.00,300.00,Credit Card,
T000084,2025-10-05 13:33,B03,M0085,Silver,In-store,Coffee,3,60,9.00,171.00,Credit Card,
T000085,2025-10-05 13:39,B01,,,In-store,Tea,2,80,0.00,160.00,QR PromptPay,
T000086,2025-10-05 13:39,B06,,,Delivery,Merchandise,1,495,0.00,495.00,Cash,
T000087,2025-10-05 14:29,B05,M0105,Bronze,In-store,Bakery,2,55,0.00,110.00,Cash,
T000088,2025-10-05 15:39,B04,M0153,Silver,App,Bakery,3,50,0.00,150.00,Credit Card,3
T000089,2025-10-05 15:43,B06,M0313,Brz,In-store,Bakery,2,95,0.00,190.00,QR PromptPay,
T000090,2025-10-05 16:07,B01,,,Delivery,Coffee,4,70,0.00,280.00,Credit Card,
T000091,2025-10-05 16:10,B08,,,In-store,Coffee,2,60,0.00,120.00,Cash,
T000092,2025-10-05 16:11,B05,,,In-store,Bakery,4,45,0.00,180.00,Cash,5
T000088,2025-10-05 16:41,B04,M0153,Silver,App,Bakery,-3,50,-0.00,-150.00,Credit Card,
T000093,2025-10-05 16:42,B08,,,App,Coffee,1,75,0.00,75.00,App Wallet,
T000094,2025-10-05 16:50,B02,M0011,Gold,In-store,Coffee,4,55,44.00,176.00,Cash,
T000095,2025-10-05 18:58,B04,M0153,Silver,In-store,Tea,2,85,0.00,170.00,QR PromptPay,
T000096,2025-10-06 07:09,B08,,,Delivery,Bakery,2,45,0.00,90.00,Cash,
T000097,2025-10-06 07:13,B04,M9799,Bronze,In-store,Coffee,2,90,0.00,180.00,QR PromptPay,4
T000098,2025-10-06 07:54,B06,M0242,Bronze,In-store,Bakery,2,90,0.00,180.00,QR PromptPay,
T000099,2025-10-06 07:58,B07,M0017,Bronze,App,Merchandise,1,680,68.00,612.00,Credit Card,
T000100,2025-10-06 08:00,B01,,,In-store,Coffee,1,80,0.00,80.00,QR PromptPay,
T000101,2025-10-06 08:01,B08,M9217,Bronze,In-store,Coffee,2,105,0.00,210.00,QR PromptPay,3
T000102,2025-10-06 08:05,B02,,,Delivery,Tea,1,55,0.00,55.00,Cash,5
T000103,2025-10-06 08:50,B08,M0050,Bronze,App,Tea,2,50,0.00,100.00,App Wallet,
T000103,2025-10-06 08:50,B08,M0050,Bronze,App,Tea,2,50,0.00,100.00,App Wallet,
T000104,2025-10-06 09:38,B08,,,Delivery,Coffee,1,85,0.00,85.00,QR PromptPay,5
T000105,2025-10-06 10:19,B08,M0268,Slvr,In-store,Coffee,1,75,0.00,75.00,QR PromptPay,
T000106,2025-10-06 10:35,B01,M0052,Bronze,In-store,Tea,1,55,0.00,55.00,QR PromptPay,5
T000107,2025-10-06 10:53,B07,M0017,Bronze,In-store,Tea,2,50,0.00,100.00,Cash,
T000108,2025-10-06 11:25,B06,M0226,Bronze,App,Coffee,1,115,0.00,115.00,Credit Card,
T000109,2025-10-06 11:34,B03,M0097,Bronze,In-store,Tea,2,85,0.00,170.00,Cash,3
T000110,2025-10-06 11:42,B06,M9217,Platinum,In-store,Bakery,4,90,36.00,324.00,QR PromptPay,
T000111,2025-10-06 11:58,B3,,,Delivery,Coffee,4,105,0.00,420.00,Cash,
T000112,2025-10-06 11:59,B02,,,App,Coffee,4,115,0.00,460.00,Credit Card,
T000113,2025-10-06 12:02,B05,M0158,Silver,In-store,Coffee,1,85,0.00,85.00,QR PromptPay,
T000114,2025-10-06 12:04,B06,M0226,Bronze,In-store,Coffee,2,105,0.00,210.00,QR PromptPay,4
T000115,2025-10-06 12:05,B07,M0144,Gold,In-store,Coffee,1,60,9.00,51.00,Credit Card,
T000116,2025-10-06 12:28,B04,,,App,Tea,1,50,0.00,50.00,Credit Card,
T000117,2025-10-06 12:51,B01,M0230,Bronze,Delivery,Merchandise,1,325,0.00,325.00,QR PromptPay,4
T000118,2025-10-06 13:21,B01,M0251,Bronze,Instore,Tea,2,85,0.00,170.00,Credit Card,
T000119,2025-10-06 13:44,B06,,,In-store,Coffee,1,75,0.00,75.00,QR PromptPay,5
T000120,2025-10-06 14:59,B06,M0049,Platinum,App,Coffee,1,60,0.00,60.00,Credit Card,5
T000121,2025-10-06 15:25,B06,,,In-store,Coffee,4,65,0.00,260.00,Credit Card,3
T000122,2025-10-06 16:42,B07,M0270,Bronze,Delivery,Coffee,3,60,0.00,180.00,Credit Card,
T000123,2025-10-06 17:07,B01,M9403,Gold,In-store,Coffee,2,60,0.00,120.00,QR PromptPay,
T000124,2025-10-06 17:19,B01,M0070,Bronze,In-store,Bakery,1,95,0.00,95.00,QR PromptPay,
T000125,2025-10-06 18:02,B06,,,In-store,Bakery,1,55,0.00,55.00,QR PromptPay,
T000126,2025-10-06 18:28,B04,M0104,Silver,In-store,Bakery,1,45,0.00,45.00,QR PromptPay,4
T000127,2025-10-06 18:59,B01,M0129,Silver,in-store,Coffee,2,80,0.00,160.00,Credit Card,
T000127,2025-10-06 19:36,B01,M0129,Silver,In-store,Coffee,-2,80,-0.00,-160.00,Credit Card,
T000128,2025-10-06 19:57,B03,,,In-store,Bakery,2,50,0.00,100.00,Credit Card,
T000129,2025-10-06 19:57,B02,M0155,platinum,In-store,Coffee,1,80,0.00,80.00,Cash,
T000130,2025-10-07 07:46,B05,M0330,Slvr,In-store,Coffee,1,105,0.00,105.00,Credit Card,
T000131,2025-10-07 07:53,B05,M0165,Bronze,In-store,Coffee,1,55,0.00,55.00,Credit Card,
T000132,2025-10-07 08:15,B01,,,Delivery,Coffee,3,65,0.00,195.00,QR PromptPay,
T000133,2025-10-07 09:08,B01,M0294,Bronze,In-store,Coffee,1,110,0.00,110.00,Cash,4
T000134,2025-10-07 10:53,B08,M0187,Silver,Delivery,Merchandise,2,630,0.00,1260.00,Credit Card,
T000135,2025-10-07 12:05,B05,,,In-store,Bakery,4,65,0.00,260.00,Cash,4
T000136,2025-10-07 13:00,B07,M0032,Silver,In-store,Coffee,1,65,0.00,65.00,Credit Card,5
T000137,2025-10-07 13:16,B08,,,In-store,Coffee,1,85,0.00,85.00,QR PromptPay,
T000138,2025-10-07 14:59,B08,M0164,Gold,App,Coffee,1,90,4.50,85.50,Credit Card,5
T000139,2025-10-07 16:54,B03,M0110,Silver,Delivery,Coffee,4,85,51.00,289.00,QR PromptPay,4
T000140,2025-10-07 17:11,B03,M0029,Bronze,In-store,Coffee,1,70,7.00,63.00,QR PromptPay,4
T000141,2025-10-07 17:13,B08,M0268,Silver,Delivery,Bakery,1,85,17.00,68.00,QR PromptPay,
T000142,2025-10-07 18:16,B07,,,Delivery,Bakery,3,60,0.00,180.00,QR PromptPay,
T000143,2025-10-07 18:34,B04,M0291,Bronze,Delivery,Bakery,1,75,0.00,75.00,QR PromptPay,
T000144,2025-10-07 19:42,B07,M0083,Gold,APP,Coffee,1,75,7.50,67.50,App Wallet,3
T000145,2025-10-08 07:42,B07,M0080,Silver,App,Coffee,1,85,17.00,68.00,App Wallet,
T000146,2025-10-08 08:07,B06,,,App,Coffee,1,80,0.00,80.00,Credit Card,
T000147,2025-10-08 08:57,B01,M0251,Bronze,In-store,Coffee,2,80,0.00,160.00,Credit Card,
T000147,2025-10-08 08:57,B01,M0251,Bronze,In-store,Coffee,2,80,0.00,160.00,Credit Card,
T000148,2025-10-08 08:59,B07,,,Delivery ,Coffee,62,70,0.00,4340.00,Credit Card,
T000149,2025-10-08 09:12,B03,M0031,Silver,In-store,Bakery,3,50,0.00,150.00,QR PromptPay,
T000150,2025-10-08 09:37,B01,M0235,Silver,In-store,Merchandise,1,550,27.50,522.50,QR PromptPay,3
T000151,2025-10-08 09:53,B04,M0045,Bronze,In-store,Merchandise,4,715,286.00,2574.00,Credit Card,
T000152,2025-10-08 10:10,B01,,,In-store,Coffee,2,80,0.00,160.00,Cash,5
T000153,2025-10-08 12:37,B05,M0091,Bronze,Delivery,Coffee,2,70,0.00,140.00,QR PromptPay,
T000154,2025-10-08 12:43,B06,,,In-store,Bakery,1,50,0.00,50.00,QR PromptPay,5
T000155,2025-10-08 13:39,B06,,,In-store,Tea,2,85,0.00,170.00,Cash,
T000156,2025-10-08 15:05,B08,M0050,Bronze,In-store,Coffee,1,65,0.00,65.00,QR PromptPay,
T000157,2025-10-08 16:01,B01,M0251,Bronze,In-store,Coffee,1,70,0.00,70.00,Cash,
T000158,2025-10-08 16:03,B04,M0259,Silver,In-store,Coffee,1,55,0.00,55.00,Cash,4
T000159,2025-10-08 16:44,B02,,,In-store,Bakery,3,60,0.00,180.00,Credit Card,3
T000160,2025-10-08 17:21,B03,M0177,Bronze,App,Bakery,2,110,0.00,220.00,App Wallet,3
T000161,2025-10-08 17:28,B03,M0003,Gold,In-store,Tea,4,85,0.00,340.00,Credit Card,
T000162,2025-10-08 18:12,B06,M0017,Bronze,In-store,Coffee,4,70,0.00,280.00,QR PromptPay,
T000163,2025-10-09 07:29,B01,M0052,Bronze,In-store,Tea,1,80,0.00,80.00,Cash,4
T000164,2025-10-09 08:17,B08,,,In-store,Tea,1,80,0.00,80.00,QR PromptPay,
T000165,2025-10-09 08:33,B07,,,App,Coffee,1,85,0.00,85.00,Credit Card,4
T000166,2025-10-09 09:13,B01,,,Delivery,Tea,2,80,0.00,160.00,QR PromptPay,
T000167,2025-10-09 12:31,B04,M0179,Platinum,In store,Coffee,3,65,0.00,195.00,QR PromptPay,
T000168,2025-10-09 12:48,B02,M0279,BRONZE,In-store,Coffee,4,85,0.00,340.00,Credit Card,
T000169,2025-10-09 12:55,B04,M0259,Silver,Delivery,Bakery,2,80,8.00,152.00,Credit Card,
T000169,2025-10-09 13:14,B04,M0259,Silver,Delivery,Bakery,-2,80,-8.00,-152.00,Credit Card,
T000170,2025-10-09 14:40,B04,M0320,Silver,In-store,Coffee,1,80,0.00,80.00,Credit Card,
T000171,2025-10-09 15:34,B01,M0090,Platinum,In-store,Coffee,3,115,17.25,327.75,QR PromptPay,5
T000172,2025-10-09 15:34,B02,M0081,Bronze,App,Coffee,1,115,0.00,115.00,Credit Card,5
T000171,2025-10-09 16:13,B01,M0090,Platinum,In-store,Coffee,-3,115,-17.25,-327.75,QR PromptPay,
T000173,2025-10-09 16:13,B04,M0154,Bronze,Delivery,Bakery,1,55,0.00,55.00,Credit Card,
T000174,2025-10-09 17:01,B06,M0094,Slvr,Delivery,Bakery,1,55,8.25,46.75,QR PromptPay,
T000175,2025-10-09 18:21,B02,M0143,Bronze,Delivery,Merchandise,1,325,0.00,325.00,Credit Card,4
T000176,2025-10-09 19:16,B02,M0140,Bronze,In-store,Bakery,2,70,0.00,140.00,QR PromptPay,4
T000177,2025-10-09 19:26,B06,M0063,Platinum,In-store,Tea,1,75,0.00,75.00,Credit Card,
T000178,2025-10-09 19:29,B03,M0164,Gold,App,Bakery,1,80,0.00,80.00,App Wallet,4
T000179,2025-10-10 07:27,B08,M0268,Silver,In-store,Bakery,1,70,0.00,70.00,Cash,
T000180,2025-10-10 07:46,B06,,,In-store,Coffee,1,80,0.00,80.00,Credit Card,
T000181,2025-10-10 07:46,B01,M0086,Gold,In-store,Tea,1,80,0.00,80.00,Cash,
T000179,2025-10-10 08:31,B08,M0268,Silver,In-store,Bakery,-1,70,-0.00,-70.00,Cash,
T000182,2025-10-10 08:39,B04,M0090,Platinum,In-store,Coffee,1,95,0.00,95.00,Credit Card,
T000183,2025-10-10 09:17,B03,M0221,Silver,App,Coffee,4,75,0.00,300.00,App Wallet,4
T000184,2025-10-10 09:36,B04,,,In-store,Merchandise,1,260,0.00,260.00,QR PromptPay,4
T000185,2025-10-10 10:28,B07,,,In-store,Coffee,1,100,0.00,100.00,Cash,5
T000186,2025-10-10 12:00,B08,M9403,Bronze,In-store,Coffee,2,65,0.00,130.00,QR PromptPay,
T000187,2025-10-10 12:08,B02,,,In-store,Coffee,1,80,0.00,80.00,Cash,
T000188,2025-10-10 12:50,B02,M0284,Platinum,App,Bakery,4,110,66.00,374.00,App Wallet,
T000189,2025-10-10 12:54,B04,M0291,Bronze,App,Coffee,1,85,0.00,85.00,App Wallet,
T000190,2025-10-10 12:56,B01,M0145,Silver,In-store,Tea,2,80,0.00,160.00,QR PromptPay,
T000191,2025-10-10 13:07,B01,,,In-store,Coffee,1,100,0.00,100.00,QR PromptPay,
T000192,2025-10-10 13:17,B07,M0079,Silver,In-store,Bakery,2,95,28.50,161.50,Credit Card,
T000193,2025-10-10 13:33,B01,M0183,Bronze,App,Coffee,4,110,0.00,440.00,Credit Card,5
T000194,2025-10-10 14:12,B06,,,Delivery,Tea,2,85,0.00,170.00,Credit Card,
T000195,2025-10-10 14:23,B07,,,App,Coffee,1,80,0.00,80.00,App Wallet,
T000195,2025-10-10 14:23,B07,,,App,Coffee,1,80,0.00,80.00,App Wallet,
T000196,2025-10-10 14:30,B07,M0120,Gold,App,Coffee,2,75,30.00,120.00,Credit Card,
T000197,2025-10-10 14:34,B07,,,In-store,Coffee,1,55,0.00,55.00,Cash,
T000198,2025-10-10 14:56,B8,,,In-store,Coffee,2,85,0.00,170.00,QR PromptPay,
T000199,2025-10-10 16:25,B05,M0165,Bronze,In-store,Coffee,4,95,0.00,380.00,Credit Card,
T000200,2025-10-10 18:07,B04,M0153,Silver,In-store,Coffee,1,85,0.00,85.00,Cash,2
T000201,2025-10-10 19:17,B07,M0065,Gld,In-store,Coffee,2,65,0.00,130.00,Credit Card,5
T000202,2025-10-10 19:51,B02,M0284,Platinum,Delivery,Bakery,3,70,0.00,210.00,Credit Card,3
T000203,2025-10-11 07:37,B03,,,In-store,Coffee,3,105,0.00,315.00,Credit Card,
T000204,2025-10-11 07:49,B02,,,In-store,Bakery,3,110,0.00,330.00,QR PromptPay,5
T000205,2025-10-11 07:59,B03,M0221,Silver,In-store,Coffee,1,110,0.00,110.00,QR PromptPay,4
T000206,2025-10-11 10:26,B01,,,App,Coffee,3,95,0.00,285.00,Credit Card,
T000207,2025-10-11 11:22,B08,M0187,Silver,In-store,Coffee,2,115,34.50,195.50,QR PromptPay,
T000208,2025-10-11 11:36,B05,M0281,Bronze,Delivery,Coffee,2,100,0.00,200.00,QR PromptPay,
T000209,2025-10-11 11:57,B08,,,In-store,Coffee,1,60,0.00,60.00,Cash,
T000210,2025-10-11 12:01,B02,M0325,Gold,Delivery,Bakery,2,105,42.00,168.00,Cash,
T000211,2025-10-11 12:12,B02,M0318,Bronze,In-store,Coffee,4,65,0.00,260.00,QR PromptPay,
T000212,2025-10-11 12:22,B01,M0139,Bronze,In-store,Bakery,2,70,21.00,119.00,QR PromptPay,
T000213,2025-10-11 12:43,B02,M0157,Gold,In-store,Bakery,1,105,0.00,105.00,QR PromptPay,
T000214,2025-10-11 12:55,B08,M0164,Gold,Delivery,Tea,1,80,0.00,80.00,Credit Card,
T000215,2025-10-11 13:02,B03,M0253,Bronze,In-store,Bakery,4,110,0.00,440.00,Credit Card,
T000216,2025-10-11 16:13,B08,M0204,Gold,In-store,Coffee,1,85,0.00,85.00,Cash,
T000217,2025-10-11 16:22,B07,,,In-store,Coffee,4,110,0.00,440.00,Cash,
T000218,2025-10-11 16:27,B08,,,Delivery,Bakery,1,60,0.00,60.00,Credit Card,
T000219,2025-10-11 16:30,B07,,,In-store,Bakery,1,55,0.00,55.00,Credit Card,
T000220,2025-10-11 16:48,B07,M0273,Gold,App,Coffee,2,60,0.00,120.00,Credit Card,5
T000221,2025-10-11 16:52,B04,M0090,Platinum,In-store,Bakery,3,75,45.00,180.00,Credit Card,
T000222,2025-10-11 17:09,B03,M0097,Bronze,App,Coffee,2,55,0.00,110.00,Credit Card,
T000223,2025-10-11 17:15,B06,M0242,Bronze,In-store,Coffee,1,55,0.00,55.00,Cash,
T000224,2025-10-11 17:18,B08,M0006,Gold,In-store,Coffee,4,95,0.00,380.00,Credit Card,3
T000225,2025-10-11 17:53,B07,,,In-store,Bakery,1,60,0.00,60.00,Cash,
T000226,2025-10-11 18:19,B06,M0094,Silver,In-store,Coffee,3,90,0.00,270.00,Credit Card,
T000227,2025-10-11 19:10,B06,M0155,Platinum,App,Coffee,1,75,11.25,63.75,Credit Card,
T000227,2025-10-11 19:29,B06,M0155,Platinum,App,Coffee,-1,75,-11.25,-63.75,Credit Card,
T000228,2025-10-12 08:41,B05,M0063,Platinum,In-store,Bakery,1,80,0.00,80.00,Cash,3
T000229,2025-10-12 10:50,B08,M0190,Bronze,In-store,Merchandise,1,755,0.00,755.00,QR PromptPay,
T000230,2025-10-12 10:59,B02,,,In-store,Coffee,1,90,0.00,90.00,QR PromptPay,3
T000231,2025-10-12 12:12,B06,M0240,Gold,In-store,Coffee,1,115,0.00,115.00,QR PromptPay,3
T000232,2025-10-12 12:42,B01,,,In store,Bakery,1,70,0.00,70.00,QR PromptPay,5
T000233,2025-10-12 13:37,B07,M0006,Gold,App,Coffee,2,75,0.00,150.00,Credit Card,4
T000234,2025-10-12 14:03,B05,M0025,Bronze,In-store,Coffee,3,70,0.00,210.00,Cash,
T000235,2025-10-12 15:34,B04,M0037,Bronze,In-store,Tea,4,90,0.00,360.00,Cash,4
T000236,2025-10-12 16:38,B08,M0275,Bronze,In-store,Merchandise,1,760,0.00,760.00,QR PromptPay,3
T000237,2025-10-12 16:45,B01,M0197,Silver,In-store,Coffee,1,55,0.00,55.00,QR PromptPay,3
T000238,2025-10-12 18:49,B07,,,Delivery,Coffee,1,95,0.00,95.00,QR PromptPay,
T000239,2025-10-12 19:21,B06,M0094,Silver,In-store,Coffee,3,115,0.00,345.00,QR PromptPay,3
T000240,2025-10-13 07:46,B02,,,App,Coffee,2,75,0.00,150.00,Credit Card,
T000240,2025-10-13 07:46,B02,,,App,Coffee,2,75,0.00,150.00,Credit Card,
T000241,2025-10-13 08:03,B08,,,App,Tea,2,50,0.00,100.00,Credit Card,
T000242,2025-10-13 08:22,B07,M0263,Bronze,In-store,Merchandise,4,585,0.00,2340.00,QR PromptPay,
T000243,2025-10-13 10:16,B08,M0006,Gold,In-store,Coffee,3,90,27.00,243.00,Cash,
T000244,2025-10-13 10:52,B01,,,in-store,Merchandise,1,325,0.00,325.00,QR PromptPay,4
T000245,2025-10-13 11:49,B02,,,App,Coffee,1,60,0.00,60.00,App Wallet,
T000246,2025-10-13 12:11,B01,M0197,Silver,App,Merchandise,2,280,0.00,560.00,Credit Card,
T000247,2025-10-13 12:34,B08,,,In-store,Bakery,3,70,0.00,210.00,Credit Card,
T000248,2025-10-13 12:41,B08,M0093,Bronze,In-store,Bakery,1,80,0.00,80.00,QR PromptPay,
T000249,2025-10-13 12:43,B08,M0237,Bronze,Delivery,Merchandise,1,320,0.00,320.00,Cash,
T000250,2025-10-13 13:32,B08,,,In-store,Coffee,2,85,0.00,170.00,QR PromptPay,
T000251,2025-10-13 14:10,B04,,,App,Tea,2,90,0.00,180.00,App Wallet,
T000252,2025-10-13 14:50,B06,M0241,Platinum,App,Bakery,4,80,0.00,320.00,App Wallet,
T000253,2025-10-13 15:10,B03,,,In-store,Coffee,1,65,0.00,65.00,Credit Card,
T000254,2025-10-13 15:46,B08,M0305,Silver,In-store,Tea,1,55,0.00,55.00,QR PromptPay,
T000255,2025-10-13 16:08,B07,,,In-store,Coffee,1,100,0.00,100.00,QR PromptPay,3
T000256,2025-10-13 16:46,B06,,,In-store,Coffee,3,60,0.00,180.00,Cash,
T000257,2025-10-13 16:50,B01,M9357,Bronze,Delivery,Coffee,1,60,0.00,60.00,QR PromptPay,
T000258,2025-10-14 07:25,B07,,,App,Bakery,4,45,0.00,180.00,Credit Card,2
T000259,2025-10-14 07:52,B02,M0200,GOLD,App,Bakery,1,฿90.00,0.00,90.00,Credit Card,
T000260,2025-10-14 08:11,B03,M0138,Silver,In-store,Bakery,1,105,0.00,105.00,QR PromptPay,
T000261,2025-10-14 08:31,B02,,,In-store,Coffee,1,75,0.00,75.00,Cash,
T000261,2025-10-14 08:31,B02,,,In-store,Coffee,1,75,0.00,75.00,Cash,
T000262,2025-10-14 09:36,B03,M0179,Platinum,App,Merchandise,1,620,93.00,527.00,Credit Card,3
T000263,2025-10-14 09:37,B02,M0054,Silver,in-store,Bakery,1,55,0.00,55.00,QR PromptPay,5
T000264,2025-10-14 09:42,B03,M0282,Bronze,App,Coffee,1,90,0.00,90.00,Credit Card,3
T000264,2025-10-14 10:20,B03,M0282,Bronze,App,Coffee,-1,90,-0.00,-90.00,Credit Card,
T000265,2025-10-14 11:17,B07,,,Delivery ,Bakery,2,60,0.00,120.00,QR PromptPay,
T000266,2025-10-14 12:17,B07,,,App,Merchandise,3,845,0.00,2535.00,Credit Card,
T000267,2025-10-14 12:44,B04,M0313,Bronze,Deliv.,Bakery,4,85,0.00,340.00,QR PromptPay,
T000268,2025-10-14 12:53,B07,M0263,Bronze,Delivery,Bakery,2,75,30.00,120.00,Credit Card,2
T000269,2025-10-14 12:58,B06,M0094,Silver,Instore,Bakery,1,50,0.00,50.00,QR PromptPay,5
T000270,2025-10-14 12:59,B03,,,In-store,Coffee,4,75,0.00,300.00,QR PromptPay,5
T000271,2025-10-14 13:15,B02,,,In-store,Coffee,2,95,0.00,190.00,Credit Card,
T000272,2025-10-14 13:52,B02,,,In-store,Merchandise,1,840,0.00,840.00,QR PromptPay,
T000273,2025-10-14 15:35,B04,M0197,SILVER,In-store,Coffee,1,75,0.00,75.00,QR PromptPay,3
T000274,2025-10-14 15:42,B03,M0138,Silver,In-store,Coffee,4,115,0.00,460.00,QR PromptPay,
T000275,2025-10-14 16:41,B07,M0032,Silver,In-store,Coffee,1,115,0.00,115.00,QR PromptPay,
T000276,2025-10-14 17:34,B05,M0325,Gold,In-store,Coffee,1,90,18.00,72.00,Credit Card,4
T000277,2025-10-14 18:43,B08,M0280,Silver,App,Coffee,1,60,3.00,57.00,App Wallet,
T000278,2025-10-15 07:00,B01,,,App,Tea,1,70,0.00,70.00,Credit Card,4
T000279,2025-10-15 07:43,B01,M0271,Gold,Instore,Coffee,1,75,0.00,75.00,Credit Card,
T000280,2025-10-15 09:00,B05,M0158,Silver,In-store,Tea,2,75,30.00,120.00,Credit Card,3
T000281,2025-10-15 09:59,B05,M0268,Silver,App,Coffee,1,110,11.00,99.00,Credit Card,
T000282,2025-10-15 10:12,B02,M9862,Bronze,App,Coffee,1,85,0.00,85.00,Credit Card,4
T000283,2025-10-15 10:29,B02,,,App,Coffee,4,60,0.00,240.00,App Wallet,
T000284,2025-10-15 11:55,B07,M0066,Silver,In-store,Coffee,3,60,18.00,162.00,QR PromptPay,
T000285,2025-10-15 12:02,B05,M0216,Gld,App,Coffee,2,115,46.00,184.00,Credit Card,3
T000286,2025-10-15 12:19,B01,M0181,Bronze,Delivery,Bakery,1,65,0.00,65.00,QR PromptPay,5
T000287,2025-10-15 12:22,B01,,,In-store,Coffee,1,100,0.00,100.00,Cash,
T000288,2025-10-15 12:26,B05,M0158,Silver,In-store,Tea,1,50,0.00,50.00,Credit Card,
T000289,2025-10-15 12:32,B03,M0134,Platinum,In-store,Bakery,4,55,44.00,176.00,Credit Card,4
T000284,2025-10-15 12:37,B07,M0066,Silver,In-store,Coffee,-3,60,-18.00,-162.00,QR PromptPay,
T000290,2025-10-15 14:30,B02,M0160,Bronze,App,Bakery,3,65,0.00,195.00,App Wallet,
T000291,2025-10-15 16:33,B01,M0052,Bronze,Delivery,Coffee,4,120,0.00,480.00,Cash,3
T000292,2025-10-15 16:39,B01,M0253,Bronze,Delivery,Coffee,2,120,0.00,240.00,Cash,
T000293,2025-10-15 17:19,B01,,,In-store,Bakery,1,80,0.00,80.00,Cash,
T000294,2025-10-15 17:20,B02,M0274,gold,In-store,Coffee,2,105,0.00,210.00,Cash,4
T000295,2025-10-15 17:32,B06,M0175,Silver,Delivery,Bakery,1,65,0.00,65.00,Cash,
T000296,2025-10-15 17:47,B03,M0177,Bronze,In-store,Coffee,1,100,0.00,100.00,QR PromptPay,3
T000297,2025-10-16 08:21,B03,,,In-store,Merchandise,1,705,0.00,705.00,QR PromptPay,
T000298,2025-10-16 08:46,B04,M0304,Gold,In-store,Coffee,3,75,0.00,225.00,QR PromptPay,
T000299,2025-10-16 08:47,B03,M0177,Brz,App,Coffee,4,115,69.00,391.00,Credit Card,2
T000300,2025-10-16 08:47,B05,M0197,Silver,App,Coffee,2,105,0.00,210.00,App Wallet,
T000301,2025-10-16 08:59,B03,M0221,Silver,App,Merchandise,1,390,0.00,390.00,App Wallet,4
T000302,2025-10-16 10:02,B01,,,App,Coffee,3,80,0.00,240.00,Credit Card,
T000303,2025-10-16 11:01,B08,M9799,Bronze,Delivery,Coffee,4,80,0.00,320.00,QR PromptPay,
T000304,2025-10-16 11:14,B07,M0079,Silver,App,Coffee,1,75,0.00,75.00,App Wallet,5
T000305,2025-10-16 12:55,B03,M0318,Brz,App,Coffee,4,70,0.00,280.00,App Wallet,
T000306,2025-10-16 13:03,B05,,,Delivery,Bakery,1,50,0.00,50.00,Cash,
T000307,2025-10-16 13:44,B02,M0274,Gold,In-store,Coffee,2,90,36.00,144.00,Cash,3
T000308,2025-10-16 13:46,B06,M0276,Gld,App,Bakery,1,80,0.00,80.00,App Wallet,
T000309,2025-10-16 15:06,B08,M0006,Gold,App,Coffee,2,70,28.00,112.00,App Wallet,
T000310,2025-10-16 15:33,B04,M0090,Platinum,In-store,Bakery,1,75,0.00,75.00,QR PromptPay,5
T000311,2025-10-16 16:03,B07,M0079,Silver,App,Coffee,1,65,0.00,65.00,Credit Card,
T000312,2025-10-16 16:58,B07,,,In-store,Bakery,1,60,0.00,60.00,QR PromptPay,
T000313,2025-10-16 17:17,B01,M0082,Gold,App,Coffee,1,110,0.00,110.00,App Wallet,5
T000314,2025-10-16 17:44,B01,M0294,Bronze,App,Tea,3,55,0.00,165.00,Credit Card,
T000315,2025-10-16 18:06,B03,M0261,Bronze,App,Coffee,2,85,0.00,170.00,Credit Card,3
T000316,2025-10-16 18:15,B07,M0126,Bronze,Delivery,Bakery,1,110,0.00,110.00,Cash,4
T000317,2025-10-16 19:14,B08,M0039,Silver,In-store,Coffee,4,80,16.00,304.00,Cash,
T000318,2025-10-16 19:24,B05,,,in-store,Coffee,1,75,0.00,75.00,QR PromptPay,
T000319,2025-10-17 07:42,B06,M0134,Platinum,In-store,Coffee,1,85,8.50,76.50,Cash,
T000319,2025-10-17 08:45,B06,M0134,Platinum,In-store,Coffee,-1,85,-8.50,-76.50,Cash,
T000320,2025-10-17 08:48,B08,,,In-store,Coffee,2,90,0.00,180.00,QR PromptPay,
T000321,2025-10-17 08:52,B05,M0091,Bronze,In-store,Merchandise,1,760,0.00,760.00,Credit Card,3
T000322,2025-10-17 09:32,B06,M0049,Platinum,App,Coffee,1,120,0.00,120.00,Credit Card,
T000323,2025-10-17 09:58,B03,M0175,Silver,In-store,Bakery,1,45,0.00,45.00,QR PromptPay,5
T000324,2025-10-17 10:25,B05,M0158,Silver,In-store,Coffee,3,120,0.00,360.00,Credit Card,
T000325,2025-10-17 12:21,B07,M0185,Silver,App,Coffee,1,70,3.50,66.50,App Wallet,5
T000326,2025-10-17 12:24,B02,M0210,Bronze,Delivery,Coffee,2,95,0.00,190.00,Credit Card,
T000327,2025-10-17 13:27,B02,M0194,Bronze,In-store,Bakery,1,45,0.00,45.00,Cash,5
T000328,2025-10-17 13:48,B02,M0063,Platinum,App,Coffee,1,115,0.00,115.00,Credit Card,4
T000329,2025-10-17 14:19,B03,M0075,Bronze,Delivery,Coffee,2,120,0.00,240.00,QR PromptPay,
T000330,2025-10-17 16:27,B03,M0261,Bronze,In-store,Coffee,1,65,0.00,65.00,Cash,
T000331,2025-10-17 16:46,B05,M0059,Bronze,In-store,Bakery,3,55,0.00,165.00,Cash,5
T000332,2025-10-17 16:49,B02,,,Delivery,Coffee,1,105,0.00,105.00,Cash,
T000333,2025-10-17 16:55,B05,M0059,Bronze,In-store,Bakery,4,45,0.00,180.00,Credit Card,
T000334,2025-10-17 17:05,B08,M0297,Bronze,In-store,Bakery,1,55,0.00,55.00,Cash,
T000335,2025-10-17 17:18,B05,,,In-store,Merchandise,1,710,0.00,710.00,QR PromptPay,
T000336,2025-10-17 18:54,B08,M0159,Silver,Delivery,Tea,1,70,0.00,70.00,Cash,
T000337,2025-10-17 19:02,B04,,,In-store,Coffee,1,65,0.00,65.00,Credit Card,5
T000338,2025-10-18 07:08,B04,M0259,Silver,Delivery,Coffee,1,55,0.00,55.00,QR PromptPay,4
T000339,2025-10-18 07:32,B08,,,App,Coffee,4,85,0.00,340.00,App Wallet,4
T000340,2025-10-18 07:41,B02,M0209,Bronze,In-store,Merchandise,1,400,0.00,400.00,Cash,
T000341,2025-10-18 08:26,B08,M0205,Silver,In-store,Coffee,1,115,0.00,115.00,Cash,
T000342,2025-10-18 09:03,B07,M0128,Bronze,In-store,Tea,2,70,0.00,140.00,Cash,5
T000343,2025-10-18 10:18,B06,M0329,Bronze,In-store,Tea,1,65,0.00,65.00,QR PromptPay,
T000344,2025-10-18 11:17,B07,M0270,Bronze,App,Bakery,4,105,0.00,420.00,Credit Card,
T000345,2025-10-18 11:38,B03,M0165,Bronze,Delivery,Bakery,1,100,5.00,95.00,QR PromptPay,
T000346,2025-10-18 11:40,B03,M0221,Silver,App,Coffee,3,85,12.75,242.25,App Wallet,
T000347,2025-10-18 13:23,B02,M0054,Silver,In-store,Tea,4,65,0.00,260.00,Cash,
T000348,2025-10-18 13:41,B01,,,App,Merchandise,2,595,0.00,1190.00,Credit Card,
T000349,2025-10-18 13:53,B02,,,App,Coffee,2,105,0.00,210.00,App Wallet,3
T000350,2025-10-18 13:58,B04,M0080,Silver,In-store,Bakery,2,85,25.50,144.50,Cash,4
T000351,2025-10-18 14:35,B03,M0125,Silver,In-store,Coffee,4,120,0.00,480.00,Cash,
T000352,2025-10-18 14:59,B02,M0200,Gold,In-store,Coffee,2,85,0.00,170.00,QR PromptPay,4
T000353,2025-10-18 15:16,B03,M9217,Silver,App,Tea,1,55,0.00,55.00,Credit Card,
T000354,2025-10-18 16:02,B05,M0303,Gold,In-store,Bakery,3,110,16.50,313.50,QR PromptPay,
T000355,2025-10-18 16:02,B01,,,In-store,Coffee,3,105,0.00,315.00,QR PromptPay,3
T000356,2025-10-18 16:14,B06,M0249,Silver,In-store,Coffee,1,60,12.00,48.00,Cash,
T000357,2025-10-18 16:54,B08,,,In-store,Coffee,4,95,0.00,380.00,Credit Card,3
T000358,2025-10-18 18:00,B04,M0206,Silver,Delivery,Coffee,2,55,0.00,110.00,Credit Card,
T000359,2025-10-18 18:12,B01,M0240,Gold,In-store,Coffee,2,60,0.00,120.00,Credit Card,
T000360,2025-10-18 18:54,B08,,,App,Bakery,4,110,0.00,440.00,App Wallet,
T000361,2025-10-18 19:37,B05,M0059,Bronze,In-store,Coffee,2,95,0.00,190.00,QR PromptPay,
T000362,2025-10-18 19:54,B01,M0235,Silver,In-store,Coffee,2,110,0.00,220.00,QR PromptPay,
T000363,2025-10-19 07:04,B04,M0030,Bronze,In-store,Coffee,3,105,0.00,315.00,QR PromptPay,
T000364,2025-10-19 07:06,B05,,,Delivery,Bakery,1,85,0.00,85.00,Credit Card,
T000365,2025-10-19 07:47,B02,M0253,Bronze,In-store,Coffee,2,120,0.00,240.00,QR PromptPay,
T000366,2025-10-19 08:13,B08,,,In-store,Coffee,1,120,0.00,120.00,Cash,4
T000367,2025-10-19 08:44,B06,,,Instore,Coffee,2,115,0.00,230.00,QR PromptPay,
T000368,2025-10-19 08:48,B03,,,In-store,Coffee,4,100,0.00,400.00,Credit Card,
T000369,2025-10-19 09:44,B01,,,In-store,Coffee,1,110,0.00,110.00,QR PromptPay,
T000370,2025-10-19 10:01,B03,M0312,Brz,In-store,Tea,1,70,0.00,70.00,QR PromptPay,2
T000371,2025-10-19 10:06,B06,M0134,Platinum,App,Tea,1,65,13.00,52.00,App Wallet,3
T000372,2025-10-19 10:41,B03,M0085,Slvr,In-store,Coffee,1,55,2.75,52.25,Credit Card,
T000372,2025-10-19 11:14,B03,M0085,Silver,In-store,Coffee,-1,55,-2.75,-52.25,Credit Card,
T000373,2025-10-19 11:36,B07,M0261,Bronze,In-store,Bakery,4,95,0.00,380.00,Cash,3
T000374,2025-10-19 11:54,B04,M0179,Platinum,Delivery,Coffee,1,90,18.00,72.00,Cash,
T000375,2025-10-19 12:17,B05,M0216,Gold,In-store,Coffee,1,105,0.00,105.00,Credit Card,
T000376,2025-10-19 12:32,B04,M0323,Gold,In-store,Merchandise,3,335,0.00,1005.00,QR PromptPay,
T000377,2025-10-19 12:45,B05,,,In-store,Coffee,1,110,0.00,110.00,QR PromptPay,
T000378,2025-10-19 13:47,B6,M0094,Silver,App,Bakery,1,75,0.00,75.00,Credit Card,
T000379,2025-10-19 13:53,B07,M0251,Bronze,App,Coffee,1,105,21.00,84.00,App Wallet,
T000380,2025-10-19 13:55,B01,M0253,Bronze,in-store,Merchandise,1,865,0.00,865.00,Cash,
T000381,2025-10-19 16:17,B06,,,In-store,Bakery,2,105,0.00,210.00,Credit Card,
T000382,2025-10-19 16:19,B03,M0108,Gold,In-store,Coffee,2,105,10.50,199.50,QR PromptPay,
T000383,2025-10-19 16:40,B05,M0303,Gold,In-store,Coffee,1,85,12.75,72.25,Credit Card,5
T000384,2025-10-19 17:02,B08,M0006,Gold,In-store,Tea,3,55,8.25,156.75,Credit Card,
T000385,2025-10-19 18:00,B02,,,In-store,Tea,1,฿70.00,0.00,70.00,QR PromptPay,
T000386,2025-10-20 08:05,B04,,,App,Coffee,2,85,0.00,170.00,Credit Card,4
T000387,2025-10-20 08:41,B02,M0080,Silver,Delivery,Coffee,1,55,0.00,55.00,Cash,
T000388,2025-10-20 08:54,B01,M0240,Gold,App,Bakery,3,85,0.00,255.00,Credit Card,
T000389,2025-10-20 08:56,B07,M0066,Silver,App,Coffee,4,70,56.00,224.00,App Wallet,
T000390,2025-10-20 09:53,B02,M0144,Gold,In-store,Coffee,1,90,9.00,81.00,QR PromptPay,3
T000391,2025-10-20 10:18,B03,,,In-store,Coffee,4,75,0.00,300.00,QR PromptPay,
T000392,2025-10-20 11:57,B07,M0185,Silver,App,Coffee,1,85,0.00,85.00,App Wallet,
T000393,2025-10-20 12:03,B02,M0325,Gold,In-store,Bakery,2,110,44.00,176.00,Cash,
T000394,2025-10-20 13:20,B05,M0330,Silver,In-store,Bakery,3,75,33.75,191.25,QR PromptPay,
T000395,2025-10-20 13:53,B07,M0030,Brz,App,Merchandise,1,535,0.00,535.00,App Wallet,2
T000396,2025-10-20 13:55,B01,M0271,Gold,Delivery,Coffee,1,85,12.75,72.25,Cash,3
T000397,2025-10-20 13:57,B05,M0158,Silver,In-store,Coffee,1,65,6.50,58.50,Cash,
T000397,2025-10-20 13:57,B05,M0158,Silver,In-store,Coffee,1,65,6.50,58.50,Cash,
T000398,2025-10-20 16:56,B02,M0288,Bronze,In-store,Coffee,2,120,0.00,240.00,Credit Card,
T000399,2025-10-20 17:09,B05,,,In-store,Tea,3,75,0.00,225.00,Cash,
T000400,2025-10-20 17:11,B07,M0079,Silver,APP,Coffee,3,80,0.00,240.00,Credit Card,
T000401,2025-10-20 17:30,B08,M0006,Gold,Delivery,Coffee,2,110,0.00,220.00,Credit Card,3
T000402,2025-10-20 17:38,B08,M0159,Silver,Deliv.,Bakery,1,95,0.00,95.00,Credit Card,4
T000403,2025-10-20 18:52,B02,M0143,Bronze,In-store,Coffee,1,75,0.00,75.00,Cash,5
T000404,2025-10-20 18:59,B07,M0245,Gold,Delivery,Bakery,1,85,0.00,85.00,Cash,4
T000405,2025-10-20 19:05,B06,M0088,Silver,App,Coffee,1,75,0.00,75.00,App Wallet,5
T000406,2025-10-21 07:48,B01,M0186,Platinum,Delivery,Merchandise,2,330,99.00,561.00,Credit Card,
T000407,2025-10-21 08:21,B01,M0126,Bronze,Delivery,Merchandise,1,375,0.00,375.00,Credit Card,
T000408,2025-10-21 08:32,B01,,,Delivery ,Merchandise,1,635,0.00,635.00,Cash,
T000409,2025-10-21 08:53,B07,M0161,Bronze,App,Coffee,2,75,0.00,150.00,App Wallet,3
T000410,2025-10-21 09:41,B03,M0031,Silver,In-store,Bakery,1,85,0.00,85.00,Credit Card,3
T000411,2025-10-21 10:26,B06,,,In-store,Coffee,4,60,0.00,240.00,QR PromptPay,
T000412,2025-10-21 10:36,B08,M0164,Gold,In-store,Coffee,1,75,0.00,75.00,QR PromptPay,5
T000413,2025-10-21 10:49,B06,,,App,Bakery,3,65,0.00,195.00,App Wallet,
T000414,2025-10-21 12:09,B04,M0093,Bronze,In-store,Merchandise,1,745,0.00,745.00,Credit Card,4
T000415,2025-10-21 12:13,b05,M0216,Gold,Delivery ,Coffee,1,55,0.00,55.00,QR PromptPay,
T000416,2025-10-21 12:17,B01,M0086,Gold,In-store,Bakery,3,110,66.00,264.00,Cash,
T000417,2025-10-21 12:40,B04,M9254,Brz,Mobile App,Coffee,1,115,0.00,115.00,Credit Card,
T000418,2025-10-21 12:49,B08,M0187,Silver,App,Bakery,1,95,0.00,95.00,Credit Card,
T000419,2025-10-21 12:53,B06,M0232,Bronze,In-store,Coffee,1,60,0.00,60.00,Credit Card,
T000420,2025-10-21 13:28,B01,,,App,Tea,1,70,0.00,70.00,App Wallet,
T000421,2025-10-21 13:48,B04,M0090,Platinum,App,Coffee,2,85,17.00,153.00,App Wallet,5
T000422,2025-10-21 14:32,B08,,,App,Coffee,1,85,0.00,85.00,Credit Card,
T000423,2025-10-21 14:33,B02,M0243,Bronze,In-store,Bakery,1,70,0.00,70.00,Credit Card,
T000424,2025-10-21 15:08,B08,,,In-store,Tea,1,60,0.00,60.00,QR PromptPay,4
T000425,2025-10-21 16:07,B01,,,In-store,Tea,2,60,0.00,120.00,QR PromptPay,4
T000426,2025-10-21 16:13,B06,M0276,Gold,In-store,Tea,3,60,0.00,180.00,Credit Card,2
T000427,2025-10-21 16:53,B06,M0094,Silver,App,Coffee,1,70,0.00,70.00,App Wallet,4
T000428,2025-10-21 17:05,B08,,,In-store,Coffee,3,85,0.00,255.00,QR PromptPay,
T000429,2025-10-21 18:12,B07,M0066,Silver,In-store,Coffee,1,55,0.00,55.00,QR PromptPay,
T000430,2025-10-21 19:52,B06,,,App,Coffee,1,120,0.00,120.00,Credit Card,
T000431,2025-10-22 07:29,B04,M0169,Silver,In-store,Tea,2,75,0.00,150.00,QR PromptPay,3
T000432,2025-10-22 09:52, B05,,,In-store,Coffee,1,70,0.00,70.00,Credit Card,3
T000433,2025-10-22 10:54,B07,M0017,Bronze,APP,Bakery,3,75,0.00,225.00,App Wallet,
T000434,2025-10-22 11:57,B07,M0209,Bronze,Delivery,Coffee,2,110,0.00,250.00,Credit Card,3
T000435,2025-10-22 12:00,B01,M0294,Bronze,App,Bakery,3,95,0.00,285.00,App Wallet,
T000436,2025-10-22 12:37,B02,,,In-store,Coffee,3,85,0.00,255.00,Credit Card,3
T000437,2025-10-22 12:42,B08,M0305,Silver,App,Merchandise,1,620,0.00,620.00,App Wallet,
T000438,2025-10-22 13:02,B02,M0325,Gold,Delivery,Merchandise,1,565,56.50,508.50,QR PromptPay,
T000439,2025-10-22 13:11,B03,,,App,Coffee,1,85,0.00,85.00,App Wallet,4
T000440,2025-10-22 13:36,B08,,,In-store,Bakery,2,110,0.00,220.00,QR PromptPay,
T000441,2025-10-22 14:26,B06,M0094,Silver,Delivery,Coffee,4,120,0.00,480.00,Cash,
T000442,2025-10-22 14:44,B03,M0249,Silver,Delivery,Tea,1,50,0.00,50.00,QR PromptPay,3
T000443,2025-10-22 15:26,B06,,,In-store,Bakery,1,45,0.00,45.00,Credit Card,
T000444,2025-10-22 15:48,B07,M0139,Bronze,In-store,Tea,1,55,0.00,55.00,Cash,
T000445,2025-10-22 16:00,B02,,,In-store,Coffee,4,95,0.00,380.00,QR PromptPay,3
T000446,2025-10-22 16:10,B07,M0221,Silver,In-store,Coffee,1,100,0.00,100.00,Cash,
T000447,2025-10-22 19:00,B01,M0197,Silver,In-store,Coffee,2,85,17.00,153.00,QR PromptPay,
T000448,2025-10-23 07:10,B01,M0186,Platinum,Delivery,Coffee,1,55,0.00,55.00,QR PromptPay,
T000449,2025-10-23 08:31,B03,,,In-store,Tea,1,75,0.00,75.00,Credit Card,
T000450,2025-10-23 09:18,B04,,,In-store,Coffee,4,105,0.00,420.00,Credit Card,
T000451,2025-10-23 09:45,B04,M0145,Silver,App,Coffee,1,65,3.25,61.75,Credit Card,
T000452,2025-10-23 11:32,B03,M0261,Bronze,App,Tea,4,55,0.00,220.00,App Wallet,4
T000453,2025-10-23 12:15,B04,M0206,Silver,In-store,Coffee,1,85,0.00,85.00,QR PromptPay,
T000454,2025-10-23 12:33,B01,,,In-store,Tea,2,55,0.00,110.00,QR PromptPay,
T000455,2025-10-23 12:39,B07,,,In-store,Coffee,2,55,0.00,110.00,QR PromptPay,3
T000456,2025-10-23 13:08,B08,M0054,Silver,Delivery,Coffee,1,55,0.00,55.00,QR PromptPay,4
T000457,2025-10-23 13:41,B06,,,In-store,Coffee,4,115,0.00,460.00,QR PromptPay,3
T000458,2025-10-23 14:26,B02,M0279,Bronze,In-store,Coffee,1,55,0.00,55.00,QR PromptPay,
T000459,2025-10-23 15:26,B08,M0155,Platinum,In-store,Bakery,2,80,0.00,160.00,Cash,
T000460,2025-10-23 15:54, B01,M0183,Bronze,In-store,Tea,4,50,10.00,190.00,Cash,4
T000461,2025-10-23 16:21,B07,M0112,Platinum,App,Coffee,3,80,0.00,240.00,App Wallet,5
T000462,2025-10-23 16:41,B08,M0104,Silver,In-store,Coffee,1,120,0.00,120.00,QR PromptPay,
T000463,2025-10-23 17:29,B03,M0031,Silver,Delivery,Bakery,4,85,17.00,323.00,Credit Card,4
T000464,2025-10-23 17:45,B04,,,App,Coffee,4,120,0.00,480.00,App Wallet,
T000465,2025-10-23 17:59,B05,M0288,Bronze,In-store,Coffee,1,55,0.00,55.00,Cash,
T000466,2025-10-23 18:06,B08,,,In-store,Tea,3,60,0.00,180.00,QR PromptPay,
T000467,2025-10-23 18:11,B06,M9632,Bronze,In-store,Bakery,2,95,0.00,190.00,Credit Card,
T000468,2025-10-23 18:13,B04,M0090,Platinum,In-store,Coffee,3,90,27.00,243.00,Cash,5
T000469,2025-10-23 18:16,B02,M0160,Bronze,In-store,Merchandise,1,745,0.00,745.00,QR PromptPay,3
T000469,2025-10-23 18:28,B02,M0160,Bronze,In-store,Merchandise,-1,745,-0.00,-745.00,QR PromptPay,
T000470,2025-10-23 19:50,B05,M0227,Bronze,In-store,Merchandise,1,275,0.00,275.00,Cash,
T000471,2025-10-24 07:29,B05,,,App,Merchandise,3,475,0.00,1425.00,Credit Card,
T000472,2025-10-24 08:06,B03,,,In-store,Coffee,3,55,0.00,165.00,Credit Card,
T000473,2025-10-24 09:31,B05,M0165,BRONZE,App,Coffee,1,95,0.00,95.00,Credit Card,4
T000474,2025-10-24 09:42,B01,M0052,Bronze,In-store,Tea,1,60,0.00,60.00,Credit Card,
T000475,2025-10-24 10:29,B07,,,App,Tea,1,70,0.00,70.00,App Wallet,
T000476,2025-10-24 12:02,B05,M0098,gold,Instore,Coffee,1,100,20.00,80.00,QR PromptPay,
T000477,2025-10-24 12:21,B05,M0165,Bronze,In-store,Bakery,1,90,0.00,90.00,QR PromptPay,
T000478,2025-10-24 13:24,B04,,,Delivery,Coffee,2,105,0.00,210.00,Credit Card,
T000479,2025-10-24 13:52,B07,M0119,Gold,App,Bakery,2,50,0.00,100.00,App Wallet,
T000480,2025-10-24 13:54,B08,,,App,Bakery,2,55,0.00,110.00,Credit Card,3
T000481,2025-10-24 14:51,B08,,,In-store,Tea,2,70,0.00,140.00,Credit Card,
T000482,2025-10-24 14:59,B03,,,In-store,Coffee,1,85,0.00,85.00,Cash,
T000483,2025-10-24 15:06,B01,M0294,Bronze,Delivery,Bakery,4,85,34.00,306.00,QR PromptPay,
T000484,2025-10-24 16:14,B03,M0121,Silver,In-store,Coffee,4,80,0.00,320.00,Credit Card,3
T000485,2025-10-24 16:22,B07,M0246,Bronze,In-store,Coffee,1,80,0.00,80.00,Cash,4
T000486,2025-10-24 16:39,B02,M0110,Silver,In-store,Coffee,2,120,0.00,240.00,Credit Card,4
T000487,2025-10-24 19:24,B01,,,In-store,Bakery,2,85,0.00,170.00,Cash,4
T000488,2025-10-25 07:00,B04,,,App,Tea,4,85,0.00,340.00,App Wallet,
T000489,2025-10-25 07:51,B05,,,App,Coffee,1,120,0.00,120.00,App Wallet,4
T000490,2025-10-25 08:04,B03,,,In-store,Coffee,1,120,0.00,120.00,QR PromptPay,5
T000491,2025-10-25 08:05,B08,M9217,silver,App,Coffee,1,105,0.00,105.00,App Wallet,
T000492,2025-10-25 08:08,B3,M0175,Silver,In-store,Tea,4,90,0.00,360.00,Cash,
T000493,2025-10-25 08:40,B02,,,In-store,Bakery,3,110,0.00,330.00,Cash,
T000494,2025-10-25 09:14,B07,M0017,Bronze,In-store,Coffee,1,110,0.00,110.00,QR PromptPay,
T000495,2025-10-25 12:16,B05,M0299,Platinum,App,Coffee,2,110,22.00,198.00,Credit Card,3
T000496,2025-10-25 12:21,B03,,,In-store,Coffee,1,65,0.00,65.00,QR PromptPay,1
T000497,2025-10-25 12:26,B06,M0181,Bronze,In store,Bakery,1,105,0.00,105.00,Cash,
T000498,2025-10-25 12:59,B01,M0186,Platinum,App,Coffee,3,60,36.00,144.00,App Wallet,3
T000499,2025-10-25 13:00,B07,,,App,Tea,2,80,0.00,160.00,Credit Card,
T000500,2025-10-25 13:30,B08,M0278,Bronze,In-store,Coffee,1,110,0.00,110.00,QR PromptPay,
T000501,2025-10-25 13:56,B01,M0227,Bronze,Delivery,Tea,1,95,14.25,80.75,Credit Card,
T000502,2025-10-25 14:08,B08,M0050,Bronze,In-store,Coffee,1,65,0.00,65.00,Credit Card,4
T000503,2025-10-25 14:21,B07,M0121,Silver,Delivery,Tea,1,55,0.00,55.00,Credit Card,3
T000502,2025-10-25 15:18,B08,M0050,Bronze,In-store,Coffee,-1,65,-0.00,-65.00,Credit Card,
T000504,2025-10-25 15:24,B06,,,In-store,Bakery,1,100,0.00,100.00,QR PromptPay,
T000505,2025-10-25 16:03,B07,,,Delivery,Tea,3,50,0.00,150.00,Cash,
T000506,2025-10-25 16:36,B06,M0104,Silver,Delivery ,Tea,1,60,9.00,51.00,Cash,5
T000507,2025-10-25 17:31,B08,,,App,Bakery,3,75,0.00,225.00,Credit Card,
T000508,2025-10-25 17:41,B07,M0148,Silver,Delivery,Coffee,3,65,0.00,195.00,Credit Card,
T000509,2025-10-25 18:23,B04,,,Delivery,Coffee,1,110,0.00,110.00,QR PromptPay,
T000510,2025-10-25 19:10,B01,M0151,Bronze,App,Merchandise,1,725,145.00,580.00,App Wallet,4
T000511,2025-10-25 19:12,B06,M0094,Silver,In-store,Tea,2,50,0.00,100.00,QR PromptPay,
T000512,2025-10-25 19:40,B04,,,Delivery,Coffee,3,60,0.00,180.00,Cash,
T000513,2025-10-26 07:13,B02,M0081,Bronze,App,Coffee,4,115,0.00,460.00,Credit Card,
T000514,2025-10-26 07:38,B05,M0037,Bronze,App,Bakery,3,75,0.00,225.00,Credit Card,
T000515,2025-10-26 08:00,B03,,,In-store,Coffee,1,80,0.00,80.00,Cash,
T000516,2025-10-26 08:05,B08,M0305,Silver,In-store,Coffee,2,120,0.00,240.00,QR PromptPay,5
T000517,2025-10-26 09:15,b03,,,App,Coffee,2,110,0.00,220.00,Credit Card,3
T000518,2025-10-26 09:31,B04,M0153,Silver,In-store,Bakery,1,110,0.00,110.00,Cash,
T000519,2025-10-26 10:39,B04,M0206,Silver,In-store,Bakery,2,70,28.00,112.00,QR PromptPay,
T000520,2025-10-26 11:20,B01,M0052,Bronze,App,Coffee,2,115,0.00,230.00,App Wallet,4
T000521,2025-10-26 12:00,B07,,,In-store,Bakery,1,95,0.00,95.00,QR PromptPay,
T000522,2025-10-26 12:18,B07,M0270,Bronze,In-store,Tea,3,65,0.00,195.00,Credit Card,
T000523,2025-10-26 12:51,B05,M0088,Silver,In-store,Tea,2,55,0.00,110.00,Credit Card,
T000524,2025-10-26 12:58,B04,M0242,Bronze,In-store,Merchandise,2,560,0.00,1120.00,Credit Card,
T000525,2025-10-26 14:52,B07,,,App,Coffee,1,115,0.00,115.00,App Wallet,
T000526,2025-10-26 15:04,B03,M0261,Bronze,In-store,Coffee,4,85,0.00,340.00,QR PromptPay,
T000527,2025-10-26 15:08,B01,M0186,Platinum,In-store,Tea,2,65,0.00,130.00,QR PromptPay,
T000528,2025-10-27 08:07,B07,M0184,Bronze,In-store,Bakery,1,110,0.00,110.00,Cash,4
T000529,2025-10-27 08:21,B06,,,In-store,Coffee,2,70,0.00,140.00,Cash,
T000530,2025-10-27 08:21,B04,M0181,Bronze,In-store,Coffee,1,70,7.00,63.00,Credit Card,
T000531,2025-10-27 08:22,B03,M0318,Bronze,In-store,Coffee,4,60,0.00,240.00,QR PromptPay,
T000532,2025-10-27 09:56,B02,,,Delivery,Coffee,2,65,0.00,130.00,Cash,
T000533,2025-10-27 11:22,B06,M0197,Silver,App,Tea,4,55,11.00,209.00,Credit Card,3
T000534,2025-10-27 12:15,B07,M0186,platinum,App,Coffee,2,85,0.00,170.00,Credit Card,
T000535,2025-10-27 12:16,B03,,,App,Coffee,4,80,0.00,320.00,Credit Card,
T000536,2025-10-27 12:16,B01,M0151,Bronze,In-store,Merchandise,1,345,0.00,345.00,QR PromptPay,
T000537,2025-10-27 12:49,B03,,,In-store,Bakery,1,85,0.00,85.00,Cash,
T000538,2025-10-27 12:56,B07,,,In-store,Bakery,1,45,0.00,45.00,Cash,
T000539,2025-10-27 13:06,B05,M0330,Silver,In-store,Coffee,3,120,0.00,360.00,Cash,
T000540,2025-10-27 13:48,B06,,,App,Bakery,2,95,0.00,190.00,Credit Card,
T000541,2025-10-27 14:30,B02,M0274,Gold,In store,Coffee,3,85,0.00,255.00,Credit Card,3
T000542,2025-10-27 15:02,B02,M0160,Brz,In-store,Coffee,1,55,5.50,49.50,Cash,
T000543,2025-10-27 15:06,B05,,,App,Coffee,2,110,0.00,220.00,Credit Card,
T000544,2025-10-27 15:24,B02,,,In-store,Coffee,1,90,0.00,90.00,Cash,4
T000542,2025-10-27 15:25,B02,M0160,Bronze,In-store,Coffee,-1,55,-5.50,-49.50,Cash,
T000545,2025-10-27 15:39,B02,,,Delivery,Coffee,48,90,0.00,4320.00,Credit Card,5
T000546,2025-10-27 16:53,B02,M0181,BRONZE,App,Coffee,4,95,0.00,380.00,Credit Card,
T000547,2025-10-27 19:46,B02,M0160,Bronze,In-store,Coffee,1,100,0.00,100.00,Credit Card,
T000548,2025-10-28 07:01,B04,M0323,GOLD,App,Coffee,3,100,30.00,270.00,App Wallet,
T000549,2025-10-28 08:00,B03,M0085,Silver,In-store,Coffee,2,115,0.00,230.00,Credit Card,
T000550,2025-10-28 08:06,B05,M0227,BRONZE,Delivery,Merchandise,1,275,0.00,275.00,Cash,
T000551,2025-10-28 08:14,B01,M0151,Bronze,App,Coffee,1,80,0.00,80.00,Credit Card,
T000552,2025-10-28 08:16,B04,M0268,Silver,In-store,Coffee,4,85,0.00,340.00,QR PromptPay,
T000553,2025-10-28 08:39,B01,,,App,Coffee,1,60,0.00,60.00,App Wallet,
T000554,2025-10-28 09:07,B08,,,App,Bakery,1,70,0.00,70.00,App Wallet,
T000555,2025-10-28 09:11,B01,M0009,Bronze,App,Coffee,1,115,0.00,115.00,Credit Card,4
T000556,2025-10-28 09:15,B02,M0325,Gold,Delivery,Tea,1,95,0.00,95.00,QR PromptPay,2
T000557,2025-10-28 09:41,B01,M0086,Gold,In-store,Coffee,2,105,42.00,168.00,Cash,
T000558,2025-10-28 09:47,B01,,,In-store,Merchandise,1,765,0.00,825.00,QR PromptPay,
T000559,2025-10-28 10:09,B01,M0069,Silver,In-store,Tea,1,80,0.00,80.00,QR PromptPay,
T000560,2025-10-28 10:57,B08,M0187,Silver,In-store,Coffee,1,100,10.00,90.00,Cash,3
T000561,2025-10-28 11:36,B08,,,App,Bakery,4,50,0.00,200.00,Credit Card,
T000562,2025-10-28 11:57,B08,M0142,Bronze,App,Coffee,2,85,0.00,170.00,App Wallet,3
T000563,2025-10-28 12:04,B07,M0184,Bronze,App,Bakery,1,85,0.00,85.00,Credit Card,2
T000564,2025-10-28 12:18,B04,M0093,Bronze,App,Coffee,1,65,0.00,65.00,App Wallet,3
T000565,2025-10-28 13:23,B04,M0090,Platinum,In-store,Bakery,1,100,0.00,100.00,Cash,5
T000565,2025-10-28 13:33,B04,M0090,Platinum,In-store,Bakery,-1,100,-0.00,-100.00,Cash,
T000566,2025-10-28 13:38,B04,M0263,bronze,App,Tea,1,90,0.00,90.00,App Wallet,
T000567,2025-10-28 13:57,B05,,,In-store,Coffee,1,60,0.00,60.00,QR PromptPay,
T000568,2025-10-28 17:46,B01,,,In-store,Coffee,1,70,0.00,70.00,Credit Card,3
T000569,2025-10-28 18:01,B02,M0160,Bronze,In-store,Coffee,4,75,0.00,300.00,QR PromptPay,
T000570,2025-10-28 18:03,B01,M0183,Bronze,In-store,Tea,3,90,0.00,270.00,QR PromptPay,3
T000571,2025-10-28 19:30,B03,,,Delivery,Coffee,4,100,0.00,400.00,QR PromptPay,2
T000572,2025-10-28 19:46,B08,M0223,Bronze,App,Coffee,2,90,0.00,180.00,App Wallet,
T000573,2025-10-29 07:05,B04,M0179,Platinum,In-store,Bakery,1,75,15.00,60.00,Credit Card,
T000574,2025-10-29 07:25,B04,M0085,Silver,In-store,Coffee,1,60,6.00,54.00,QR PromptPay,3
T000575,2025-10-29 08:26,B07,M0079,Silver,In-store,Bakery,1,65,6.50,58.50,QR PromptPay,
T000576,2025-10-29 08:36,B01,M0186,Platinum,In-store,Coffee,2,80,8.00,152.00,Cash,
T000577,2025-10-29 09:35,B01,M0084,Silver,App,Merchandise,4,650,520.00,2080.00,Credit Card,4
T000578,2025-10-29 11:53,B01,M0082,Gold,App,Coffee,1,110,11.00,99.00,Credit Card,5
T000579,2025-10-29 12:34,B01,M0168,Silver,App,Bakery,1,110,0.00,110.00,Credit Card,4
T000580,2025-10-29 12:39,B07,M0279,Bronze,In-store,Bakery,1,105,0.00,105.00,Credit Card,
T000581,2025-10-29 13:10,B07,,,App,Bakery,1,85,0.00,85.00,App Wallet,
T000582,2025-10-29 13:38,B03,,,App,Coffee,1,120,0.00,120.00,Credit Card,
T000583,2025-10-29 13:46,B08,M0159,silver,In-store,Coffee,2,95,38.00,152.00,Cash,
T000584,2025-10-29 13:49,B07,M0158,Silver,Delivery,Merchandise,1,790,158.00,632.00,Cash,4
T000585,2025-10-29 14:44,B04,M0197,silver,App,Merchandise,1,395,0.00,395.00,App Wallet,
T000585,2025-10-29 14:58,B04,M0197,Slvr,App,Merchandise,-1,395,-0.00,-395.00,App Wallet,
T000586,2025-10-29 14:58,B07,,,In-store,Bakery,3,110,0.00,330.00,Credit Card,
T000587,2025-10-29 16:49,B07,M0120,Gld,Delivery,Coffee,4,80,0.00,320.00,QR PromptPay,
T000588,2025-10-29 16:55,B07,,,App,Coffee,2,70,0.00,140.00,Credit Card,
T000589,2025-10-30 07:49,B05,,,In-store,Coffee,2,55,0.00,110.00,QR PromptPay,
T000590,2025-10-30 08:24,B03,M0209,Bronze,In-store,Bakery,4,65,0.00,260.00,QR PromptPay,
T000591,2025-10-30 08:32,B02,M0308,Bronze,App,Bakery,1,95,0.00,95.00,Credit Card,
T000592,2025-10-30 08:54,B04,,,In-store,Coffee,1,60,0.00,120.00,QR PromptPay,
T000593,2025-10-30 09:20,B06,M0037,Bronze,In-store,Coffee,4,75,0.00,300.00,Credit Card,5
T000594,2025-10-30 11:21,B07,M0079,Silver,In-store,Coffee,2,85,0.00,170.00,QR PromptPay,5
T000595,2025-10-30 12:20,B03,M0181,Bronze,In-store,Coffee,4,110,0.00,440.00,QR PromptPay,5
T000596,2025-10-30 12:27,B08,,,Delivery,Bakery,1,70,0.00,70.00,Cash,4
T000597,2025-10-30 12:36,B01,M0052,Bronze,App,Merchandise,2,520,208.00,832.00,Credit Card,4
T000598,2025-10-30 12:37,B05,,,App,Bakery,1,105,0.00,105.00,Credit Card,
T000599,2025-10-30 12:42,B02,M0160,Bronze,App,Coffee,2,90,9.00,171.00,Credit Card,
T000600,2025-10-30 13:15,B08,M0050,Bronze,Delivery,Bakery,1,50,2.50,47.50,Credit Card,
T000601,2025-10-30 13:39,B02,M0144,Gold,In-store,Bakery,1,90,0.00,90.00,QR PromptPay,3
T000602,2025-10-30 13:46,B06,M0324,Gold,App,Coffee,2,70,0.00,140.00,App Wallet,
T000603,2025-10-30 16:07,B05,M0330,Silver,Delivery,Coffee,1,110,0.00,110.00,Credit Card,5
T000604,2025-10-30 16:19,B06,,,Delivery,Bakery,77,70,0.00,5390.00,Credit Card,
T000605,2025-10-30 18:39,B04,,,In-store,Coffee,2,110,0.00,220.00,Cash,
T000606,2025-10-30 19:12,B07,M0185,Silver,In-store,Coffee,2,90,0.00,180.00,QR PromptPay,
T000607,2025-10-30 19:26,B03,M0107,Gold,In-store,Coffee,3,55,8.25,156.75,Credit Card,5
T000608,2025-10-30 19:39,B07,,,In-store,Coffee,1,100,0.00,100.00,Credit Card,
T000609,2025-10-31 07:33,B02,M0243,BRONZE,In-store,Bakery,2,฿85,0.00,170.00,Cash,5
T000610,2025-10-31 08:27,B02,M0028,Bronze,Delivery,Coffee,2,105,0.00,210.00,QR PromptPay,4
T000611,2025-10-31 09:08,B03,M0323,Gold,In-store,Coffee,2,60,6.00,114.00,Credit Card,4
T000612,2025-10-31 09:28,B06,,,In-store,Bakery,4,75,0.00,300.00,Cash,3
T000613,2025-10-31 09:50,B04,,,App,Coffee,2,55,0.00,110.00,App Wallet,
T000614,2025-10-31 10:59,B04,M0179,Platinum,Deliv.,Bakery,2,65,0.00,130.00,QR PromptPay,5
T000615,2025-10-31 11:36,B04,M0320,Silver,In-store,Coffee,4,110,0.00,440.00,QR PromptPay,
T000616,2025-10-31 12:32,B08,M0039,Silver,In-store,Coffee,1,105,0.00,105.00,QR PromptPay,5
T000617,2025-10-31 13:43,B04,M0065,Gold,Delivery,Bakery,3,60,0.00,180.00,Cash,
T000618,2025-10-31 13:53,B06,M0232,Bronze,App,Coffee,1,75,15.00,60.00,Credit Card,
T000619,2025-10-31 14:17,B03,M0075,Bronze,Delivery,Coffee,1,55,0.00,55.00,QR PromptPay,4
T000620,2025-10-31 15:21,B08,M0237,Bronze,In-store,Bakery,2,105,21.00,189.00,QR PromptPay,3
T000621,2025-10-31 16:06,B01,,,Delivery,Coffee,1,65,0.00,65.00,QR PromptPay,4
T000622,2025-10-31 16:18,B07,M0198,Bronze,In-store,Tea,1,70,0.00,70.00,Cash,
T000623,2025-10-31 16:25,B07,M0296,Bronze,In-store,Merchandise,1,520,0.00,520.00,QR PromptPay,5
T000624,2025-10-31 16:37,B01,M0194,Bronze,In-store,Coffee,1,60,0.00,60.00,Credit Card,
T000625,2025-10-31 19:50,B08,M0275,Bronze,In-store,Coffee,2,80,0.00,160.00,Cash,
T000626,2025-11-01 08:03,B02,M0144,Gold,In-store,Tea,1,85,0.00,85.00,QR PromptPay,3
T000627,2025-11-01 08:36,B06,M0271,Gold,In-store,Coffee,2,120,0.00,240.00,QR PromptPay,
T000628,2025-11-01 08:51,B07,,,App,Coffee,3,115,0.00,345.00,App Wallet,
T000629,2025-11-01 09:23,B03,M0108,Gold,App,Bakery,1,90,0.00,90.00,App Wallet,
T000630,2025-11-01 09:50,B06,M0154,Bronze,In-store,Coffee,1,110,0.00,110.00,Cash,
T000631,2025-11-01 10:15,B04,,,In-store,Bakery,1,90,0.00,90.00,Credit Card,3
T000632,2025-11-01 11:04,B01,M0271,Gold,App,Bakery,1,85,12.75,72.25,Credit Card,
T000633,2025-11-01 12:17,B02,,,In-store,Tea,1,55,0.00,55.00,Cash,5
T000634,2025-11-01 12:20,B03,M0097,Bronze,App,Coffee,1,110,5.50,104.50,App Wallet,3
T000635,2025-11-01 12:37,B06,M0324,Gold,In-store,Tea,1,90,0.00,90.00,Credit Card,
T000636,2025-11-01 12:56,B03,,,Instore,Tea,1,55,0.00,55.00,QR PromptPay,
T000637,2025-11-01 13:21,B04,M0179,platinum,App,Coffee,1,95,4.75,90.25,App Wallet,
T000638,2025-11-01 13:29,B04,M0217,Silver,app,Merchandise,1,505,0.00,505.00,Credit Card,3
T000639,2025-11-01 13:33,B02,M0011,Gold,App,Tea,4,95,0.00,380.00,Credit Card,
T000640,2025-11-01 13:55,B06,,,Delivery,Coffee,4,90,0.00,360.00,QR PromptPay,4
T000641,2025-11-01 15:23,B05,,,In-store,Bakery,1,65,0.00,65.00,Cash,
T000642,2025-11-01 16:45,B03,M0329,Bronze,Delivery,Coffee,1,115,0.00,115.00,Cash,
T000643,2025-11-01 16:49,B01,,,In-store,Coffee,2,70,0.00,140.00,Credit Card,
T000644,2025-11-01 16:52,B08,M0130,Bronze,App,Bakery,1,110,5.50,104.50,Credit Card,
T000645,2025-11-01 18:02,B04,,,In-store,Coffee,1,60,0.00,60.00,Credit Card,
T000646,2025-11-01 18:13,B05,M0091,Bronze,In-store,Bakery,1,80,12.00,68.00,Credit Card,4
T000647,2025-11-01 18:13,B04,M0323,Gold,In-store,Merchandise,1,430,43.00,387.00,Cash,4
T000648,2025-11-01 19:45,B03,M0221,Silver,In-store,Coffee,1,80,0.00,80.00,QR PromptPay,
T000649,2025-11-02 07:13,B07,M0130,Bronze,In-store,Tea,1,80,0.00,80.00,Credit Card,
T000650,2025-11-02 07:53,B07,,,In-store,Coffee,1,120,0.00,120.00,QR PromptPay,
T000651,2025-11-02 08:24,B05,,,In-store,Tea,2,60,0.00,120.00,QR PromptPay,
T000652,2025-11-02 08:34,B05,M0158,Silver,Delivery,Coffee,1,105,10.50,94.50,QR PromptPay,
T000653,2025-11-02 08:39,B03,,,App,Coffee,1,120,0.00,120.00,App Wallet,
T000654,2025-11-02 08:48,B05,M0178,SILVER,In-store,Tea,1,55,0.00,55.00,Credit Card,
T000655,2025-11-02 08:49,B04,M0153,Silver,In-store,Coffee,1,85,17.00,68.00,QR PromptPay,3
T000656,2025-11-02 10:09,B05,M0052,Bronze,App,Bakery,1,95,0.00,95.00,App Wallet,
T000657,2025-11-02 10:17,B07,,,Delivery,Bakery,3,90,0.00,270.00,Cash,
T000658,2025-11-02 11:06,B08,M0268,Silver,App,Tea,1,75,0.00,75.00,App Wallet,3
T000659,2025-11-02 11:16,B01,,,Delivery,Tea,2,50,0.00,100.00,Cash,
T000660,2025-11-02 11:16,B02,M0160,Bronze,App,Coffee,1,75,0.00,75.00,App Wallet,
T000661,2025-11-02 12:09,B01,M0060,Bronze,Deliv.,Coffee,1,110,0.00,110.00,QR PromptPay,3
T000662,2025-11-02 12:18,B08,,,in-store,Tea,1,80,0.00,80.00,Cash,
T000663,2025-11-02 12:32,B04,M0153,Silver,APP,Tea,1,80,16.00,64.00,App Wallet,4
T000664,2025-11-02 13:02,B04,M0090,Platinum,In-store,Bakery,2,65,0.00,130.00,QR PromptPay,5
T000665,2025-11-02 13:22,B07,M0094,Silver,App,Coffee,4,55,0.00,220.00,Credit Card,
T000666,2025-11-02 13:31,B05,M0138,Silver,In-store,Coffee,2,55,0.00,110.00,QR PromptPay,
T000667,2025-11-02 13:38,B08,,,App,Coffee,2,65,0.00,130.00,App Wallet,
T000668,2025-11-02 14:20,B03,,,In-store,Coffee,1,85,0.00,85.00,Credit Card,
T000669,2025-11-02 14:31,B05,M0090,Platinum,In-store,Bakery,1,50,7.50,42.50,Credit Card,
T000670,2025-11-02 15:00,B03,M0261,Bronze,App,Tea,2,55,0.00,110.00,App Wallet,
T000671,2025-11-02 15:11,B03,M0272,Silver,In-store,Coffee,1,65,0.00,65.00,Credit Card,
T000672,2025-11-02 15:16,B06,,,In-store,Coffee,1,80,0.00,80.00,Credit Card,
T000673,2025-11-02 15:28,B08,,,APP,Tea,4,90,0.00,360.00,Credit Card,3
T000674,2025-11-02 15:54,B03,,,In-store,Coffee,3,95,0.00,285.00,Cash,
T000675,2025-11-02 16:50,B03,M0025,Bronze,In store,Coffee,1,55,0.00,55.00,Credit Card,4
T000676,2025-11-02 16:55,B04,M0203,Bronze,In-store,Bakery,2,100,0.00,200.00,Credit Card,
T000677,2025-11-02 17:26,B02,,,App,Bakery,1,75,0.00,75.00,Credit Card,
T000678,2025-11-02 18:16,B07,M0066,Silver,App,Coffee,2,100,0.00,200.00,App Wallet,
T000679,2025-11-02 18:35,B06,M0042,Gold,App,Bakery,4,85,17.00,323.00,App Wallet,4
T000680,2025-11-02 19:10,B04,M0011,Gold,In-store,Tea,1,80,0.00,80.00,Cash,5
T000681,2025-11-02 19:12,B08,M0067,Bronze,In-store,Bakery,4,105,0.00,420.00,Credit Card,5
T000682,2025-11-02 19:44,B05,M0063,Platinum,In-store,Coffee,2,105,21.00,189.00,Cash,3
T000683,2025-11-02 19:47,B02,M0081,Bronze,In-store,Coffee,3,105,0.00,315.00,QR PromptPay,5
T000684,2025-11-02 19:55,B03,,,App,Coffee,1,120,0.00,120.00,App Wallet,
T000685,2025-11-03 07:10,B03,M0318,Bronze,Delivery,Coffee,3,115,69.00,276.00,QR PromptPay,3
T000686,2025-11-03 07:17,B07,,,In-store,Bakery,2,65,0.00,130.00,Cash,
T000687,2025-11-03 08:07,B02,M0160,Bronze,In-store,Coffee,2,100,0.00,200.00,QR PromptPay,3
T000688,2025-11-03 08:42,B01,M0240,Gold,Delivery,Coffee,1,95,4.75,90.25,Cash,
T000689,2025-11-03 08:48,B05,,,App,Coffee,1,100,0.00,100.00,App Wallet,
T000690,2025-11-03 10:42,B03,M0272,Silver,App,Tea,1,60,9.00,51.00,App Wallet,
T000691,2025-11-03 12:05,B01,M0194,Bronze,Delivery,Coffee,1,60,12.00,48.00,Cash,
T000692,2025-11-03 12:06,B08,M0142,Bronze,In-store,Coffee,1,75,7.50,67.50,QR PromptPay,
T000693,2025-11-03 12:53,B02,M0313,Bronze,App,Coffee,2,90,0.00,180.00,Credit Card,
T000694,2025-11-03 12:55,B02,M0160,Bronze,In-store,Coffee,1,110,0.00,110.00,QR PromptPay,3
T000695,2025-11-03 13:38,B02,M0274,Gold,In-store,Bakery,1,110,0.00,110.00,QR PromptPay,
T000696,2025-11-03 13:45,B02,,,In-store,Coffee,1,95,0.00,95.00,Credit Card,5
T000697,2025-11-03 13:49,B04,M0024,Silver,Delivery,Coffee,1,55,2.75,52.25,Credit Card,
T000698,2025-11-03 13:51,B03,M0282,Bronze,Delivery,Bakery,2,50,0.00,100.00,Credit Card,
T000699,2025-11-03 13:52,B07,,,In-store,Coffee,1,65,0.00,65.00,QR PromptPay,
T000700,2025-11-03 13:52,B05,,,In-store,Coffee,2,120,0.00,240.00,Cash,
T000701,2025-11-03 13:54,B02,M0158,Silver,In-store,Bakery,4,75,30.00,270.00,Credit Card,
T000702,2025-11-03 14:20,B04,M0304,Gold,Delivery,Bakery,1,90,0.00,90.00,QR PromptPay,4
T000703,2025-11-03 14:51,B03,M0112,Platinum,In-store,Coffee,3,85,12.75,242.25,QR PromptPay,5
T000704,2025-11-03 15:22,B05,,,In-store,Tea,1,75,0.00,75.00,QR PromptPay,
T000705,2025-11-03 16:10,B02,M0054,Silver,In-store,Bakery,1,110,5.50,104.50,QR PromptPay,4
T000706,2025-11-03 16:11,B07,M0209,Bronze,Delivery,Tea,1,80,12.00,68.00,Credit Card,5
T000707,2025-11-03 16:14,B07,M0079,Silver,App,Merchandise,2,635,0.00,1270.00,Credit Card,
T000708,2025-11-03 18:15,B02,,,In-store,Coffee,1,110,0.00,110.00,QR PromptPay,4
T000709,2025-11-03 18:49,B04,M0093,Bronze,In-store,Bakery,1,105,0.00,105.00,QR PromptPay,5
T000710,2025-11-03 19:31,B02,,,App,Coffee,2,95,0.00,190.00,Credit Card,3
T000711,2025-11-04 07:03,B03,,,In-store,Bakery,1,45,0.00,45.00,Credit Card,
T000712,2025-11-04 07:20,B07,M0073,Gold,delivery,Coffee,2,105,0.00,210.00,QR PromptPay,
T000713,2025-11-04 07:25,B03,M0246,Bronze,In-store,Merchandise,1,260,0.00,260.00,Credit Card,
T000714,2025-11-04 07:55,B05,M0121,Silver,Delivery,Coffee,2,115,0.00,230.00,QR PromptPay,
T000715,2025-11-04 08:06,B01,M0240,Gold,In store,Tea,1,70,0.00,70.00,Cash,
T000716,2025-11-04 08:27,B06,M0324,Gold,app,Bakery,3,50,0.00,150.00,App Wallet,5
T000717,2025-11-04 08:54,B03,M0112,Platinum,In-store,Coffee,3,105,47.25,267.75,Cash,
T000718,2025-11-04 09:07,B04,,,In-store,Coffee,2,95,0.00,190.00,Credit Card,
T000719,2025-11-04 10:33,B02,M0268,Silver,In-store,Coffee,2,120,0.00,240.00,Cash,
T000720,2025-11-04 11:27,B06,M0052,Bronze,Delivery,Coffee,2,115,23.00,207.00,Credit Card,3
T000721,2025-11-04 12:26,B06,,,In-store,Bakery,1,70,0.00,70.00,Credit Card,
T000722,2025-11-04 12:49,B04,M0153,Silver,In-store,Coffee,1,55,0.00,55.00,Cash,
T000723,2025-11-04 13:05,B03,M0108,Gold,In-store,Bakery,2,80,0.00,160.00,Cash,
T000724,2025-11-04 13:12,B04,M0164,Gold,In-store,Merchandise,2,785,0.00,1570.00,Credit Card,
T000725,2025-11-04 13:48,B08,M0130,Bronze,In-store,Bakery,1,70,0.00,70.00,Cash,3
T000726,2025-11-04 13:55,B01,M0246,Bronze,App,Coffee,1,70,0.00,70.00,App Wallet,3
T000727,2025-11-04 15:30,B05,M0083,Gold,In-store,Coffee,2,70,28.00,112.00,Credit Card,
T000728,2025-11-04 15:59,B01,,,App,Coffee,1,55,0.00,55.00,Credit Card,
T000729,2025-11-04 16:05,B05,M0059,Bronze,Delivery,Tea,3,80,0.00,240.00,Credit Card,
T000730,2025-11-04 16:09,B04,,,In-store,Bakery,1,90,0.00,180.00,QR PromptPay,
T000731,2025-11-04 16:43, B01,M0113,Silver,In-store,Tea,3,55,0.00,165.00,Cash,
T000732,2025-11-04 17:08,B07,M0139,Bronze,App,Bakery,2,110,0.00,220.00,Credit Card,4
T000733,2025-11-04 18:33,B05,,,In-store,Coffee,3,70,0.00,210.00,QR PromptPay,
T000734,2025-11-04 18:56,B08,M0205,Silver,In-store,Coffee,2,100,0.00,200.00,QR PromptPay,
T000735,2025-11-04 19:18,B04,M0037,Bronze,App,Coffee,4,65,0.00,260.00,App Wallet,
T000736,2025-11-05 07:39,B02,M0323,Gold,In-store,Coffee,1,65,0.00,65.00,Cash,
T000737,2025-11-05 08:07,B02,M0121,Silver,In-store,Coffee,1,85,0.00,85.00,Cash,
T000738,2025-11-05 09:24,B06,M0198,Bronze,Delivery,Bakery,3,60,0.00,180.00,Cash,
T000739,2025-11-05 09:30,B03,M0204,Gold,In-store,Bakery,1,55,2.75,52.25,Cash,
T000740,2025-11-05 09:37,B08,,,In-store,Coffee,1,85,0.00,85.00,Cash,5
T000741,2025-11-05 10:21,B02,,,App,Tea,2,85,0.00,170.00,App Wallet,
T000742,2025-11-05 10:37,B06,M0276,Gold,In-store,Bakery,2,105,42.00,168.00,QR PromptPay,
T000743,2025-11-05 11:21,B04,M0093,Bronze,In-store,Coffee,2,90,0.00,180.00,Cash,
T000744,2025-11-05 11:21,B08,M0006,Gold,App,Tea,1,95,14.25,80.75,Credit Card,
T000745,2025-11-05 11:31,B04,M0181,Bronze,in-store,Tea,2,95,19.00,171.00,QR PromptPay,
T000746,2025-11-05 12:51,B03,M0175,Silver,In-store,Bakery,1,75,0.00,75.00,QR PromptPay,
T000747,2025-11-05 13:27,B07,M0073,Gold,In-store,Bakery,1,75,0.00,75.00,Credit Card,
T000748,2025-11-05 13:33,B08,M0205,Silver,In-store,Coffee,3,115,0.00,345.00,Credit Card,4
T000749,2025-11-05 13:35, B02,M0325,Gold,Delivery,Coffee,1,65,9.75,55.25,Cash,5
T000750,2025-11-05 13:47,B07,,,In-store,Bakery,2,55,0.00,110.00,Cash,
T000751,2025-11-05 13:53,B05,M0158,Silver,In-store,Merchandise,1,640,128.00,512.00,Credit Card,4
T000752,2025-11-05 15:04,B05,M0227,Bronze,In-store,Coffee,2,70,0.00,140.00,Credit Card,3
T000753,2025-11-05 15:30,B01,,,Delivery,Tea,2,55,0.00,110.00,QR PromptPay,
T000754,2025-11-05 15:44,B07,,,In-store,Coffee,1,115,0.00,115.00,Cash,
T000755,2025-11-05 16:01,B03,,,In-store,Coffee,1,120,0.00,120.00,Credit Card,
T000756,2025-11-05 16:13,B03,,,In-store,Tea,3,85,0.00,255.00,Cash,
T000757,2025-11-05 16:23,B03,M9357,Brz,App,Coffee,2,85,0.00,170.00,Credit Card,5
T000758,2025-11-05 17:04,B06,,,App,Merchandise,3,740,0.00,2220.00,Credit Card,4
T000759,2025-11-05 18:48,B04,M0291,Bronze,In-store,Coffee,3,60,27.00,153.00,Cash,4
T000760,2025-11-06 08:26,B04,M0206,Silver,App,Merchandise,2,750,0.00,1500.00,Credit Card,
T000761,2025-11-06 09:03,B07,,,In-store,Bakery,1,75,0.00,75.00,QR PromptPay,
T000762,2025-11-06 10:59,B03,M9108,Silver,In-store,Coffee,3,85,51.00,204.00,Cash,4
T000763,2025-11-06 11:15,B04,,,App,Merchandise,1,635,0.00,635.00,App Wallet,3
T000764,2025-11-06 11:29,B08,M0130,Bronze,Delivery,Coffee,1,90,0.00,90.00,Credit Card,4
T000765,2025-11-06 11:45,B08,M0006,Gold,In-store,Coffee,1,70,0.00,70.00,Credit Card,5
T000766,2025-11-06 11:52,B07,M0084,Silver,Delivery,Tea,4,65,0.00,260.00,Credit Card,
T000767,2025-11-06 12:18,B06,M0049,Platinum,In-store,Coffee,2,115,0.00,230.00,Cash,3
T000768,2025-11-06 12:55,B08,M0190,Bronze,Delivery,Bakery,4,60,0.00,240.00,Cash,3
T000769,2025-11-06 13:22,B06,,,In-store,Coffee,4,95,0.00,380.00,Credit Card,4
T000770,2025-11-06 13:57,B08,,,App,Bakery,1,110,0.00,110.00,Credit Card,
T000771,2025-11-06 14:02,B01,M0235,Silver,App,Coffee,1,95,0.00,95.00,Credit Card,
T000772,2025-11-06 14:06,B02,M0160,Bronze,In-store,Bakery,1,50,0.00,50.00,Credit Card,2
T000773,2025-11-06 14:33,B02,M0140,Bronze,In-store,Coffee,1,105,5.25,99.75,Credit Card,
T000774,2025-11-06 15:50,B06,,,App,Bakery,1,65,0.00,65.00,Credit Card,3
T000775,2025-11-06 16:02,B01,M0251,bronze,In-store,Coffee,4,75,0.00,300.00,QR PromptPay,
T000776,2025-11-06 16:25,B03,M0312,Bronze,In-store,Tea,4,60,0.00,240.00,Cash,4
T000777,2025-11-06 16:46,B01,M0186,Platinum,Delivery,Coffee,1,90,9.00,81.00,Cash,
T000776,2025-11-06 17:24,B03,M0312,Bronze,In-store,Tea,-4,60,-0.00,-240.00,Cash,
T000778,2025-11-06 17:39,B01,,,In-store,Coffee,1,85,0.00,85.00,Cash,3
T000779,2025-11-06 18:10,B05,M0157,Gold,In-store,Coffee,1,60,3.00,57.00,QR PromptPay,
T000780,2025-11-07 07:29,b02,M0054,Silver,In-store,Bakery,1,70,0.00,70.00,Credit Card,
T000781,2025-11-07 08:13,B06,M0313,Bronze,Delivery,Bakery,2,100,0.00,200.00,Cash,
T000782,2025-11-07 08:22,B01,,,In-store,Coffee,2,105,0.00,210.00,QR PromptPay,
T000783,2025-11-07 08:37,B04,M0093,Bronze,Delivery,Tea,1,60,0.00,60.00,Cash,
T000784,2025-11-07 08:38,B08,M0139,Bronze,delivery,Coffee,1,90,0.00,90.00,Cash,
T000785,2025-11-07 09:23,B02,M0325,Gold,In-store,Bakery,2,75,0.00,150.00,Cash,
T000786,2025-11-07 12:01,B01,M0251,Bronze,In-store,Tea,1,50,0.00,50.00,Cash,3
T000787,2025-11-07 12:21,B06,M0313,Bronze,In-store,Tea,1,70,0.00,70.00,QR PromptPay,4
T000788,2025-11-07 12:28,B04,M0228,Bronze,In-store,Tea,1,60,0.00,60.00,QR PromptPay,
T000789,2025-11-07 12:32,B01,M0076,Silver,In-store,Bakery,3,105,0.00,315.00,QR PromptPay,4
T000790,2025-11-07 13:09,B06,M0324,Gold,Delivery,Coffee,1,110,16.50,143.50,Credit Card,
T000791,2025-11-07 13:51,B01,M0022,Silver,App,Tea,2,70,0.00,140.00,Credit Card,5
T000792,2025-11-07 16:03,B07,M0079,Silver,In-store,Coffee,1,60,0.00,60.00,QR PromptPay,
T000793,2025-11-07 16:09,B01,M0186,Platinum,App,Coffee,2,100,10.00,190.00,Credit Card,3
T000794,2025-11-07 16:29,B01,M0253,Bronze,In-store,Bakery,3,85,0.00,255.00,Cash,2
T000795,2025-11-07 16:32,B08,,,App,Coffee,3,120,0.00,360.00,Credit Card,
T000796,2025-11-07 16:52,B02,M0155,Platinum,In-store,Merchandise,2,755,0.00,1510.00,Cash,4
T000797,2025-11-07 17:07,B04,M0179,Platinum,Deliv.,Tea,2,90,9.00,171.00,QR PromptPay,
T000798,2025-11-08 07:20,B06,M0272,Silver,App,Tea,2,60,0.00,120.00,Credit Card,
T000799,2025-11-08 07:27,B02,,,In-store,Coffee,3,75,0.00,225.00,QR PromptPay,3
T000800,2025-11-08 07:46,B07,,,In-store,Coffee,4,60,0.00,240.00,Credit Card,
T000801,2025-11-08 08:13,B04,M0291,Bronze,App,Coffee,4,100,0.00,400.00,App Wallet,
T000802,2025-11-08 08:20, B02,,,App,Tea,1,95,0.00,95.00,App Wallet,
T000803,2025-11-08 08:41,B04,M0090,Platinum,In-store,Bakery,4,90,36.00,324.00,QR PromptPay,
T000804,2025-11-08 09:29,B06,M0232,Bronze,Delivery,Coffee,2,95,0.00,190.00,QR PromptPay,
T000805,2025-11-08 11:29,B08,M0278,Bronze,App,Tea,1,75,15.00,60.00,App Wallet,
T000806,2025-11-08 11:33,B01,M0186,Platinum,App,Coffee,2,80,24.00,136.00,App Wallet,5
T000807,2025-11-08 12:29,B04,,,App,Coffee,1,115,0.00,115.00,Credit Card,
T000808,2025-11-08 13:06,B01,M0029,Bronze,Delivery,Coffee,1,95,0.00,95.00,QR PromptPay,
T000809,2025-11-08 13:42,b02,,,In-store,Coffee,2,70,0.00,140.00,Cash,4
T000810,2025-11-08 13:44,B03,M0110,Silver,Delivery,Merchandise,1,285,0.00,285.00,QR PromptPay,
T000811,2025-11-08 14:00,B02,M0279,Bronze,Delivery,Coffee,1,110,0.00,110.00,QR PromptPay,
T000812,2025-11-08 15:16,B08,M0187,Silver,App,Coffee,1,80,0.00,80.00,Credit Card,4
T000813,2025-11-08 16:24,B08,M0039,Silver,Instore,Tea,1,85,4.25,80.75,Credit Card,5
T000814,2025-11-08 16:36,B03,,,In-store,Merchandise,1,800,0.00,800.00,Cash,4
T000815,2025-11-08 18:02,B02,M0160,Bronze,In-store,Tea,1,60,3.00,57.00,Credit Card,
T000816,2025-11-09 07:33,B04,M0037,Bronze,Delivery,Coffee,2,85,34.00,136.00,Cash,3
T000817,2025-11-09 07:39,B08,,,Delivery,Tea,1,70,0.00,70.00,Credit Card,
T000818,2025-11-09 08:02,B01,M0317,Silver,In-store,Coffee,1,90,0.00,90.00,QR PromptPay,
T000819,2025-11-09 08:06,B01,M0029,Bronze,In-store,Coffee,4,90,0.00,360.00,QR PromptPay,3
T000820,2025-11-09 08:13,B01,,,App,Coffee,1,75,0.00,75.00,App Wallet,5
T000821,2025-11-09 08:16,B04,M0037,Bronze,App,Coffee,3,65,0.00,195.00,Credit Card,
T000822,2025-11-09 08:42,B01,M0157,Gold,In store,Bakery,2,70,14.00,126.00,QR PromptPay,
T000823,2025-11-09 08:54,B01,,,In-store,Tea,3,50,0.00,150.00,Cash,4
T000824,2025-11-09 09:09,B02,,,App,Coffee,1,90,0.00,90.00,Credit Card,
T000825,2025-11-09 09:11,B07,,,Mobile App,Coffee,1,120,0.00,120.00,Credit Card,
T000826,2025-11-09 09:17,B07,M0209,Bronze,App,Bakery,2,95,0.00,190.00,Credit Card,
T000827,2025-11-09 12:09,B04,,,App,Merchandise,2,795,0.00,1590.00,App Wallet,
T000828,2025-11-09 12:41,B6,M0325,Gold,App,Tea,1,65,13.00,52.00,App Wallet,
T000829,2025-11-09 13:07,B07,M0017,Bronze,In-store,Merchandise,4,250,0.00,1000.00,Cash,
T000830,2025-11-09 13:28,B08,M9217,BRONZE,Delivery,Coffee,4,95,0.00,380.00,Cash,
T000831,2025-11-09 14:10,B05,,,App,Merchandise,2,725,0.00,1450.00,App Wallet,
T000832,2025-11-09 14:50,B07,M0289,Bronze,In-store,Tea,1,80,4.00,76.00,QR PromptPay,3
T000833,2025-11-09 15:08,B03,,,Delivery,Coffee,2,75,0.00,150.00,Credit Card,
T000834,2025-11-09 17:34,B01,,,In-store,Bakery,3,45,0.00,135.00,QR PromptPay,
T000835,2025-11-09 19:39,B07,,,In-store,Bakery,1,100,0.00,100.00,QR PromptPay,
T000836,2025-11-09 19:57,B02,M0274,Gold,In-store,Coffee,2,105,0.00,210.00,Credit Card,
T000837,2025-11-10 07:33,B08,M0063,Platinum,In-store,Coffee,3,55,33.00,132.00,Cash,
T000838,2025-11-10 07:41,B08,,,App,Coffee,3,90,0.00,270.00,Credit Card,4
T000839,2025-11-10 07:51,B08,M0187,Silver,In store,Tea,1,55,0.00,55.00,QR PromptPay,
T000840,2025-11-10 08:11,B05,M0158,Silver,In-store,Coffee,1,60,0.00,60.00,QR PromptPay,3
T000841,2025-11-10 08:23,B08,M0145,Silver,In-store,Coffee,2,105,0.00,210.00,Cash,
T000842,2025-11-10 08:33,B08,,,In-store,Coffee,1,110,0.00,110.00,QR PromptPay,
T000843,2025-11-10 08:54,B03,M0045,Bronze,Delivery,Tea,1,80,0.00,80.00,Cash,
T000844,2025-11-10 08:57,B06,M0042,Gold,Delivery,Bakery,2,45,0.00,90.00,Cash,
T000845,2025-11-10 09:09,B02,,,In-store,Coffee,1,75,0.00,75.00,Cash,4
T000846,2025-11-10 09:29,B05,,,In-store,Coffee,2,110,0.00,220.00,QR PromptPay,
T000847,2025-11-10 09:30,B07,,,In-store,Bakery,1,110,0.00,110.00,QR PromptPay,
T000848,2025-11-10 09:56,B03,M0272,Silver,In-store,Bakery,3,45,0.00,135.00,QR PromptPay,4
T000849,2025-11-10 10:44,B06,,,In-store,Coffee,1,85,0.00,85.00,QR PromptPay,
T000850,2025-11-10 11:22,B02,M0308,Bronze,Delivery,Bakery,1,55,0.00,55.00,QR PromptPay,5
T000851,2025-11-10 11:43,B04,M0090,Platinum,App,Bakery,4,70,56.00,224.00,Credit Card,5
T000852,2025-11-10 12:01,B06,M0313,Bronze,Delivery,Coffee,2,110,0.00,220.00,Credit Card,
T000853,2025-11-10 12:17,B05,,,Delivery,Coffee,4,110,0.00,440.00,Cash,4
T000854,2025-11-10 13:49,B04,M0228,Bronze,In-store,Coffee,2,60,0.00,120.00,Cash,
T000855,2025-11-10 15:27,B08,M0187,Silver,App,Coffee,1,105 THB,0.00,105.00,App Wallet,5
T000856,2025-11-10 16:36,b04,M0288,Bronze,APP,Coffee,2,70,0.00,140.00,App Wallet,
T000857,2025-11-10 16:47,B07,M0065,Gold,In-store,Coffee,1,100,0.00,100.00,Credit Card,
T000857,2025-11-10 18:11,B07,M0065,Gold,In-store,Coffee,-1,100,-0.00,-100.00,Credit Card,
T000858,2025-11-10 18:24,B06,,,In-store,Coffee,4,80,0.00,320.00,Credit Card,
T000858,2025-11-10 18:24,B06,,,In-store,Coffee,4,80,0.00,320.00,Credit Card,
T000859,2025-11-10 19:02,B04,M9632,Silver,In-store,Bakery,2,85,0.00,170.00,Credit Card,
T000860,2025-11-11 07:10,B01,,,Instore,Coffee,2,80,0.00,160.00,Cash,
T000861,2025-11-11 07:22,B07,M0148,Silver,In-store,Coffee,1,90,13.50,76.50,Credit Card,3
T000862,2025-11-11 07:29,B08,M0164,Gold,In-store,Coffee,2,95,38.00,152.00,QR PromptPay,
T000863,2025-11-11 08:07,B08,M0268,Silver,In-store,Coffee,1,60,0.00,60.00,QR PromptPay,4
T000864,2025-11-11 08:14,B02,M0243,Bronze,In-store,Bakery,1,45,0.00,45.00,QR PromptPay,
T000865,2025-11-11 08:24,B07,M0079,Silver,delivery,Coffee,1,55,5.50,49.50,Credit Card,5
T000866,2025-11-11 08:28,B02,,,In-store,Coffee,1,65,0.00,65.00,Cash,
T000867,2025-11-11 08:28,B02,M0011,Gold,In-store,Coffee,1,105,0.00,105.00,Cash,
T000868,2025-11-11 08:51,B03,M0069,Silver,App,Coffee,1,65,9.75,55.25,Credit Card,
T000869,2025-11-11 11:05,B04,M0037,Bronze,In-store,Coffee,2,70,0.00,230.00,Credit Card,5
T000870,2025-11-11 11:10,B04,M0323,Gold,In-store,Coffee,1,65,0.00,65.00,Credit Card,
T000871,2025-11-11 11:15,B06,,,In-store,Coffee,2,120,0.00,240.00,Credit Card,4
T000872,2025-11-11 11:15,B01,M0186,Platinum,App,Coffee,1,65,6.50,58.50,Credit Card,
T000873,2025-11-11 11:37,B02,M0130,Bronze,In-store,Coffee,1,100,5.00,95.00,Cash,
T000874,2025-11-11 11:56,B05,M0122,Silver,Delivery,Coffee,1,90,0.00,90.00,QR PromptPay,4
T000875,2025-11-11 12:09,B02,,,In-store,Bakery,3,65,0.00,195.00,QR PromptPay,
T000876,2025-11-11 12:24,B07,M0270,Bronze,In-store,Bakery,1,70,0.00,70.00,Cash,4
T000877,2025-11-11 13:23,B02,M0308,bronze,In-store,Bakery,3,100,0.00,300.00,QR PromptPay,
T000878,2025-11-11 13:24,B01,M0069,Silver,App,Coffee,1,100,0.00,100.00,Credit Card,
T000879,2025-11-11 13:35,B05,M0063,Platinum,In-store,Bakery,3,50,15.00,135.00,QR PromptPay,
T000880,2025-11-11 13:51,B03,M0027,Bronze,In-store,Coffee,1,55,0.00,55.00,Cash,
T000881,2025-11-11 13:54,B01,,,In-store,Coffee,2,90,0.00,180.00,Cash,
T000882,2025-11-11 14:40,B03,M0217,Silver,In-store,Coffee,1,100,20.00,80.00,Cash,
T000883,2025-11-11 15:26,B08,M0181,Bronze,In-store,Merchandise,2,785,0.00,1570.00,QR PromptPay,
T000884,2025-11-11 16:59,B03,M0261,Bronze,Delivery,Coffee,1,115,0.00,115.00,QR PromptPay,2
T000885,2025-11-11 17:03,B4,M0090,Platinum,In-store,Tea,3,90,54.00,216.00,QR PromptPay,
T000886,2025-11-11 17:38,B01,M0253,Bronze,In-store,Tea,1,90,0.00,90.00,QR PromptPay,
T000887,2025-11-11 17:44,B03,,,In-store,Coffee,1,55,0.00,55.00,Cash,
T000888,2025-11-11 18:36,B01,,,In-store,Coffee,2,60,0.00,120.00,Credit Card,3
T000889,2025-11-11 18:54,B05,M0115,Silver,In-store,Coffee,2,115,46.00,184.00,Credit Card,
T000890,2025-11-11 18:55,B01,M0321,Bronze,In-store,Bakery,1,100,0.00,100.00,Credit Card,4
T000891,2025-11-11 19:34,B02,,,In-store,Bakery,2,70,0.00,140.00,QR PromptPay,
T000892,2025-11-12 09:25,B06,,,App,Coffee,1,60,0.00,60.00,Credit Card,4
T000893,2025-11-12 10:04,B08,,,App,Coffee,1,65,0.00,65.00,App Wallet,4
T000894,2025-11-12 12:06,B07,,,Delivery,Coffee,1,55,0.00,55.00,Credit Card,
T000895,2025-11-12 12:33,B01,M0086,Gold,In-store,Coffee,2,95,0.00,190.00,Cash,
T000896,2025-11-12 12:47,B08,,,In-store,Coffee,1,95,0.00,95.00,Cash,3
T000897,2025-11-12 13:19,B03,M0097,Bronze,Delivery,Coffee,2,115,0.00,230.00,Cash,
T000898,2025-11-12 13:32,B03,M0150,Bronze,App,Bakery,2,70,0.00,140.00,Credit Card,
T000899,2025-11-12 14:50,B03,,,In-store,Coffee,1,90,0.00,90.00,Cash,4
T000900,2025-11-12 15:24,B05,,,In-store,Coffee,4,90,0.00,360.00,Cash,3
T000901,2025-11-12 15:40,B08,M0291,Bronze,In-store,Bakery,3,90,0.00,270.00,Credit Card,
T000902,2025-11-12 18:03,B04,M0256,silver,In-store,Coffee,3,110,0.00,330.00,QR PromptPay,5
T000903,2025-11-12 18:37,B02,M0054,Silver,In-store,Coffee,2,105,0.00,210.00,QR PromptPay,
T000904,2025-11-12 18:55,B06,,,Delivery,Bakery,2,90,0.00,180.00,Credit Card,
T000905,2025-11-12 19:07,B04,M0217,Silver,In-store,Bakery,3,90,54.00,216.00,Credit Card,
T000906,2025-11-12 19:29,B01,,,In-store,Coffee,1,60,0.00,60.00,Cash,
T000907,2025-11-12 19:37,B03,M0186,Platinum,App,Bakery,2,50,10.00,90.00,Credit Card,
T000908,2025-11-13 09:26,B04,M0153,Silver,App,Merchandise,1,835,125.25,709.75,Credit Card,
T000909,2025-11-13 09:33,B03,,,In store,Tea,1,60,0.00,60.00,QR PromptPay,
T000910,2025-11-13 12:29,B05,,,App,Bakery,2,100,0.00,200.00,App Wallet,
T000911,2025-11-13 12:38,B05,,,App,Bakery,1,75,0.00,75.00,Credit Card,4
T000912,2025-11-13 12:55,B05,,,In-store,Tea,1,60,0.00,60.00,Credit Card,
T000913,2025-11-13 13:03,B01,M0039,Silver,In-store,Coffee,1,95,0.00,95.00,QR PromptPay,4
T000914,2025-11-13 13:22,B07,M0245,Gold,In-store,Merchandise,1,300,45.00,255.00,Credit Card,
T000915,2025-11-13 13:42,B03,M0031,Silver,App,Coffee,2,85,0.00,170.00,App Wallet,
T000916,2025-11-13 13:54,B03,M0272,Silver,In-store,Merchandise,2,775,0.00,1550.00,Cash,
T000917,2025-11-13 13:55,B03,M0272,Silver,App,Coffee,1,95,0.00,95.00,App Wallet,
T000918,2025-11-13 14:26,B07,M0100,Bronze,Delivery,Coffee,1,110,11.00,99.00,Cash,
T000919,2025-11-13 14:41,B01,M0294,Bronze,App,Merchandise,1,505,0.00,505.00,Credit Card,
T000920,2025-11-13 15:04,B8,M0130,Brz,App,Coffee,2,55,0.00,110.00,Credit Card,3
T000921,2025-11-13 15:07,B07,M0210,Bronze,Delivery,Coffee,2,85,0.00,170.00,QR PromptPay,
T000922,2025-11-13 16:18,B03,M0186,Platinum,App,Tea,2,60,12.00,108.00,Credit Card,
T000923,2025-11-13 16:23,B01,,,In-store,Coffee,2,105,0.00,210.00,Cash,
T000923,2025-11-13 16:23,B01,,,In-store,Coffee,2,105,0.00,210.00,Cash,
T000924,2025-11-13 17:00,B05,M0091,Bronze,App,Coffee,1,75,0.00,75.00,Credit Card,
T000925,2025-11-13 17:10,B02,M0143,Bronze,In-store,Coffee,4,75,0.00,300.00,Cash,
T000926,2025-11-13 18:19,B02,M0325,Gold,In store,Coffee,1,95,14.25,80.75,QR PromptPay,
T000927,2025-11-13 18:42,B05,M0245,Gold,In-store,Coffee,3,95,0.00,285.00,Cash,4
T000928,2025-11-13 19:12,B06,,,In-store,Merchandise,1,735,0.00,735.00,Cash,
T000929,2025-11-13 19:25,B08,M0095,Bronze,In-store,Bakery,4,80,48.00,272.00,Credit Card,
T000930,2025-11-14 07:47,B06,,,In-store,Merchandise,1,360,0.00,360.00,QR PromptPay,
T000931,2025-11-14 08:00,B08,M0090,Platinum,In-store,Bakery,2,105,0.00,210.00,Cash,
T000932,2025-11-14 08:03,B01,M0312,Bronze,In-store,Merchandise,1,455,0.00,455.00,Cash,
T000933,2025-11-14 08:38,B02,,,In-store,Bakery,2,110,0.00,220.00,Cash,
T000934,2025-11-14 09:10,B06,,,In-store,Merchandise,2,335,0.00,670.00,Credit Card,3
T000935,2025-11-14 09:15,B07,,,Delivery,Coffee,1,85,0.00,85.00,Cash,3
T000936,2025-11-14 10:59,B01,M0186,Platinum,In-store,Coffee,1,90,0.00,90.00,QR PromptPay,3
T000937,2025-11-14 11:29,B02,M0175,silver,Delivery,Coffee,1,60,9.00,51.00,QR PromptPay,2
T000938,2025-11-14 12:05,B05,M0063,Platinum,In-store,Bakery,1,100,5.00,95.00,QR PromptPay,
T000939,2025-11-14 12:09,B08,,,In-store,Bakery,2,95,0.00,190.00,QR PromptPay,
T000940,2025-11-14 12:46,B02,,,Delivery,Bakery,1,85,0.00,85.00,Credit Card,
T000941,2025-11-14 13:05,B03,,,Delivery,Coffee,2,85,0.00,170.00,Credit Card,4
T000942,2025-11-14 13:45,B03,M0107,Gold,Delivery,Coffee,4,110,88.00,352.00,Cash,
T000943,2025-11-14 15:45,B05,M0281,Bronze,App,Bakery,2,110,0.00,220.00,Credit Card,4
T000944,2025-11-14 16:13,B07,M0025,Bronze,In store,Bakery,1,85,0.00,85.00,QR PromptPay,3
T000945,2025-11-14 17:23,B06,M0090,Platinum,In-store,Bakery,1,105,21.00,84.00,QR PromptPay,
T000946,2025-11-14 17:31,B02,M0200,Gld,In-store,Coffee,4,95,57.00,323.00,Cash,
T000947,2025-11-14 18:47,B03,,,Delivery,Bakery,1,85,0.00,85.00,Credit Card,
T000948,2025-11-15 07:00,B05,,,In-store,Tea,1,60,0.00,60.00,Credit Card,4
T000949,2025-11-15 07:40,B01,,,In-store,Merchandise,1,505,0.00,505.00,Credit Card,
T000950,2025-11-15 08:09,B02,,,In-store,Bakery,4,65,0.00,260.00,Credit Card,
T000951,2025-11-15 10:15,B05,M0088,Silver,In-store,Coffee,1,115,0.00,115.00,Cash,4
T000952,2025-11-15 10:22,B07,M0273,Gold,Delivery,Bakery,2,80,0.00,160.00,QR PromptPay,
T000953,2025-11-15 11:05,B01,,,App,Coffee,4,105,0.00,420.00,App Wallet,
T000954,2025-11-15 12:05,B02,M9632,Gold,In-store,Merchandise,1,350,17.50,332.50,Credit Card,
T000955,2025-11-15 12:46,B08,M0164,Gold,In-store,Coffee,4,120,0.00,480.00,QR PromptPay,
T000956,2025-11-15 12:47,B05,M0091,Bronze,In-store,Coffee,3,70,0.00,210.00,Cash,
T000957,2025-11-15 12:58,B07,,,App,Coffee,4,120,0.00,480.00,App Wallet,
T000958,2025-11-15 13:11,B02,M0308,Brz,Delivery,Bakery,3,70,0.00,210.00,Cash,
T000959,2025-11-15 13:24,B02,M0178,Silver,In-store,Coffee,2,120,0.00,240.00,QR PromptPay,
T000960,2025-11-15 13:47,B07,M0073,Gold,App,Coffee,2,65,0.00,130.00,Credit Card,4
T000961,2025-11-15 14:37,B08,M0280,Silver,In-store,Coffee,3,80,48.00,192.00,Cash,
T000962,2025-11-15 15:00,B01,M0091,Bronze,In-store,Tea,4,80,32.00,248.00,Cash,
T000963,2025-11-15 15:26,B07,,,In-store,Bakery,1,45,0.00,45.00,QR PromptPay,
T000964,2025-11-15 15:56,B07,M0105,Bronze,App,Coffee,1,110,0.00,110.00,App Wallet,5
T000965,2025-11-15 15:59,B08,M0032,Silver,In-store,Merchandise,1,580,0.00,580.00,QR PromptPay,4
T000966,2025-11-15 16:01,B06,M0145,Silver,In-store,Tea,1,70,0.00,70.00,Credit Card,4
T000967,2025-11-15 16:21,B06,,,Instore,Bakery,2,95,0.00,190.00,Cash,
T000968,2025-11-15 16:21,B07,,,In-store,Merchandise,1,540,0.00,540.00,QR PromptPay,
T000969,2025-11-15 19:06,B08,M0223,Bronze,Delivery,Merchandise,4,295,59.00,1121.00,QR PromptPay,
T000970,2025-11-16 07:21,B07,,,In-store,Coffee,2,110,0.00,220.00,Cash,3
T000971,2025-11-16 08:18,B06,,,In-store,Tea,1,65,0.00,65.00,QR PromptPay,
T000972,2025-11-16 08:18,B07,M0128,Bronze,In-store,Tea,4,60,0.00,240.00,Credit Card,
T000973,2025-11-16 08:34,B06,,,Delivery,Coffee,3,90,0.00,270.00,QR PromptPay,
T000974,2025-11-16 08:34,B05,M0091,Bronze,app,Coffee,1,60,0.00,60.00,App Wallet,3
T000975,2025-11-16 08:45,B01,M0071,Silver,In-store,Coffee,1,110,16.50,93.50,Cash,
T000976,2025-11-16 09:24,B04,M0179,Platinum,In-store,Coffee,4,95,38.00,342.00,Cash,
T000977,2025-11-16 10:31,B01,M0186,Platinum,App,Coffee,1,60,12.00,48.00,Credit Card,
T000978,2025-11-16 11:28,B08,M0268,Silver,App,Coffee,1,100,0.00,100.00,App Wallet,
T000979,2025-11-16 11:47,B01,M0082,Gold,In-store,Coffee,2,120,48.00,192.00,Credit Card,4
T000980,2025-11-16 12:15,B01,M0253,Bronze,App,Coffee,2,105,10.50,199.50,App Wallet,4
T000981,2025-11-16 12:23,B05,,,In-store,Coffee,2,65,0.00,130.00,QR PromptPay,
T000982,2025-11-16 12:25,B01,M0186,Platinum,In-store,Coffee,2,70,0.00,140.00,Credit Card,4
T000983,2025-11-16 12:40,B02,M0235,Silver,Delivery,Tea,4,75,0.00,300.00,Cash,5
T000984,2025-11-16 12:45,B05,,,In-store,Tea,2,70,0.00,140.00,QR PromptPay,
T000985,2025-11-16 13:29,B04,M0304,Gold,in-store,Coffee,1,100,0.00,100.00,Credit Card,
T000986,2025-11-16 13:33,B08,M0313,Bronze,In-store,Coffee,1,85,8.50,76.50,Cash,
T000987,2025-11-16 14:36,B05,,,Delivery,Tea,4,65,0.00,260.00,QR PromptPay,
T000988,2025-11-16 14:48,b02,M0200,Gold,Delivery,Coffee,2,70,0.00,140.00,QR PromptPay,
T000989,2025-11-16 15:12,B05,M0291,Bronze,App,Coffee,1,115,0.00,115.00,App Wallet,
T000990,2025-11-16 15:32,B03,M0108,Gold,Delivery,Coffee,4,80 THB,32.00,288.00,QR PromptPay,3
T000991,2025-11-16 15:33,B05,M0138,Silver,In-store,Bakery,2,95,0.00,190.00,QR PromptPay,
T000992,2025-11-16 15:40,B02,,,Instore,Bakery,2,65,0.00,130.00,QR PromptPay,
T000993,2025-11-16 16:28,B05,M0083,Gold,In-store,Bakery,1,80,8.00,72.00,Credit Card,
T000994,2025-11-16 16:41,B04,M0323,Gold,App,Coffee,4,100,40.00,360.00,App Wallet,
T000995,2025-11-16 17:11,B01,M0197,Silver,In-store,Coffee,2,115,0.00,230.00,QR PromptPay,
T000996,2025-11-16 18:05,B06,M0232,Bronze,In-store,Tea,2,65,26.00,104.00,Credit Card,3
T000997,2025-11-16 18:08,B03,M0085,Silver,In-store,Coffee,1,90,0.00,90.00,QR PromptPay,
T000998,2025-11-16 19:07,B04,M0206,Silver,In-store,Coffee,2,60,0.00,120.00,QR PromptPay,5
T000999,2025-11-17 08:13,B08,M0083,Gold,App,Tea,1,90,13.50,76.50,Credit Card,
T001000,2025-11-17 08:31,B05,M0011,Gold,In-store,Coffee,1,75,15.00,60.00,Cash,5
T001001,2025-11-17 08:33,B06,,,In-store,Coffee,4,100,0.00,400.00,QR PromptPay,
T001002,2025-11-17 08:45,B02,M0144,Gold,App,Coffee,1,115,5.75,109.25,Credit Card,
T001003,2025-11-17 08:46,B05,M0178,Silver,In-store,Coffee,3,110,33.00,297.00,Credit Card,4
T001004,2025-11-17 09:37,B08,M0129,Slvr,In-store,Coffee,1,55,0.00,55.00,Credit Card,4
T001005,2025-11-17 12:02,B05,,,App,Coffee,2,70,0.00,140.00,Credit Card,
T001006,2025-11-17 12:18,B08,M0164,Gold,In-store,Tea,1,60,12.00,48.00,Credit Card,5
T001007,2025-11-17 12:22,B01,,,In-store,Bakery,1,80,0.00,80.00,Cash,
T001008,2025-11-17 12:24,B07,,,App,Coffee,1,115,0.00,115.00,Credit Card,
T001009,2025-11-17 12:35,B03,M0261,Bronze,Delivery,Coffee,3,55,0.00,165.00,QR PromptPay,
T001010,2025-11-17 12:50,B01,M0022,Silver,In-store,Bakery,4,75,30.00,270.00,Cash,
T001011,2025-11-17 13:13,B01,M0145,silver,App,Coffee,1,95,0.00,95.00,App Wallet,3
T001012,2025-11-17 15:07,B07,M0079,Silver,In-store,Coffee,1,105,0.00,105.00,QR PromptPay,
T001013,2025-11-17 16:52,B04,M0181,Bronze,App,Coffee,1,฿75.00,0.00,75.00,App Wallet,5
T001014,2025-11-17 17:47,B07,,,Delivery,Coffee,4,110,0.00,440.00,Credit Card,
T001015,2025-11-17 18:40,B06,M0276,Gold,Delivery,Bakery,1,65,6.50,58.50,Cash,
T001016,2025-11-18 07:32,B06,M0180,Slvr,In-store,Coffee,4,85,0.00,340.00,Cash,3
T001017,2025-11-18 07:35,B05,M0091,Bronze,APP,Coffee,1,105,0.00,105.00,App Wallet,5
T001018,2025-11-18 08:32,B02,,,App,Coffee,3,110,0.00,330.00,Credit Card,4
T001019,2025-11-18 08:32,B01,M0063,Plat.,In-store,Coffee,4,85,0.00,340.00,Credit Card,
T001020,2025-11-18 09:01,B08,M0182,Silver,In-store,Tea,3,50,0.00,150.00,Cash,
T001021,2025-11-18 10:27,B04,M0153,Silver,App,Coffee,1,115,0.00,115.00,Credit Card,
T001022,2025-11-18 11:03,B06,M0154,Bronze,Delivery,Coffee,1,110,0.00,110.00,Cash,5
T001023,2025-11-18 11:49,B03,M0085,Silver,Delivery,Coffee,1,95,0.00,95.00,QR PromptPay,4
T001024,2025-11-18 12:17,B04,M0024,Silver,In-store,Coffee,2,65,0.00,130.00,Credit Card,3
T001025,2025-11-18 13:01,B03,M0138,Silver,In-store,Coffee,2,65,13.00,117.00,Credit Card,
T001026,2025-11-18 13:08,B01,M0084,Silver,App,Coffee,2,100,20.00,180.00,Credit Card,4
T001027,2025-11-18 14:08,B05,,,In-store,Coffee,2,90,0.00,180.00,QR PromptPay,4
T001028,2025-11-18 14:28,B01,,,In-store,Coffee,2,110,0.00,220.00,Credit Card,5
T001029,2025-11-18 15:00,B05,M0098,Gold,In-store,Coffee,1,115,0.00,115.00,QR PromptPay,
T001030,2025-11-18 16:01,B03,,,In-store,Merchandise,4,415,0.00,1660.00,QR PromptPay,
T001031,2025-11-18 16:06,B05,M0178,Slvr,App,Bakery,2,100,0.00,200.00,Credit Card,
T001032,2025-11-18 16:34,B04,,,In-store,Bakery,1,50,0.00,50.00,Credit Card,3
T001033,2025-11-18 16:58,B03,M0085,Silver,In-store,Coffee,4,120,0.00,480.00,QR PromptPay,
T001034,2025-11-18 18:22,B04,M0256,Silver,delivery,Tea,2,80,0.00,160.00,Credit Card,4
T001035,2025-11-18 18:36,B02,M0204,Gold,App,Coffee,1,70,0.00,70.00,Credit Card,
T001036,2025-11-18 19:07,B08,M0006,Gold,Instore,Coffee,1,95,19.00,76.00,QR PromptPay,3
T001037,2025-11-18 19:24,B05,,,In-store,Coffee,4,70,0.00,280.00,QR PromptPay,
T001038,2025-11-18 19:33,B04,,,In-store,Bakery,1,80,0.00,80.00,Cash,
T001036,2025-11-18 19:34,B08,M0006,Gold,In-store,Coffee,-1,95,-19.00,-76.00,QR PromptPay,
T001039,2025-11-18 19:36,B08,M0067,Bronze,App,Coffee,1,105,0.00,105.00,App Wallet,
T001040,2025-11-19 07:08,B06,,,In-store,Coffee,2,110,0.00,220.00,Cash,
T001041,2025-11-19 07:32,B06,M0170,Bronze,Delivery,Coffee,4,55,0.00,220.00,Credit Card,
T001042,2025-11-19 08:00,B01,,,In-store,Coffee,2,80,0.00,160.00,Cash,5
T001043,2025-11-19 08:03,B03,M0031,Silver,In-store,Tea,1,50,0.00,50.00,QR PromptPay,
T001044,2025-11-19 08:04,B08,M0280,Silver,In-store,Bakery,1,50,0.00,50.00,QR PromptPay,
T001045,2025-11-19 08:18,B03,M0097,Bronze,App,Coffee,3,110,0.00,330.00,App Wallet,
T001046,2025-11-19 08:38,B2,,,In-store,Coffee,1,100,0.00,100.00,Credit Card,
T001047,2025-11-19 08:46,B02,M0228,Bronze,In-store,Bakery,1,60,0.00,60.00,Cash,
T001048,2025-11-19 09:28,B08,,,Delivery,Bakery,1,75,0.00,75.00,QR PromptPay,
T001049,2025-11-19 09:37,B03,M0282,Bronze,App,Coffee,4,70,0.00,280.00,App Wallet,
T001050,2025-11-19 09:46,B07,M0100,Bronze,In-store,Coffee,2,110,0.00,220.00,Cash,
T001051,2025-11-19 11:27,B06,M0191,Bronze,Delivery,Coffee,1,105,21.00,84.00,QR PromptPay,4
T001052,2025-11-19 11:38,B04,,,Delivery,Tea,3,80,0.00,240.00,QR PromptPay,
T001053,2025-11-19 12:03,B05,M0091,Bronze,In-store,Coffee,3,90,27.00,243.00,QR PromptPay,
T001054,2025-11-19 12:06,B05,M0216,Gold,Delivery,Coffee,1,55,11.00,44.00,Cash,
T001055,2025-11-19 12:12,B08,,,In-store,Coffee,1,100,0.00,100.00,Credit Card,4
T001056,2025-11-19 12:34,B01,M0060,Brz,In-store,Coffee,1,60,0.00,60.00,Cash,
T001057,2025-11-19 13:26,B01,,,In-store,Bakery,2,60,0.00,120.00,QR PromptPay,
T001058,2025-11-19 13:36,B04,M0291,Bronze,Delivery,Tea,1,80,0.00,80.00,Credit Card,3
T001059,2025-11-19 14:07,B02,M0144,Gold,In-store,Merchandise,3,880,0.00,2640.00,Cash,
T001060,2025-11-19 14:08, B08,M0278,Bronze,In-store,Coffee,3,65,0.00,195.00,Credit Card,
T001061,2025-11-19 15:39,B07,M0139,BRONZE,In-store,Merchandise,2,435,0.00,830.00,Cash,
T001062,2025-11-19 16:42,B07,M0073,Gold,In-store,Merchandise,1,645,0.00,645.00,Credit Card,2
T001063,2025-11-19 17:32,B07,,,App,Merchandise,2,820,0.00,1640.00,App Wallet,
T001064,2025-11-20 07:25,B05,,,In-store,Bakery,4,55,0.00,220.00,Cash,4
T001065,2025-11-20 07:45,B05,M0091,Bronze,In-store,Coffee,2,100,0.00,200.00,Credit Card,4
T001066,2025-11-20 08:41,B04,,,Delivery,Bakery,2,110,0.00,220.00,Cash,3
T001067,2025-11-20 09:56,B06,M0226,Brz,In-store,Bakery,2,90,0.00,180.00,QR PromptPay,
T001068,2025-11-20 10:01,B03,,,App,Bakery,1,65,0.00,65.00,App Wallet,
T001069,2025-11-20 10:33,B01,M0060,Bronze,App,Bakery,3,45,0.00,135.00,Credit Card,
T001070,2025-11-20 11:53,B03,M0221,silver,App,Coffee,1,90,0.00,90.00,App Wallet,
T001071,2025-11-20 12:06,B03,M0329,Bronze,Delivery,Tea,1,60,0.00,60.00,QR PromptPay,
T001072,2025-11-20 12:37,B02,M0261,Bronze,In-store,Coffee,3,65,0.00,195.00,Cash,4
T001073,2025-11-20 13:03,B05,,,Delivery,Tea,3,75,0.00,225.00,Credit Card,
T001074,2025-11-20 13:31,B01,M0143,Bronze,Delivery,Coffee,1,120,0.00,120.00,QR PromptPay,4
T001075,2025-11-20 13:49,B01,M0197,Silver,In-store,Coffee,1,55,0.00,55.00,Credit Card,2
T001076,2025-11-20 13:56,B01,M0052,BRONZE,Delivery,Bakery,4,100,0.00,400.00,Credit Card,4
T001077,2025-11-20 14:04,B03,,,In-store,Tea,2,50,0.00,100.00,Cash,
T001078,2025-11-20 14:41,B07,M9632,Gold,App,Coffee,2,120,0.00,240.00,Credit Card,
T001079,2025-11-20 14:59,B03,M9108,Platinum,Delivery,Bakery,1,65,9.75,55.25,Cash,
T001080,2025-11-20 15:02,B06,,,In-store,Coffee,1,70,0.00,70.00,Cash,5
T001081,2025-11-20 15:24,B05,M0158,Silver,In-store,Coffee,2,55,0.00,110.00,QR PromptPay,
T001082,2025-11-20 16:18,B08,,,App,Coffee,2,100,0.00,200.00,App Wallet,3
T001083,2025-11-20 16:23,B02,M0200,Gold,Delivery,Tea,4,80,48.00,272.00,QR PromptPay,
T001084,2025-11-20 17:03,B01,M0194,Bronze,App,Bakery,1,95,0.00,95.00,App Wallet,5
T001085,2025-11-20 17:28,B07,,,In-store,Coffee,4,95,0.00,380.00,QR PromptPay,
T001086,2025-11-20 17:56,B01,M0321,Bronze,In-store,Coffee,2,75,0.00,150.00,QR PromptPay,
T001087,2025-11-21 07:42,B03,,,In-store,Coffee,3,90,0.00,270.00,Cash,
T001088,2025-11-21 08:06,B04,,,App,Coffee,2,95,0.00,190.00,App Wallet,4
T001089,2025-11-21 08:27,B03,,,Delivery,Coffee,1,100,0.00,100.00,QR PromptPay,
T001090,2025-11-21 08:37,B01,M0076,Silver,In-store,Bakery,3,85,0.00,255.00,Credit Card,3
T001091,2025-11-21 09:02,B05,M0091,Bronze,Delivery,Tea,1,80,0.00,80.00,Cash,
T001092,2025-11-21 11:22,B01,M0082,Gold,In-store,Bakery,2,90,0.00,180.00,QR PromptPay,4
T001093,2025-11-21 12:18,B05,,,In-store,Coffee,2,110,0.00,220.00,Credit Card,
T001094,2025-11-21 12:34,B04,M0179,Platinum,App,Coffee,3,60,36.00,144.00,App Wallet,
T001095,2025-11-21 12:39,B04,,,In-store,Tea,2,75,0.00,150.00,Credit Card,3
T001096,2025-11-21 12:50,B03,,,App,Bakery,1,60,0.00,60.00,Credit Card,
T001097,2025-11-21 13:14,B5,,,In-store,Coffee,1,115,0.00,65.00,QR PromptPay,
T001098,2025-11-21 14:48,B02,M0054,Silver,In-store,Coffee,2,115,11.50,218.50,Credit Card,
T001099,2025-11-21 15:25,B01,M0230,Bronze,App,Bakery,1,110,0.00,110.00,Credit Card,5
T001100,2025-11-21 15:27,B01,,,In-store,Merchandise,3,475,0.00,1425.00,Cash,
T001101,2025-11-21 16:03,B07,M0120,Gold,App,Bakery,4,80,48.00,272.00,App Wallet,
T001102,2025-11-21 17:06,B05,,,Delivery,Coffee,2,100,0.00,200.00,Credit Card,
T001103,2025-11-21 18:36,B06,M0324,Gold,In-store,Coffee,1,100,5.00,95.00,QR PromptPay,3
T001104,2025-11-21 18:49,B03,M0249,Silver,In-store,Coffee,1,80,0.00,80.00,QR PromptPay,
T001105,2025-11-21 19:02,B07,,,In-store,Merchandise,2,635,0.00,1270.00,Credit Card,
T001106,2025-11-21 19:13,B01,M0145,Silver,In-store,Bakery,3,75,0.00,225.00,QR PromptPay,
T001107,2025-11-21 19:28,B02,M0144,Gold,App,Tea,2,90,0.00,180.00,Credit Card,
T001108,2025-11-22 08:24,B03,M9403,Silver,In-store,Coffee,1,105,21.00,84.00,Credit Card,
T001109,2025-11-22 08:27,B05,M0179,Platinum,In-store,Bakery,1,45,0.00,45.00,QR PromptPay,
T001110,2025-11-22 08:48,B05,M0178,Silver,In-store,Bakery,1,85,0.00,85.00,Cash,
T001111,2025-11-22 10:19,B04,,,In-store,Bakery,1,100,0.00,100.00,Credit Card,
T001112,2025-11-22 11:22,B02,,,App,Tea,1,50,0.00,50.00,Credit Card,3
T001113,2025-11-22 11:42,B04,M0181,Bronze,In-store,Coffee,1,70,0.00,70.00,QR PromptPay,
T001114,2025-11-22 12:13,B05,M0178,Silver,In-store,Tea,1,60,0.00,60.00,QR PromptPay,
T001115,2025-11-22 12:18,B07,M0074,Gold,In-store,Bakery,1,105,0.00,105.00,Credit Card,
T001116,2025-11-22 12:35,B01,M0235,Silver,In-store,Merchandise,1,520,0.00,520.00,Cash,5
T001117,2025-11-22 12:36,B04,M0179,Platinum,App,Coffee,1,115,0.00,115.00,App Wallet,
T001118,2025-11-22 12:54,B02,M0011,Gold,In-store,Tea,1,70,0.00,70.00,QR PromptPay,4
T001119,2025-11-22 13:12,B05,M0186,Platinum,In-store,Coffee,1,70,0.00,70.00,QR PromptPay,
T001120,2025-11-22 13:12,B07,,,App,Merchandise,1,370,0.00,370.00,Credit Card,
T001121,2025-11-22 13:18,B07,M0263,Bronze,In-store,Coffee,1,105,21.00,84.00,Credit Card,
T001122,2025-11-22 13:55,B04,M0153,Silver,App,Coffee,2,65,0.00,130.00,App Wallet,4
T001123,2025-11-22 14:47,B04,M0181,Bronze,Delivery,Coffee,1,110,0.00,110.00,Cash,4
T001124,2025-11-22 15:23,B07,M0270,bronze,In-store,Coffee,1,105,0.00,105.00,Credit Card,5
T001125,2025-11-22 15:32,B02,M0325,Gold,In-store,Coffee,2,115,46.00,184.00,Credit Card,
T001126,2025-11-22 16:13,B02,M0297,Bronze,In-store,Coffee,1,110,0.00,110.00,Cash,
T001127,2025-11-22 16:33,B03,M0160,Bronze,App,Bakery,1,55,0.00,55.00,App Wallet,3
T001128,2025-11-22 16:38,B04,,,In-store,Coffee,2,65,0.00,130.00,QR PromptPay,4
T001129,2025-11-22 16:42,B08,,,App,Bakery,1,95,0.00,95.00,Credit Card,3
T001130,2025-11-22 16:59,B01,M0186,Platinum,App,Coffee,1,85,0.00,85.00,App Wallet,
T001131,2025-11-22 17:03,B08,M0006,Gold,In-store,Tea,1,65,13.00,52.00,Cash,
T001130,2025-11-22 17:10,B01,M0186,Platinum,App,Coffee,-1,85,-0.00,-85.00,App Wallet,
T001132,2025-11-22 17:11,B06,,,App,Coffee,4,115,0.00,460.00,App Wallet,
T001133,2025-11-22 18:00,B02,,,In-store,Coffee,3,60,0.00,180.00,Credit Card,
T001134,2025-11-22 18:53,B01,M0324,Gold,In-store,Coffee,1,105,5.25,99.75,Cash,
T001135,2025-11-22 19:12,B01,,,In-store,Bakery,4,45,0.00,180.00,Credit Card,
T001136,2025-11-22 19:28,B07,M0065,Gold,App,Coffee,1,85,0.00,85.00,App Wallet,5
T001137,2025-11-23 07:54,B1,,,In-store,Bakery,1,80,0.00,80.00,Cash,
T001138,2025-11-23 07:54,B06,M0029,Bronze,Mobile App,Bakery,1,95,0.00,95.00,Credit Card,
T001139,2025-11-23 08:21,B03,,,App,Coffee,1,90,0.00,90.00,App Wallet,4
T001140,2025-11-23 08:42,B08,M0134,Platinum,In-store,Coffee,4,120,24.00,456.00,Cash,3
T001141,2025-11-23 09:32,B07,M0073,Gold,In-store,Coffee,2,70,7.00,133.00,QR PromptPay,
T001142,2025-11-23 09:43,B08,M0271,Gold,In-store,Bakery,2,50,15.00,85.00,Cash,
T001143,2025-11-23 10:07,B03,M0031,Silver,Delivery,Bakery,2,75,22.50,127.50,Cash,4
T001144,2025-11-23 10:35,B04,,,In-store,Coffee,1,55,0.00,55.00,Credit Card,
T001145,2025-11-23 11:25,B03,M0312,Bronze,App,Coffee,1,60,0.00,60.00,Credit Card,
T001146,2025-11-23 11:29,B07,M0268,Silver,In-store,Coffee,4,105,0.00,420.00,QR PromptPay,3
T001147,2025-11-23 12:37,B02,M0183,Bronze,App,Coffee,1,120,0.00,120.00,Credit Card,
T001148,2025-11-23 13:01,B07,M0209,Bronze,In-store,Coffee,1,70,0.00,70.00,QR PromptPay,
T001149,2025-11-23 13:06,B03,M0069,Silver,In-store,Coffee,4,70,0.00,280.00,Credit Card,3
T001150,2025-11-23 13:55,B02,M0297,Bronze,In-store,Tea,3,50,0.00,150.00,Credit Card,2
T001151,2025-11-23 13:58,B08,M9632,Silver,In-store,Merchandise,1,575,0.00,575.00,QR PromptPay,
T001152,2025-11-23 13:59,B04,,,In store,Coffee,1,55,0.00,55.00,QR PromptPay,
T001153,2025-11-23 14:04,B03,,,App,Bakery,1,105,0.00,105.00,App Wallet,
T001154,2025-11-23 14:15,B04,M0179,Platinum,In-store,Bakery,1,70,3.50,66.50,QR PromptPay,
T001155,2025-11-23 14:37,B08,,,App,Bakery,1,55,0.00,55.00,Credit Card,3
T001156,2025-11-23 14:37,B06,M0154,Brz,In-store,Coffee,2,100,0.00,200.00,Credit Card,
T001157,2025-11-23 16:24,B01,M0097,Bronze,In-store,Coffee,2,100,0.00,200.00,QR PromptPay,
T001158,2025-11-23 17:30,B01,,,In-store,Tea,1,80,0.00,80.00,Cash,
T001159,2025-11-23 17:43,B04,M0203,Bronze,In-store,Coffee,1,60,0.00,60.00,QR PromptPay,3
T001160,2025-11-23 17:44,B05,M0051,Bronze,In-store,Coffee,2,70,0.00,140.00,QR PromptPay,
T001161,2025-11-23 17:46,B02,M0160,Bronze,In-store,Coffee,4,75,0.00,300.00,Credit Card,4
T001162,2025-11-23 19:23,B07,,,In-store,Coffee,2,85,0.00,170.00,Credit Card,
T001163,2025-11-24 09:01,B07,,,Delivery,Coffee,1,90,0.00,90.00,Credit Card,
T001164,2025-11-24 09:02,B04,,,In-store,Coffee,3,60,0.00,180.00,Cash,
T001165,2025-11-24 09:38,B07,M0100,Bronze,In-store,Coffee,1,105,0.00,105.00,Cash,
T001166,2025-11-24 11:03,B02,M0325,Gold,In-store,Coffee,2,75,0.00,150.00,Cash,
T001167,2025-11-24 11:47,B03,M0067,Bronze,In-store,Coffee,2,100,0.00,200.00,QR PromptPay,5
T001168,2025-11-24 11:56,B06,,,In-store,Coffee,1,9999,0.00,9999.00,QR PromptPay,4
T001169,2025-11-24 12:02,B05,M0178,Silver,In-store,Bakery,4,85,0.00,340.00,QR PromptPay,
T001170,2025-11-24 12:18,B04,,,APP,Coffee,1,115,0.00,115.00,Credit Card,3
T001169,2025-11-24 12:34,B05,M0178,Silver,In-store,Bakery,-4,85,-0.00,-340.00,QR PromptPay,
T001171,2025-11-24 12:38,B03,M0079,Silver,In-store,Bakery,4,105,0.00,420.00,QR PromptPay,
T001172,2025-11-24 15:11,B04,M0329,Bronze,Delivery,Bakery,1,105,10.50,94.50,Cash,
T001173,2025-11-24 15:22,B01,M0186,Platinum,APP,Bakery,1,55,0.00,55.00,Credit Card,
T001174,2025-11-24 15:48,b04,M0050,BRONZE,in-store,Tea,1,80,0.00,80.00,QR PromptPay,
T001175,2025-11-24 15:52,B02,M0054,Silver,App,Coffee,3,70,0.00,210.00,Credit Card,
T001176,2025-11-24 16:26,B03,M0313,Bronze,In-store,Merchandise,1,315,0.00,315.00,QR PromptPay,
T001177,2025-11-24 16:35,B04,,,In-store,Coffee,1,65,0.00,65.00,Cash,4
T001178,2025-11-24 16:43,B02,,,In-store,Bakery,1,60,0.00,60.00,Credit Card,
T001179,2025-11-24 17:31,B02,M0160,Bronze,In-store,Bakery,1,50,5.00,45.00,QR PromptPay,
T001180,2025-11-24 18:16,B05,M0227,Bronze,In-store,Coffee,4,85,0.00,340.00,Cash,
T001181,2025-11-24 18:51,B06,M0049,Platinum,Delivery,Coffee,2,55,16.50,93.50,QR PromptPay,
T001182,2025-11-24 19:14,B01,M0324,Gold,Delivery,Coffee,2,80,0.00,160.00,Cash,
T001183,2025-11-24 19:28,B08,,,Instore,Coffee,1,100,0.00,100.00,Credit Card,
T001184,2025-11-24 19:52,B08,M0223,Bronze,In-store,Coffee,2,70,0.00,140.00,QR PromptPay,2
T001185,2025-11-25 07:35,B07,,,In-store,Coffee,1,100,0.00,100.00,Credit Card,3
T001186,2025-11-25 08:19,B03,M0138,Silver,App,Coffee,1,80,0.00,80.00,Credit Card,
T001187,2025-11-25 08:32,B04,M0181,Bronze,In-store,Bakery,1,60,0.00,60.00,QR PromptPay,4
T001188,2025-11-25 11:20,B01,M0009,Bronze,In-store,Coffee,1,70,0.00,70.00,QR PromptPay,4
T001189,2025-11-25 12:03,B08,,,delivery,Coffee,1,60,0.00,60.00,Credit Card,5
T001190,2025-11-25 12:21,B07,M0259,Silver,App,Merchandise,1,545,0.00,545.00,Credit Card,
T001191,2025-11-25 12:55,B02,,,Delivery,Bakery,1,100,0.00,100.00,Credit Card,
T001192,2025-11-25 13:09,B05,M0165,Bronze,Delivery,Coffee,2,85,0.00,170.00,Credit Card,
T001193,2025-11-25 13:53,B01,,,Delivery,Bakery,1,55,0.00,55.00,QR PromptPay,
T001194,2025-11-25 13:55,B05,M0206,Silver,In-store,Coffee,3,60,0.00,180.00,Credit Card,
T001195,2025-11-25 13:58,B02,M0325,Gold,In-store,Coffee,3,80,0.00,240.00,QR PromptPay,5
T001196,2025-11-25 14:20,B04,,,In-store,Tea,2,70,0.00,140.00,Cash,
T001197,2025-11-25 14:29,B07,M0270,Bronze,In-store,Coffee,1,85,0.00,85.00,QR PromptPay,
T001198,2025-11-25 15:05,B08,M0305,Silver,In-store,Tea,2,50,15.00,85.00,QR PromptPay,
T001199,2025-11-25 15:48,B03,M0085,Silver,Delivery,Bakery,1,45,0.00,45.00,Cash,5
T001200,2025-11-25 16:09,B03,M0150,Bronze,App,Coffee,2,95,0.00,190.00,Credit Card,4
T001201,2025-11-25 16:13,B07,M0073,Gold,App,Coffee,1,80,0.00,80.00,App Wallet,3
T001202,2025-11-25 16:51,B07,,,In-store,Bakery,1,110,0.00,50.00,QR PromptPay,
T001203,2025-11-25 17:35,B03,M0175,Silver,In-store,Coffee,2,110,22.00,198.00,QR PromptPay,
T001204,2025-11-26 08:29,B05,M0178,Silver,Delivery,Coffee,3,90,0.00,270.00,Credit Card,4
T001205,2025-11-26 08:43,B04,M0331,Gold,Delivery,Coffee,1,80,0.00,80.00,Credit Card,
T001206,2025-11-26 09:50,B08,M0175,Silver,App,Coffee,1,115,0.00,115.00,App Wallet,
T001207,2025-11-26 09:53,B08,M0212,Platinum,In-store,Merchandise,1,720,36.00,684.00,Cash,
T001208,2025-11-26 10:31,B04,M0232,Bronze,In-store,Bakery,1,50,5.00,45.00,Credit Card,4
T001209,2025-11-26 10:42,B08,M0268,Silver,in-store,Coffee,2,115,0.00,230.00,Cash,3
T001210,2025-11-26 10:54,B05,M0178,Silver,App,Coffee,1,90,0.00,90.00,Credit Card,
T001211,2025-11-26 10:54,B04,,,Delivery,Tea,2,90,0.00,180.00,Credit Card,4
T001212,2025-11-26 13:02,B05,M0059,Bronze,App,Coffee,2,60,12.00,108.00,App Wallet,
T001213,2025-11-26 13:38,B02,M0155,Platinum,In-store,Tea,3,90,40.50,229.50,QR PromptPay,
T001214,2025-11-26 14:26,B08,M0212,Platinum,In-store,Merchandise,1,855,85.50,769.50,Credit Card,
T001214,2025-11-26 14:26,B08,M0212,Platinum,In-store,Merchandise,1,855,85.50,769.50,Credit Card,
T001215,2025-11-26 15:13,B02,M0229,Silver,In-store,Coffee,1,100,0.00,100.00,Credit Card,5
T001216,2025-11-26 16:39,B07,,,In-store,Tea,1,70,0.00,70.00,QR PromptPay,4
T001217,2025-11-26 16:40,B01,,,In-store,Bakery,1,70,0.00,70.00,Cash,
T001218,2025-11-26 18:29,B07,M0066,Silver,App,Coffee,1,70,3.50,66.50,App Wallet,
T001219,2025-11-26 18:43,B04,M0094,Silver,In-store,Coffee,2,110,0.00,220.00,QR PromptPay,
T001220,2025-11-26 18:50,b02,,,App,Coffee,2,60,0.00,120.00,App Wallet,
T001221,2025-11-26 19:28,B06,M0232,Bronze,Delivery,Coffee,3,70,0.00,210.00,Credit Card,
T001222,2025-11-27 07:09,B01,M0199,Gold,In-store,Coffee,1,95,4.75,90.25,QR PromptPay,4
T001223,2025-11-27 07:33,B07,M0245,Gold,In-store,Tea,1,85,4.25,80.75,Credit Card,
T001224,2025-11-27 08:05,B03,M0312,Bronze,App,Merchandise,3,715,0.00,2145.00,Credit Card,2
T001225,2025-11-27 08:13,B07,M0021,Gold,In-store,Bakery,1,50,0.00,50.00,QR PromptPay,
T001226,2025-11-27 08:30,B05,M0088,Silver,Instore,Merchandise,2,365,36.50,693.50,QR PromptPay,5
T001227,2025-11-27 08:59,B08,M0223,Bronze,In-store,Coffee,3,70,0.00,210.00,Cash,
T001228,2025-11-27 09:44,B02,M0308,Bronze,In-store,Bakery,2,100,0.00,200.00,Credit Card,
T001229,2025-11-27 11:07,B07,M0270,Bronze,In-store,Coffee,1,55,8.25,46.75,Cash,
T001230,2025-11-27 11:14,B08,M0260,Gold,In-store,Bakery,1,75,0.00,75.00,Credit Card,3
T001231,2025-11-27 11:28,B04,M0037,Bronze,In-store,Coffee,1,65,0.00,65.00,Cash,3
T001232,2025-11-27 11:49,B08,M0039,Silver,App,Bakery,1,65,0.00,65.00,App Wallet,
T001233,2025-11-27 11:59,B03,,,App,Bakery,1,110,0.00,110.00,App Wallet,3
T001234,2025-11-27 12:32,B03,,,Delivery,Coffee,2,80,0.00,160.00,Credit Card,3
T001235,2025-11-27 13:03,B05,M0059,Brz,App,Bakery,1,55,0.00,55.00,Credit Card,
T001236,2025-11-27 13:04,b08,,,In-store,Coffee,2,65,0.00,130.00,QR PromptPay,3
T001237,2025-11-27 13:21,B03,M0221,Silver,In-store,Bakery,1,85,0.00,85.00,QR PromptPay,
T001238,2025-11-27 13:28,B04,,,In-store,Coffee,2,105,0.00,210.00,Cash,
T001239,2025-11-27 14:21,B05,,,In-store,Coffee,2,70,0.00,140.00,Credit Card,
T001240,2025-11-27 14:28,B07,M0253,Bronze,In-store,Tea,1,95,0.00,95.00,Credit Card,
T001241,2025-11-27 15:39,B07,M0032,Slvr,App,Bakery,1,50,7.50,42.50,Credit Card,3
T001242,2025-11-27 16:29,B05,M0059,Bronze,Delivery,Coffee,3,105,31.50,283.50,QR PromptPay,
T001243,2025-11-27 16:37,B02,M0229,Silver,App,Tea,2,55,0.00,110.00,Credit Card,
T001244,2025-11-27 16:38,B02,M0210,Bronze,In-store,Coffee,1,120,0.00,120.00,Credit Card,
T001245,2025-11-27 16:44,B01,M0082,Gold,In-store,Bakery,2,65,0.00,130.00,QR PromptPay,
T001246,2025-11-27 17:56,B02,M0160,Bronze,In-store,Coffee,2,65,0.00,130.00,Cash,
T001247,2025-11-27 19:16,B08,M0212,Platinum,In-store,Coffee,2,110,44.00,176.00,Cash,2
T001248,2025-11-27 19:26,B08,M0204,Gold,app,Tea,1,75,0.00,75.00,Credit Card,4
T001249,2025-11-27 19:41,B08,M0204,Gold,In-store,Bakery,1,50,2.50,47.50,Cash,
T001250,2025-11-27 19:45,B01,M0319,Bronze,In-store,Coffee,1,120,0.00,120.00,Cash,
T001251,2025-11-28 07:03,B05,M0059,Bronze,In-store,Coffee,1,85,17.00,68.00,Credit Card,4
T001252,2025-11-28 07:15,B07,M0052,Bronze,In-store,Bakery,2,45,0.00,90.00,Cash,4
T001253,2025-11-28 07:40,B08,M0164,Gold,In-store,Coffee,2,120,0.00,240.00,QR PromptPay,4
T001254,2025-11-28 08:25,B03,M0027,Bronze,In-store,Tea,0,55,0.00,0.00,QR PromptPay,
T001255,2025-11-28 08:33,B08,M0212,Platinum,In-store,Coffee,1,85,0.00,85.00,Cash,
T001256,2025-11-28 08:43,B01,,,In-store,Coffee,1,105,0.00,105.00,QR PromptPay,4
T001257,2025-11-28 09:01,B06,M0241,Platinum,App,Bakery,4,105,0.00,420.00,Credit Card,4
T001258,2025-11-28 09:26,B03,,,In-store,Bakery,1,105,0.00,105.00,Cash,
T001259,2025-11-28 09:30,B04,M0179,Platinum,Delivery,Coffee,3,105,63.00,252.00,QR PromptPay,
T001260,2025-11-28 09:35,B08,M0212,Platinum,Delivery,Coffee,3,55,33.00,132.00,Credit Card,2
T001261,2025-11-28 09:44,B04,M0181,Bronze,Delivery,Bakery,1,100,0.00,100.00,QR PromptPay,
T001262,2025-11-28 10:08,B04,M0181,Bronze,In-store,Coffee,1,65,0.00,65.00,Credit Card,
T001263,2025-11-28 10:12,B05,,,Delivery,Coffee,1,55,0.00,55.00,Cash,
T001264,2025-11-28 10:44,B01,M0069,Silver,App,Coffee,3,90,0.00,270.00,App Wallet,3
T001265,2025-11-28 11:26,B05,M0305,Silver,Delivery,Coffee,1,90,0.00,90.00,QR PromptPay,
T001266,2025-11-28 11:36,B01,,,In-store,Coffee,3,70,0.00,210.00,Cash,
T001267,2025-11-28 12:49,B02,,,In-store,Tea,2,80,0.00,160.00,Cash,3
T001268,2025-11-28 13:19,B01,M0186,Platinum,In-store,Coffee,1,65,3.25,61.75,Cash,5
T001269,2025-11-28 13:44,B01,M0029,Bronze,In-store,Coffee,4,90,0.00,360.00,Cash,5
T001270,2025-11-28 13:46,B04,M0315,Gold,In-store,Bakery,1,50,0.00,50.00,Cash,3
T001271,2025-11-28 13:59,B01,M0015,BRONZE,In-store,Coffee,1,85,0.00,85.00,QR PromptPay,
T001272,2025-11-28 14:32,B08,M0280,Silver,App,Merchandise,2,760,0.00,1520.00,App Wallet,
T001273,2025-11-28 15:00,B01,,,In-store,Bakery,1,90,0.00,90.00,Credit Card,
T001274,2025-11-28 15:07,B06,M0305,Silver,In-store,Coffee,1,70,7.00,63.00,Cash,
T001275,2025-11-28 16:05,B07,,,App,Bakery,4,55,0.00,220.00,App Wallet,4
T001276,2025-11-28 16:05,B05,,,In-store,Bakery,1,60 THB,0.00,60.00,Cash,
T001277,2025-11-28 16:37,B06,,,In-store,Bakery,2,60,0.00,120.00,QR PromptPay,4
T001278,2025-11-28 18:42,B04,,,In-store,Tea,1,55,0.00,55.00,Cash,
T001279,2025-11-28 19:13,B03,,,In-store,Merchandise,3,340,0.00,1020.00,Cash,
T001280,2025-11-29 08:25,B06,M0177,Bronze,App,Merchandise,2,325,0.00,650.00,Credit Card,
T001281,2025-11-29 09:17,B05,M0158,Silver,In-store,Bakery,1,95,0.00,95.00,Cash,4
T001282,2025-11-29 09:55,B03,,,App,Bakery,2,50,0.00,100.00,Credit Card,4
T001283,2025-11-29 11:11,B08,M0305,Silver,In-store,Coffee,1,75,0.00,75.00,QR PromptPay,
T001284,2025-11-29 11:15,B01,M0150,Brz,App,Bakery,1,45,0.00,45.00,Credit Card,
T001285,2025-11-29 11:30,B05,M0128,Bronze,In-store,Tea,2,70,0.00,140.00,QR PromptPay,
T001286,2025-11-29 12:36,B08,M0175,Silver,In-store,Coffee,1,75,0.00,75.00,Cash,
T001287,2025-11-29 15:12,B08,M0205,Silver,In-store,Coffee,4,115,69.00,391.00,QR PromptPay,4
T001288,2025-11-29 15:13,B06,M0329,Bronze,In-store,Merchandise,1,490,0.00,490.00,Cash,
T001289,2025-11-29 15:56,B02,M0200,Gold,In-store,Tea,4,85,0.00,340.00,Credit Card,
T001290,2025-11-29 16:07,B05,M9799,Silver,In-store,Coffee,3,105,31.50,283.50,Credit Card,
T001291,2025-11-29 16:32,B07,,,App,Coffee,1,85,0.00,85.00,App Wallet,5
T001292,2025-11-29 16:42,B04,M0090,Platinum,App,Bakery,1,55,5.50,49.50,App Wallet,5
T001293,2025-11-29 18:06,B05,,,App,Coffee,1,80,0.00,80.00,Credit Card,
T001294,2025-11-29 18:13,B03,,,In-store,Bakery,1,50,0.00,50.00,Cash,
T001295,2025-11-29 19:13,B08,M0187,Silver,Delivery,Tea,3,55,8.25,156.75,Credit Card,4
T001296,2025-11-30 07:06,B02,,,App,Coffee,2,110,0.00,220.00,App Wallet,
T001297,2025-11-30 08:11,B07,M0100,Bronze,delivery,Bakery,4,85,0.00,340.00,QR PromptPay,
T001298,2025-11-30 08:26,B01,M0281,BRONZE,In-store,Coffee,4,100,0.00,400.00,QR PromptPay,
T001299,2025-11-30 08:57,B02,M0186,Platinum,Delivery,Coffee,2,80,16.00,144.00,Cash,
T001300,2025-11-30 09:28,B03,M0112,Platinum,App,Merchandise,1,250,0.00,250.00,Credit Card,
T001301,2025-11-30 10:37,B04,M0320,Silver,In-store,Tea,2,85,0.00,170.00,Cash,
T001302,2025-11-30 10:40,B04,M0181,Bronze,In-store,Merchandise,1,500,0.00,500.00,Cash,
T001303,2025-11-30 11:01,B01,M0183,Bronze,In-store,Bakery,1,80,0.00,80.00,Cash,
T001304,2025-11-30 11:02,B04,M0024,Silver,In-store,Coffee,2,65,0.00,130.00,QR PromptPay,
T001305,2025-11-30 11:49,B03,M0121,Silver,App,Coffee,1,55,5.50,49.50,App Wallet,
T001306,2025-11-30 12:41,B05,,,App,Bakery,4,70,0.00,280.00,Credit Card,
T001307,2025-11-30 12:52,B03,,,In-store,Tea,1,50,0.00,50.00,Credit Card,4
T001308,2025-11-30 13:59,B08,M0304,Gold,In-store,Coffee,4,95,0.00,380.00,Cash,4
T001309,2025-11-30 14:10,B04,M0315,Gold,In-store,Bakery,1,85,0.00,85.00,QR PromptPay,
T001310,2025-11-30 14:32,B05,,,In-store,Merchandise,3,625,0.00,1875.00,Cash,5
T001311,2025-11-30 15:22,B06,,,App,Bakery,2,100,0.00,200.00,Credit Card,
T001312,2025-11-30 15:27,B02,M0011,Gold,In-store,Coffee,1,100,0.00,100.00,Credit Card,5
T001313,2025-11-30 16:27,B04,M0165,Bronze,In-store,Bakery,1,55,0.00,55.00,Credit Card,
T001314,2025-11-30 16:53,B03,,,In-store,Bakery,1,60,0.00,60.00,Credit Card,
T001315,2025-11-30 17:26,B08,M0049,Platinum,App,Merchandise,2,635,0.00,1270.00,App Wallet,4
T001316,2025-11-30 17:40,B05,M0158,Silver,App,Coffee,4,95,0.00,380.00,Credit Card,
T001317,2025-11-30 18:10,B03,M0097,Bronze,In-store,Bakery,4,65,13.00,247.00,QR PromptPay,
T001318,2025-11-30 18:12,B07,,,In-store,Bakery,4,45,0.00,180.00,Credit Card,
T001319,2025-11-30 18:24,B04,M0200,Gold,In-store,Coffee,2,55,11.00,99.00,Credit Card,5
T001320,2025-11-30 18:32,B03,M0175,Silver,Delivery,Bakery,4,75,0.00,300.00,QR PromptPay,
T001321,2025-11-30 18:37,B05,M0063,Platinum,Delivery,Bakery,1,70,14.00,56.00,Cash,
T001322,2025-11-30 18:44,B07,M0209,Bronze,In-store,Coffee,2,120,0.00,240.00,Cash,5
T001323,2025-12-01 07:54,B01,M0144,Gold,In-store,Merchandise,2,550,165.00,935.00,Credit Card,
T001324,2025-12-01 08:10,B02,M0160,bronze,App,Tea,2,75,0.00,150.00,Credit Card,3
T001325,2025-12-01 08:13,B07,M0198,Bronze,Delivery,Coffee,1,55,0.00,55.00,Cash,
T001326,2025-12-01 08:23,B02,M0011,Gold,App,Coffee,1,60,0.00,60.00,App Wallet,
T001327,2025-12-01 11:48,B08,M0321,Bronze,In-store,Coffee,1,85,0.00,85.00,QR PromptPay,
T001328,2025-12-01 12:29,B07,M0079,Silver,In-store,Coffee,1,70,0.00,70.00,QR PromptPay,
T001329,2025-12-01 12:49,B03,M0261,Bronze,In store,Coffee,4,85,51.00,289.00,Credit Card,
T001330,2025-12-01 13:03,B04,,,App,Coffee,1,65,0.00,125.00,Credit Card,5
T001331,2025-12-01 13:09,B01,M0105,Bronze,In-store,Bakery,1,45,0.00,45.00,QR PromptPay,
T001332,2025-12-01 13:35,B06,,,In-store,Bakery,2,85,0.00,170.00,Credit Card,5
T001333,2025-12-01 14:10,B03,M0204,Gold,Delivery,Coffee,1,70,10.50,59.50,Credit Card,4
T001334,2025-12-01 15:37,B01,M0233,Silver,In-store,Coffee,1,120,18.00,102.00,Cash,3
T001335,2025-12-01 15:40,B01,M0317,Silver,In-store,Tea,2,75,0.00,150.00,Cash,
T001335,2025-12-01 16:18,B01,M0317,Silver,In-store,Tea,-2,75,-0.00,-150.00,Cash,
T001336,2025-12-01 16:49,B01,M0052,Bronze,In-store,Coffee,2,80,0.00,160.00,QR PromptPay,3
T001337,2025-12-01 16:57,B01,,,In-store,Merchandise,1,600,0.00,600.00,QR PromptPay,5
T001338,2025-12-01 17:12,B08,M0104,Silver,App,Merchandise,1,740,0.00,740.00,App Wallet,5
T001339,2025-12-01 19:28,B05,M0313,Bronze,App,Coffee,4,110,0.00,440.00,Credit Card,
T001340,2025-12-02 07:10,B07,,,Delivery,Bakery,1,55,0.00,55.00,QR PromptPay,
T001341,2025-12-02 07:13,B01,M0194,Bronze,App,Bakery,2,95,0.00,190.00,App Wallet,4
T001342,2025-12-02 07:16,B08,M0212,Platinum,In-store,Bakery,1,90,0.00,90.00,QR PromptPay,
T001343,2025-12-02 08:12,B01,M0186,Platinum,In-store,Bakery,4,90,36.00,324.00,QR PromptPay,
T001344,2025-12-02 08:19,B01,M0151,Bronze,In-store,Coffee,2,95,0.00,190.00,Cash,
T001345,2025-12-02 08:24,B06,M0259,Silver,In-store,Coffee,1,65,13.00,52.00,QR PromptPay,
T001346,2025-12-02 08:36,B05,,,In-store,Coffee,4,55,0.00,220.00,QR PromptPay,4
T001347,2025-12-02 08:59,B01,M0294,Bronze,App,Merchandise,2,780,0.00,1560.00,Credit Card,
T001348,2025-12-02 09:36,B02,M0140,Bronze,App,Bakery,2,60,0.00,120.00,Credit Card,5
T001349,2025-12-02 10:03,B01,M0069,Silver,App,Coffee,1,85,0.00,85.00,Credit Card,4
T001350,2025-12-02 10:48,B08,M0050,Bronze,Instore,Bakery,3,70,0.00,210.00,Credit Card,
T001351,2025-12-02 11:10,B03,M0006,Gold,Delivery,Coffee,4,115,69.00,391.00,QR PromptPay,4
T001352,2025-12-02 11:15,B08,M0104,Silver,App,Tea,1,60,0.00,60.00,Credit Card,
T001353,2025-12-02 11:38,B04,M0082,Gold,Delivery,Coffee,1,85,0.00,85.00,QR PromptPay,
T001354,2025-12-02 12:58,B08,M0164,Gold,In-store,Coffee,1,65,0.00,65.00,Cash,5
T001355,2025-12-02 13:23,B05,M0186,platinum,In-store,Coffee,3,95,28.50,256.50,Cash,
T001356,2025-12-02 15:10,B03,M0175,Silver,in-store,Bakery,1,90,0.00,90.00,QR PromptPay,4
T001357,2025-12-02 15:55,B02,,,In-store,Coffee,2,100,0.00,200.00,Cash,
T001358,2025-12-02 16:01,B08,M0051,Bronze,In-store,Coffee,1,100,0.00,100.00,QR PromptPay,
T001359,2025-12-02 17:33,B01,M0084,Silver,Delivery,Coffee,2,115,11.50,218.50,QR PromptPay,3
T001359,2025-12-02 17:33,B01,M0084,Silver,Delivery,Coffee,2,115,11.50,218.50,QR PromptPay,3
T001360,2025-12-02 19:39,B03,M0085,Silver,App,Coffee,3,75,0.00,225.00,App Wallet,
T001361,2025-12-03 07:02,B04,M0326,Bronze,In-store,Coffee,1,65,0.00,65.00,Credit Card,
T001362,2025-12-03 07:05,B03,,,In-store,Coffee,4,55,0.00,220.00,Credit Card,
T001363,2025-12-03 08:00,B01,M0251,Bronze,App,Coffee,1,95,0.00,95.00,Credit Card,4
T001364,2025-12-03 09:02,B01,M0225,Silver,In-store,Bakery,1,105,0.00,105.00,Credit Card,4
T001365,2025-12-03 11:00,B05,,,In-store,Coffee,1,100,0.00,100.00,Credit Card,
T001366,2025-12-03 12:04,B03,,,Delivery,Coffee,1,55,0.00,55.00,QR PromptPay,3
T001367,2025-12-03 12:09,B07,M0128,Bronze,In-store,Coffee,1,95,4.75,90.25,Credit Card,
T001368,2025-12-03 12:32,B08,M0187,Silver,Delivery,Merchandise,1,630,63.00,567.00,Credit Card,
T001369,2025-12-03 14:19,B05,,,In-store,Coffee,2,95,0.00,190.00,Credit Card,4
T001370,2025-12-03 15:15,B05,M0203,Bronze,In-store,Tea,1,85,0.00,85.00,QR PromptPay,3
T001371,2025-12-03 16:13,B03,M0138,Silver,Delivery,Tea,2,60,0.00,120.00,QR PromptPay,
T001372,2025-12-03 17:42,B08,M0268,Silver,In-store,Coffee,2,90,0.00,180.00,Credit Card,5
T001373,2025-12-03 19:10,B07,M0079,Silver,In-store,Merchandise,1,610,0.00,610.00,QR PromptPay,5
T001374,2025-12-03 19:12,B04,,,App,Coffee,1,85,0.00,85.00,Credit Card,4
T001375,2025-12-03 19:23,B07,M0120,Gold,in-store,Bakery,2,85,8.50,161.50,Cash,3
T001376,2025-12-03 19:30,B03,M0312,Bronze,In-store,Tea,1,70,0.00,70.00,Credit Card,
T001377,2025-12-04 07:49,B08,M0104,Silver,App,Tea,1,95,0.00,95.00,Credit Card,5
T001378,2025-12-04 08:40,B07,,,In-store,Coffee,2,85,0.00,170.00,Cash,5
T001379,2025-12-04 08:43,B07,M0066,Silver,App,Bakery,1,70,0.00,70.00,App Wallet,
T001380,2025-12-04 08:45,B04,,,In-store,Coffee,1,55,0.00,55.00,Cash,5
T001381,2025-12-04 09:29,B01,,,In-store,Tea,1,85,0.00,85.00,QR PromptPay,3
T001382,2025-12-04 10:20,B01,M0082,Gold,App,Merchandise,2,395,39.50,750.50,Credit Card,
T001383,2025-12-04 10:55,B08,M0212,Platinum,App,Coffee,1,105,0.00,105.00,Credit Card,
T001384,2025-12-04 11:39,B02,M0098,Gold,In-store,Tea,3,55,0.00,165.00,QR PromptPay,
T001385,2025-12-04 11:43,B02,M9217,Silver,In-store,Coffee,3,70,0.00,210.00,Credit Card,
T001386,2025-12-04 11:53,B01,,,In-store,Coffee,1,95,0.00,95.00,QR PromptPay,3
T001387,2025-12-04 11:57,B07,M0185,Silver,In-store,Coffee,1,100,0.00,100.00,QR PromptPay,2
T001388,2025-12-04 12:10,B01,,,Delivery,Coffee,2,120,0.00,240.00,Credit Card,
T001389,2025-12-04 12:22,B06,,,In-store,Bakery,1,95,0.00,95.00,QR PromptPay,4
T001390,2025-12-04 12:28,B03,M0282,Bronze,In-store,Coffee,1,85,0.00,85.00,QR PromptPay,
T001391,2025-12-04 13:13,B01,M0076,Silver,Delivery,Coffee,2,75,0.00,150.00,QR PromptPay,3
T001392,2025-12-04 13:17,B07,M0079,Silver,In-store,Bakery,1,65,3.25,61.75,Cash,
T001393,2025-12-04 13:18,B08,M0212,Platinum,In-store,Coffee,1,80,0.00,80.00,Cash,
T001394,2025-12-04 13:23,B02,,,In-store,Coffee,2,95,0.00,190.00,Credit Card,5
T001395,2025-12-04 13:48,B02,M0325,Gold,In-store,Coffee,1,95,0.00,95.00,Credit Card,
T001396,2025-12-04 13:49,B01,M9826,Platinum,Delivery,Coffee,4,55,11.00,209.00,Cash,
T001397,2025-12-04 14:13,B04,M0181,Bronze,In-store,Tea,3,85,0.00,255.00,QR PromptPay,
T001397,2025-12-04 15:34,B04,M0181,Bronze,In-store,Tea,-3,85,-0.00,-255.00,QR PromptPay,
T001398,2025-12-04 16:03,B08,,,Delivery,Bakery,2,65,0.00,130.00,QR PromptPay,
T001399,2025-12-04 16:21,B04,M0078,Bronze,In-store,Coffee,1,70,0.00,70.00,Credit Card,
T001400,2025-12-04 17:16,B06,M0094,Silver,In-store,Coffee,2,115,0.00,230.00,QR PromptPay,
T001401,2025-12-04 17:21,B03,M0313,Bronze,App,Coffee,3,115,0.00,345.00,Credit Card,4
T001402,2025-12-04 18:22,B08,M0050,Bronze,In-store,Coffee,1,110,0.00,110.00,Cash,
T001403,2025-12-04 19:16,B02,M0160,Bronze,Delivery,Coffee,4,65,0.00,260.00,QR PromptPay,
T001404,2025-12-04 19:45,B03,,,In-store,Bakery,2,65,0.00,130.00,Credit Card,
T001405,2025-12-05 07:05,B08,M0079,Silver,In-store,Bakery,1,80,0.00,80.00,QR PromptPay,
T001406,2025-12-05 07:06,B04,M0160,Bronze,In-store,Coffee,2,75,30.00,120.00,QR PromptPay,4
T001407,2025-12-05 07:24,B01,,,App,Coffee,1,110,0.00,110.00,Credit Card,
T001408,2025-12-05 07:24,B02,M0160,Bronze,App,Merchandise,1,600,0.00,600.00,Credit Card,
T001409,2025-12-05 07:26,B03,M0272,Silver,App,Coffee,1,85,0.00,85.00,App Wallet,4
T001410,2025-12-05 08:30,B07,,,App,Coffee,1,70,0.00,70.00,Credit Card,
T001411,2025-12-05 10:23,B01,M0186,Platinum,App,Coffee,2,100,10.00,190.00,App Wallet,5
T001412,2025-12-05 11:20,B05,M0098,Gold,In-store,Coffee,1,80,8.00,72.00,Cash,5
T001413,2025-12-05 12:01,B01,M0084,Silver,In-store,Coffee,3,65,0.00,195.00,Credit Card,
T001414,2025-12-05 12:19,B02,,,In-store,Merchandise,1,285,0.00,285.00,Cash,
T001413,2025-12-05 12:25,B01,M0084,Silver,In-store,Coffee,-3,65,-0.00,-195.00,Credit Card,
T001415,2025-12-05 12:45,B07,,,App,Coffee,2,95,0.00,190.00,Credit Card,5
T001416,2025-12-05 13:04,B04,M0323,Gold,In-store,Tea,1,55,0.00,55.00,QR PromptPay,
T001417,2025-12-05 13:23,B04,,,In-store,Coffee,1,90,0.00,90.00,QR PromptPay,
T001418,2025-12-05 14:33,B01,,,In-store,Coffee,1,75,0.00,75.00,Credit Card,4
T001419,2025-12-05 16:07,B01,M0062,Gold,Delivery,Coffee,1,105 THB,0.00,105.00,Credit Card,
T001420,2025-12-05 16:07,B04,M0153,Silver,In-store,Coffee,1,95,0.00,95.00,Cash,
T001421,2025-12-05 16:18,B02,M0140,BRONZE,In-store,Coffee,1,60,0.00,60.00,Cash,
T001422,2025-12-05 16:34,B07,M0079,Silver,Mobile App,Tea,4,60,0.00,240.00,Credit Card,3
T001423,2025-12-05 18:00,B05,M0281,Bronze,In-store,Merchandise,1,640,0.00,640.00,Cash,
T001424,2025-12-06 07:00,B07,M0066,Silver,In-store,Bakery,3,105,0.00,315.00,QR PromptPay,
T001425,2025-12-06 07:31,B02,M0065,Gold,In-store,Bakery,2,70,14.00,126.00,Cash,3
T001426,2025-12-06 08:05,B07,,,in-store,Coffee,3,90,0.00,270.00,Credit Card,3
T001427,2025-12-06 08:26,B02,M0144,gold,In-store,Coffee,2,115,0.00,230.00,QR PromptPay,3
T001428,2025-12-06 08:52,B08,,,In-store,Tea,1,70,0.00,70.00,QR PromptPay,
T001429,2025-12-06 08:58,B07,M0158,Silver,Delivery,Coffee,2,60,0.00,120.00,Credit Card,
T001430,2025-12-06 10:20,B04,M0066,Slvr,In-store,Coffee,1,65,0.00,65.00,Credit Card,
T001431,2025-12-06 10:27,B08,M0212,platinum,In-store,Coffee,2,65,6.50,123.50,QR PromptPay,
T001432,2025-12-06 10:57,B03,M0186,Platinum,Instore,Coffee,1,100,0.00,100.00,Credit Card,
T001433,2025-12-06 10:58,B01,M0319,Bronze,App,Bakery,2,90,0.00,180.00,Credit Card,
T001434,2025-12-06 12:00,B08,M0223,Bronze,Delivery,Bakery,3,50,0.00,150.00,QR PromptPay,
T001435,2025-12-06 12:16,B08,,,In-store,Coffee,1,100,0.00,100.00,QR PromptPay,3
T001436,2025-12-06 12:25, B06,M0094,Silver,Delivery,Coffee,2,105,0.00,210.00,Cash,
T001437,2025-12-06 12:40,B07,,,In-store,Bakery,1,70,0.00,70.00,Credit Card,3
T001438,2025-12-06 12:46,B02,M0229,Silver,In-store,Bakery,2,60,0.00,120.00,Credit Card,
T001439,2025-12-06 13:42,B03,,,Delivery,Coffee,3,65,0.00,195.00,QR PromptPay,
T001440,2025-12-06 14:14,B06,M0049,Platinum,In-store,Coffee,2,60,0.00,120.00,QR PromptPay,4
T001441,2025-12-06 14:18,B04,M0181,Bronze,In-store,Coffee,2,65 THB,0.00,130.00,Credit Card,4
T001442,2025-12-06 14:44,B05,M0198,Bronze,In-store,Merchandise,1,875,0.00,875.00,QR PromptPay,3
T001443,2025-12-06 14:59,B02,M0158,Silver,In-store,Tea,1,55,0.00,55.00,QR PromptPay,
T001444,2025-12-06 15:03,B08,,,In-store,Tea,4,50,0.00,200.00,QR PromptPay,
T001445,2025-12-06 16:59,B08,,,Delivery,Tea,2,80,0.00,160.00,Credit Card,
T001446,2025-12-06 17:01,B02,M0243,Bronze,In-store,Coffee,1,95,4.75,90.25,Credit Card,5
T001447,2025-12-06 18:30,B04,M0225,Silver,In-store,Merchandise,1,260,0.00,260.00,QR PromptPay,
T001448,2025-12-06 19:09,B06,M0226,Bronze,App,Tea,1,95,0.00,95.00,App Wallet,
T001449,2025-12-07 07:29,B07,M0245,Gold,In-store,Bakery,1,70,0.00,70.00,Credit Card,4
T001450,2025-12-07 08:20,B08,M0237,Bronze,App,Tea,1,80,0.00,80.00,Credit Card,3
T001451,2025-12-07 08:47,B05,M0083,Gold,In-store,Coffee,1,100,0.00,100.00,QR PromptPay,4
T001452,2025-12-07 10:08,B05,M0165,Bronze,In-store,Coffee,2,100,0.00,200.00,QR PromptPay,
T001453,2025-12-07 10:18,B02,,,Delivery,Coffee,3,110,0.00,330.00,Credit Card,5
T001454,2025-12-07 10:25,B06,M0246,Bronze,In-store,Coffee,1,65,0.00,65.00,Credit Card,
T001455,2025-12-07 10:31,B08,,,In-store,Coffee,2,60,0.00,120.00,Credit Card,
T001456,2025-12-07 11:00,B05,M0025,Bronze,In-store,Coffee,3,100,0.00,380.00,QR PromptPay,
T001457,2025-12-07 11:10,B08,M0280,Silver,In-store,Coffee,3,70,0.00,210.00,QR PromptPay,
T001458,2025-12-07 11:15,B01,M0197,Silver,In store,Coffee,1,60,0.00,60.00,QR PromptPay,4
T001459,2025-12-07 12:16,B07,M0120,Gold,App,Coffee,4,110,0.00,440.00,Credit Card,3
T001460,2025-12-07 12:54,B01,M0069,Slvr,Delivery,Coffee,3,70,0.00,210.00,Cash,4
T001461,2025-12-07 13:22,B1,M0194,Bronze,Delivery,Coffee,1,60,9.00,51.00,Cash,
T001462,2025-12-07 13:33,B03,,,In-store,Tea,3,50,0.00,150.00,Credit Card,3
T001463,2025-12-07 15:13,B08,M0130,Bronze,In-store,Tea,1,60,3.00,57.00,Cash,4
T001464,2025-12-07 15:38,B07,,,In-store,Tea,2,70,0.00,140.00,Credit Card,
T001465,2025-12-07 16:44,B07,M0139,Bronze,In-store,Bakery,2,100,0.00,200.00,Credit Card,
T001466,2025-12-07 17:08,B03,,,In-store,Coffee,1,70,0.00,70.00,Cash,
T001467,2025-12-07 17:48,B05,M0158,Silver,App,Merchandise,1,315,0.00,315.00,Credit Card,
T001468,2025-12-07 18:11,B02,M0144,Gold,App,Coffee,2,105,0.00,210.00,App Wallet,2
T001469,2025-12-07 18:46,B08,M0039,Silver,In-store,Coffee,1,110,0.00,110.00,Credit Card,4
T001470,2025-12-07 19:12,B06,,,In-store,Coffee,4,60,0.00,240.00,QR PromptPay,
T001471,2025-12-07 19:49,B04,M0229,Silver,App,Bakery,2,85,0.00,170.00,App Wallet,5
T001472,2025-12-08 07:02,B03,,,App,Coffee,1,60,0.00,60.00,Credit Card,
T001473,2025-12-08 07:12,B01,,,App,Coffee,1,100,0.00,100.00,Credit Card,
T001474,2025-12-08 08:02,B04,M0304,Gold,In-store,Tea,1,75,0.00,75.00,QR PromptPay,4
T001475,2025-12-08 08:08,B01,M0197,Silver,App,Coffee,2,105,10.50,199.50,App Wallet,
T001476,2025-12-08 09:13,B04,M0320,Silver,In-store,Coffee,4,90,0.00,360.00,Credit Card,
T001477,2025-12-08 09:15,B03,,,Delivery,Tea,1,65,0.00,65.00,Credit Card,
T001478,2025-12-08 09:19,B05,M0088,Silver,In-store,Merchandise,1,745,149.00,596.00,QR PromptPay,
T001479,2025-12-08 09:33,B04,M0090,Platinum,App,Coffee,1,110,16.50,93.50,Credit Card,5
T001480,2025-12-08 09:45,B03,M0112,PLATINUM,In-store,Bakery,4,60,0.00,240.00,Credit Card,
T001481,2025-12-08 09:58,B08,M0280,Silver,Delivery,Coffee,1,110,0.00,110.00,Credit Card,
T001482,2025-12-08 10:36,B01,M0271,Gold,In-store,Coffee,1,120,0.00,120.00,Credit Card,
T001483,2025-12-08 12:00,B02,M0143,Bronze,In-store,Coffee,1,60,0.00,60.00,Credit Card,3
T001484,2025-12-08 12:12,B05,M0178,Silver,In-store,Tea,4,70,0.00,280.00,QR PromptPay,
T001485,2025-12-08 12:17,B07,,,App,Coffee,3,55,0.00,135.00,Credit Card,
T001486,2025-12-08 13:46,B04,M0312,Bronze,Delivery,Tea,1,65,0.00,65.00,Credit Card,4
T001487,2025-12-08 13:55,B08,,,App,Merchandise,1,570,0.00,570.00,Credit Card,4
T001488,2025-12-08 14:16,B08,M0142,BRONZE,In-store,Tea,1,65,0.00,65.00,Credit Card,4
T001489,2025-12-08 14:24,B04,,,In-store,Bakery,1,110,0.00,110.00,Cash,
T001490,2025-12-08 14:33,B01,M0186,Platinum,App,Bakery,2,80,32.00,128.00,Credit Card,5
T001491,2025-12-08 15:30,B07,,,In-store,Coffee,1,100,0.00,100.00,QR PromptPay,4
T001492,2025-12-08 16:55,B06,,,App,Coffee,1,70,0.00,70.00,App Wallet,
T001493,2025-12-08 17:01,B04,,,In-store,Tea,1,95,0.00,95.00,QR PromptPay,
T001494,2025-12-08 17:29,B01,M0084,Silver,App,Coffee,1,85,0.00,85.00,Credit Card,
T001495,2025-12-08 18:10,B08,M0164,Gold,In-store,Bakery,2,50,0.00,100.00,Credit Card,
T001496,2025-12-08 19:06,B01,M0197,Silver,In-store,Coffee,4,70,0.00,280.00,QR PromptPay,
T001495,2025-12-08 19:20,B08,M0164,Gold,In-store,Bakery,-2,50,-0.00,-100.00,Credit Card,
T001497,2025-12-08 19:58,B04,M0323,Gold,Delivery,Coffee,1,90,0.00,90.00,QR PromptPay,
T001498,2025-12-09 07:18,B08,,,In-store,Bakery,4,110,0.00,440.00,QR PromptPay,4
T001499,2025-12-09 07:49,B05,M0066,Silver,In-store,Coffee,1,85,0.00,85.00,Cash,3
T001500,2025-12-09 08:10,b03,M0221,Silver,In-store,Coffee,3,120,0.00,360.00,QR PromptPay,4
T001501,2025-12-09 08:14,B04,,,In-store,Tea,3,65,0.00,195.00,Cash,3
T001502,2025-12-09 08:26,B05,M0083,Gold,App,Coffee,1,55,0.00,55.00,App Wallet,
T001503,2025-12-09 09:37,B02,M0143,Bronze,In-store,Tea,1,60,0.00,60.00,QR PromptPay,
T001504,2025-12-09 10:46,B02,M0144,Gold,In-store,Tea,1,85,0.00,85.00,Credit Card,
T001505,2025-12-09 11:11,B01,,,In-store,Bakery,2,95,0.00,190.00,Cash,
T001506,2025-12-09 12:28,B1,,,Delivery,Bakery,69,55,0.00,3795.00,Credit Card,
T001507,2025-12-09 12:57,B05,,,Delivery,Coffee,2,115,0.00,230.00,Credit Card,5
T001508,2025-12-09 13:02,B01,M0225,Silver,App,Coffee,2,70,0.00,140.00,App Wallet,
T001509,2025-12-09 13:03,B02,M0140,Bronze,Delivery,Coffee,4,115,0.00,460.00,Credit Card,
T001510,2025-12-09 13:18,B05,M0281,Bronze,In-store,Coffee,1,120,0.00,120.00,QR PromptPay,
T001508,2025-12-09 13:44,B01,M0225,Silver,App,Coffee,-2,70,-0.00,-140.00,App Wallet,
T001511,2025-12-09 14:18,B02,M0325,Gold,In-store,Coffee,1,115,11.50,103.50,Credit Card,4
T001512,2025-12-09 14:34,B07,,,App,Bakery,1,75,0.00,75.00,App Wallet,
T001513,2025-12-09 16:01,B03,M0282,Bronze,In-store,Coffee,1,95,0.00,95.00,QR PromptPay,
T001514,2025-12-09 16:08,B07,M0017,Bronze,Delivery,Coffee,4,60,12.00,228.00,Credit Card,4
T001515,2025-12-09 16:17,B02,M0160,Bronze,In-store,Coffee,1,60,0.00,60.00,Credit Card,
T001516,2025-12-09 18:46,B05,,,App,Coffee,1,90,0.00,90.00,App Wallet,
T001517,2025-12-09 19:00,B04,M0291,Bronze,In-store,Bakery,2,55,11.00,99.00,QR PromptPay,4
T001518,2025-12-09 19:18,B01,,,In-store,Tea,1,65,0.00,65.00,Cash,3
T001519,2025-12-09 19:38,B01,M0251,Bronze,App,Coffee,1,105,0.00,105.00,App Wallet,
T001520,2025-12-09 19:55,B01,M0049,Platinum,In-store,Bakery,2,45,0.00,90.00,QR PromptPay,
T001521,2025-12-10 07:07, B04,M0192,Bronze,App,Coffee,1,95,14.25,80.75,Credit Card,4
T001522,2025-12-10 07:19,B01,M0102,Bronze,In-store,Coffee,1,120,0.00,120.00,QR PromptPay,
T001523,2025-12-10 07:33,B05,,,Delivery,Bakery,3,70,0.00,210.00,QR PromptPay,4
T001524,2025-12-10 08:01,B08,M0212,Platinum,Delivery,Coffee,1,90,9.00,81.00,QR PromptPay,
T001524,2025-12-10 08:39,B08,M0212,Platinum,Deliv.,Coffee,-1,90,-9.00,-81.00,QR PromptPay,
T001525,2025-12-10 08:59,B01,,,In-store,Bakery,2,110,0.00,220.00,Cash,
T001526,2025-12-10 09:31,B08,,,In-store,Coffee,3,115,0.00,345.00,QR PromptPay,
T001527,2025-12-10 09:44,B01,M0102,Bronze,In-store,Bakery,2,95,0.00,190.00,Cash,
T001528,2025-12-10 10:11,B06,M0313,Bronze,In-store,Coffee,3,120,0.00,360.00,QR PromptPay,5
T001529,2025-12-10 11:12,B06,M0134,Platinum,In-store,Coffee,2,105,42.00,168.00,Credit Card,3
T001530,2025-12-10 11:20,B02,M0160,Bronze,Instore,Coffee,2,80,0.00,160.00,QR PromptPay,
T001531,2025-12-10 11:36,B06,M0232,Bronze,Delivery,Coffee,1,100,0.00,100.00,QR PromptPay,
T001532,2025-12-10 11:42,B01,M0251,Bronze,In-store,Coffee,1,95,0.00,95.00,Credit Card,5
T001533,2025-12-10 11:52,B02,M0155,Platinum,In-store,Bakery,4,95,0.00,380.00,Cash,5
T001534,2025-12-10 12:00,B03,M0272,SILVER,In-store,Tea,1,50,0.00,50.00,QR PromptPay,5
T001535,2025-12-10 12:19,B02,,,Delivery,Bakery,1,100,0.00,30.00,Credit Card,4
T001536,2025-12-10 13:28,B03,M0097,Brz,In store,Bakery,2,70,0.00,140.00,Cash,
T001537,2025-12-10 13:33,B02,M0274,Gold,In-store,Bakery,1,110,0.00,110.00,Cash,
T001538,2025-12-10 13:35,B07,,,In-store,Tea,2,70,0.00,140.00,Cash,
T001539,2025-12-10 13:39,B01,M0090,Platinum,In-store,Coffee,1,80,8.00,72.00,QR PromptPay,
T001540,2025-12-10 13:59,B05,M0149,Silver,In-store,Coffee,3,120,0.00,360.00,Cash,
T001541,2025-12-10 14:30,B03,M0107,Gold,In-store,Merchandise,1,760,0.00,760.00,QR PromptPay,
T001542,2025-12-10 15:11,B07,M0120,Gold,In-store,Coffee,2,85,0.00,170.00,QR PromptPay,
T001543,2025-12-10 15:25,B01,,,In-store,Tea,4,70,0.00,280.00,QR PromptPay,
T001544,2025-12-10 16:16,B06,M0049,Platinum,In-store,Merchandise,1,700,0.00,700.00,QR PromptPay,3
T001545,2025-12-10 16:25,B01,,,App,Coffee,1,95,0.00,95.00,Credit Card,
T001546,2025-12-10 16:26,B08,,,App,Coffee,3,100,0.00,300.00,Credit Card,3
T001547,2025-12-10 16:40,B08,M0260,Gold,Mobile App,Coffee,1,95,0.00,95.00,App Wallet,
T001548,2025-12-10 17:00,B01,M0235,Silver,In-store,Coffee,4,85,0.00,340.00,QR PromptPay,4
T001549,2025-12-10 17:45,B01,M0321,Bronze,In-store,Merchandise,1,345,0.00,345.00,Cash,
T001550,2025-12-10 19:22,B04,,,App,Tea,3,70,0.00,210.00,App Wallet,
T001551,2025-12-10 19:36,B06,M0088,Silver,In-store,Tea,1,75,0.00,75.00,Cash,
T001552,2025-12-10 19:38,b02,M0308,Bronze,In-store,Coffee,4,75,0.00,300.00,QR PromptPay,
T001553,2025-12-11 07:01,B06,,,In-store,Coffee,3,60,0.00,180.00,Cash,4
T001554,2025-12-11 08:10,B07,,,App,Coffee,3,115,0.00,345.00,Credit Card,
T001555,2025-12-11 08:13,B03,M0050,Bronze,In-store,Tea,2,70,0.00,140.00,QR PromptPay,
T001556,2025-12-11 08:32,B03,M0221,Slvr,In-store,Coffee,3,90,0.00,270.00,QR PromptPay,
T001557,2025-12-11 08:37,B01,M0195,Silver,In-store,Coffee,1,115,23.00,92.00,Credit Card,4
T001558,2025-12-11 10:08,B08,M0066,Silver,In-store,Bakery,4,55,11.00,209.00,Cash,
T001559,2025-12-11 10:39,B01,M0186,Platinum,Delivery,Tea,1,70,0.00,70.00,Cash,5
T001560,2025-12-11 11:39,B06,,,Delivery,Tea,4,60,0.00,240.00,Cash,5
T001561,2025-12-11 13:34,B01,M0245,Gold,App,Coffee,1,90,0.00,90.00,App Wallet,
T001562,2025-12-11 13:53,B02,M0143,Bronze,In-store,Tea,1,85,0.00,85.00,QR PromptPay,
T001563,2025-12-11 14:18,B04,M0093,Bronze,In-store,Coffee,1,90,0.00,90.00,Credit Card,
T001564,2025-12-11 15:05,B04,M0175,Silver,App,Coffee,2,70,0.00,140.00,Credit Card,
T001565,2025-12-11 17:34,B03,M0181,Bronze,App,Tea,2,70,0.00,140.00,App Wallet,4
T001566,2025-12-11 17:39,B05,,,Delivery,Coffee,3,80,0.00,240.00,QR PromptPay,
T001567,2025-12-11 18:19,B04,,,App,Merchandise,1,800,0.00,800.00,Credit Card,
T001568,2025-12-11 18:33,B06,M0242,Bronze,In-store,Bakery,1,90,0.00,90.00,Credit Card,
T001569,2025-12-11 18:54,B02,M0160,Bronze,App,Coffee,1,75,0.00,75.00,Credit Card,
T001570,2025-12-11 18:54,B07,,,Instore,Bakery,0,105,0.00,0.00,Credit Card,4
T001571,2025-12-12 07:09,B07,,,App,Coffee,2,100,0.00,200.00,App Wallet,
T001572,2025-12-12 08:18,B04,,,In-store,Coffee,1,70,0.00,70.00,Credit Card,
T001573,2025-12-12 08:20,B04,,,In-store,Bakery,1,90,0.00,90.00,Cash,4
T001574,2025-12-12 08:42,B06,M0212,Platinum,In-store,Coffee,1,85,8.50,76.50,Credit Card,
T001575,2025-12-12 08:46,B03,M0150,Bronze,App,Coffee,1,120,0.00,120.00,Credit Card,4
T001576,2025-12-12 09:23,B06,,,App,Merchandise,2,275,0.00,550.00,Credit Card,
T001577,2025-12-12 10:29,B01,,,Delivery ,Coffee,2,75,0.00,150.00,QR PromptPay,
T001578,2025-12-12 10:43,B01,M0240,Gold,In-store,Bakery,1,45,0.00,45.00,Cash,
T001579,2025-12-12 11:29,B02,M0308,Bronze,App,Coffee,2,100,0.00,200.00,App Wallet,
T001580,2025-12-12 11:39,B01,M0321,Bronze,Delivery,Bakery,2,45,0.00,90.00,QR PromptPay,
T001581,2025-12-12 11:54,B01,M0144,Gold,App,Coffee,1,60,0.00,60.00,App Wallet,2
T001582,2025-12-12 12:03,B04,M0179,Platinum,In-store,Coffee,2,95,0.00,190.00,Cash,3
T001583,2025-12-12 12:09,B07,M0100,Bronze,In-store,Coffee,3,90,0.00,270.00,Cash,
T001584,2025-12-12 12:15,B02,M0160,Bronze,In-store,Tea,1,95,0.00,95.00,QR PromptPay,4
T001585,2025-12-12 12:28,B08,M0157,Gold,In-store,Bakery,3,60,18.00,162.00,QR PromptPay,4
T001585,2025-12-12 12:28,B08,M0157,Gold,In-store,Bakery,3,60,18.00,162.00,QR PromptPay,4
T001586,2025-12-12 12:34,B05,M0059,Bronze,App,Coffee,4,115,0.00,460.00,App Wallet,
T001587,2025-12-12 12:43,B01,M0133,Bronze,Delivery,Bakery,1,45,0.00,45.00,Cash,
T001588,2025-12-12 13:35,B08,,,In-store,Bakery,2,50,0.00,100.00,QR PromptPay,
T001589,2025-12-12 13:52,B04,,,In-store,Coffee,1,75,0.00,75.00,Credit Card,4
T001590,2025-12-12 15:00,B07,M0245,Gold,Delivery,Coffee,2,105,0.00,210.00,Credit Card,
T001591,2025-12-12 16:24,B08,M0212,Platinum,App,Coffee,1,60,6.00,54.00,Credit Card,3
T001592,2025-12-12 18:35,B04,M0315,Platinum,In-store,Coffee,1,95,0.00,95.00,QR PromptPay,
T001593,2025-12-12 18:43,B08,,,In-store,Tea,1,50,0.00,50.00,Cash,3
T001594,2025-12-12 19:31,B01,M0102,Bronze,In-store,Tea,1,95,0.00,95.00,Credit Card,5
T001595,2025-12-12 19:38,B01,,,In-store,Coffee,2,85,0.00,170.00,Credit Card,
T001596,2025-12-13 07:22,B05,,,In-store,Coffee,1,90,0.00,90.00,Cash,
T001597,2025-12-13 08:03,B08,M0181,Brz,In-store,Bakery,1,55,0.00,55.00,Credit Card,4
T001598,2025-12-13 08:10,B06,M0150,Bronze,In-store,Coffee,2,80,0.00,160.00,Credit Card,4
T001599,2025-12-13 08:13,B07,M0017,Bronze,In-store,Coffee,3,115,51.75,293.25,QR PromptPay,
T001600,2025-12-13 08:29,B06,M0094,Silver,Delivery,Coffee,1,110,0.00,110.00,Cash,
T001601,2025-12-13 08:53,B01,M0050,Bronze,In-store,Bakery,1,110,0.00,110.00,Cash,5
T001602,2025-12-13 08:56,B04,M0256,Silver,In-store,Merchandise,1,450,0.00,450.00,Cash,
T001603,2025-12-13 09:05,B05,M0088,Silver,App,Merchandise,1,635,0.00,635.00,App Wallet,5
T001604,2025-12-13 09:14,B03,M0085,Silver,App,Tea,4,90,36.00,324.00,Credit Card,
T001605,2025-12-13 09:48,B08,M0050,Bronze,App,Merchandise,2,390,156.00,624.00,App Wallet,
T001606,2025-12-13 09:50,B03,M0097,Bronze,In-store,Coffee,2,95,9.50,180.50,QR PromptPay,
T001607,2025-12-13 09:52,B02,,,In-store,Merchandise,1,400,0.00,400.00,Cash,4
T001608,2025-12-13 10:07,B04,,,Delivery,Bakery,1,70,0.00,70.00,QR PromptPay,5
T001609,2025-12-13 10:29,B04,M0094,Silver,In-store,Coffee,1,90,9.00,81.00,QR PromptPay,4
T001610,2025-12-13 10:37,B07,,,App,Coffee,1,60,0.00,60.00,App Wallet,
T001611,2025-12-13 11:37,B08,M0039,Silver,App,Tea,1,50,0.00,50.00,Credit Card,
T001612,2025-12-13 12:07,B08,,,In-store,Coffee,3,100,0.00,300.00,Credit Card,
T001613,2025-12-13 12:25,B06,M0276,Gold,App,Merchandise,1,390,78.00,312.00,Credit Card,3
T001614,2025-12-13 13:04,B03,M0112,Platinum,In-store,Tea,3,50,0.00,150.00,Credit Card,
T001615,2025-12-13 14:06,B06,,,App,Tea,1,80,0.00,80.00,Credit Card,
T001616,2025-12-13 14:21,B08,,,App,Merchandise,3,340,0.00,1020.00,Credit Card,3
T001617,2025-12-13 15:12,B08,M0305,Silver,In-store,Bakery,4,105,0.00,420.00,QR PromptPay,
T001618,2025-12-13 16:12,B04,M0090,Platinum,Delivery,Coffee,1,90,0.00,90.00,QR PromptPay,
T001619,2025-12-13 16:22,B04,M0153,Silver,In-store,Coffee,1,60,0.00,60.00,QR PromptPay,
T001620,2025-12-13 16:28,B02,M0274,Gold,In-store,Coffee,1,95,0.00,95.00,Credit Card,2
T001621,2025-12-13 17:06,B01,M0271,Gold,In-store,Coffee,1,70,3.50,66.50,Cash,
T001622,2025-12-13 17:17,B02,M0274,Gold,In-store,Bakery,1,50,5.00,45.00,QR PromptPay,
T001623,2025-12-13 18:36,B02,M0175,Silver,Delivery,Tea,1,85,0.00,85.00,QR PromptPay,
T001624,2025-12-13 18:40,B07,M0079,silver,Instore,Coffee,1,55,0.00,55.00,QR PromptPay,
T001625,2025-12-14 07:22,B01,,,In store,Coffee,2,60,0.00,120.00,Cash,
T001626,2025-12-14 07:26,B04,M0153,Silver,delivery,Coffee,2,110,0.00,220.00,QR PromptPay,3
T001627,2025-12-14 07:35,B05,,,App,Coffee,1,85,0.00,85.00,App Wallet,
T001628,2025-12-14 08:34,B03,,,In-store,Coffee,1,65,0.00,65.00,Credit Card,4
T001629,2025-12-14 10:13,B07,M0119,Gold,In-store,Merchandise,3,705,0.00,2115.00,QR PromptPay,4
T001630,2025-12-14 10:29,B06,M0265,Bronze,Delivery,Merchandise,1,505,0.00,505.00,QR PromptPay,
T001631,2025-12-14 11:21,B07,,,In-store,Coffee,2,90,0.00,180.00,QR PromptPay,
T001632,2025-12-14 12:22,B01,,,In-store,Bakery,2,85,0.00,170.00,Credit Card,4
T001633,2025-12-14 12:51,B01,M0237,Bronze,Delivery,Merchandise,1,560,0.00,560.00,Cash,
T001634,2025-12-14 12:51,B08,M0130,Bronze,In-store,Coffee,1,100,0.00,80.00,QR PromptPay,3
T001635,2025-12-14 13:03,B03,M0107,Gold,App,Bakery,4,110,0.00,440.00,Credit Card,5
T001636,2025-12-14 13:48,B07,M0079,Silver,In-store,Bakery,3,50,0.00,150.00,Cash,
T001637,2025-12-14 14:19,B04,,,App,Coffee,4,100,0.00,400.00,App Wallet,
T001638,2025-12-14 14:20,B01,M0007,Silver,App,Tea,2,75,0.00,150.00,Credit Card,4
T001639,2025-12-14 16:27,B07,,,Delivery,Coffee,3,90,0.00,270.00,QR PromptPay,
T001640,2025-12-14 17:25,B04,,,Delivery,Coffee,3,120,0.00,360.00,Credit Card,
T001641,2025-12-14 18:32,B03,M0175,Silver,In-store,Merchandise,2,780,0.00,1560.00,Cash,3
T001642,2025-12-14 18:51,B03,,,Delivery,Merchandise,1,520,0.00,520.00,QR PromptPay,4
T001643,2025-12-14 19:14,B04,,,App,Coffee,4,120,0.00,480.00,App Wallet,4
T001644,2025-12-14 19:20,B01,M0197,Silver,In-store,Coffee,2,120,36.00,204.00,QR PromptPay,3
T001645,2025-12-14 19:56,B07,M0120,Gold,In-store,Coffee,1,60,0.00,60.00,Credit Card,4
T001646,2025-12-15 07:54,B02,,,In-store,Coffee,2,80,0.00,160.00,Cash,
T001647,2025-12-15 08:45,B07,M0029,Bronze,Delivery,Coffee,1,100,0.00,100.00,QR PromptPay,4
T001648,2025-12-15 09:15,B05,,,Delivery,Bakery,2,75,0.00,150.00,QR PromptPay,3
T001649,2025-12-15 09:34,B01,,,In-store,Merchandise,1,505,0.00,505.00,QR PromptPay,
T001650,2025-12-15 09:56,B03,M0212,Platinum,App,Coffee,2,55,0.00,110.00,Credit Card,3
T001651,2025-12-15 10:11,B07,M0274,Gold,In-store,Coffee,4,90,0.00,360.00,Cash,
T001652,2025-12-15 11:18,B07,M0101,Bronze,App,Coffee,3,95,0.00,285.00,Credit Card,
T001653,2025-12-15 12:11,B02,M0222,Bronze,In-store,Coffee,1,110,0.00,110.00,Cash,
T001654,2025-12-15 12:35,B04,M0179,Platinum,In-store,Coffee,1,85,0.00,85.00,Cash,
T001655,2025-12-15 13:01,B08,M0187,Silver,In-store,Coffee,3,95,0.00,285.00,QR PromptPay,4
T001656,2025-12-15 13:42,B05,M0158,Silver,Delivery,Coffee,3,60,0.00,180.00,QR PromptPay,
T001657,2025-12-15 13:48,B07,M0073,GOLD,In-store,Coffee,2,70,7.00,133.00,QR PromptPay,
T001658,2025-12-15 13:51,B05,,,In-store,Merchandise,1,685,0.00,685.00,QR PromptPay,
T001659,2025-12-15 14:52,B04,M0304,Gold,In-store,Coffee,1,110,0.00,110.00,Cash,4
T001660,2025-12-15 15:04,B07,M0293,Bronze,app,Tea,1,55,0.00,55.00,Credit Card,5
T001661,2025-12-15 15:26,B04,M0045,Bronze,In-store,Bakery,1,75,0.00,75.00,Cash,4
T001662,2025-12-15 16:15,B06,M0173,silver,App,Tea,1,50,0.00,50.00,Credit Card,
T001663,2025-12-15 16:21,B05,M0153,Silver,In-store,Tea,1,60,9.00,51.00,Credit Card,2
T001664,2025-12-15 16:34,B03,M0182,Silver,Delivery,Tea,1,80,0.00,80.00,Credit Card,
T001665,2025-12-15 17:00,B06,,,App,Coffee,2,60,0.00,120.00,Credit Card,
T001666,2025-12-15 17:24,B05,M0178,Silver,In-store,Tea,3,65,0.00,195.00,Cash,
T001667,2025-12-15 17:44,B01,M0159,Silver,In-store,Bakery,1,70,10.50,59.50,QR PromptPay,
T001668,2025-12-15 18:10,B03,M0121,Silver,App,Tea,4,80,0.00,320.00,App Wallet,
T001669,2025-12-15 18:13,B03,M0295,Bronze,In-store,Coffee,3,75,0.00,225.00,Credit Card,3
T001670,2025-12-15 18:37,B06,,,App,Tea,3,85,0.00,255.00,Credit Card,
T001671,2025-12-15 18:51,B07,M0263,Bronze,in-store,Bakery,2,80,16.00,144.00,QR PromptPay,3
T001672,2025-12-16 07:54,B02,M0192,Brz,In-store,Coffee,2,85,25.50,144.50,QR PromptPay,5
T001673,2025-12-16 08:15,B03,,,In-store,Coffee,1,120,0.00,120.00,QR PromptPay,2
T001674,2025-12-16 08:17,B05,,,In-store,Coffee,4,80,0.00,320.00,Cash,
T001675,2025-12-16 08:46,B01,M0197,Silver,Delivery,Coffee,1,55,0.00,55.00,Credit Card,4
T001676,2025-12-16 11:25,B04,M0197,Silver,In-store,Bakery,2,100,20.00,180.00,QR PromptPay,
T001677,2025-12-16 11:31,B01,M0145,Silver,Delivery,Coffee,4,105,0.00,420.00,QR PromptPay,3
T001678,2025-12-16 11:33,B04,M0212,Platinum,In-store,Tea,2,70,28.00,112.00,Credit Card,2
T001679,2025-12-16 12:06,B03,,,In-store,Tea,4,95,0.00,380.00,QR PromptPay,
T001680,2025-12-16 12:32,B08,M0088,Silver,App,Coffee,4,105,0.00,420.00,App Wallet,
T001681,2025-12-16 13:23,B07,,,App,Bakery,2,55,0.00,110.00,Credit Card,
T001682,2025-12-16 13:29,B01,M0084,Silver,In-store,Coffee,2,65,19.50,110.50,QR PromptPay,
T001683,2025-12-16 13:31,B07,M0079,Silver,In-store,Bakery,1,105,0.00,105.00,QR PromptPay,4
T001684,2025-12-16 13:48,B06,M0242,Bronze,In-store,Coffee,1,120,0.00,120.00,QR PromptPay,5
T001685,2025-12-16 14:02,B06,M0208,Silver,App,Bakery,1,85,0.00,85.00,App Wallet,
T001686,2025-12-16 14:43,B08,M0276,Gold,In-store,Coffee,4,95,38.00,342.00,Credit Card,3
T001687,2025-12-16 15:17,B07,,,Instore,Bakery,2,45,0.00,90.00,Cash,4
T001688,2025-12-16 16:33,B08,M0039,Silver,delivery,Coffee,1,105,0.00,105.00,QR PromptPay,3
T001689,2025-12-16 16:50,B02,,,Delivery,Bakery,1,80,0.00,80.00,Credit Card,3
T001690,2025-12-16 17:52,B08,,,In-store,Coffee,1,95,0.00,95.00,Cash,
T001691,2025-12-16 18:26,B04,M0144,Gold,In-store,Coffee,3,90,0.00,270.00,Cash,4
T001692,2025-12-16 19:15,B07,M0273,Gold,In-store,Coffee,1,55,0.00,55.00,QR PromptPay,
T001693,2025-12-16 19:28,B03,M0324,gold,In-store,Coffee,3,95,0.00,285.00,QR PromptPay,
T001694,2025-12-16 19:50,B07,M0079,Silver,In-store,Bakery,2,80,0.00,160.00,QR PromptPay,
T001695,2025-12-17 08:53,B03,,,In-store,Coffee,1,115,0.00,115.00,Credit Card,
T001696,2025-12-17 09:38,B08,M0261,Bronze,In-store,Coffee,2,85,0.00,170.00,QR PromptPay,4
T001697,2025-12-17 09:46,B03,M0186,Platinum,App,Coffee,2,75,0.00,150.00,Credit Card,
T001698,2025-12-17 10:20,B05,M0315,Platinum,In-store,Merchandise,1,575,57.50,517.50,Credit Card,
T001699,2025-12-17 10:52,B02,M0212,Platinum,Delivery,Tea,1,80,16.00,64.00,QR PromptPay,
T001700,2025-12-17 10:54,B04,,,In-store,Coffee,3,85,0.00,255.00,Cash,
T001701,2025-12-17 13:02,B04,,,Delivery,Coffee,2,90,0.00,180.00,Credit Card,
T001702,2025-12-17 13:24,B08,M0130,Bronze,In-store,Coffee,2,55,0.00,110.00,Credit Card,
T001703,2025-12-17 15:32,B06,,,In-store,Bakery,1,50,0.00,50.00,Cash,
T001704,2025-12-17 16:04,B05,M0091,Brz,Delivery,Coffee,1,115,5.75,109.25,Credit Card,
T001705,2025-12-17 16:07,B01,M0197,Silver,In-store,Coffee,1,120,0.00,120.00,Cash,4
T001706,2025-12-17 16:13, B07,M0184,Bronze,In-store,Bakery,3,70,0.00,210.00,Credit Card,
T001707,2025-12-17 16:56,B07,M0079,Silver,App,Tea,1,50,0.00,50.00,Credit Card,
T001708,2025-12-17 17:43,B05,M0059,Bronze,App,Coffee,4,70,42.00,238.00,Credit Card,1
T001709,2025-12-17 18:53,B03,M0107,Gold,App,Coffee,1,80,8.00,72.00,App Wallet,
T001710,2025-12-17 19:12,B02,M0325,Gold,In-store,Bakery,4,90,72.00,288.00,Cash,
T001711,2025-12-17 19:33,B01,M0251,Bronze,In-store,Coffee,1,85,0.00,85.00,Credit Card,
T001712,2025-12-18 10:01,B05,M0088,Silver,Delivery,Coffee,1,100,0.00,100.00,QR PromptPay,
T001713,2025-12-18 11:37,B02,M0279,Bronze,In-store,Coffee,1,120,0.00,120.00,Cash,
T001714,2025-12-18 12:41,B06,,,In-store,Coffee,3,90,0.00,270.00,QR PromptPay,
T001715,2025-12-18 13:06,B03,,,In-store,Bakery,1,90,0.00,90.00,QR PromptPay,
T001716,2025-12-18 13:44,B06,M0276,Gold,Mobile App,Tea,3,85,0.00,255.00,App Wallet,4
T001717,2025-12-18 15:01,B03,M0075,Bronze,In-store,Coffee,1,110,0.00,110.00,Cash,3
T001718,2025-12-18 16:27,B01,,,In-store,Bakery,2,105,0.00,210.00,Cash,
T001719,2025-12-18 16:39,B01,M0060,Bronze,In-store,Coffee,2,70,0.00,140.00,QR PromptPay,
T001720,2025-12-18 16:51,B07,M0120,Gold,In-store,Merchandise,4,615,0.00,2460.00,Credit Card,
T001721,2025-12-18 17:12,B08,M0305,Silver,In-store,Coffee,1,120,0.00,120.00,QR PromptPay,
T001722,2025-12-18 19:02,B05,M0158,Silver,In-store,Coffee,3,65,0.00,195.00,QR PromptPay,
T001722,2025-12-18 19:02,B05,M0158,Silver,In-store,Coffee,3,65,0.00,195.00,QR PromptPay,
T001723,2025-12-18 19:11,B07,,,Delivery,Coffee,2,95,0.00,190.00,QR PromptPay,
T001724,2025-12-18 19:48,B03,,,In-store,Coffee,1,85,0.00,85.00,QR PromptPay,
T001725,2025-12-19 07:53,B03,,,In-store,Coffee,3,95,0.00,285.00,Credit Card,
T001726,2025-12-19 08:05,B01,M0102,Bronze,In-store,Bakery,1,50,0.00,50.00,Cash,
T001727,2025-12-19 09:00,B07,M0144,Gold,In-store,Merchandise,2,435,0.00,870.00,QR PromptPay,
T001728,2025-12-19 09:15,B06,M0094,Silver,In-store,Tea,1,60,0.00,60.00,Credit Card,
T001729,2025-12-19 09:29,B03,M0182,Silver,App,Bakery,1,55,0.00,55.00,App Wallet,
T001730,2025-12-19 10:49,B02,M0325,Gold,In-store,Coffee,1,100,10.00,90.00,Cash,3
T001731,2025-12-19 12:06,B05,M0115,Silver,In-store,Coffee,3,85,38.25,216.75,Cash,
T001732,2025-12-19 12:11,B05,M0115,Silver,In-store,Coffee,1,80,0.00,80.00,Cash,
T001733,2025-12-19 12:14,B02,M9862,Bronze,In-store,Coffee,1,105,0.00,105.00,Cash,3
T001734,2025-12-19 13:22,B08,M0159,Silver,App,Coffee,1,60,0.00,60.00,Credit Card,
T001735,2025-12-19 13:43,b08,M0067,Bronze,App,Coffee,1,60,0.00,60.00,App Wallet,
T001736,2025-12-19 13:49,B07,M0245,Gold,In-store,Coffee,1,120,12.00,108.00,Cash,
T001737,2025-12-19 14:32,B06,M0246,Bronze,In-store,Merchandise,1,325,0.00,325.00,Cash,5
T001738,2025-12-19 16:00,B03,,,In-store,Tea,3,75,0.00,225.00,Cash,
T001739,2025-12-19 16:21,B01,,,App,Coffee,2,120,0.00,240.00,Credit Card,
T001740,2025-12-19 16:24,B06,,,In-store,Bakery,3,100,0.00,300.00,QR PromptPay,
T001741,2025-12-19 16:44,B4,M0291,Brz,In-store,Coffee,1,70,0.00,70.00,QR PromptPay,
T001742,2025-12-19 16:54,B03,M0272,silver,App,Tea,1,60,6.00,54.00,Credit Card,4
T001743,2025-12-19 18:31, B01,M0197,Silver,In-store,Tea,3,95,0.00,285.00,QR PromptPay,4
T001744,2025-12-19 18:58,B05,M0231,Bronze,In-store,Tea,4,95,0.00,380.00,QR PromptPay,
T001744,2025-12-19 19:25,B05,M0231,Bronze,In-store,Tea,-4,95,-0.00,-380.00,QR PromptPay,
T001745,2025-12-20 07:24,B04,M0121,Silver,In-store,Bakery,2,100,0.00,200.00,Credit Card,
T001746,2025-12-20 07:55,B02,,,In-store,Coffee,3,110,0.00,330.00,Cash,
T001747,2025-12-20 08:38,B04,M0037,Bronze,In-store,Tea,1,80,0.00,80.00,Cash,
T001748,2025-12-20 08:51,B05,M0216,Gold,Delivery,Tea,2,75,7.50,142.50,QR PromptPay,5
T001749,2025-12-20 10:17,B05,,,In-store,Coffee,1,75,0.00,75.00,QR PromptPay,
T001750,2025-12-20 10:45,B04,,,In-store,Coffee,3,110,0.00,330.00,QR PromptPay,
T001751,2025-12-20 11:14,B02,,,In-store,Bakery,2,85,0.00,170.00,QR PromptPay,
T001752,2025-12-20 11:38,B08,M0006,Gold,App,Coffee,4,75,0.00,300.00,App Wallet,
T001753,2025-12-20 11:51,B07,,,In-store,Coffee,3,55,0.00,165.00,Cash,
T001753,2025-12-20 11:51,B07,,,In-store,Coffee,3,55,0.00,165.00,Cash,
T001754,2025-12-20 12:57,B01,M9254,GOLD,App,Coffee,1,75,0.00,75.00,App Wallet,4
T001755,2025-12-20 13:00,B04,M0203,Bronze,In-store,Coffee,1,120,0.00,120.00,Credit Card,2
T001756,2025-12-20 14:08,B08,M0212,Platinum,In-store,Coffee,4,85,0.00,340.00,QR PromptPay,2
T001757,2025-12-20 14:51,B01,M0082,Gold,Delivery,Coffee,1,60,0.00,60.00,Cash,
T001758,2025-12-20 15:06,B05,,,in-store,Tea,1,65,0.00,65.00,Cash,3
T001759,2025-12-20 15:45,B02,M0229,Silver,In-store,Merchandise,1,340,0.00,340.00,QR PromptPay,
T001760,2025-12-20 17:11,B04,,,In-store,Coffee,2,70,0.00,140.00,QR PromptPay,
T001761,2025-12-20 19:31,B07,M0198,Bronze,Delivery,Coffee,2,105,0.00,210.00,Cash,
T001762,2025-12-20 19:45,B06,M0246,Bronze,App,Coffee,1,65,0.00,65.00,App Wallet,
T001763,2025-12-20 19:51,B05,M0275,Bronze,In-store,Bakery,2,95,0.00,190.00,Credit Card,
T001764,2025-12-20 19:55,B06,M9823,Silver,App,Bakery,2,50,0.00,100.00,App Wallet,
T001765,2025-12-20 19:57,B06,,,In-store,Tea,4,60,0.00,240.00,Credit Card,
T001766,2025-12-21 07:14,B06,M0022,Silver,In-store,Coffee,1,65,0.00,65.00,Credit Card,
T001767,2025-12-21 07:53,B01,,,App,Coffee,2,110,0.00,220.00,App Wallet,
T001768,2025-12-21 08:50,B01,M0022,Silver,In-store,Coffee,1,100,15.00,85.00,QR PromptPay,
T001769,2025-12-21 08:52,B03,M0031,Silver,In-store,Coffee,1,80,0.00,80.00,Cash,
T001769,2025-12-21 08:52,B03,M0031,Silver,In-store,Coffee,1,80,0.00,80.00,Cash,
T001770,2025-12-21 09:35,B08,M9862,Gold,App,Coffee,1,60,0.00,60.00,App Wallet,
T001771,2025-12-21 09:58,B05,M0281,Bronze,Delivery ,Merchandise,1,825,0.00,825.00,QR PromptPay,
T001772,2025-12-21 10:05,B03,M0112,Platinum,APP,Coffee,3,115,69.00,276.00,Credit Card,5
T001773,2025-12-21 10:10,B03,M0242,Bronze,App,Merchandise,3,330,0.00,990.00,Credit Card,
T001771,2025-12-21 10:33,B05,M0281,Bronze,Delivery,Merchandise,-1,825,-0.00,-825.00,QR PromptPay,
T001774,2025-12-21 10:47,B06,M0232,Bronze,In-store,Bakery,2,75,0.00,150.00,QR PromptPay,
T001775,2025-12-21 11:01,B05,M0208,Silver,In-store,Coffee,1,70,0.00,70.00,Cash,3
T001776,2025-12-21 13:09,B03,M0150,Bronze,App,Coffee,2,55,0.00,110.00,Credit Card,
T001777,2025-12-21 13:09,B03,,,In-store,Coffee,1,105,0.00,105.00,QR PromptPay,4
T001778,2025-12-21 13:53,B03,M0155,Platinum,In-store,Coffee,4,70,0.00,280.00,QR PromptPay,
T001779,2025-12-21 14:45,B08,M0130,Bronze,In-store,Tea,1,85,0.00,85.00,Cash,3
T001780,2025-12-21 16:12,B04,M0037,Bronze,App,Coffee,1,70,0.00,70.00,Credit Card,
T001781,2025-12-21 17:45,B05,M0229,Silver,In-store,Tea,2,75,0.00,150.00,QR PromptPay,
T001782,2025-12-21 19:03,B01,M0194,Bronze,Delivery,Bakery,4,90,0.00,360.00,Cash,
T001783,2025-12-21 19:06,B08,,,App,Coffee,1,75,0.00,75.00,App Wallet,5
T001784,2025-12-21 19:52,B01,M0145,Silver,In-store,Coffee,4,85,68.00,272.00,Credit Card,
T001785,2025-12-22 07:22,B03,M0274,Gold,In-store,Coffee,1,110,16.50,93.50,QR PromptPay,4
T001785,2025-12-22 07:22,B03,M0274,Gold,In-store,Coffee,1,110,16.50,93.50,QR PromptPay,4
T001786,2025-12-22 07:36,B05,M0059,Bronze,App,Coffee,1,90,4.50,85.50,App Wallet,3
T001787,2025-12-22 07:44,B05,M0239,Bronze,Delivery,Coffee,3,70,0.00,210.00,Cash,4
T001788,2025-12-22 07:48,B04,,,In-store,Coffee,1,90,0.00,90.00,Credit Card,4
T001789,2025-12-22 07:50,B03,M0027,Bronze,In-store,Coffee,1,100,0.00,100.00,Cash,2
T001790,2025-12-22 07:51,B03,,,In-store,Bakery,2,110,0.00,220.00,Credit Card,
T001791,2025-12-22 08:01,B01,M0321,Bronze,Delivery,Coffee,1,115,0.00,115.00,Cash,
T001792,2025-12-22 08:54,B02,M0176,Bronze,Delivery ,Tea,3,60,0.00,180.00,Credit Card,
T001793,2025-12-22 09:46,B03,M0085,Silver,In-store,Bakery,2,105,0.00,210.00,Credit Card,5
T001794,2025-12-22 10:13,B07,M0256,Silver,Delivery,Coffee,2,75,0.00,150.00,Credit Card,4
T001795,2025-12-22 10:13, B08,M0130,Bronze,In-store,Tea,1,95,0.00,95.00,Credit Card,4
T001796,2025-12-22 11:20,B08,M0212,Platinum,In-store,Coffee,1,55,11.00,44.00,Cash,
T001797,2025-12-22 11:22,B02,M0308,Bronze,App,Tea,3,85,0.00,255.00,Credit Card,
T001798,2025-12-22 12:20,B06,,,In-store,Coffee,1,60,0.00,60.00,Cash,
T001799,2025-12-22 12:54,B02,M0023,BRONZE,In-store,Coffee,2,60,0.00,120.00,QR PromptPay,
T001800,2025-12-22 13:00,B06,M0324,GOLD,In-store,Coffee,2,65,0.00,130.00,Cash,4
T001801,2025-12-22 13:09,B01,,,Delivery,Merchandise,2,475,0.00,950.00,Credit Card,
T001802,2025-12-22 13:40,B03,,,App,Coffee,1,100,0.00,100.00,Credit Card,
T001803,2025-12-22 13:41,B07,,,App,Tea,4,60,0.00,240.00,App Wallet,
T001804,2025-12-22 14:01,B04,,,App,Bakery,3,45,0.00,135.00,App Wallet,
T001805,2025-12-22 14:17,B03,M0101,Bronze,In-store,Coffee,1,100,0.00,100.00,Credit Card,4
T001806,2025-12-22 14:48,B06,,,In-store,Coffee,1,105,0.00,105.00,Cash,
T001807,2025-12-22 16:06,B07,M0032,Silver,In-store,Coffee,3,90,40.50,229.50,QR PromptPay,
T001808,2025-12-22 16:10,B03,M0108,Gold,App,Tea,2,60,0.00,120.00,App Wallet,
T001809,2025-12-22 17:32,B01,M0197,Silver,In-store,Tea,1,85,0.00,85.00,QR PromptPay,3
T001810,2025-12-22 17:57,B05,M0091,Bronze,In-store,Coffee,2,60,0.00,120.00,QR PromptPay,4
T001811,2025-12-22 19:02,b08,M0064,BRONZE,In-store,Bakery,4,50,20.00,180.00,Cash,3
T001812,2025-12-22 19:06,B01,M0186,Platinum,In-store,Coffee,3,85,25.50,229.50,QR PromptPay,
T001813,2025-12-22 19:24,B07,,,In-store,Bakery,3,90,0.00,270.00,Cash,
T001814,2025-12-22 19:24,B03,M0294,Bronze,In-store,Coffee,4,65,0.00,260.00,Cash,
T001815,2025-12-23 07:06,B01,,,App,Coffee,4,70,0.00,280.00,Credit Card,
T001816,2025-12-23 07:44,B06,M0173,Silver,In-store,Bakery,1,75,0.00,75.00,Credit Card,3
T001817,2025-12-23 07:49,B01,M0183,Bronze,In-store,Merchandise,1,300,0.00,300.00,Credit Card,
T001818,2025-12-23 08:11,B01,M0052,BRONZE,App,Coffee,2,65,19.50,110.50,Credit Card,
T001819,2025-12-23 08:38,B04,M0304,Gold,App,Merchandise,1,380,19.00,361.00,App Wallet,4
T001819,2025-12-23 08:38,B04,M0304,Gold,App,Merchandise,1,380,19.00,361.00,App Wallet,4
T001820,2025-12-23 08:49,B08,M0104,Gold,App,Bakery,1,80,0.00,80.00,App Wallet,
T001821,2025-12-23 09:50,B01,M0317,Silver,In-store,Bakery,4,110,0.00,440.00,QR PromptPay,3
T001822,2025-12-23 10:48,B01,M0151,Bronze,App,Coffee,1,55,0.00,55.00,App Wallet,
T001823,2025-12-23 10:57,B03,,,Delivery,Coffee,1,110,0.00,110.00,Credit Card,
T001824,2025-12-23 12:03,B08,M0067,Bronze,Delivery,Bakery,4,85,0.00,340.00,Credit Card,
T001825,2025-12-23 12:36,B06,M0101,Bronze,In-store,Coffee,2,110,11.00,209.00,Credit Card,4
T001826,2025-12-23 13:01,B02,M0194,Bronze,In-store,Bakery,3,95,0.00,285.00,Credit Card,
T001827,2025-12-23 13:12,B01,M0076,Silver,In-store,Bakery,2,45,0.00,90.00,Credit Card,3
T001828,2025-12-23 14:11,B04,M0320,Silver,App,Coffee,1,110,0.00,110.00,App Wallet,4
T001829,2025-12-23 14:24,B05,,,In-store,Merchandise,2,640,0.00,1280.00,Cash,4
T001830,2025-12-23 16:00,B05,,,App,Coffee,2,110,0.00,220.00,Credit Card,
T001831,2025-12-23 16:05,B08,M0212,Platinum,App,Tea,3,90,40.50,229.50,Credit Card,4
T001832,2025-12-23 16:39,B06,M9823,Gold,App,Coffee,3,55,0.00,165.00,App Wallet,
T001833,2025-12-23 16:53,B08,M0278,Bronze,APP,Coffee,4,80,0.00,320.00,Credit Card,
T001834,2025-12-23 16:56,B08,M0206,Silver,In-store,Coffee,1,60,0.00,60.00,Credit Card,
T001835,2025-12-23 17:12,B07,M0017,Bronze,In-store,Coffee,2,95,0.00,190.00,Cash,
T001836,2025-12-23 19:07,B03,,,App,Coffee,1,85,0.00,85.00,App Wallet,
T001837,2025-12-24 07:33,B06,,,App,Bakery,1,75,0.00,75.00,Credit Card,3
T001838,2025-12-24 08:14,B05,,,Delivery,Coffee,2,55,0.00,110.00,Credit Card,4
T001839,2025-12-24 08:34,B05,,,In-store,Tea,1,60,0.00,60.00,QR PromptPay,4
T001840,2025-12-24 08:57,B01,M0186,Platinum,In-store,Bakery,1,50,5.00,45.00,Credit Card,4
T001841,2025-12-24 08:59,B05,M0216,Gold,Delivery,Tea,1,85,0.00,85.00,Credit Card,
T001842,2025-12-24 09:55,B07,M0079,Silver,In-store,Coffee,1,95,0.00,95.00,Cash,4
T001843,2025-12-24 11:07,B08,,,In-store,Coffee,1,70,0.00,70.00,Cash,
T001844,2025-12-24 11:26,B03,M0101,Bronze,In-store,Tea,2,55,0.00,110.00,Cash,
T001845,2025-12-24 12:04,B04,M0079,Silver,in-store,Coffee,1,110,0.00,110.00,Cash,
T001846,2025-12-24 12:11,B06,M0094,Silver,App,Bakery,3,70,0.00,210.00,App Wallet,3
T001847,2025-12-24 12:22,B04,M0291,Bronze,In-store,Coffee,1,95,0.00,95.00,QR PromptPay,3
T001848,2025-12-24 12:27, B01,M0102,Bronze,In-store,Tea,4,55,0.00,220.00,Cash,5
T001849,2025-12-24 12:28,B04,M9826,Gold,In-store,Merchandise,2,775,0.00,1550.00,Cash,3
T001850,2025-12-24 12:41,B06,,,In-store,Bakery,3,80,0.00,240.00,Credit Card,
T001851,2025-12-24 12:46,B08,,,App,Bakery,2,95,0.00,190.00,Credit Card,
T001852,2025-12-24 12:46,B06,,,In-store,Tea,2,65,0.00,130.00,Credit Card,3
T001853,2025-12-24 13:01,B02,,,In-store,Bakery,1,80,0.00,80.00,QR PromptPay,
T001854,2025-12-24 13:01,B06,,,Delivery,Coffee,1,110,0.00,110.00,QR PromptPay,
T001855,2025-12-24 13:57,B06,,,Delivery,Tea,2,65,0.00,130.00,Cash,
T001856,2025-12-24 14:39,B04,M0206,Silver,In-store,Tea,1,95,9.50,85.50,Credit Card,
T001857,2025-12-24 14:41,B05,M0025,Bronze,In-store,Bakery,2,55,22.00,88.00,QR PromptPay,
T001858,2025-12-24 14:54,B07,M0028,Bronze,App,Coffee,2,55,0.00,110.00,Credit Card,
T001859,2025-12-24 15:07,B05,M0071,Silver,App,Tea,1,60,0.00,60.00,Credit Card,
T001860,2025-12-24 15:37,B02,M0243,Bronze,In-store,Coffee,2,110,0.00,220.00,Cash,
T001861,2025-12-24 16:37,B01,M0197,Silver,In-store,Coffee,1,90,0.00,90.00,Credit Card,
T001862,2025-12-24 17:24,B04,,,In store,Merchandise,4,260,0.00,1040.00,QR PromptPay,4
T001863,2025-12-24 17:47,B02,,,In-store,Coffee,2,90,0.00,180.00,QR PromptPay,2
T001864,2025-12-24 19:16,B03,M0221,Silver,App,Merchandise,1,855,0.00,855.00,App Wallet,5
T001865,2025-12-25 07:10,B05,,,In-store,Merchandise,2,685,0.00,1370.00,QR PromptPay,3
T001866,2025-12-25 07:39,B03,M0076,Slvr,In-store,Bakery,2,100,0.00,200.00,QR PromptPay,3
T001867,2025-12-25 08:11,B04,M0320,Silver,In-store,Bakery,4,50,0.00,200.00,Credit Card,4
T001868,2025-12-25 08:36,B07,M0013,Silver,In-store,Coffee,4,70,0.00,280.00,Cash,4
T001869,2025-12-25 08:48,B03,M0097,Bronze,In-store,Bakery,1,60,0.00,60.00,Cash,3
T001870,2025-12-25 09:16,B03,M0239,Bronze,In-store,Coffee,1,110,0.00,110.00,Cash,4
T001871,2025-12-25 09:28,B08,M0091,BRONZE,In-store,Bakery,1,60,0.00,60.00,Credit Card,
T001872,2025-12-25 09:51,B08,M0050,Bronze,In-store,Coffee,4,55,0.00,220.00,QR PromptPay,
T001873,2025-12-25 11:38,B02,M0011,Gold,In-store,Coffee,1,60,0.00,110.00,QR PromptPay,
T001874,2025-12-25 11:54,B03,M0249,Silver,App,Coffee,1,95,0.00,95.00,Credit Card,
T001875,2025-12-25 12:04,B06,,,In-store,Coffee,1,95,0.00,95.00,QR PromptPay,
T001876,2025-12-25 12:26,B02,,,In-store,Bakery,1,80,0.00,80.00,QR PromptPay,3
T001877,2025-12-25 12:28,B08,M0130,Bronze,App,Coffee,1,115,0.00,115.00,Credit Card,3
T001878,2025-12-25 12:31,B01,,,App,Coffee,3,105,0.00,315.00,Credit Card,4
T001879,2025-12-25 12:33,B02,M0179,Platinum,App,Merchandise,1,300,0.00,300.00,Credit Card,
T001880,2025-12-25 13:04,B03,M0027,Bronze,In-store,Coffee,1,100,0.00,30.00,Cash,
T001881,2025-12-25 13:49,B02,M0229,Silver,App,Bakery,1,55,5.50,49.50,App Wallet,
T001882,2025-12-25 14:33,B03,M0227,bronze,In-store,Coffee,1,95,4.75,90.25,Credit Card,4
T001883,2025-12-25 14:37,b04,,,In-store,Merchandise,1,430,0.00,430.00,Cash,
T001884,2025-12-25 15:12,B04,M0217,Silver,In-store,Coffee,1,105,0.00,105.00,Cash,5
T001885,2025-12-25 15:58,B04,M0217,Silver,In-store,Bakery,1,75,0.00,75.00,QR PromptPay,
T001886,2025-12-25 17:21,B08,M0158,Slvr,In-store,Coffee,1,65,0.00,65.00,Credit Card,
T001887,2025-12-25 18:29,B07,,,App,Bakery,1,60,0.00,60.00,App Wallet,
T001888,2025-12-25 18:40,B02,M0052,Bronze,In-store,Coffee,1,115,0.00,115.00,QR PromptPay,
T001889,2025-12-25 18:46,B07,M0119,Gold,In-store,Bakery,1,100,0.00,100.00,Credit Card,5
T001890,2025-12-25 19:15,B02,M0088,Silver,In-store,Bakery,4,60,0.00,240.00,QR PromptPay,5
T001891,2025-12-26 07:22,B08,M0304,Gold,In-store,Coffee,1,60,0.00,60.00,QR PromptPay,
T001892,2025-12-26 08:09,B01,M0062,Gold,In-store,Bakery,1,55,2.75,52.25,QR PromptPay,
T001893,2025-12-26 08:10,B03,M0101,Bronze,App,Coffee,1,120,0.00,120.00,App Wallet,3
T001894,2025-12-26 08:24,B04,M0323,Gold,In-store,Coffee,1,95,0.00,95.00,QR PromptPay,5
T001895,2025-12-26 09:52,B01,M0183,Bronze,App,Coffee,1,80,0.00,80.00,App Wallet,
T001896,2025-12-26 09:57,B03,,,App,Merchandise,2,475,0.00,950.00,App Wallet,
T001897,2025-12-26 10:45,B01,M0009,Bronze,In-store,Coffee,2,60,0.00,120.00,QR PromptPay,
T001898,2025-12-26 12:26,B03,M0101,Bronze,Delivery,Coffee,1,80,0.00,80.00,Cash,
T001899,2025-12-26 12:36,B08,M0130,Bronze,App,Bakery,1,85,0.00,85.00,Credit Card,
T001900,2025-12-26 12:53,B08,M0190,Bronze,In-store,Coffee,1,55,0.00,55.00,QR PromptPay,
T001901,2025-12-26 12:58,B02,,,In-store,Merchandise,2,770,0.00,1540.00,Credit Card,3
T001902,2025-12-26 13:06,B07,M9823,Silver,Delivery,Coffee,2,90,36.00,144.00,Credit Card,4
T001903,2025-12-26 13:48,B03,M0150,Bronze,Delivery,Bakery,2,105,0.00,210.00,Credit Card,
T001904,2025-12-26 13:54,B03,,,App,Tea,4,75,0.00,300.00,Credit Card,
T001905,2025-12-26 14:43,B08,M0006,Gld,In-store,Coffee,1,110,0.00,110.00,Cash,
T001906,2025-12-26 16:12,B01,M9357,Silver,In-store,Bakery,3,60,0.00,180.00,Credit Card,
T001907,2025-12-26 16:33,B06,M0324,Gold,App,Coffee,1,70,0.00,70.00,App Wallet,5
T001908,2025-12-26 16:51,B08,,,in-store,Bakery,1,90,0.00,90.00,QR PromptPay,
T001909,2025-12-26 17:39,B07,M0031,Silver,In-store,Merchandise,1,750,0.00,750.00,QR PromptPay,
T001910,2025-12-26 17:48,B02,M0200,Gold,In-store,Coffee,2,60,0.00,120.00,QR PromptPay,
T001911,2025-12-26 18:33,B04,M0090,Platinum,App,Tea,1,55,8.25,46.75,Credit Card,5
T001912,2025-12-26 18:49,B04,M0024,Silver,In-store,Tea,1,55,11.00,44.00,Credit Card,
T001913,2025-12-26 19:32,B01,M0084,Silver,App,Bakery,2,110,0.00,220.00,App Wallet,
T001914,2025-12-27 07:39,B04,M0217,Silver,In-store,Coffee,1,105,0.00,105.00,QR PromptPay,5
T001915,2025-12-27 07:50,B04,M0032,Silver,Deliv.,Merchandise,2,420,0.00,840.00,QR PromptPay,4
T001916,2025-12-27 08:00,B06,M0042,Gold,In-store,Tea,3,75,0.00,225.00,Cash,4
T001917,2025-12-27 08:02,B05,,,App,Tea,1,90,0.00,90.00,App Wallet,
T001918,2025-12-27 08:52,B07,M0209,Bronze,App,Bakery,2,60,0.00,120.00,Credit Card,4
T001919,2025-12-27 09:02,B01,M0295,Bronze,App,Coffee,1,90,0.00,90.00,Credit Card,
T001920,2025-12-27 09:27,B02,M0200,Gold,In-store,Coffee,1,120,0.00,120.00,QR PromptPay,
T001921,2025-12-27 10:49,B06,,,App,Coffee,1,75,0.00,75.00,App Wallet,
T001922,2025-12-27 12:26,B01,M0029,Bronze,App,Coffee,1,75,0.00,75.00,App Wallet,
T001923,2025-12-27 12:28,B03,,,App,Bakery,2,55,0.00,110.00,App Wallet,5
T001924,2025-12-27 12:54,B01,M0225,Silver,In-store,Coffee,2,100,0.00,200.00,QR PromptPay,3
T001925,2025-12-27 13:06,B08,M0280,Silver,In-store,Tea,1,75,0.00,75.00,QR PromptPay,
T001926,2025-12-27 13:13,B08,,,In-store,Coffee,1,90,0.00,90.00,Credit Card,
T001927,2025-12-27 13:14,b02,M0200,Gold,Delivery,Coffee,1,70,0.00,70.00,Credit Card,
T001928,2025-12-27 13:20,B04,,,In-store,Bakery,1,45,0.00,45.00,QR PromptPay,4
T001929,2025-12-27 13:26,B06,M0186,Platinum,In-store,Tea,2,60,0.00,120.00,Credit Card,
T001930,2025-12-27 13:52,B01,M0186,Platinum,In-store,Coffee,1,70,7.00,63.00,QR PromptPay,
T001931,2025-12-27 13:55,B07,M0197,Silver,App,Coffee,1,60,0.00,60.00,Credit Card,3
T001932,2025-12-27 14:14,B05,M0136,Bronze,In-store,Coffee,2,115,46.00,184.00,QR PromptPay,4
T001933,2025-12-27 14:20,B04,M0181,Bronze,In-store,Tea,1,90,0.00,90.00,Cash,
T001934,2025-12-27 14:31,B08,M0006,Gold,Delivery,Merchandise,1,745,149.00,596.00,QR PromptPay,
T001935,2025-12-27 14:41,B04,M0304,Gold,In-store,Coffee,1,120,6.00,114.00,QR PromptPay,
T001936,2025-12-27 16:06,B01,M0284,Platinum,In-store,Coffee,3,105,0.00,315.00,Credit Card,3
T001937,2025-12-27 16:37,B01,,,In-store,Coffee,1,60,0.00,60.00,Credit Card,
T001938,2025-12-27 16:55,B04,M0024,Slvr,App,Bakery,3,105,0.00,315.00,App Wallet,
T001939,2025-12-27 18:20,B08,M0199,GOLD,App,Bakery,3,65,0.00,195.00,Credit Card,
T001940,2025-12-28 07:32,B03,M0101,Bronze,In-store,Coffee,1,65,0.00,65.00,QR PromptPay,
T001941,2025-12-28 07:41,B04,,,In-store,Bakery,1,100,0.00,100.00,QR PromptPay,4
T001942,2025-12-28 08:18,B03,M0101,Bronze,In-store,Coffee,3,100,0.00,300.00,QR PromptPay,5
T001942,2025-12-28 08:18,B03,M0101,Bronze,In-store,Coffee,3,100,0.00,300.00,QR PromptPay,5
T001943,2025-12-28 08:20,B05,,,In-store,Bakery,1,50,0.00,50.00,QR PromptPay,
T001944,2025-12-28 08:50,B01,M0145,Silver,In-store,Tea,2,70,0.00,140.00,QR PromptPay,5
T001945,2025-12-28 09:43,B04,,,In-store,Coffee,2,100,0.00,200.00,Cash,
T001946,2025-12-28 10:46,B07,M0079,Silver,In-store,Coffee,1,55,0.00,55.00,QR PromptPay,5
T001947,2025-12-28 11:29,B06,M0021,Gold,In-store,Bakery,4,55,0.00,220.00,QR PromptPay,
T001948,2025-12-28 12:05,B02,,,App,Coffee,1,95,0.00,95.00,App Wallet,3
T001948,2025-12-28 12:05,B02,,,App,Coffee,1,95,0.00,95.00,App Wallet,3
T001949,2025-12-28 12:57,B03,M0282,Bronze,In-store,Coffee,3,60,0.00,180.00,QR PromptPay,3
T001950,2025-12-28 13:00,B06,,,In-store,Coffee,1,90,0.00,90.00,Cash,
T001951,2025-12-28 13:37,B03,M0107,Gld,In-store,Coffee,2,70,28.00,112.00,QR PromptPay,5
T001952,2025-12-28 15:17,B07,M0198,Bronze,In-store,Bakery,3,45,0.00,135.00,Credit Card,
T001953,2025-12-28 15:30,B01,M0186,PLATINUM,In-store,Coffee,1,95,19.00,76.00,Cash,
T001954,2025-12-28 16:05,B06,M0313,Bronze,App,Coffee,2,60,0.00,120.00,App Wallet,
T001955,2025-12-28 16:35,B07,,,App,Coffee,4,110,0.00,440.00,Credit Card,
T001956,2025-12-28 16:57,B02,,,App,Merchandise,1,650,0.00,650.00,Credit Card,
T001957,2025-12-28 18:53,B03,M0107,Gold,In-store,Merchandise,1,735,0.00,735.00,QR PromptPay,5
T001958,2025-12-28 19:27,B01,M0197,Silver,In-store,Coffee,1,95,0.00,95.00,Cash,4
T001959,2025-12-29 07:37,B06,M0007,Silver,Delivery,Bakery,1,55,0.00,55.00,QR PromptPay,
T001960,2025-12-29 07:37,B01,M0151,Bronze,App,Merchandise,1,615,0.00,615.00,Credit Card,
T001961,2025-12-29 08:00,B02,M0059,Bronze,In-store,Coffee,1,110,0.00,110.00,QR PromptPay,
T001962,2025-12-29 08:40,B06,M0304,Gold,In-store,Tea,1,9999,0.00,9999.00,Credit Card,3
T001963,2025-12-29 08:49,B01,M0197,Silver,Delivery,Coffee,4,55,0.00,220.00,Credit Card,
T001964,2025-12-29 09:56,B08,,,App,Coffee,2,55,0.00,110.00,Credit Card,3
T001965,2025-12-29 10:13,B03,M0318,Bronze,App,Coffee,1,55,2.75,52.25,Credit Card,
T001966,2025-12-29 10:40,B07,,,In-store,Coffee,4,120,0.00,480.00,Credit Card,
T001967,2025-12-29 11:29,B01,M0227,Bronze,In-store,Coffee,1,105,0.00,105.00,QR PromptPay,
T001968,2025-12-29 11:34,B05,M0256,Silver,In-store,Bakery,1,45,0.00,45.00,QR PromptPay,5
T001969,2025-12-29 12:01,B03,M0329,Bronze,In-store,Coffee,2,105,0.00,210.00,Credit Card,
T001970,2025-12-29 12:12,B02,M0284,Platinum,In-store,Coffee,2,90,0.00,180.00,Credit Card,
T001971,2025-12-29 12:18,B03,M0110,Silver,In-store,Tea,1,฿50,0.00,50.00,Credit Card,
T001972,2025-12-29 12:22,B01,M0145,Silver,Delivery,Coffee,4,55,0.00,220.00,QR PromptPay,
T001973,2025-12-29 12:31,B01,M0199,Gld,Instore,Coffee,1,115,0.00,115.00,QR PromptPay,
T001974,2025-12-29 12:48,B02,M0243,Bronze,In-store,Bakery,1,80,0.00,80.00,QR PromptPay,
T001975,2025-12-29 14:33,B08,,,Delivery,Bakery,1,70,0.00,70.00,Credit Card,
T001976,2025-12-29 14:36,B07,M0256,Silver,App,Bakery,3,65,0.00,195.00,Credit Card,
T001977,2025-12-29 15:35,B01,M0052,Bronze,App,Coffee,1,55,0.00,55.00,App Wallet,4
T001978,2025-12-29 15:51,B01,M0102,Bronze,App,Coffee,1,120,0.00,120.00,App Wallet,4
T001979,2025-12-29 16:15,B04,M0330,Silver,In-store,Tea,1,60,0.00,60.00,QR PromptPay,
T001980,2025-12-29 16:18,B05,M0158,Silver,In-store,Tea,3,55,0.00,165.00,QR PromptPay,3
T001981,2025-12-29 16:34,B01,M0235,Silver,In-store,Bakery,1,50,0.00,50.00,Credit Card,4
T001982,2025-12-29 16:39,B08,M0212,Platinum,In-store,Coffee,2,80,32.00,128.00,QR PromptPay,
T001983,2025-12-29 18:23,B02,,,In-store,Coffee,1,65,0.00,65.00,QR PromptPay,
T001984,2025-12-29 19:33,B06,,,In-store,Merchandise,4,520,0.00,2080.00,Cash,4
T001985,2025-12-30 07:11,B07,M0030,Bronze,In-store,Coffee,3,95,0.00,285.00,Cash,3
T001986,2025-12-30 08:50,B02,,,In-store,Tea,4,55,0.00,220.00,QR PromptPay,
T001987,2025-12-30 09:04,B04,M0315,Platinum,In-store,Bakery,1,45,9.00,36.00,Credit Card,
T001988,2025-12-30 09:50,B03,,,In store,Merchandise,4,405,0.00,1620.00,Credit Card,
T001989,2025-12-30 10:06,B02,,,In-store,Coffee,1,115,0.00,115.00,Credit Card,
T001990,2025-12-30 10:13,B03,,,App,Coffee,2,120,0.00,240.00,App Wallet,
T001991,2025-12-30 10:47,B02,M0313,Bronze,App,Bakery,2,90,0.00,180.00,Credit Card,
T001992,2025-12-30 11:16,B03,M0101,Bronze,In-store,Coffee,1,60,0.00,60.00,QR PromptPay,4
T001993,2025-12-30 11:29,B03,M0261,Bronze,In-store,Coffee,1,75,0.00,75.00,QR PromptPay,
T001994,2025-12-30 11:30,B01,M0082,Gold,Delivery,Bakery,1,45,0.00,45.00,QR PromptPay,5
T001995,2025-12-30 11:34,B07,M0270,Bronze,In-store,Coffee,1,115,0.00,115.00,Cash,
T001992,2025-12-30 11:42,B03,M0101,Bronze,In-store,Coffee,-1,60,-0.00,-60.00,QR PromptPay,
T001996,2025-12-30 12:09,B06,,,In-store,Coffee,2,115,0.00,230.00,QR PromptPay,
T001997,2025-12-30 12:16,B05,M0226,Bronze,App,Coffee,2,65,0.00,130.00,Credit Card,
T001998,2025-12-30 12:40,B02,,,In-store,Merchandise,1,875,0.00,875.00,Credit Card,
T001999,2025-12-30 13:37,B02,M0187,Silver,In-store,Bakery,3,80,0.00,240.00,Credit Card,
T002000,2025-12-30 13:38,B08,M0223,Bronze,In-store,Tea,1,90,0.00,90.00,Credit Card,5
T002001,2025-12-30 14:40,B02,M0081,Bronze,In-store,Bakery,1,65,0.00,65.00,Credit Card,4
T002002,2025-12-30 16:14,B05,M0158,Silver,In-store,Coffee,1,105,0.00,105.00,Cash,
T002003,2025-12-30 16:27,B03,M0101,Bronze,Instore,Coffee,1,55,0.00,55.00,Credit Card,
T002004,2025-12-30 16:30,B04,M0304,Gold,App,Tea,1,55,11.00,44.00,Credit Card,5
T002005,2025-12-30 16:39,B06,M0246,Bronze,In-store,Coffee,4,65,0.00,260.00,QR PromptPay,
T002006,2025-12-30 17:19,B08,,,In-store,Coffee,2,60,0.00,120.00,Cash,
T002007,2025-12-30 17:29,B05,M0088,silver,App,Tea,2,90,0.00,180.00,Credit Card,
T002008,2025-12-30 19:14,B06,,,Delivery,Bakery,1,65,0.00,65.00,Credit Card,3
T002009,2025-12-31 08:12,B07,M0130,bronze,App,Bakery,3,105,0.00,315.00,Credit Card,
T002010,2025-12-31 08:18,B05,M0227,Bronze,Delivery,Coffee,1,90,0.00,90.00,QR PromptPay,
T002011,2025-12-31 08:19,B05,M0227,Bronze,In store,Bakery,3,90,0.00,270.00,Cash,
T002012,2025-12-31 08:23,B01,M0102,Bronze,App,Coffee,1,75,0.00,75.00,App Wallet,5
T002013,2025-12-31 08:49,B04,,,In-store,Bakery,1,55,0.00,55.00,QR PromptPay,4
T002014,2025-12-31 08:58,B02,M0229,Silver,In-store,Coffee,1,110,0.00,110.00,QR PromptPay,
T002015,2025-12-31 09:07,B04,M0326,Bronze,App,Merchandise,2,550,55.00,1045.00,Credit Card,
T002016,2025-12-31 11:35,B07,,,App,Coffee,1,100,0.00,100.00,App Wallet,
T002017,2025-12-31 12:18,B06,M0049,Platinum,In-store,Coffee,1,120,6.00,114.00,QR PromptPay,
T002018,2025-12-31 12:21,B02,,,In-store,Coffee,2,105,0.00,210.00,Credit Card,4
T002019,2025-12-31 12:32,B06,M0007,Silver,In-store,Coffee,4,70,0.00,280.00,QR PromptPay,3
T002020,2025-12-31 13:04,B03,M0249,Silver,App,Merchandise,2,265,0.00,530.00,Credit Card,
T002021,2025-12-31 13:26,B07,M0086,Gold,In-store,Bakery,1,65,0.00,65.00,Cash,
T002022,2025-12-31 14:11,B08,M0249,Silver,app,Bakery,2,80,8.00,152.00,App Wallet,4
T002023,2025-12-31 14:27,B08,M0278,Brz,In-store,Merchandise,3,830,0.00,2490.00,Cash,
T002024,2025-12-31 16:36,B07,M0161,Bronze,In-store,Coffee,2,95,0.00,190.00,Credit Card,
T002025,2025-12-31 16:37,B01,,,In-store,Coffee,4,90,0.00,360.00,QR PromptPay,
T002026,2025-12-31 16:53,B02,,,In-store,Bakery,2,95,0.00,190.00,QR PromptPay,5
T002027,2025-12-31 17:52,B03,,,In store,Coffee,1,55,0.00,55.00,Cash,
T002028,2025-12-31 19:09,B06,M0276,Gold,In-store,Coffee,1,95,0.00,95.00,QR PromptPay,
T002029,2025-12-31 19:31,B01,M0175,Silver,Delivery,Coffee,1,65,0.00,65.00,Cash,4
T002030,2026-01-01 07:06,B03,,,App,Bakery,1,90,0.00,90.00,App Wallet,4
T002031,2026-01-01 07:18,B04,M0037,Bronze,In-store,Bakery,4,55,11.00,209.00,Cash,
T002032,2026-01-01 07:53,B05,M0095,Bronze,In-store,Tea,2,85,0.00,170.00,Credit Card,
T002033,2026-01-01 08:46,B07,M0013,Silver,In-store,Coffee,3,65,0.00,195.00,Credit Card,
T002034,2026-01-01 08:56,B03,M0175,Silver,App,Bakery,2,60,0.00,120.00,App Wallet,
T002035,2026-01-01 09:43,B07,M0184,Bronze,Delivery,Tea,2,70,0.00,140.00,Credit Card,
T002036,2026-01-01 12:48,B03,M0295,Bronze,In-store,Bakery,1,50,0.00,50.00,QR PromptPay,
T002037,2026-01-01 13:14,B08,M0268,Silver,In-store,Coffee,4,75,0.00,300.00,Cash,
T002038,2026-01-01 13:39,B02,M0144,Gold,In-store,Bakery,2,50,0.00,100.00,QR PromptPay,3
T002039,2026-01-01 14:27,B02,,,In-store,Bakery,2,65,0.00,130.00,QR PromptPay,
T002040,2026-01-01 16:00,B01,,,In-store,Coffee,2,60,0.00,120.00,Cash,4
T002041,2026-01-01 16:18,B07,M0198,Bronze,App,Tea,1,90,0.00,90.00,App Wallet,4
T002042,2026-01-01 16:34,B08,M0268,Silver,Delivery,Coffee,3,85,0.00,255.00,QR PromptPay,
T002043,2026-01-01 17:13,B01,M0319,Bronze,App,Coffee,1,55,0.00,55.00,App Wallet,
T002044,2026-01-01 17:42,B02,,,App,Bakery,1,105,0.00,105.00,App Wallet,
T002045,2026-01-01 17:46,B04,M0116,Bronze,In-store,Bakery,4,75,0.00,300.00,QR PromptPay,4
T002046,2026-01-01 18:49,B08,,,In store,Coffee,1,110,0.00,110.00,Credit Card,
T002047,2026-01-01 18:50,B01,M0319,Bronze,App,Coffee,1,60,0.00,60.00,App Wallet,
T002048,2026-01-01 18:52,B01,M0235,SILVER,App,Coffee,2,75,0.00,150.00,Credit Card,
T002049,2026-01-02 08:01,B08,,,In-store,Coffee,1,90,0.00,90.00,QR PromptPay,4
T002050,2026-01-02 08:18,B03,M0150,Bronze,App,Coffee,1,80,0.00,80.00,App Wallet,
T002051,2026-01-02 08:26,B08,M0305,Silver,Delivery,Merchandise,1,865,86.50,778.50,QR PromptPay,5
T002052,2026-01-02 08:37,B02,,,Delivery,Coffee,1,120,0.00,120.00,QR PromptPay,4
T002053,2026-01-02 08:50,B02,M0274,Gold,App,Bakery,1,110,0.00,110.00,App Wallet,
T002054,2026-01-02 09:25,B03,,,App,Coffee,1,70,0.00,70.00,Credit Card,
T002055,2026-01-02 10:58,B05,,,In store,Bakery,2,50,0.00,100.00,Credit Card,3
T002056,2026-01-02 11:28,B08,M0130,Bronze,In-store,Coffee,1,110,0.00,110.00,Cash,
T002057,2026-01-02 14:07,B05,M0227,Bronze,App,Coffee,4,70,56.00,224.00,App Wallet,
T002058,2026-01-02 14:32,B02,M0274,Gold,In-store,Bakery,3,110,0.00,330.00,Cash,3
T002059,2026-01-02 15:07,B04,,,App,Coffee,3,60,0.00,180.00,App Wallet,
T002060,2026-01-02 15:16,B07,,,Delivery,Bakery,1,110,0.00,110.00,QR PromptPay,
T002061,2026-01-02 15:36,B05,,,In-store,Coffee,1,75,0.00,75.00,QR PromptPay,3
T002062,2026-01-02 16:51,B01,M0251,Bronze,In-store,Merchandise,1,470,0.00,470.00,Cash,
T002063,2026-01-02 16:54,B05,,,In-store,Bakery,1,45,0.00,45.00,Cash,
T002064,2026-01-02 16:58,B03,M0198,Bronze,In-store,Coffee,2,65,13.00,117.00,Cash,
T002065,2026-01-02 17:45,B03,M0312,Bronze,In-store,Bakery,4,105,0.00,420.00,Cash,
T002065,2026-01-02 17:45,B03,M0312,Bronze,In-store,Bakery,4,105,0.00,420.00,Cash,
T002066,2026-01-02 18:17,B07,M0212,Platinum,In-store,Coffee,2,60,18.00,102.00,Credit Card,3
T002067,2026-01-02 18:21,B07,M0066,Silver,In-store,Merchandise,1,330,0.00,330.00,Credit Card,2
T002068,2026-01-02 18:53,B05,,,In-store,Coffee,1,80,0.00,80.00,QR PromptPay,5
T002069,2026-01-02 19:18,B05,,,In-store,Tea,3,90,0.00,270.00,QR PromptPay,4
T002070,2026-01-02 19:37,B07,,,App,Coffee,1,100,0.00,100.00,App Wallet,
T002071,2026-01-03 07:16,B05,M0091,Bronze,In-store,Tea,2,80,0.00,160.00,Cash,
T002072,2026-01-03 08:03,B07,,,In-store,Merchandise,4,855,0.00,3420.00,Credit Card,3
T002073,2026-01-03 08:17,B08,M9357,Gold,App,Coffee,1,80,0.00,80.00,Credit Card,
T002074,2026-01-03 08:29,B05,,,In-store,Bakery,1,100,0.00,100.00,QR PromptPay,
T002075,2026-01-03 10:50,B04,M0045,Bronze,App,Merchandise,2,855,0.00,1710.00,App Wallet,2
T002076,2026-01-03 10:58,B07,M0296,Bronze,In-store,Coffee,3,115,0.00,345.00,Credit Card,
T002077,2026-01-03 11:48,B06,M0191,Bronze,App,Coffee,4,100,0.00,400.00,App Wallet,
T002078,2026-01-03 12:28,B08,M0305,Silver,In-store,Merchandise,1,260,0.00,260.00,QR PromptPay,
T002079,2026-01-03 12:32,B03,,,Delivery,Coffee,4,110,0.00,440.00,Credit Card,5
T002080,2026-01-03 12:58,B08,M0164,Gold,In-store,Bakery,1,55,0.00,55.00,Cash,
T002081,2026-01-03 13:11,B01,,,In-store,Bakery,3,75,0.00,225.00,QR PromptPay,
T002082,2026-01-03 13:11,B08,M0039,Silver,In-store,Coffee,3,60,9.00,171.00,QR PromptPay,
T002083,2026-01-03 13:24,B01,M0197,Silver,In-store,Coffee,4,80,0.00,320.00,QR PromptPay,
T002084,2026-01-03 13:26,B05,M0088,Silver,In-store,Bakery,2,85,17.00,153.00,Cash,5
T002085,2026-01-03 13:55,B05,M0105,Bronze,App,Coffee,1,90,0.00,90.00,App Wallet,
T002086,2026-01-03 14:50,B01,M9799,Bronze,In-store,Tea,4,50,0.00,200.00,Credit Card,
T002087,2026-01-03 14:52,B03,M0027,Bronze,In-store,Coffee,1,120,0.00,120.00,QR PromptPay,
T002088,2026-01-03 15:24, B05,M0115,silver,app,Coffee,1,55,2.75,52.25,App Wallet,
T002089,2026-01-03 16:59,B04,M0291,Bronze,In-store,Coffee,2,110,0.00,220.00,Cash,
T002090,2026-01-03 17:12,B04,M0024,Silver,In-store,Merchandise,3,460,0.00,1380.00,Credit Card,
T002091,2026-01-03 17:40,B07,M0037,Brz,App,Bakery,1,95,0.00,95.00,App Wallet,
T002090,2026-01-03 17:43,B04,M0024,silver,in-store,Merchandise,-3,460,-0.00,-1380.00,Credit Card,
T002092,2026-01-03 19:16,B01,M0186,Platinum,In-store,Tea,1,95,0.00,95.00,QR PromptPay,5
T002093,2026-01-04 07:24,B02,,,In-store,Coffee,2,60,0.00,120.00,Credit Card,3
T002094,2026-01-04 08:00,B05,M9632,Platinum,Delivery,Merchandise,3,845,0.00,2535.00,Credit Card,4
T002095,2026-01-04 08:11,B06,M0091,Bronze,In-store,Bakery,2,45,0.00,90.00,Credit Card,3
T002096,2026-01-04 09:32,B08,M0049,Platinum,In-store,Coffee,2,70,14.00,126.00,Cash,
T002097,2026-01-04 10:02,B05,M0233,Silver,App,Coffee,1,95,0.00,95.00,App Wallet,
T002098,2026-01-04 10:09,B08,,,In-store,Bakery,1,110,0.00,110.00,Cash,3
T002099,2026-01-04 11:54,B04,M0153,Silver,In-store,Coffee,4,100,0.00,400.00,Credit Card,
T002100,2026-01-04 12:18,B01,,,Delivery,Merchandise,1,815,0.00,815.00,Cash,
T002101,2026-01-04 12:50,B08,M0223,Bronze,Delivery,Bakery,1,70,0.00,70.00,Cash,
T002102,2026-01-04 12:57,B04,M0153,Silver,App,Bakery,1,55,0.00,55.00,App Wallet,4
T002103,2026-01-04 13:56,B05,M0059,Bronze,App,Coffee,1,75,0.00,75.00,App Wallet,
T002104,2026-01-04 14:16,B01,M0194,Bronze,In-store,Coffee,1,65,0.00,65.00,Cash,
T002105,2026-01-04 14:17,B01,,,In-store,Coffee,2,110,0.00,220.00,QR PromptPay,4
T002106,2026-01-04 14:19,B02,,,In-store,Tea,3,50,0.00,150.00,QR PromptPay,
T002107,2026-01-04 15:02,B05,M0216,Gold,Delivery,Tea,1,65,0.00,65.00,QR PromptPay,3
T002108,2026-01-04 16:21,B02,M0023,Bronze,App,Coffee,1,100,0.00,100.00,App Wallet,
T002109,2026-01-04 16:47,B03,M0175,Silver,In-store,Coffee,1,100,0.00,100.00,Credit Card,4
T002110,2026-01-04 16:57,B02,,,App,Tea,1,50,0.00,50.00,App Wallet,
T002111,2026-01-04 17:18,B01,M0186,Platinum,Delivery,Coffee,3,90,54.00,216.00,Cash,3
T002112,2026-01-04 18:08,B07,,,In-store,Coffee,1,100,0.00,100.00,Cash,5
T002113,2026-01-04 18:11,B02,M0143,Bronze,In-store,Coffee,3,120,0.00,360.00,QR PromptPay,
T002114,2026-01-04 18:14,B01,,,In-store,Bakery,2,70,0.00,140.00,Credit Card,3
T002115,2026-01-04 19:48,B03,M0082,Gold,Delivery,Bakery,1,105,21.00,84.00,Cash,4
T002116,2026-01-05 08:04,B06,M0154,Bronze,Instore,Merchandise,4,845,0.00,3380.00,QR PromptPay,
T002117,2026-01-05 09:04,B03,M0249,Silver,In-store,Coffee,3,120,0.00,360.00,QR PromptPay,4
T002118,2026-01-05 09:29,B05,M0178,Silver,Delivery,Coffee,2,75,0.00,150.00,QR PromptPay,
T002119,2026-01-05 10:15,B01,M0086,Gold,App,Tea,3,75,22.50,202.50,App Wallet,5
T002120,2026-01-05 10:21,B01,M0288,Bronze,App,Bakery,1,50,0.00,50.00,App Wallet,3
T002121,2026-01-05 10:30,B01,M0321,Bronze,In-store,Tea,2,75,0.00,150.00,QR PromptPay,
T002122,2026-01-05 11:56,B04,,,Delivery,Coffee,3,120,0.00,360.00,QR PromptPay,5
T002123,2026-01-05 12:16,B03,M0031,Silver,In-store,Coffee,1,120,0.00,100.00,QR PromptPay,5
T002124,2026-01-05 12:46,B06,M0155,Platinum,In-store,Bakery,2,65,0.00,130.00,Cash,
T002125,2026-01-05 13:16,B01,M0052,Bronze,In-store,Coffee,4,80,64.00,256.00,Credit Card,
T002126,2026-01-05 13:26,B01,,,In-store,Tea,1,60,0.00,60.00,Cash,3
T002127,2026-01-05 13:37,B08,M0050,Brz,In-store,Coffee,4,95,19.00,361.00,Cash,
T002128,2026-01-05 14:25,B08,M0268,Silver,In-store,Coffee,4,80,0.00,320.00,Credit Card,
T002129,2026-01-05 14:59,B02,M0080,Silver,App,Coffee,4,90,0.00,360.00,App Wallet,
T002130,2026-01-05 15:11,B06,,,Delivery,Coffee,1,65,0.00,65.00,QR PromptPay,3
T002131,2026-01-05 15:12,B01,M0082,Gold,In-store,Bakery,3,60,0.00,180.00,QR PromptPay,4
T002132,2026-01-05 15:58,B08,M0143,Bronze,App,Coffee,4,115,0.00,460.00,Credit Card,
T002132,2026-01-05 16:06,B08,M0143,Bronze,APP,Coffee,-4,115,-0.00,-460.00,Credit Card,
T002133,2026-01-05 16:12,B08,,,Delivery,Coffee,1,65,0.00,65.00,QR PromptPay,
T002134,2026-01-05 16:28,B07,,,In-store,Coffee,2,75,0.00,150.00,Cash,
T002135,2026-01-05 16:33,B04,M0181,Bronze,In-store,Coffee,1,110,0.00,110.00,Cash,4
T002136,2026-01-05 16:51,B02,M0178,Silver,In-store,Bakery,1,90,0.00,90.00,Credit Card,
T002137,2026-01-05 17:55,B04,M0256,Silver,In-store,Coffee,4,80,0.00,320.00,Cash,
T002138,2026-01-05 18:36,B02,,,In-store,Coffee,1,55,0.00,55.00,Credit Card,3
T002139,2026-01-05 18:58,B07,M0066,Silver,In-store,Merchandise,1,850,0.00,850.00,Cash,
T002140,2026-01-05 19:01,B03,M0108,Gold,In-store,Coffee,1,110,0.00,110.00,Credit Card,
T002141,2026-01-05 19:05,B04,M0250,Bronze,Delivery,Bakery,3,75,0.00,225.00,Cash,4
T002141,2026-01-05 19:05,B04,M0250,Bronze,Delivery,Bakery,3,75,0.00,225.00,Cash,4
T002142,2026-01-05 19:11,B01,,,In-store,Coffee,1,120,0.00,120.00,Credit Card,
T002143,2026-01-06 07:59,B03,M0085,Silver,App,Coffee,2,85,0.00,170.00,App Wallet,
T002144,2026-01-06 08:12,B02,,,App,Tea,2,95,0.00,190.00,Credit Card,
T002145,2026-01-06 08:56,B01,M0186,Platinum,in-store,Coffee,3,105,47.25,267.75,QR PromptPay,5
T002146,2026-01-06 09:36,B03,M0112,Platinum,Delivery,Coffee,2,70,0.00,140.00,Cash,
T002147,2026-01-06 11:06,B03,M0085,Silver,In-store,Tea,4,90,0.00,360.00,QR PromptPay,
T002148,2026-01-06 11:38,B03,M0312,Bronze,In-store,Coffee,3,70,0.00,210.00,QR PromptPay,5
T002148,2026-01-06 11:38,B03,M0312,Bronze,In-store,Coffee,3,70,0.00,210.00,QR PromptPay,5
T002149,2026-01-06 12:13,B05,M0083,Gold,Delivery,Coffee,2,90,0.00,180.00,Credit Card,
T002150,2026-01-06 12:29,B07,,,App,Coffee,1,65,0.00,65.00,Credit Card,4
T002151,2026-01-06 12:31,B8,M0159,Silver,In-store,Tea,1,95,0.00,95.00,Cash,
T002152,2026-01-06 13:00,B01,M0102,Bronze,In-store,Merchandise,2,285,0.00,570.00,Credit Card,5
T002153,2026-01-06 13:03,B01,M0009,BRONZE,In-store,Coffee,4,100,0.00,400.00,Credit Card,4
T002154,2026-01-06 13:04,B03,,,In-store,Bakery,1,45,0.00,45.00,Cash,
T002155,2026-01-06 13:57,B07,,,In-store,Bakery,3,100,0.00,300.00,QR PromptPay,
T002156,2026-01-06 14:40,B04,M0169,Silver,Delivery,Coffee,4,105,0.00,420.00,Cash,2
T002157,2026-01-06 15:06,B07,,,Delivery,Bakery,2,45,0.00,90.00,Credit Card,3
T002158,2026-01-06 15:54,B01,M0186,Platinum,In-store,Coffee,1,75,0.00,75.00,Credit Card,
T002159,2026-01-06 16:03,B06,M0246,Bronze,In-store,Coffee,3,95,0.00,265.00,Credit Card,
T002160,2026-01-06 16:28,B02,M0155,Platinum,In-store,Tea,2,80,8.00,152.00,Cash,
T002161,2026-01-06 18:15,B02,M0271,Gold,Delivery,Tea,1,70,0.00,70.00,Credit Card,
T002162,2026-01-06 18:17,B01,M0151,Bronze,Delivery,Coffee,4,55,0.00,220.00,Credit Card,5
T002163,2026-01-06 19:19,B03,M0261,Bronze,Delivery,Bakery,4,55,0.00,220.00,QR PromptPay,
T002164,2026-01-06 19:41,B06,M0038,Bronze,Instore,Coffee,4,80,0.00,320.00,Cash,
T002165,2026-01-07 07:15,B07,,,In-store,Tea,3,60,0.00,180.00,Credit Card,
T002166,2026-01-07 08:44,B05,,,App,Coffee,1,90,0.00,90.00,App Wallet,3
T002167,2026-01-07 08:54,B02,,,Delivery,Coffee,2,80,0.00,160.00,Cash,
T002168,2026-01-07 09:05,B04,,,App,Tea,3,95,0.00,285.00,Credit Card,
T002169,2026-01-07 10:19,B06,M0226,Bronze,In-store,Bakery,2,75,0.00,150.00,QR PromptPay,
T002170,2026-01-07 11:14,B08,,,Delivery,Merchandise,2,715,0.00,1430.00,QR PromptPay,
T002171,2026-01-07 11:22,B07,M0065,Gold,In-store,Coffee,2,90,0.00,180.00,QR PromptPay,
T002172,2026-01-07 11:37,B02,M0200,Gold,In-store,Coffee,2,75,0.00,150.00,Cash,
T002173,2026-01-07 11:38,B03,M0107,Gold,In-store,Coffee,4,115,0.00,460.00,Credit Card,
T002174,2026-01-07 12:10,B08,M0212,Platinum,In-store,Coffee,2,70,14.00,126.00,Cash,
T002174,2026-01-07 12:10,B08,M0212,Platinum,In-store,Coffee,2,70,14.00,126.00,Cash,
T002175,2026-01-07 12:37,B07,M0254,Bronze,In-store,Coffee,1,80,0.00,80.00,Cash,
T002176,2026-01-07 12:42,B03,M0175,Silver,In-store,Merchandise,2,250,75.00,425.00,QR PromptPay,5
T002177,2026-01-07 12:48,B05,,,In-store,Coffee,1,65,0.00,65.00,QR PromptPay,
T002178,2026-01-07 13:03,B06,,,In-store,Coffee,1,100,0.00,20.00,Cash,
T002179,2026-01-07 13:30,B05,M9108,Gold,In-store,Coffee,2,120,12.00,228.00,QR PromptPay,
T002180,2026-01-07 13:33,B07,M0128,Bronze,In-store,Bakery,2,110,0.00,220.00,Credit Card,5
T002181,2026-01-07 13:57,B08,M0328,Bronze,App,Tea,1,65,13.00,52.00,Credit Card,2
T002182,2026-01-07 14:27,B08,M0212,Platinum,In-store,Bakery,1,100,20.00,80.00,Cash,
T002183,2026-01-07 14:37,B02,,,In-store,Coffee,3,55,0.00,165.00,Cash,
T002184,2026-01-07 14:59,B02,M0274,Gold,Delivery,Bakery,1,110,0.00,110.00,QR PromptPay,4
T002185,2026-01-07 16:20,B01,M0052,Bronze,App,Coffee,1,95,0.00,95.00,App Wallet,3
T002186,2026-01-07 16:44,B08,,,In-store,Tea,1,80,0.00,80.00,Credit Card,
T002187,2026-01-07 18:04,B05,M0281,Bronze,In-store,Coffee,1,85,0.00,85.00,Cash,4
T002188,2026-01-08 07:04,B03,,,In-store,Coffee,3,100,0.00,300.00,Cash,
T002189,2026-01-08 07:51,B06,M0007,Silver,In-store,Bakery,2,50,0.00,100.00,QR PromptPay,
T002190,2026-01-08 07:55,B05,M0158,Silver,App,Coffee,2,90,0.00,180.00,App Wallet,4
T002191,2026-01-08 08:05,B05,M0091,Bronze,In-store,Coffee,2,80,0.00,160.00,Credit Card,
T002192,2026-01-08 08:45,B02,,,In-store,Coffee,2,65,0.00,130.00,Credit Card,5
T002193,2026-01-08 10:10,B02,,,app,Coffee,3,85,0.00,255.00,Credit Card,
T002194,2026-01-08 10:58,B06,M0079,Silver,Delivery,Coffee,1,75,0.00,75.00,QR PromptPay,5
T002195,2026-01-08 11:58,B03,M0295,Bronze,In-store,Coffee,1,110,0.00,110.00,QR PromptPay,
T002196,2026-01-08 12:08,B05,M0178,Silver,In-store,Coffee,1,90,0.00,90.00,Cash,
T002197,2026-01-08 12:27,B02,,,Delivery,Tea,1,60,0.00,60.00,QR PromptPay,
T002198,2026-01-08 13:30,B01,M0251,Bronze,In-store,Bakery,2,65,0.00,130.00,Cash,5
T002199,2026-01-08 13:31,B04,M0093,Bronze,In-store,Coffee,2,75,0.00,150.00,QR PromptPay,5
T002200,2026-01-08 13:32,B07,M0065,Gold,Delivery,Tea,3,65,0.00,195.00,Cash,3
T002201,2026-01-08 13:58,B04,,,App,Coffee,1,70,0.00,70.00,App Wallet,
T002202,2026-01-08 13:58,B02,M0297,Bronze,App,Coffee,1,110,0.00,110.00,App Wallet,4
T002203,2026-01-08 14:02,B03,M0031,Silver,In-store,Tea,4,75,0.00,300.00,QR PromptPay,
T002204,2026-01-08 14:31,B06,M0101,Bronze,In-store,Bakery,1,65,0.00,65.00,QR PromptPay,
T002205,2026-01-08 16:01,B07,M0066,Silver,In-store,Merchandise,1,460,92.00,368.00,QR PromptPay,
T002206,2026-01-08 17:43,B05,M0096,Bronze,In-store,Bakery,4,80,0.00,320.00,QR PromptPay,
T002207,2026-01-08 18:59,B08,,,In-store,Coffee,1,90,0.00,90.00,Cash,4
T002208,2026-01-08 19:03,B01,M9403,Bronze,In-store,Coffee,1,120,0.00,120.00,QR PromptPay,4
T002209,2026-01-09 08:00,B06,M0158,Silver,In-store,Tea,4,85,34.00,306.00,QR PromptPay,
T002210,2026-01-09 08:44,B03,,,App,Coffee,2,55,0.00,110.00,Credit Card,
T002211,2026-01-09 08:54,B01,M0194,bronze,In-store,Bakery,1,50,0.00,50.00,Cash,5
T002212,2026-01-09 09:28,B04,M0160,Bronze,In-store,Coffee,2,95,0.00,190.00,Credit Card,3
T002213,2026-01-09 10:46,B01,M0156,Bronze,App,Bakery,1,70,0.00,70.00,Credit Card,5
T002214,2026-01-09 10:49,B03,M0308,Bronze,App,Bakery,1,105,0.00,105.00,App Wallet,
T002215,2026-01-09 11:02,B03,,,APP,Bakery,2,75,0.00,150.00,Credit Card,
T002216,2026-01-09 11:20,B04,M0045,Bronze,In-store,Merchandise,4,485,0.00,1940.00,Credit Card,
T002217,2026-01-09 11:54,B05,,,App,Tea,4,65,0.00,260.00,Credit Card,4
T002218,2026-01-09 12:13,B06,,,In-store,Coffee,1,120,0.00,120.00,Credit Card,
T002219,2026-01-09 12:45,B08,M0039,SILVER,In-store,Coffee,1,100,0.00,100.00,Cash,
T002220,2026-01-09 13:04,B05,,,In-store,Coffee,1,115,0.00,115.00,Credit Card,
T002221,2026-01-09 13:40,B03,,,In-store,Tea,3,50,0.00,150.00,Cash,
T002222,2026-01-09 13:40,B05,M0091,Bronze,Delivery,Bakery,2,85,0.00,170.00,Credit Card,
T002223,2026-01-09 14:29,B04,M0291,Bronze,In-store,Coffee,2,100,0.00,200.00,Cash,
T002224,2026-01-09 15:25,B07,,,In-store,Bakery,1,45,0.00,45.00,QR PromptPay,
T002225,2026-01-09 15:40,B03,M0329,Bronze,App,Merchandise,2,770,0.00,1540.00,App Wallet,5
T002226,2026-01-09 16:01,B01,M0052,Bronze,In-store,Tea,1,55,8.25,46.75,QR PromptPay,
T002227,2026-01-09 16:08,B04,,,Delivery,Tea,4,65,0.00,260.00,QR PromptPay,
T002228,2026-01-09 17:07,B03,,,In-store,Bakery,1,55,0.00,55.00,Cash,
T002229,2026-01-09 17:31,B06,M0061,bronze,App,Tea,2,55,22.00,88.00,App Wallet,4
T002230,2026-01-09 17:37,B02,M0315,Platinum,In-store,Bakery,1,60,0.00,60.00,Cash,
T002231,2026-01-09 17:44,B04,M0320,Silver,In-store,Bakery,1,45,0.00,45.00,Cash,3
T002232,2026-01-09 18:26,B04,M0179,Platinum,In-store,Coffee,1,120,12.00,108.00,QR PromptPay,
T002232,2026-01-09 18:26,B04,M0179,Platinum,In-store,Coffee,1,120,12.00,108.00,QR PromptPay,
T002233,2026-01-09 18:33,B04,M0130,Bronze,In-store,Coffee,1,105,0.00,105.00,Cash,2
T002234,2026-01-09 19:29,B07,M0263,Bronze,In-store,Coffee,1,60,0.00,60.00,QR PromptPay,
T002235,2026-01-10 07:44,B06,M0173,Silver,In store,Coffee,2,110,33.00,187.00,Credit Card,
T002236,2026-01-10 07:58,B03,,,In-store,Coffee,3,55,0.00,165.00,QR PromptPay,
T002237,2026-01-10 08:29,B08,M0006,Gold,App,Bakery,2,90,27.00,153.00,App Wallet,
T002238,2026-01-10 10:30,B08,M0069,Silver,App,Coffee,3,105,0.00,315.00,Credit Card,
T002239,2026-01-10 10:43,B04,M0093,Bronze,App,Coffee,2,70,7.00,133.00,Credit Card,
T002240,2026-01-10 10:46,B05,M0158,Silver,In-store,Coffee,4,115,0.00,460.00,Cash,
T002241,2026-01-10 11:19,B06,M0183,Bronze,Delivery,Merchandise,4,495,0.00,1980.00,QR PromptPay,
T002242,2026-01-10 12:07,B01,M0069,Silver,Mobile App,Bakery,4,45,0.00,180.00,Credit Card,
T002243,2026-01-10 13:26,B07,M0065,Gold,Delivery,Bakery,1,฿55,0.00,55.00,Cash,4
T002244,2026-01-10 15:14,B04,M0179,Platinum,App,Coffee,1,65,13.00,52.00,Credit Card,
T002245,2026-01-10 15:17,B08,,,In-store,Coffee,3,120,0.00,360.00,QR PromptPay,
T002246,2026-01-10 15:23,B04,M0321,Bronze,App,Coffee,1,80,0.00,80.00,App Wallet,
T002247,2026-01-10 16:03,B02,M0325,Gold,In store,Coffee,1,55,5.50,49.50,QR PromptPay,
T002248,2026-01-10 16:10,B07,M0312,Bronze,In-store,Coffee,4,105,0.00,420.00,QR PromptPay,3
T002249,2026-01-10 16:13,B02,M0200,GOLD,Delivery,Coffee,1,60,0.00,60.00,QR PromptPay,5
T002250,2026-01-10 17:33,B08,M9632,Bronze,In-store,Coffee,1,115,0.00,115.00,Credit Card,4
T002251,2026-01-10 19:19,B07,,,In-store,Tea,2,90,0.00,180.00,QR PromptPay,3
T002252,2026-01-10 19:50,B08,M0036,PLATINUM,In-store,Tea,2,95,0.00,190.00,QR PromptPay,
T002253,2026-01-11 07:06,B03,M0101,Bronze,In-store,Merchandise,1,300,0.00,300.00,Cash,
T002254,2026-01-11 08:08,B01,M0271,Gold,In-store,Tea,1,70,0.00,70.00,Credit Card,
T002255,2026-01-11 08:33,B06,M0007,Silver,In-store,Coffee,2,65,0.00,130.00,Cash,
T002255,2026-01-11 08:50,B06,M0007,Silver,In-store,Coffee,-2,65,-0.00,-130.00,Cash,
T002256,2026-01-11 10:35,B08,M0212,Platinum,App,Tea,2,55,0.00,110.00,App Wallet,3
T002257,2026-01-11 10:41,B03,,,In-store,Coffee,1,฿105.00,0.00,105.00,Credit Card,
T002258,2026-01-11 13:32,B08,,,App,Coffee,1,95,0.00,95.00,App Wallet,
T002259,2026-01-11 15:04,B04,M0203,Bronze,In-store,Coffee,2,60,0.00,120.00,Credit Card,3
T002260,2026-01-11 16:23,B04,,,App,Bakery,1,65,0.00,65.00,Credit Card,
T002261,2026-01-11 16:30,B01,,,In-store,Bakery,1,80,0.00,80.00,QR PromptPay,5
T002262,2026-01-11 16:39,B06,M0328,Bronze,In-store,Coffee,1,55,11.00,44.00,Cash,
T002263,2026-01-11 16:55,B08,M0325,Gold,Delivery,Coffee,1,70,10.50,59.50,Cash,
T002264,2026-01-11 17:05,B02,M0318,Bronze,In-store,Coffee,1,80,0.00,80.00,Cash,
T002265,2026-01-11 17:14,B03,M0121,Silver,App,Bakery,3,70,0.00,210.00,Credit Card,3
T002266,2026-01-11 17:20,B04,,,In-store,Bakery,4,75,0.00,300.00,Credit Card,5
T002267,2026-01-11 17:28,B07,M0073,Gold,In-store,Bakery,1,60,0.00,60.00,Credit Card,
T002268,2026-01-11 17:57,B04,M9826,Bronze,In-store,Bakery,2,80,32.00,128.00,QR PromptPay,4
T002269,2026-01-11 18:02,B06,M0183,Bronze,Delivery,Coffee,4,115,0.00,460.00,QR PromptPay,3
T002270,2026-01-11 18:53,B08,,,In-store,Bakery,1,105,0.00,105.00,Credit Card,
T002271,2026-01-11 18:56,B04,M0326,Bronze,In-store,Bakery,3,60,0.00,180.00,QR PromptPay,
T002272,2026-01-11 19:10,B01,,,App,Coffee,3,120,0.00,360.00,App Wallet,
T002273,2026-01-12 07:14,B02,M0284,Platinum,App,Bakery,3,70,42.00,168.00,App Wallet,2
T002274,2026-01-12 07:34,B07,M0245,Gold,In-store,Bakery,1,90,0.00,90.00,Cash,
T002275,2026-01-12 08:03,B03,M0031,Silver,App,Coffee,2,115,0.00,230.00,App Wallet,
T002276,2026-01-12 09:07,B01,,,In-store,Coffee,1,75,0.00,75.00,Credit Card,
T002277,2026-01-12 10:09,B02,M0066,Silver,In-store,Coffee,4,70,0.00,280.00,Credit Card,
T002278,2026-01-12 10:16,B02,M0230,Bronze,In-store,Merchandise,1,770,0.00,770.00,QR PromptPay,
T002279,2026-01-12 10:41,B07,M0245,Gold,App,Merchandise,4,710,0.00,2840.00,App Wallet,
T002280,2026-01-12 10:55,B04,M0242,Bronze,In-store,Coffee,1,85,0.00,85.00,Cash,
T002280,2026-01-12 11:00,B04,M0242,Bronze,In-store,Coffee,-1,85,-0.00,-85.00,Cash,
T002281,2026-01-12 11:28,B03,,,In-store,Bakery,1,85,0.00,85.00,Credit Card,4
T002282,2026-01-12 11:29,B04,M0181,Bronze,Delivery,Bakery,1,105,0.00,105.00,QR PromptPay,4
T002279,2026-01-12 11:44,B07,M0245,Gold,App,Merchandise,-4,710,-0.00,-2840.00,App Wallet,
T002283,2026-01-12 12:20,B08,M0305,Silver,Delivery,Bakery,1,100,20.00,80.00,Credit Card,5
T002284,2026-01-12 12:24,B01,M0319,Bronze,App,Bakery,3,55,8.25,156.75,App Wallet,
T002285,2026-01-12 12:31,B05,M0096,Bronze,App,Coffee,2,120,24.00,216.00,App Wallet,
T002286,2026-01-12 12:57,B07,M0079,Silver,Delivery,Bakery,1,70,10.50,59.50,Credit Card,
T002287,2026-01-12 13:22,B04,M9254,Bronze,Delivery,Bakery,2,65,0.00,130.00,Credit Card,4
T002288,2026-01-12 13:29,B07,,,App,Coffee,1,65,0.00,65.00,Credit Card,4
T002289,2026-01-12 13:33,B05,,,In-store,Merchandise,1,710,0.00,710.00,QR PromptPay,
T002290,2026-01-12 13:48,B02,M0284,Platinum,In-store,Merchandise,1,330,66.00,264.00,Credit Card,
T002291,2026-01-12 14:14, B04,M0078,Bronze,In-store,Coffee,2,55,5.50,104.50,Cash,3
T002292,2026-01-12 14:52,B04,M0037,Bronze,In-store,Coffee,1,95,0.00,95.00,Cash,
T002293,2026-01-12 15:12,B02,,,Delivery,Tea,2,90,0.00,180.00,QR PromptPay,
T002294,2026-01-12 15:29,B01,M0261,Bronze,In-store,Coffee,1,95,0.00,95.00,Cash,3
T002295,2026-01-12 15:33,B03,,,In-store,Merchandise,2,510,0.00,1020.00,Cash,
T002296,2026-01-12 16:01,B05,M0178,Silver,App,Merchandise,3,680,0.00,2040.00,App Wallet,
T002297,2026-01-12 16:09,B07,M0128,Brz,App,Bakery,3,70,0.00,210.00,Credit Card,4
T002298,2026-01-12 16:34,B04,M0024,Silver,Delivery,Merchandise,1,845,169.00,676.00,QR PromptPay,
T002299,2026-01-12 17:18,B06,,,In-store,Tea,2,60,0.00,120.00,Credit Card,
T002300,2026-01-12 17:35,B07,M0085,Silver,Delivery,Coffee,2,115,0.00,230.00,Credit Card,5
T002301,2026-01-12 18:12,B02,M0187,Silver,In-store,Bakery,3,105,0.00,315.00,Cash,
T002302,2026-01-12 18:42,B07,M0188,Silver,Mobile App,Coffee,1,65,0.00,65.00,Credit Card,
T002303,2026-01-12 19:36,B03,M0085,Silver,In-store,Coffee,1,60,0.00,60.00,Credit Card,
T002304,2026-01-13 08:00,B07,M0186,Platinum,In-store,Coffee,1,60,3.00,57.00,Cash,
T002305,2026-01-13 08:21,B03,M0085,Silver,In-store,Bakery,2,70,0.00,140.00,Credit Card,
T002306,2026-01-13 08:37,B05,,,In-store,Coffee,4,90,0.00,360.00,Cash,5
T002307,2026-01-13 08:39,B05,,,In-store,Bakery,1,70,0.00,70.00,Cash,
T002308,2026-01-13 08:50,B01,M0186,Platinum,in-store,Tea,1,75,0.00,75.00,Cash,3
T002309,2026-01-13 09:07,B07,M0073,Gold,In-store,Bakery,4,55,0.00,220.00,QR PromptPay,3
T002310,2026-01-13 09:12,B03,M0329,Bronze,In-store,Coffee,1,120,0.00,120.00,QR PromptPay,
T002311,2026-01-13 10:39,B06,,,In-store,Tea,1,70,0.00,70.00,QR PromptPay,
T002312,2026-01-13 10:44,B01,M0197,Silver,In-store,Coffee,1,95,0.00,95.00,Credit Card,
T002313,2026-01-13 11:10,B06,M0246,Bronze,In-store,Coffee,4,55,0.00,220.00,Credit Card,
T002314,2026-01-13 11:32,B04,M0217,Silver,Delivery,Bakery,1,70,3.50,66.50,Credit Card,5
T002315,2026-01-13 12:05,B08,M0328,Bronze,In-store,Coffee,2,95,0.00,190.00,Cash,3
T002316,2026-01-13 12:12,B05,M0158,Silver,In-store,Bakery,1,75,0.00,75.00,QR PromptPay,4
T002317,2026-01-13 13:57,B07,M0100,Bronze,In-store,Coffee,2,90,0.00,180.00,Credit Card,
T002318,2026-01-13 14:30,B02,M0325,Gold,In-store,Coffee,2,120,48.00,192.00,Cash,
T002319,2026-01-13 14:57,B04,M0304,Gold,In-store,Merchandise,2,680,68.00,1292.00,Cash,
T002320,2026-01-13 15:24,B07,M0245,Gold,In-store,Coffee,1,65,0.00,65.00,Credit Card,
T002321,2026-01-13 16:05,B05,M0115,Slvr,In store,Coffee,2,85,0.00,170.00,Credit Card,3
T002322,2026-01-13 16:38,B06,M0173,Silver,Delivery,Tea,4,90,0.00,360.00,Credit Card,
T002323,2026-01-13 16:39,B05,M0158,Silver,In-store,Coffee,1,115,17.25,97.75,Cash,
T002324,2026-01-13 17:03,B03,,,In-store,Coffee,2,60,0.00,120.00,QR PromptPay,
T002325,2026-01-13 17:38,B07,M0184,Bronze,App,Bakery,1,85,0.00,85.00,Credit Card,
T002326,2026-01-13 17:53,B03,,,Delivery,Bakery,1,100,0.00,100.00,Credit Card,
T002327,2026-01-13 19:08,B03,M0318,Brz,App,Coffee,2,55,0.00,110.00,App Wallet,
T002328,2026-01-14 07:11,B08,M0036,Platinum,Delivery,Coffee,4,80,48.00,272.00,QR PromptPay,
T002329,2026-01-14 08:22,B07,M0209,Bronze,In-store,Coffee,2,80,0.00,160.00,Credit Card,4
T002330,2026-01-14 08:50,B07,M0028,Bronze,In-store,Tea,1,80,0.00,80.00,Cash,
T002331,2026-01-14 09:32, B08,M0268,Silver,In-store,Coffee,2,65,6.50,123.50,Credit Card,3
T002332,2026-01-14 10:30,B03,M0024,Silver,In-store,Coffee,3,110,49.50,280.50,Cash,
T002333,2026-01-14 10:41,B06,,,App,Tea,4,90,0.00,360.00,Credit Card,
T002334,2026-01-14 10:46,B04,M0059,Bronze,In-store,Coffee,1,120,0.00,120.00,Cash,
T002335,2026-01-14 11:11,B03,,,App,Coffee,2,95,0.00,190.00,Credit Card,
T002336,2026-01-14 11:43,B06,M0265,Bronze,In-store,Coffee,1,80,0.00,80.00,QR PromptPay,
T002337,2026-01-14 11:50,B01,M0294,Bronze,In-store,Bakery,1,45,0.00,45.00,QR PromptPay,
T002338,2026-01-14 12:03,B07,M0120,Gold,In-store,Coffee,1,80,12.00,68.00,Cash,
T002339,2026-01-14 12:16,B07,M0120,Gold,In-store,Tea,2,90,0.00,180.00,QR PromptPay,
T002340,2026-01-14 12:20,B04,,,In-store,Tea,2,95,0.00,190.00,QR PromptPay,
T002341,2026-01-14 13:52,B07,M0120,Gold,Delivery,Coffee,2,70,0.00,140.00,QR PromptPay,4
T002342,2026-01-14 14:37,B02,,,In-store,Bakery,1,55,0.00,55.00,Credit Card,
T002343,2026-01-14 14:48,B02,M0026,Bronze,In-store,Bakery,1,55,0.00,55.00,QR PromptPay,
T002344,2026-01-14 16:03,B04,M0153,Silver,App,Coffee,2,115,0.00,230.00,App Wallet,2
T002345,2026-01-14 16:16,B06,,,Delivery,Bakery,1,55,0.00,55.00,QR PromptPay,
T002346,2026-01-14 16:17,B01,,,In-store,Tea,1,90,0.00,90.00,QR PromptPay,3
T002347,2026-01-14 16:30,B07,M9826,Bronze,In-store,Coffee,1,70,0.00,70.00,QR PromptPay,
T002348,2026-01-14 16:53,B07,,,Delivery,Coffee,4,120,0.00,480.00,Credit Card,3
T002349,2026-01-14 17:06,B07,,,In-store,Bakery,2,45,0.00,90.00,QR PromptPay,
T002350,2026-01-14 17:35,B08,M0066,Silver,In-store,Bakery,2,65,0.00,130.00,Credit Card,2
T002351,2026-01-14 18:00,B06,,,In-store,Coffee,4,65,0.00,260.00,QR PromptPay,
T002352,2026-01-14 18:31,b05,M0059,Bronze,In-store,Coffee,1,90,0.00,90.00,QR PromptPay,
T002353,2026-01-14 19:12,B06,,,in-store,Coffee,2,75,0.00,150.00,Cash,
T002354,2026-01-14 19:31,B03,M0039,Silver,Delivery,Coffee,4,115,0.00,460.00,QR PromptPay,
T002355,2026-01-15 08:14,B02,M0160,Bronze,App,Merchandise,1,505,0.00,505.00,App Wallet,
T002356,2026-01-15 08:54,B08,M0223,Bronze,App,Coffee,2,100,30.00,170.00,App Wallet,
T002357,2026-01-15 08:57,B06,,,App,Coffee,2,100,0.00,200.00,App Wallet,
T002358,2026-01-15 10:09,B05,,,In-store,Merchandise,1,350,0.00,350.00,Credit Card,
T002359,2026-01-15 10:49,B05,M0153,Silver,In-store,Tea,3,50,30.00,120.00,Cash,4
T002360,2026-01-15 12:09,B02,M0144,Gold,App,Coffee,1,70,7.00,63.00,App Wallet,
T002361,2026-01-15 12:26,B07,,,In-store,Bakery,1,75,0.00,75.00,Cash,
T002362,2026-01-15 12:36,B08,M0164,Gold,Delivery,Bakery,2,65,0.00,130.00,QR PromptPay,
T002363,2026-01-15 12:48,B06,M0094,Silver,In-store,Coffee,1,115,0.00,115.00,Cash,
T002364,2026-01-15 12:53,B04,M0186,Platinum,In-store,Coffee,2,85,25.50,144.50,QR PromptPay,4
T002365,2026-01-15 13:41,B01,M0082,Gold,In-store,Bakery,3,105,0.00,315.00,QR PromptPay,
T002366,2026-01-15 13:42,B05,M0177,Bronze,In-store,Bakery,2,85,0.00,170.00,Cash,3
T002367,2026-01-15 15:12,B01,M0194,Bronze,App,Coffee,3,55,0.00,165.00,Credit Card,
T002368,2026-01-15 15:34,B08,,,delivery,Bakery,1,45,0.00,45.00,Cash,
T002369,2026-01-15 15:53,B02,M0308,Bronze,In-store,Bakery,1,95,0.00,95.00,Cash,
T002367,2026-01-15 15:54,B01,M0194,Bronze,App,Coffee,-3,55,-0.00,-165.00,Credit Card,
T002370,2026-01-15 17:17,B02,M0054,Silver,Delivery,Bakery,2,95,0.00,110.00,QR PromptPay,2
T002371,2026-01-15 18:30,B03,M9217,Silver,App,Tea,1,65,0.00,65.00,Credit Card,
T002372,2026-01-15 18:41,B04,M0304,Gold,Delivery,Coffee,2,55,0.00,110.00,QR PromptPay,5
T002373,2026-01-15 19:29,B04,M0323,Gold,Delivery,Bakery,1,105,0.00,105.00,Credit Card,4
T002374,2026-01-15 19:30,B02,M0288,Bronze,In-store,Coffee,2,75,15.00,135.00,Cash,
T002375,2026-01-16 07:09,B06,,,App,Coffee,1,65,0.00,65.00,Credit Card,4
T002376,2026-01-16 08:36,B04,M0090,Platinum,In-store,Coffee,1,90,13.50,76.50,Cash,
T002377,2026-01-16 08:48,B04,M0153,Silver,In-store,Tea,4,75,0.00,300.00,Cash,3
T002378,2026-01-16 09:04,B01,M0186,Platinum,App,Tea,4,65,13.00,247.00,Credit Card,
T002379,2026-01-16 10:15,B04,M0187,Silver,Delivery,Coffee,1,115,11.50,103.50,QR PromptPay,5
T002380,2026-01-16 10:18,B05,M0233,Silver,App,Coffee,1,100,0.00,100.00,Credit Card,
T002381,2026-01-16 10:30,B01,M0253,Silver,Delivery,Bakery,3,100,0.00,300.00,Cash,
T002382,2026-01-16 12:44,B01,M0102,Bronze,In-store,Coffee,1,105,0.00,105.00,QR PromptPay,5
T002383,2026-01-16 12:47,B07,M0079,Silver,App,Tea,2,65,19.50,110.50,Credit Card,
T002384,2026-01-16 12:50,B03,M0138,Silver,In-store,Coffee,1,90,0.00,90.00,Credit Card,
T002385,2026-01-16 12:52,B03,M0175,Silver,In-store,Coffee,2,60,0.00,120.00,Credit Card,3
T002386,2026-01-16 12:58,B06,M0305,Silver,In-store,Tea,4,95,0.00,380.00,Cash,
T002387,2026-01-16 13:23,B08,M0194,Bronze,App,Bakery,1,50,0.00,50.00,App Wallet,5
T002388,2026-01-16 16:52,B07,M0079,Silver,In-store,Bakery,4,70,0.00,280.00,QR PromptPay,
T002389,2026-01-16 17:13,B04,,,Delivery,Bakery,1,90,0.00,90.00,QR PromptPay,
T002390,2026-01-16 18:21,B01,M0082,Gold,In-store,Coffee,1,90,0.00,90.00,Cash,
T002391,2026-01-17 07:02,B02,M0255,Bronze,In-store,Coffee,1,65 THB,13.00,52.00,Cash,
T002392,2026-01-17 07:51,B06,M0170,Bronze,In-store,Coffee,2,120,0.00,240.00,QR PromptPay,
T002393,2026-01-17 08:07,B07,,,In-store,Coffee,4,90,0.00,360.00,Cash,
T002394,2026-01-17 08:24,B05,M0083,Gold,Delivery,Bakery,1,65,0.00,65.00,Cash,3
T002395,2026-01-17 08:25,B05,M0038,Bronze,In-store,Coffee,1,110,0.00,110.00,QR PromptPay,4
T002396,2026-01-17 08:34,B01,M0294,Bronze,delivery,Bakery,2,75,0.00,150.00,Credit Card,
T002397,2026-01-17 09:10,B06,M0242,Bronze,In-store,Coffee,0,75,0.00,0.00,QR PromptPay,
T002398,2026-01-17 10:42,B03,M0328,Bronze,Delivery,Coffee,3,100,0.00,300.00,QR PromptPay,3
T002399,2026-01-17 12:39,B02,M0160,Bronze,In-store,Bakery,2,70,21.00,119.00,Credit Card,5
T002400,2026-01-17 12:47,B04,M0315,Platinum,In-store,Coffee,1,75,3.75,71.25,Cash,
T002401,2026-01-17 12:53,B06,M0031,Silver,In-store,Bakery,1,70,3.50,66.50,Credit Card,5
T002401,2026-01-17 12:53,B06,M0031,Silver,In-store,Bakery,1,70,3.50,66.50,Credit Card,5
T002402,2026-01-17 13:02,B04,M0181,Bronze,In-store,Tea,1,80,0.00,80.00,Cash,
T002403,2026-01-17 13:40,B03,M0272,Silver,In-store,Bakery,2,75,7.50,142.50,Cash,
T002404,2026-01-17 13:53,B02,,,App,Coffee,1,95,0.00,95.00,Credit Card,
T002405,2026-01-17 13:54,B04,M0320,Silver,In-store,Merchandise,1,790,0.00,790.00,QR PromptPay,
T002406,2026-01-17 14:12,B05,,,App,Bakery,1,45,0.00,45.00,Credit Card,5
T002407,2026-01-17 15:34,B01,,,In-store,Tea,1,95,0.00,95.00,QR PromptPay,
T002408,2026-01-17 16:00,B04,,,Delivery,Tea,1,80,0.00,80.00,Credit Card,3
T002409,2026-01-17 16:10,B05,M0227,Bronze,In-store,Coffee,2,60,12.00,108.00,Credit Card,3
T002410,2026-01-17 16:44,B01,,,In-store,Tea,1,50,0.00,50.00,Credit Card,
T002411,2026-01-17 18:25,B08,M0187,Silver,In-store,Coffee,2,85,0.00,170.00,Credit Card,
T002412,2026-01-17 19:42,B01,M0097,Bronze,App,Bakery,4,75,0.00,300.00,App Wallet,
T002412,2026-01-17 19:42,B01,M0097,Bronze,App,Bakery,4,75,0.00,300.00,App Wallet,
T002413,2026-01-18 07:16,B02,M0160,Bronze,In-store,Coffee,1,110,0.00,110.00,QR PromptPay,
T002414,2026-01-18 08:01,B04,M0037,Bronze,In-store,Coffee,1,95,0.00,95.00,Credit Card,
T002415,2026-01-18 08:34,B01,M0113,Silver,In-store,Coffee,1,70,0.00,70.00,QR PromptPay,
T002416,2026-01-18 10:09,B06,M0042,Gold,In-store,Merchandise,1,370,37.00,333.00,Cash,3
T002417,2026-01-18 11:09,B04,M0315,Plat.,App,Bakery,2,100 THB,40.00,160.00,App Wallet,3
T002418,2026-01-18 11:54,B07,,,App,Bakery,1,110,0.00,110.00,Credit Card,
T002419,2026-01-18 12:01,B08,,,App,Tea,1,50,0.00,50.00,App Wallet,
T002420,2026-01-18 12:18,B03,M0177,Bronze,In-store,Coffee,3,65,0.00,195.00,Cash,
T002421,2026-01-18 12:59,B03,M0249,Silver,In-store,Coffee,1,120,24.00,96.00,Credit Card,
T002422,2026-01-18 13:11,B02,M0054,silver,In-store,Bakery,2,110,33.00,187.00,QR PromptPay,
T002423,2026-01-18 13:35,B01,M0099,Silver,In-store,Tea,1,55,0.00,55.00,QR PromptPay,
T002424,2026-01-18 13:48,B08,,,Delivery,Merchandise,2,715,0.00,1420.00,QR PromptPay,5
T002425,2026-01-18 16:29,B07,,,In-store,Coffee,1,105,0.00,105.00,QR PromptPay,5
T002426,2026-01-18 17:30,B01,,,Delivery,Tea,2,95,0.00,190.00,QR PromptPay,5
T002427,2026-01-18 19:01,B05,M0091,Bronze,In-store,Coffee,1,95,0.00,95.00,Credit Card,
T002428,2026-01-18 19:34,B08,,,In-store,Coffee,2,80,0.00,160.00,QR PromptPay,
T002429,2026-01-18 19:44,B04,M0217,Silver,Delivery,Coffee,4,65,0.00,260.00,Credit Card,5
T002430,2026-01-19 07:08,B04,,,In-store,Coffee,1,65,0.00,65.00,Cash,
T002431,2026-01-19 08:26,B07,M0049,Platinum,In-store,Tea,1,65,0.00,65.00,Credit Card,
T002432,2026-01-19 08:32,B06,M0094,Silver,in-store,Bakery,4,60,24.00,216.00,Credit Card,
T002433,2026-01-19 08:55,B08,M0039,Silver,Delivery,Bakery,1,70,0.00,70.00,QR PromptPay,
T002434,2026-01-19 09:13,B05,M0059,Bronze,In-store,Merchandise,2,265,0.00,530.00,QR PromptPay,4
T002435,2026-01-19 10:23,B01,,,In-store,Bakery,2,45,0.00,90.00,Cash,
T002436,2026-01-19 10:24,B02,M0284,Platinum,In store,Bakery,1,55,11.00,44.00,Credit Card,3
T002434,2026-01-19 10:42,B05,M0059,Bronze,In-store,Merchandise,-2,265,-0.00,-530.00,QR PromptPay,
T002437,2026-01-19 11:55,B06,M0170,Bronze,In-store,Coffee,2,105,0.00,210.00,QR PromptPay,
T002438,2026-01-19 12:00,B04,,,delivery,Tea,1,60,0.00,60.00,Cash,
T002439,2026-01-19 13:01,B07,M0042,Gold,In-store,Coffee,1,85,17.00,68.00,QR PromptPay,
T002440,2026-01-19 13:06,B02,,,In-store,Coffee,3,100,0.00,300.00,QR PromptPay,
T002441,2026-01-19 13:28,B08,M0212,Platinum,In-store,Coffee,2,75,15.00,135.00,Cash,3
T002442,2026-01-19 14:08,B08,M0328,Bronze,In-store,Coffee,2,70,0.00,140.00,Cash,
T002443,2026-01-19 14:08,B06,,,In-store,Coffee,1,85,0.00,85.00,Cash,4
T002444,2026-01-19 14:12,B05,M0091,Bronze,In-store,Bakery,2,95,19.00,171.00,Cash,4
T002445,2026-01-19 14:53,B03,,,In-store,Tea,2,95,0.00,190.00,Credit Card,
T002446,2026-01-19 17:37,B08,M0006,Gold,App,Bakery,2,50,0.00,100.00,App Wallet,4
T002447,2026-01-19 17:38,B03,,,In-store,Coffee,1,80,0.00,80.00,QR PromptPay,
T002448,2026-01-19 18:36,B05,M0133,Bronze,Mobile App,Bakery,1,90,0.00,90.00,Credit Card,
T002449,2026-01-19 19:05,B05,M9403,Silver,App,Coffee,1,60,0.00,60.00,App Wallet,3
T002450,2026-01-19 19:06,B05,,,In-store,Bakery,1,95,0.00,95.00,QR PromptPay,
T002451,2026-01-20 08:10,B08,M0164,Gold,In-store,Coffee,3,65,39.00,156.00,QR PromptPay,
T002451,2026-01-20 08:10,B08,M0164,Gold,In-store,Coffee,3,65,39.00,156.00,QR PromptPay,
T002452,2026-01-20 08:18,B04,M0328,Bronze,In-store,Coffee,2,70,0.00,140.00,Cash,
T002453,2026-01-20 08:39,B03,M0027,Bronze,App,Coffee,1,85,12.75,72.25,Credit Card,
T002454,2026-01-20 08:41,B08,M0212,Platinum,In-store,Tea,4,90,54.00,306.00,QR PromptPay,
T002455,2026-01-20 11:47,B03,,,In-store,Bakery,2,50,0.00,100.00,QR PromptPay,
T002456,2026-01-20 12:30,B06,M0134,Platinum,App,Tea,1,75,0.00,75.00,App Wallet,
T002457,2026-01-20 12:51,B04,M0086,Gold,App,Merchandise,3,305,137.25,777.75,App Wallet,5
T002458,2026-01-20 13:38,B03,M0312,Bronze,In-store,Coffee,1,55,0.00,55.00,QR PromptPay,4
T002459,2026-01-20 14:10,B05,,,In-store,Coffee,4,65,0.00,260.00,QR PromptPay,
T002460,2026-01-20 14:27,B02,M0288,Bronze,Instore,Coffee,1,105,10.50,94.50,Credit Card,
T002461,2026-01-20 14:30,B02,,,In-store,Coffee,1,120,0.00,120.00,Cash,
T002462,2026-01-20 14:30,B05,,,In-store,Coffee,1,110,0.00,110.00,QR PromptPay,
T002463,2026-01-20 15:01,B03,M0329,Bronze,In-store,Bakery,3,75,33.75,191.25,QR PromptPay,3
T002464,2026-01-20 16:05,B01,M0084,Silver,In-store,Coffee,1,110,0.00,110.00,Cash,
T002465,2026-01-20 16:23,B04,M0181,Bronze,In-store,Bakery,2,110,0.00,220.00,Cash,
T002466,2026-01-20 17:11,B03,M0175,Silver,Delivery,Coffee,3,100,0.00,300.00,QR PromptPay,4
T002467,2026-01-20 17:20,B05,M0158,Silver,Delivery,Tea,1,75,0.00,75.00,Credit Card,
T002468,2026-01-20 18:31,B06,,,App,Coffee,1,80,0.00,80.00,Credit Card,
T002469,2026-01-20 19:43,B04,M0308,Bronze,In-store,Coffee,4,115,0.00,460.00,QR PromptPay,5
T002470,2026-01-21 08:12,B07,M0028,Bronze,In-store,Merchandise,1,830,0.00,830.00,QR PromptPay,
T002471,2026-01-21 08:23,B01,M0262,Bronze,App,Bakery,1,60,0.00,60.00,Credit Card,
T002472,2026-01-21 08:35,B02,M0210,Bronze,In-store,Coffee,2,55,0.00,110.00,Cash,
T002473,2026-01-21 08:41,B05,M0083,Gold,In-store,Coffee,2,120,36.00,204.00,QR PromptPay,
T002474,2026-01-21 09:17, B04,,,In-store,Coffee,1,80,0.00,80.00,QR PromptPay,
T002475,2026-01-21 09:19,B03,M0107,Gold,Delivery,Coffee,3,55,0.00,165.00,Cash,4
T002476,2026-01-21 11:05,B03,M0149,Silver,In-store,Bakery,1,90,0.00,90.00,Credit Card,5
T002477,2026-01-21 11:24,B04,M0328,Bronze,In-store,Coffee,1,60,0.00,60.00,Cash,
T002478,2026-01-21 12:16,B08,M0164,Gold,In-store,Coffee,4,120,96.00,384.00,Cash,5
T002479,2026-01-21 12:29,B08,,,Delivery,Coffee,1,85,0.00,85.00,Credit Card,
T002480,2026-01-21 12:46,B03,M0272,Silver,App,Bakery,1,85,8.50,76.50,Credit Card,
T002480,2026-01-21 12:55,B03,M0272,Silver,App,Bakery,-1,85,-8.50,-76.50,Credit Card,
T002481,2026-01-21 13:03,B08,M0179,Platinum,In-store,Bakery,1,110,22.00,88.00,Credit Card,
T002482,2026-01-21 13:39,B05,,,In-store,Coffee,1,115,0.00,115.00,Cash,
T002483,2026-01-21 13:48,B03,,,In-store,Coffee,4,70,0.00,280.00,Cash,
T002484,2026-01-21 13:54,B03,,,in-store,Coffee,2,95,0.00,190.00,QR PromptPay,
T002485,2026-01-21 14:21,B08,M0212,Platinum,In-store,Coffee,1,115,0.00,115.00,QR PromptPay,
T002486,2026-01-21 14:43,B08,,,APP,Coffee,4,110,0.00,440.00,Credit Card,
T002487,2026-01-21 15:10,B06,M0175,Silver,In-store,Coffee,1,60,0.00,150.00,Credit Card,2
T002488,2026-01-21 16:30,B03,M0177,Bronze,In-store,Bakery,2,85,0.00,170.00,QR PromptPay,
T002489,2026-01-21 18:21,B06,M0049,Platinum,Delivery,Coffee,3,115,69.00,276.00,QR PromptPay,5
T002490,2026-01-21 19:21,B01,M0082,Gold,In-store,Bakery,1,65,0.00,65.00,Cash,
T002491,2026-01-21 19:56,B02,M0268,Silver,Delivery,Coffee,1,฿70.00,0.00,70.00,Credit Card,
T002492,2026-01-22 07:23,B03,M0272,Silver,In-store,Merchandise,1,625,0.00,625.00,QR PromptPay,2
T002493,2026-01-22 07:38,B06,M0049,Platinum,In-store,Coffee,1,85,0.00,85.00,QR PromptPay,5
T002494,2026-01-22 08:45,B05,M0024,Silver,App,Coffee,1,65,0.00,65.00,App Wallet,3
T002495,2026-01-22 08:59,B08,,,In-store,Bakery,4,105,0.00,420.00,Credit Card,
T002496,2026-01-22 09:58,B04,,,In-store,Coffee,1,95,0.00,95.00,Cash,4
T002497,2026-01-22 11:00,B05,M0281,Bronze,Delivery,Coffee,1,75,0.00,75.00,Credit Card,4
T002498,2026-01-22 11:10,B08,M0305,Silver,In-store,Coffee,2,110,0.00,220.00,Credit Card,
T002499,2026-01-22 12:05,B03,M0264,Platinum,In-store,Merchandise,1,555,0.00,555.00,QR PromptPay,
T002500,2026-01-22 12:24,B03,,,Delivery,Merchandise,2,835,0.00,1670.00,QR PromptPay,
T002501,2026-01-22 12:51,B03,,,App,Tea,1,85,0.00,85.00,App Wallet,
T002502,2026-01-22 12:59,B08,M0187,Silver,Delivery,Tea,1,80,0.00,80.00,Cash,
T002503,2026-01-22 13:03,B03,,,App,Bakery,2,75,0.00,150.00,App Wallet,
T002504,2026-01-22 13:06,B03,M0247,Bronze,In-store,Coffee,1,95,14.25,80.75,Credit Card,
T002505,2026-01-22 13:20,B02,,,In-store,Coffee,2,110,0.00,220.00,Credit Card,
T002506,2026-01-22 13:32,B04,,,In store,Bakery,1,60,0.00,60.00,Cash,5
T002507,2026-01-22 14:24,B01,M0181,Bronze,In-store,Tea,1,55,0.00,55.00,Credit Card,
T002508,2026-01-22 14:31,B07,,,In-store,Coffee,4,80,0.00,320.00,QR PromptPay,
T002509,2026-01-22 14:48,B01,M0113,Silver,In-store,Coffee,1,60,0.00,60.00,Cash,2
T002510,2026-01-22 15:21,B01,M0197,Silver,In-store,Coffee,1,110,0.00,110.00,QR PromptPay,
T002511,2026-01-22 15:25,B03,M0121,Silver,App,Coffee,1,90,0.00,90.00,Credit Card,
T002512,2026-01-22 16:23,B01,M0197,Silver,App,Tea,1,80,0.00,80.00,App Wallet,3
T002510,2026-01-22 16:27,B01,M0197,Silver,In-store,Coffee,-1,110,-0.00,-110.00,QR PromptPay,
T002513,2026-01-22 18:03,B02,M0325,Gold,App,Coffee,2,55,0.00,110.00,App Wallet,
T002514,2026-01-23 07:58,B02,M0011,Gold,In-store,Tea,1,95,0.00,95.00,QR PromptPay,5
T002515,2026-01-23 08:00,B08,M0328,Bronze,Delivery,Merchandise,1,575,0.00,575.00,QR PromptPay,
T002516,2026-01-23 08:03,B06,M0073,Gold,Delivery,Tea,1,60,0.00,60.00,Cash,
T002517,2026-01-23 08:46,B03,M0113,Silver,In-store,Bakery,2,45,0.00,90.00,QR PromptPay,2
T002518,2026-01-23 09:50,B3,,,In-store,Tea,4,95,0.00,380.00,QR PromptPay,
T002519,2026-01-23 11:07,B06,,,In store,Bakery,1,45,0.00,45.00,QR PromptPay,
T002520,2026-01-23 11:57,B04,M0323,Gold,Delivery,Coffee,1,75,3.75,71.25,QR PromptPay,
T002521,2026-01-23 12:04,B08,,,In-store,Bakery,1,55,0.00,55.00,QR PromptPay,
T002522,2026-01-23 12:31,B08,M0016,Bronze,In-store,Coffee,2,110,0.00,220.00,QR PromptPay,4
T002523,2026-01-23 12:52,B02,,,In-store,Coffee,1,100,0.00,100.00,QR PromptPay,
T002524,2026-01-23 13:10,B06,M0153,Silver,App,Tea,3,90,0.00,270.00,Credit Card,2
T002525,2026-01-23 13:27,B08,M0205,Silver,In-store,Coffee,3,115,0.00,345.00,QR PromptPay,
T002526,2026-01-23 13:29,B04,,,In-store,Tea,1,50,0.00,50.00,QR PromptPay,3
T002527,2026-01-23 14:53,B08,M0268,SILVER,In-store,Coffee,4,75,0.00,300.00,Credit Card,
T002528,2026-01-23 15:26,B01,,,In-store,Bakery,2,55,0.00,110.00,Credit Card,
T002529,2026-01-23 16:46,B02,M0276,Gold,App,Coffee,1,75,3.75,71.25,App Wallet,
T002530,2026-01-23 16:47,B01,M0176,Bronze,In-store,Bakery,1,100,0.00,100.00,Cash,4
T002531,2026-01-23 17:01,B06,M0212,Platinum,Delivery,Coffee,1,80,4.00,76.00,QR PromptPay,
T002532,2026-01-23 18:01,B03,M0121,Silver,App,Coffee,1,110,0.00,110.00,App Wallet,
T002533,2026-01-23 18:07,B08,M0268,Silver,In-store,Bakery,1,75,11.25,63.75,Cash,
T002534,2026-01-23 18:26,B03,M0085,Silver,In-store,Coffee,1,105,10.50,94.50,Cash,
T002535,2026-01-24 07:02,B08,M0212,Platinum,In-store,Bakery,2,65,0.00,130.00,Cash,
T002536,2026-01-24 07:04,B06,M0324,Gold,In-store,Coffee,4,110,0.00,440.00,QR PromptPay,5
T002537,2026-01-24 08:01,B06,M0191,Bronze,Delivery ,Coffee,4,95,0.00,380.00,QR PromptPay,5
T002538,2026-01-24 08:13,B02,,,Delivery,Coffee,2,105,0.00,210.00,Cash,
T002539,2026-01-24 08:32,B07,M0245,Gold,In-store,Bakery,4,45,36.00,144.00,QR PromptPay,4
T002540,2026-01-24 08:35,B08,,,In-store,Coffee,1,100,0.00,100.00,QR PromptPay,
T002541,2026-01-24 09:01,B03,,,In-store,Tea,1,70,0.00,70.00,QR PromptPay,4
T002542,2026-01-24 09:14,B03,,,Delivery,Coffee,2,80,0.00,160.00,Cash,
T002543,2026-01-24 09:59,B05,,,Delivery,Coffee,2,85,0.00,170.00,Credit Card,
T002544,2026-01-24 10:42,B07,M0017,bronze,In-store,Bakery,1,60,0.00,60.00,Credit Card,
T002545,2026-01-24 10:48,B07,M0273,Gold,In-store,Bakery,1,60,0.00,60.00,QR PromptPay,
T002546,2026-01-24 11:12,B08,,,In-store,Coffee,4,75,0.00,300.00,QR PromptPay,
T002547,2026-01-24 12:10,B04,M0186,platinum,In-store,Coffee,1,115,23.00,92.00,Cash,
T002548,2026-01-24 12:49,B03,M0206,Silver,In-store,Coffee,4,65,0.00,260.00,Credit Card,3
T002549,2026-01-24 12:53,B07,M0289,Bronze,In-store,Coffee,3,80,0.00,240.00,Cash,5
T002550,2026-01-24 12:54,B08,,,Delivery,Bakery,1,110,0.00,110.00,QR PromptPay,
T002551,2026-01-24 13:03,B01,,,In-store,Bakery,1,95,0.00,95.00,Credit Card,
T002552,2026-01-24 13:47,B02,,,In-store,Coffee,3,75,0.00,225.00,Cash,
T002553,2026-01-24 14:23,B03,M0312,Bronze,In-store,Coffee,1,100,0.00,100.00,QR PromptPay,
T002554,2026-01-24 14:41,B06,M0210,Bronze,In-store,Coffee,1,70,0.00,70.00,Credit Card,5
T002555,2026-01-24 15:04,B07,M0139,Bronze,In-store,Coffee,4,85,0.00,340.00,Cash,
T002556,2026-01-24 15:05,B06,M0039,Silver,In-store,Bakery,1,95,0.00,95.00,Credit Card,
T002557,2026-01-24 15:08,B05,M0188,Silver,App,Tea,2,95,9.50,180.50,Credit Card,
T002558,2026-01-24 16:18,B03,M0329,Bronze,App,Coffee,1,110,0.00,110.00,App Wallet,3
T002559,2026-01-24 16:36,B02,M0274,Gold,In-store,Tea,3,75,0.00,225.00,QR PromptPay,
T002560,2026-01-24 16:46,B01,,,In-store,Coffee,3,60,0.00,180.00,Cash,
T002561,2026-01-24 17:53, B03,,,In-store,Coffee,2,115,0.00,230.00,QR PromptPay,5
T002562,2026-01-24 18:42,B02,M0144,Gold,In-store,Bakery,1,55,2.75,52.25,QR PromptPay,
T002563,2026-01-24 19:04,B07,M0066,Silver,Delivery,Bakery,4,95,0.00,380.00,Credit Card,
T002564,2026-01-24 19:58,B03,M0188,Silver,App,Coffee,1,105,0.00,105.00,App Wallet,4
T002565,2026-01-25 08:16,B03,M9357,Bronze,App,Coffee,1,120,0.00,120.00,Credit Card,
T002566,2026-01-25 08:54,B04,M0181,Bronze,In-store,Coffee,1,75,0.00,75.00,Cash,5
T002567,2026-01-25 09:24,B08,M0164,Gold,In-store,Coffee,2,95,0.00,190.00,Cash,
T002568,2026-01-25 09:56,B08,M0160,Bronze,In-store,Coffee,3,60,18.00,162.00,Credit Card,
T002569,2026-01-25 11:30,B03,,,Delivery,Merchandise,1,890,0.00,890.00,Credit Card,
T002570,2026-01-25 11:36,B06,M0007,Silver,In-store,Merchandise,2,815,0.00,1630.00,QR PromptPay,5
T002571,2026-01-25 12:25,B08,M0164,Gold,In-store,Coffee,1,105,0.00,105.00,QR PromptPay,5
T002572,2026-01-25 13:47,B03,M0121,Silver,In-store,Coffee,1,75,3.75,71.25,QR PromptPay,2
T002573,2026-01-25 14:02,B03,M0121,Silver,In-store,Bakery,2,55,0.00,110.00,Cash,
T002573,2026-01-25 14:02,B03,M0121,Silver,In-store,Bakery,2,55,0.00,110.00,Cash,
T002574,2026-01-25 14:16,B03,M0312,Bronze,Delivery,Bakery,1,110,0.00,110.00,Credit Card,
T002575,2026-01-25 14:28,B01,M0197,Silver,App,Merchandise,1,495,0.00,495.00,Credit Card,
T002576,2026-01-25 15:03,B03,M0249,Silver,App,Coffee,1,55,5.50,49.50,App Wallet,
T002577,2026-01-25 16:00,B05,M0243,Bronze,In-store,Bakery,1,90,0.00,90.00,Cash,5
T002578,2026-01-25 16:04,B01,M0052,Bronze,Delivery,Bakery,4,65,0.00,260.00,QR PromptPay,
T002579,2026-01-25 16:41,B08,M0223,Bronze,Delivery,Coffee,1,55,0.00,55.00,QR PromptPay,3
T002580,2026-01-25 17:08,B06,M0181,Bronze,In-store,Tea,2,50,0.00,100.00,Cash,5
T002581,2026-01-25 17:24,B03,,,In-store,Tea,2,80,0.00,130.00,QR PromptPay,2
T002582,2026-01-25 17:27,B01,M0145,Silver,In-store,Merchandise,2,645,0.00,1290.00,QR PromptPay,
T002583,2026-01-25 18:08,B01,,,In-store,Tea,1,90,0.00,90.00,QR PromptPay,3
T002584,2026-01-25 18:14,B03,M0312,Bronze,In-store,Bakery,3,90,0.00,270.00,Credit Card,
T002585,2026-01-25 18:40,B05,M0281,Bronze,App,Bakery,1,85,0.00,85.00,Credit Card,5
T002586,2026-01-25 18:59,B01,M0060,BRONZE,In-store,Merchandise,1,740,0.00,740.00,QR PromptPay,5
T002587,2026-01-25 19:22,B05,M0200,Gold,App,Coffee,1,85,0.00,85.00,App Wallet,4
T002588,2026-01-26 08:13,B01,M0186,Platinum,in-store,Coffee,4,120,0.00,480.00,QR PromptPay,5
T002589,2026-01-26 08:13,B03,,,Delivery,Coffee,4,115,0.00,460.00,QR PromptPay,4
T002590,2026-01-26 08:40,B01,M0065,Gold,In-store,Bakery,1,100,0.00,100.00,Credit Card,
T002591,2026-01-26 10:29,B05,M0261,Bronze,In-store,Tea,2,90,0.00,180.00,Credit Card,3
T002592,2026-01-26 10:34,b07,M0139,Bronze,In-store,Coffee,1,100,0.00,100.00,QR PromptPay,5
T002593,2026-01-26 10:49,B01,,,In-store,Tea,1,60,0.00,60.00,Cash,4
T002594,2026-01-26 11:34,B03,M0097,Bronze,In-store,Merchandise,4,560,0.00,2240.00,Credit Card,
T002595,2026-01-26 12:11,B01,M0183,Bronze,In store,Coffee,1,65,0.00,65.00,QR PromptPay,3
T002596,2026-01-26 12:22,B04,M0304,Gold,In-store,Coffee,1,65,13.00,52.00,Credit Card,
T002597,2026-01-26 12:46,B08,M0039,Silver,App,Tea,1,95,0.00,95.00,Credit Card,
T002598,2026-01-26 12:58,B01,M0186,Platinum,Mobile App,Tea,1,95,9.50,85.50,Credit Card,
T002599,2026-01-26 13:13,B02,,,In-store,Bakery,1,55,0.00,55.00,QR PromptPay,3
T002600,2026-01-26 14:00,B08,M0212,Platinum,App,Coffee,3,65,19.50,175.50,App Wallet,
T002601,2026-01-26 14:06,B08,M0084,Silver,In-store,Tea,1,80,0.00,80.00,Cash,
T002602,2026-01-26 14:10,B06,,,In-store,Coffee,1,85,0.00,85.00,Cash,
T002603,2026-01-26 16:12,B08,M0258,Gold,Delivery,Coffee,4,70,0.00,280.00,QR PromptPay,5
T002604,2026-01-26 16:17,B06,M0094,Silver,In-store,Bakery,1,70,0.00,70.00,QR PromptPay,
T002605,2026-01-26 16:24,B06,M0007,Silver,App,Coffee,4,110,0.00,440.00,App Wallet,
T002606,2026-01-26 16:26,B04,,,In-store,Bakery,1,105,0.00,105.00,QR PromptPay,
T002607,2026-01-26 16:39,B07,M0222,Bronze,App,Coffee,1,85,0.00,85.00,App Wallet,5
T002608,2026-01-26 16:41,B03,M0112,Platinum,In-store,Coffee,1,120,24.00,96.00,Credit Card,
T002609,2026-01-26 17:29,B07,M9217,Gold,In-store,Bakery,1,105,5.25,99.75,QR PromptPay,
T002610,2026-01-26 17:57,B05,M0136,Bronze,Delivery,Merchandise,4,810,162.00,3078.00,Cash,
T002611,2026-01-26 18:24,B01,,,In-store,Coffee,1,75,0.00,75.00,Credit Card,
T002612,2026-01-26 19:01,B06,,,In-store,Tea,2,65,0.00,130.00,QR PromptPay,
T002613,2026-01-26 19:19,B01,M0029,Bronze,Delivery,Merchandise,1,490,0.00,490.00,Cash,
T002614,2026-01-27 07:09,B04,,,APP,Tea,3,80,0.00,240.00,Credit Card,
T002615,2026-01-27 07:27,B01,M0069,Silver,In-store,Merchandise,1,645,0.00,645.00,QR PromptPay,
T002616,2026-01-27 08:11,B08,M9823,Silver,In-store,Coffee,1,95,0.00,95.00,QR PromptPay,5
T002617,2026-01-27 08:23,B06,,,Delivery,Coffee,1,110,0.00,110.00,Cash,
T002618,2026-01-27 08:29,B05,M0088,Silver,In-store,Coffee,4,70,0.00,280.00,Credit Card,5
T002619,2026-01-27 08:30,B01,,,Delivery,Coffee,1,85,0.00,85.00,QR PromptPay,
T002620,2026-01-27 08:33,B07,M0017,Bronze,Delivery,Merchandise,4,705,0.00,2820.00,Credit Card,
T002621,2026-01-27 08:40,B06,,,App,Coffee,4,120,0.00,480.00,App Wallet,4
T002622,2026-01-27 08:41,B04,,,In-store,Merchandise,3,855,0.00,2565.00,Cash,
T002623,2026-01-27 09:16,B06,M0090,Platinum,In-store,Coffee,1,65,0.00,65.00,Credit Card,5
T002624,2026-01-27 10:02,B06,,,In-store,Bakery,1,60,0.00,60.00,Credit Card,4
T002625,2026-01-27 11:01,B03,,,App,Coffee,1,90,0.00,90.00,App Wallet,
T002626,2026-01-27 13:38,B01,,,App,Bakery,4,55,0.00,220.00,App Wallet,
T002627,2026-01-27 13:43,B02,M0063,Platinum,Delivery,Bakery,2,80,8.00,152.00,QR PromptPay,
T002628,2026-01-27 13:56,B03,M0027,Bronze,In-store,Coffee,3,90,0.00,270.00,QR PromptPay,
T002629,2026-01-27 15:50,B04,,,In-store,Coffee,1,95,0.00,95.00,Cash,
T002630,2026-01-27 15:51,B04,,,In-store,Tea,1,85,0.00,85.00,QR PromptPay,
T002631,2026-01-27 16:01,B05,,,In-store,Coffee,3,110,0.00,330.00,Credit Card,3
T002632,2026-01-27 16:31,B08,,,Delivery,Merchandise,1,310,0.00,310.00,Cash,4
T002633,2026-01-27 16:35,B05,,,In-store,Coffee,3,65,0.00,195.00,Cash,
T002634,2026-01-27 16:41,B05,M0324,Gold,In-store,Coffee,2,105,42.00,168.00,Cash,4
T002635,2026-01-27 16:57,B08,M0159,Silver,Delivery,Coffee,3,115,0.00,345.00,Cash,
T002636,2026-01-27 17:29,B07,M0245,gold,In-store,Bakery,4,60,0.00,240.00,QR PromptPay,
T002637,2026-01-27 17:29,B07,M0064,BRONZE,In-store,Merchandise,1,395,39.50,355.50,Credit Card,
T002638,2026-01-27 18:22,B01,M0062,Gold,In-store,Tea,1,50,0.00,50.00,QR PromptPay,
T002639,2026-01-27 18:37,B03,M0210,Bronze,In-store,Tea,2,65,0.00,130.00,QR PromptPay,
T002640,2026-01-27 18:49,B03,M0177,bronze,In-store,Merchandise,3,790,0.00,2370.00,Credit Card,5
T002641,2026-01-27 19:01,B01,M0168,Silver,In-store,Merchandise,1,860,0.00,860.00,Cash,4
T002639,2026-01-27 19:48,B03,M0210,Bronze,In-store,Tea,-2,65,-0.00,-130.00,QR PromptPay,
T002642,2026-01-27 19:51,B05,M0216,Gold,Instore,Merchandise,2,490,0.00,980.00,QR PromptPay,3
T002643,2026-01-28 07:22,B04,M0264,Platinum,In-store,Bakery,3,70,0.00,210.00,Credit Card,
T002644,2026-01-28 07:53,B06,M0328,Bronze,In-store,Tea,4,60,0.00,240.00,Credit Card,
T002645,2026-01-28 08:12,B06,M0242,Bronze,In-store,Coffee,1,100,0.00,100.00,QR PromptPay,
T002646,2026-01-28 08:23,B01,M0099,Silver,In-store,Coffee,1,60,9.00,51.00,Cash,
T002647,2026-01-28 09:09,B01,M0186,Platinum,In-store,Bakery,1,100,0.00,100.00,QR PromptPay,
T002648,2026-01-28 11:26,B05,M0091,Bronze,In-store,Coffee,2,70,0.00,140.00,Cash,
T002649,2026-01-28 11:37,B03,M0175,Silver,In-store,Coffee,3,65,0.00,195.00,Credit Card,
T002650,2026-01-28 12:00,B03,M0175,Silver,App,Tea,1,60,0.00,60.00,App Wallet,5
T002651,2026-01-28 12:25,B05,M0188,Silver,Delivery,Coffee,1,65,0.00,65.00,QR PromptPay,4
T002652,2026-01-28 13:23,B03,M0179,Platinum,In-store,Coffee,1,115,0.00,115.00,QR PromptPay,
T002653,2026-01-28 14:11,B01,M0029,Bronze,In-store,Merchandise,1,550,0.00,550.00,QR PromptPay,
T002654,2026-01-28 14:35,B02,M0121,Silver,In-store,Bakery,2,80,0.00,160.00,Cash,
T002655,2026-01-28 15:07,B07,,,In-store,Bakery,1,90,0.00,90.00,Credit Card,
T002656,2026-01-28 15:55,B05,,,App,Merchandise,1,725,0.00,725.00,App Wallet,
T002657,2026-01-28 15:56,B04,,,In-store,Tea,3,55,0.00,165.00,Cash,
T002658,2026-01-28 16:29,B05,,,In-store,Bakery,1,90,0.00,90.00,Credit Card,
T002659,2026-01-28 16:32,B05,M0178,Silver,In-store,Coffee,1,65,0.00,65.00,Cash,
T002660,2026-01-28 17:33,B03,M0101,Bronze,In-store,Coffee,1,75,7.50,67.50,QR PromptPay,3
T002661,2026-01-28 17:43,B06,M0079,Silver,In-store,Bakery,2,105,0.00,210.00,Cash,
T002662,2026-01-28 18:18,B02,,,In-store,Coffee,1,90,0.00,90.00,Credit Card,3
T002663,2026-01-28 19:16,B05,M0331,Gold,In-store,Coffee,2,65,19.50,110.50,Credit Card,4
T002664,2026-01-28 19:34,B03,M0031,SILVER,In-store,Bakery,4,65,0.00,260.00,Credit Card,4
T002665,2026-01-29 08:13,B01,,,Deliv.,Coffee,2,85,0.00,170.00,Credit Card,
T002666,2026-01-29 09:42,B07,M0225,Silver,Delivery,Bakery,1,75,0.00,75.00,QR PromptPay,5
T002667,2026-01-29 09:43,B05,,,App,Bakery,1,110,0.00,110.00,Credit Card,
T002668,2026-01-29 10:00,B01,M0052,Bronze,In-store,Coffee,1,75,0.00,75.00,Cash,3
T002669,2026-01-29 10:39,B04,M0212,Platinum,In-store,Tea,1,65,9.75,55.25,QR PromptPay,
T002670,2026-01-29 11:09,B06,M0007,Silver,In-store,Coffee,2,120,0.00,240.00,QR PromptPay,5
T002671,2026-01-29 12:38,B01,M0197,Silver,Delivery,Merchandise,3,500,0.00,1500.00,Credit Card,
T002672,2026-01-29 12:57,B06,M0282,Bronze,In-store,Tea,1,95,0.00,95.00,Cash,
T002673,2026-01-29 13:01,B04,M0018,Bronze,App,Tea,4,60,0.00,240.00,App Wallet,4
T002674,2026-01-29 13:14,B04,M0320,Silver,In-store,Coffee,1,55,0.00,55.00,Cash,3
T002675,2026-01-29 13:20,B04,M0090,platinum,In-store,Bakery,1,110,0.00,110.00,Cash,
T002676,2026-01-29 13:46,B05,M0331,Gold,Mobile App,Coffee,4,60,0.00,240.00,App Wallet,
T002677,2026-01-29 13:58,B05,,,App,Tea,4,55,0.00,220.00,App Wallet,
T002678,2026-01-29 14:50,B02,,,In-store,Coffee,1,70,0.00,70.00,Credit Card,
T002679,2026-01-29 15:13,B07,M0218,Bronze,In-store,Tea,1,75,11.25,63.75,Cash,3
T002680,2026-01-29 16:21,B06,,,App,Coffee,1,105,0.00,105.00,App Wallet,
T002681,2026-01-29 19:27,B02,M0160,Bronze,In-store,Bakery,1,45,0.00,45.00,QR PromptPay,
T002682,2026-01-30 07:28,B07,,,In-store,Coffee,2,85,0.00,170.00,QR PromptPay,
T002683,2026-01-30 08:07,B01,M0197,Silver,In-store,Coffee,2,100,0.00,200.00,QR PromptPay,
T002684,2026-01-30 08:37,B01,,,In-store,Coffee,2,65,0.00,130.00,Cash,
T002685,2026-01-30 08:47,B03,M0031,Silver,Delivery,Coffee,3,115,0.00,345.00,QR PromptPay,4
T002686,2026-01-30 08:57,B04,M0108,Gold,App,Tea,1,65,0.00,65.00,Credit Card,
T002687,2026-01-30 11:40,B08,M0039,Silver,Instore,Bakery,2,60,0.00,130.00,Credit Card,5
T002688,2026-01-30 12:49,B03,,,App,Coffee,2,120,0.00,240.00,App Wallet,
T002689,2026-01-30 13:32,B04,M0256,Silver,Delivery,Coffee,2,100,0.00,200.00,Credit Card,5
T002690,2026-01-30 15:00,B05,M0165,Bronze,In-store,Coffee,1,110,0.00,110.00,Cash,
T002690,2026-01-30 15:00,B05,M0165,Bronze,In-store,Coffee,1,110,0.00,110.00,Cash,
T002691,2026-01-30 15:12,B03,M0312,Bronze,In-store,Merchandise,1,635,0.00,635.00,Cash,
T002692,2026-01-30 15:24,B08,M0164,Gold,App,Coffee,1,55,0.00,55.00,Credit Card,
T002693,2026-01-30 16:39,B02,,,In-store,Coffee,3,115,0.00,345.00,Credit Card,
T002694,2026-01-30 17:15,B04,,,In-store,Coffee,4,115,0.00,460.00,QR PromptPay,3
T002695,2026-01-30 17:35,B01,,,Delivery,Bakery,2,110,0.00,220.00,Credit Card,
T002696,2026-01-30 18:30,B03,M0085,Silver,App,Merchandise,1,710,0.00,710.00,Credit Card,
T002697,2026-01-31 07:26,B05,,,In-store,Bakery,2,105,0.00,210.00,Credit Card,5
T002698,2026-01-31 07:36,B01,,,Delivery,Coffee,1,75,0.00,75.00,QR PromptPay,
T002699,2026-01-31 07:48,B08,,,In-store,Coffee,3,75,0.00,225.00,QR PromptPay,
T002700,2026-01-31 08:11,B04,M0315,Plat.,In-store,Coffee,3,120,36.00,324.00,Cash,
T002701,2026-01-31 08:44,B03,,,App,Coffee,3,105,0.00,315.00,Credit Card,
T002702,2026-01-31 08:46,B08,,,In-store,Tea,3,80,0.00,240.00,Credit Card,
T002703,2026-01-31 09:43,B07,M0245,Gold,Delivery,Coffee,4,70,14.00,266.00,QR PromptPay,
T002704,2026-01-31 10:23,B05,M0321,Bronze,Delivery,Coffee,3,85,0.00,255.00,QR PromptPay,3
T002705,2026-01-31 10:47,B08,M0328,Bronze,App,Coffee,1,115,5.75,109.25,Credit Card,
T002706,2026-01-31 11:06,B01,,,In-store,Tea,1,55,0.00,55.00,QR PromptPay,3
T002707,2026-01-31 11:46,B02,M0006,Gold,In-store,Coffee,2,55,0.00,110.00,QR PromptPay,
T002708,2026-01-31 12:13,B07,M0128,Bronze,App,Coffee,1,110,0.00,110.00,App Wallet,5
T002709,2026-01-31 12:14,B02,M0286,Gold,In-store,Tea,2,65,0.00,80.00,Cash,3
T002710,2026-01-31 12:24,B08,M0153,Silver,Delivery ,Coffee,1,115,0.00,115.00,Credit Card,
T002711,2026-01-31 12:34,B04,M0045,Bronze,App,Coffee,4,55,0.00,220.00,App Wallet,
T002712,2026-01-31 13:07,B07,M0198,Bronze,In-store,Coffee,1,55,0.00,55.00,Cash,
T002713,2026-01-31 13:07,B04,M0179,platinum,In-store,Coffee,1,65,6.50,58.50,Cash,
T002714,2026-01-31 13:27,B04,M0323,Gold,In-store,Coffee,4,120,0.00,480.00,QR PromptPay,4
T002715,2026-01-31 13:56,B02,M0200,Gold,In-store,Coffee,1,80,12.00,68.00,Credit Card,5
T002716,2026-01-31 14:09,B08,,,App,Coffee,1,85,0.00,85.00,App Wallet,
T002717,2026-01-31 14:29,B02,M9403,Gold,In-store,Coffee,2,100,10.00,190.00,Cash,
T002718,2026-01-31 14:48,B05,M0077,Silver,In-store,Coffee,1,105,15.75,89.25,Credit Card,2
T002719,2026-01-31 16:06,B03,,,In-store,Coffee,3,55,0.00,165.00,Cash,
T002720,2026-01-31 16:43,B05,M0091,Bronze,App,Tea,4,95,0.00,380.00,Credit Card,
T002721,2026-01-31 17:08,B05,M0227,Bronze,In-store,Bakery,1,95,4.75,90.25,QR PromptPay,4
T002722,2026-01-31 17:22,B03,M0101,Bronze,App,Coffee,2,55,0.00,110.00,Credit Card,4
T002723,2026-01-31 17:41,B07,,,Delivery,Tea,1,90,0.00,90.00,Cash,
T002724,2026-01-31 17:50,B02,,,App,Coffee,2,70,0.00,140.00,App Wallet,3
T002725,2026-01-31 18:26,B02,,,Delivery,Coffee,1,60,0.00,60.00,Cash,
T002726,2026-01-31 18:26,B05,,,App,Bakery,2,85,0.00,170.00,App Wallet,
T002727,2026-02-01 10:07,B05,,,In-store,Tea,2,70,0.00,140.00,Cash,
T002728,2026-02-01 10:40,B06,M0212,Platinum,Delivery,Coffee,4,60,0.00,280.00,Credit Card,
T002729,2026-02-01 11:38,B01,M0186,Platinum,Delivery,Coffee,2,85,17.00,153.00,Credit Card,
T002730,2026-02-01 11:50,B01,,,Instore,Coffee,2,90,0.00,180.00,Credit Card,
T002731,2026-02-01 12:01,B03,M0249,Silver,Delivery,Coffee,4,90,0.00,360.00,Cash,
T002732,2026-02-01 12:16,B07,M0160,Bronze,App,Bakery,3,85,0.00,255.00,Credit Card,4
T002733,2026-02-01 12:24,B03,M0247,Bronze,in-store,Coffee,1,100,0.00,100.00,Credit Card,3
T002734,2026-02-01 12:40,B01,M0156,Bronze,In-store,Coffee,2,105,0.00,210.00,QR PromptPay,
T002735,2026-02-01 12:40,B03,M0268,Silver,In-store,Merchandise,1,680,136.00,544.00,Cash,4
T002735,2026-02-01 13:00,B03,M0268,Silver,In-store,Merchandise,-1,680,-136.00,-544.00,Cash,
T002736,2026-02-01 14:10,B03,,,App,Coffee,1,90,0.00,90.00,Credit Card,
T002737,2026-02-01 15:07,B04,,,In-store,Coffee,1,฿70,0.00,70.00,Cash,5
T002738,2026-02-01 18:00,B01,M0197,Silver,App,Merchandise,2,770,0.00,1540.00,App Wallet,
T002739,2026-02-01 18:23,B01,,,app,Coffee,1,75,0.00,75.00,Credit Card,4
T002740,2026-02-02 08:06,B06,M0129,Silver,In-store,Coffee,1,100,0.00,100.00,QR PromptPay,
T002741,2026-02-02 08:32,B04,M0217,Silver,In-store,Bakery,4,45,0.00,230.00,QR PromptPay,
T002742,2026-02-02 09:19,B03,M0247,Bronze,Delivery,Coffee,1,55,0.00,55.00,Cash,
T002743,2026-02-02 09:57,B05,M0227,Bronze,In store,Coffee,2,80,0.00,160.00,Cash,
T002743,2026-02-02 09:57,B05,M0227,Bronze,In store,Coffee,2,80,0.00,160.00,Cash,
T002744,2026-02-02 11:46,B07,M9357,Bronze,In-store,Tea,2,60,0.00,120.00,Cash,
T002745,2026-02-02 12:35,B05,M0331,Gold,In-store,Coffee,1,85,4.25,80.75,QR PromptPay,
T002746,2026-02-02 12:47,B06,,,Delivery,Bakery,4,110,0.00,440.00,Cash,
T002747,2026-02-02 13:19,B01,M0183,Bronze,In-store,Bakery,1,80,16.00,64.00,QR PromptPay,
T002748,2026-02-02 14:41,B02,M0155,Platinum,App,Coffee,1,90,18.00,72.00,App Wallet,
T002749,2026-02-02 14:52,B04,,,App,Coffee,4,80,0.00,320.00,App Wallet,5
T002749,2026-02-02 14:52,B04,,,App,Coffee,4,80,0.00,320.00,App Wallet,5
T002750,2026-02-02 15:10,B05,,,App,Bakery,1,60,0.00,60.00,App Wallet,3
T002751,2026-02-02 15:55,B05,M0158,Silver,In-store,Coffee,4,120,0.00,480.00,Cash,
T002752,2026-02-02 16:39,B06,,,App,Coffee,4,115,0.00,460.00,Credit Card,
T002753,2026-02-02 16:53,B08,M0142,Bronze,App,Coffee,1,60,0.00,60.00,App Wallet,
T002754,2026-02-02 18:06,B07,M0273,Gold,In-store,Coffee,4,105,0.00,420.00,QR PromptPay,
T002755,2026-02-02 19:15,B04,M0179,Platinum,In-store,Bakery,1,50,2.50,47.50,QR PromptPay,
T002756,2026-02-02 19:49,B03,,,In-store,Coffee,1,85,0.00,85.00,QR PromptPay,
T002755,2026-02-02 19:59,B04,M0179,Platinum,In-store,Bakery,-1,50,-2.50,-47.50,QR PromptPay,
T002757,2026-02-03 08:04,B06,M0007,Silver,In-store,Coffee,2,120,0.00,240.00,Cash,
T002758,2026-02-03 08:36,B03,M0175,Silver,Delivery,Coffee,2,105,0.00,210.00,Cash,3
T002759,2026-02-03 08:36,B02,M0203,Bronze,Delivery,Merchandise,1,810,0.00,810.00,QR PromptPay,2
T002760,2026-02-03 11:49,B06,,,In-store,Coffee,1,110,0.00,110.00,QR PromptPay,
T002761,2026-02-03 12:00,B08,M9357,Silver,In-store,Bakery,4,110,0.00,440.00,Credit Card,
T002762,2026-02-03 12:45,B07,M9357,Bronze,In-store,Tea,1,50,0.00,50.00,QR PromptPay,
T002763,2026-02-03 13:08,B03,,,In-store,Coffee,1,85,0.00,85.00,QR PromptPay,
T002764,2026-02-03 13:26,B02,M0078,Bronze,In-store,Tea,2,60,0.00,120.00,Cash,5
T002765,2026-02-03 13:36,B01,M0100,Bronze,Delivery,Coffee,1,60,0.00,60.00,Cash,
T002766,2026-02-03 14:34,B03,M0239,Bronze,In-store,Merchandise,1,635,0.00,635.00,QR PromptPay,
T002767,2026-02-03 14:48,B08,,,In-store,Tea,4,75,0.00,300.00,Credit Card,
T002768,2026-02-03 15:52,B02,M0325,Gold,In-store,Coffee,2,55,0.00,110.00,QR PromptPay,
T002769,2026-02-03 16:05,B07,,,In-store,Tea,1,90,0.00,90.00,Credit Card,3
T002770,2026-02-03 16:11,B05,,,In-store,Coffee,1,110,0.00,110.00,QR PromptPay,3
T002771,2026-02-03 16:33,B06,M0042,Gold,In-store,Bakery,1,70,0.00,70.00,QR PromptPay,
T002772,2026-02-03 16:34,B05,M0233,Silver,App,Coffee,2,60,0.00,120.00,Credit Card,4
T002773,2026-02-03 17:02,B02,,,App,Bakery,1,75,0.00,75.00,Credit Card,
T002774,2026-02-03 17:11,B02,,,In-store,Coffee,1,75,0.00,75.00,QR PromptPay,
T002775,2026-02-03 17:23,B07,M0032,Silver,In-store,Bakery,1,105,0.00,105.00,QR PromptPay,
T002776,2026-02-03 17:53,B06,,,App,Coffee,3,85,0.00,255.00,App Wallet,
T002777,2026-02-03 18:28,B06,,,In-store,Coffee,1,120,0.00,120.00,Credit Card,
T002778,2026-02-03 19:36,B01,M0186,Platinum,In-store,Coffee,3,75,45.00,180.00,Cash,
T002779,2026-02-03 19:53,B01,M0251,Bronze,In-store,Coffee,1,55,0.00,55.00,Credit Card,
T002778,2026-02-03 19:59,B01,M0186,Platinum,In-store,Coffee,-3,75,-45.00,-180.00,Cash,
T002780,2026-02-04 07:23,B08,M0328,Bronze,In-store,Coffee,3,65,0.00,195.00,Cash,
T002781,2026-02-04 08:00,B06,,,In-store,Coffee,1,100,0.00,100.00,Cash,5
T002782,2026-02-04 08:21,B08,,,In-store,Coffee,2,55,0.00,110.00,Cash,5
T002783,2026-02-04 08:47,B03,M0101,Bronze,App,Bakery,2,110,0.00,220.00,Credit Card,
T002784,2026-02-04 08:49,B04,M0153,Silver,In-store,Coffee,1,95,0.00,95.00,QR PromptPay,4
T002785,2026-02-04 10:41,B06,,,In-store,Coffee,2,115,0.00,230.00,Cash,4
T002786,2026-02-04 11:25,B01,M0060,Bronze,in-store,Merchandise,2,820,0.00,1640.00,Credit Card,5
T002787,2026-02-04 11:35,B02,M0276,Gold,In-store,Coffee,2,70,0.00,140.00,QR PromptPay,5
T002787,2026-02-04 11:35,B02,M0276,Gold,In-store,Coffee,2,70,0.00,140.00,QR PromptPay,5
T002788,2026-02-04 12:12,B01,M0060,Bronze,In-store,Coffee,3,55,0.00,165.00,QR PromptPay,
T002789,2026-02-04 13:06,B05,M0178,Silver,In-store,Merchandise,3,710,0.00,2130.00,Cash,3
T002790,2026-02-04 14:20,B05,M0083,Gold,App,Coffee,2,115,0.00,230.00,Credit Card,
T002791,2026-02-04 14:41,B02,,,App,Coffee,2,90,0.00,180.00,Credit Card,
T002792,2026-02-04 15:13,B04,M0143,Bronze,In-store,Coffee,3,90,0.00,270.00,Cash,
T002793,2026-02-04 15:22,B01,M0235,Silver,APP,Coffee,2,105,31.50,178.50,App Wallet,
T002794,2026-02-04 15:38,B02,M0259,Silver,App,Tea,2,70,0.00,140.00,Credit Card,5
T002795,2026-02-04 16:00,B04,M0007,Silver,In-store,Coffee,3,95,0.00,285.00,Credit Card,
T002796,2026-02-04 16:37,B03,M0177,Bronze,In-store,Bakery,4,100,0.00,400.00,Cash,
T002797,2026-02-04 17:58,B03,M0295,Brz,Delivery,Coffee,1,85,0.00,85.00,QR PromptPay,5
T002798,2026-02-04 19:04,B01,M0102,Bronze,App,Coffee,1,120,0.00,120.00,App Wallet,
T002799,2026-02-04 19:14,B05,M0083,Gold,App,Coffee,1,95,0.00,95.00,Credit Card,
T002800,2026-02-05 07:21,B07,M0261,Bronze,In-store,Bakery,3,95,14.25,270.75,QR PromptPay,
T002801,2026-02-05 07:28,B06,,,App,Tea,3,80,0.00,240.00,App Wallet,3
T002802,2026-02-05 08:03,B05,M0178,Silver,In-store,Coffee,2,80,0.00,160.00,Credit Card,
T002803,2026-02-05 08:06,B03,,,In-store,Coffee,1,95,0.00,95.00,Cash,5
T002804,2026-02-05 08:16,B03,M0175,Silver,Delivery,Tea,2,70,0.00,140.00,Cash,4
T002805,2026-02-05 08:16,B03,,,In-store,Coffee,4,85,0.00,340.00,QR PromptPay,4
T002806,2026-02-05 08:55,B04,,,App,Coffee,1,110,0.00,110.00,App Wallet,
T002807,2026-02-05 10:57,B05,M0331,Gold,Delivery,Coffee,1,100,0.00,100.00,QR PromptPay,
T002808,2026-02-05 11:24,B08,M0212,Platinum,In-store,Tea,4,90,0.00,360.00,QR PromptPay,3
T002808,2026-02-05 11:24,B08,M0212,Platinum,In-store,Tea,4,90,0.00,360.00,QR PromptPay,3
T002809,2026-02-05 11:54,B06,,,In-store,Coffee,2,100,0.00,200.00,Cash,
T002810,2026-02-05 12:00,B08,,,app,Tea,2,55,0.00,110.00,App Wallet,
T002811,2026-02-05 12:05,B05,M0178,Silver,Delivery,Bakery,1,85,0.00,85.00,QR PromptPay,
T002812,2026-02-05 12:18,B03,,,App,Tea,1,65,0.00,65.00,Credit Card,
T002813,2026-02-05 12:19,B07,M0265,Bronze,App,Coffee,2,115,0.00,230.00,Credit Card,
T002814,2026-02-05 12:39,B03,M0239,Bronze,In-store,Coffee,2,105,10.50,199.50,Cash,
T002815,2026-02-05 13:18,B03,M0110,Silver,Delivery ,Coffee,1,115,0.00,115.00,Cash,3
T002816,2026-02-05 13:22,B05,M0090,Platinum,App,Coffee,2,105,0.00,210.00,App Wallet,4
T002817,2026-02-05 14:22,B05,,,In-store,Tea,1,55,0.00,55.00,Credit Card,
T002818,2026-02-05 15:26,B03,M0101,Bronze,Delivery,Tea,1,95,0.00,95.00,Credit Card,3
T002819,2026-02-05 15:59,B06,M0088,Silver,App,Coffee,4,120,0.00,480.00,App Wallet,
T002820,2026-02-05 16:07,B05,M0025,Bronze,In-store,Tea,2,70,0.00,140.00,QR PromptPay,
T002821,2026-02-05 18:02,B01,M0102,Bronze,In-store,Coffee,1,85,0.00,85.00,Cash,
T002822,2026-02-05 18:41,B04,M0326,Bronze,In-store,Coffee,1,110,0.00,110.00,QR PromptPay,4
T002823,2026-02-05 18:52,B03,,,In-store,Coffee,2,75,0.00,150.00,Cash,3
T002824,2026-02-05 19:05,B08,M0016,Bronze,APP,Coffee,1,75,113.75,-38.75,Credit Card,
T002825,2026-02-05 19:27,B06,M0246,bronze,In-store,Tea,1,85,0.00,85.00,Cash,
T002826,2026-02-05 19:55,B04,M0144,Gold,Delivery,Tea,4,75,0.00,300.00,Credit Card,
T002827,2026-02-06 07:14,B07,,,App,Tea,1,75,0.00,75.00,Credit Card,
T002828,2026-02-06 08:13,B08,M0212,Platinum,Delivery,Coffee,3,105,15.75,299.25,Cash,4
T002829,2026-02-06 08:35,B01,M0099,Silver,In-store,Coffee,2,105,0.00,210.00,QR PromptPay,
T002830,2026-02-06 08:51,B03,,,Delivery,Bakery,3,65,0.00,195.00,Cash,4
T002831,2026-02-06 08:51,B07,M0053,Bronze,App,Coffee,1,65,0.00,65.00,Credit Card,
T002832,2026-02-06 09:11,B08,,,Delivery,Coffee,1,85,0.00,85.00,QR PromptPay,4
T002833,2026-02-06 11:42,B03,M0239,Bronze,app,Bakery,1,65,0.00,65.00,App Wallet,
T002834,2026-02-06 12:04,B08,M0159,Silver,Delivery,Coffee,1,75,3.75,71.25,QR PromptPay,3
T002835,2026-02-06 12:26,B08,,,In-store,Bakery,3,55,0.00,165.00,QR PromptPay,5
T002836,2026-02-06 12:35,B05,M9826,Silver,In-store,Coffee,4,95,57.00,323.00,Cash,
T002837,2026-02-06 12:55,B04,M0153,Silver,App,Tea,1,85,0.00,85.00,App Wallet,5
T002838,2026-02-06 13:05,B05,M0077,Silver,App,Coffee,2,100,30.00,170.00,Credit Card,2
T002839,2026-02-06 13:08,B02,M0200,Gold,Delivery,Tea,1,70,0.00,70.00,Cash,4
T002840,2026-02-06 13:23,B01,M0186,Platinum,In-store,Tea,2,70,28.00,112.00,Cash,
T002841,2026-02-06 13:34,B01,M0197,Silver,In-store,Bakery,2,95,38.00,152.00,Cash,3
T002842,2026-02-06 13:37,B04,M0313,Bronze,In-store,Coffee,1,95,0.00,95.00,QR PromptPay,
T002843,2026-02-06 14:00,B07,,,In-store,Bakery,1,110,0.00,110.00,QR PromptPay,
T002844,2026-02-06 14:23,B04,M0206,Silver,In-store,Merchandise,1,505,0.00,505.00,Cash,
T002845,2026-02-06 14:29,B06,M0232,BRONZE,App,Bakery,1,110,0.00,110.00,App Wallet,
T002846,2026-02-06 15:39,B06,,,App,Coffee,3,75,0.00,225.00,App Wallet,
T002847,2026-02-06 15:50,B04,M0278,Bronze,In-store,Bakery,4,70,0.00,280.00,Credit Card,
T002848,2026-02-06 15:51,B02,,,In-store,Coffee,1,85,0.00,85.00,Cash,
T002849,2026-02-06 16:28,B07,M0032,Silver,App,Bakery,1,85,0.00,85.00,App Wallet,
T002850,2026-02-06 16:39,B04,M0217,Silver,App,Merchandise,3,300,0.00,900.00,App Wallet,
T002851,2026-02-06 17:07,B08,M0006,Gld,Delivery,Merchandise,4,870,0.00,3480.00,Cash,4
T002852,2026-02-06 17:48,B07,,,In-store,Bakery,1,90,0.00,90.00,Credit Card,5
T002853,2026-02-06 18:19,B08,,,App,Coffee,2,55,0.00,100.00,App Wallet,3
T002854,2026-02-06 18:46,B07,,,Delivery,Bakery,2,50,0.00,100.00,Credit Card,
T002855,2026-02-06 18:49,B05,M0076,Silver,In-store,Coffee,3,105,0.00,315.00,Cash,
T002856,2026-02-06 19:40,B04,M9108,Bronze,App,Tea,4,80,64.00,256.00,App Wallet,
T002857,2026-02-07 07:25,B03,M0282,Bronze,In-store,Merchandise,1,890,0.00,890.00,Cash,3
T002858,2026-02-07 08:12,B02,,,Delivery,Coffee,1,65,0.00,65.00,Cash,
T002859,2026-02-07 08:51,B01,,,In-store,Coffee,1,105,0.00,105.00,Cash,4
T002860,2026-02-07 11:54,B02,,,In-store,Tea,1,85,0.00,85.00,Cash,
T002861,2026-02-07 11:55,B05,M0305,Silver,In-store,Bakery,1,45,0.00,45.00,QR PromptPay,4
T002862,2026-02-07 11:57,B01,M0197,SILVER,In-store,Bakery,2,85,0.00,170.00,Credit Card,
T002863,2026-02-07 12:26,B03,M0108,Gold,In-store,Bakery,1,75,7.50,67.50,Cash,4
T002864,2026-02-07 12:43,B08,,,In-store,Coffee,1,70,0.00,70.00,Cash,
T002865,2026-02-07 13:37,B08,M0319,BRONZE,Delivery,Coffee,1,110,0.00,110.00,Credit Card,
T002866,2026-02-07 14:20,B06,M0246,bronze,In-store,Coffee,4,65,0.00,260.00,QR PromptPay,
T002867,2026-02-07 14:49,B01,M0235,Silver,In-store,Merchandise,3,400,0.00,1200.00,Credit Card,3
T002868,2026-02-07 15:56,B08,M0299,Platinum,In-store,Tea,1,75,7.50,67.50,QR PromptPay,4
T002869,2026-02-07 16:14,B07,,,In-store,Coffee,1,70,0.00,70.00,Credit Card,
T002870,2026-02-07 16:35,B07,,,Delivery,Coffee,2,100,0.00,200.00,QR PromptPay,
T002871,2026-02-07 16:36,B04,M0315,Platinum,In-store,Bakery,1,75,0.00,75.00,QR PromptPay,
T002872,2026-02-07 16:58,B03,M0197,Silver,In-store,Tea,1,75,0.00,75.00,QR PromptPay,
T002872,2026-02-07 16:58,B03,M0197,Silver,In-store,Tea,1,75,0.00,75.00,QR PromptPay,
T002873,2026-02-07 17:31,B01,M0183,Bronze,App,Bakery,2,100,0.00,200.00,Credit Card,3
T002874,2026-02-07 18:36,B03,M0177,Bronze,In-store,Coffee,1,70,0.00,70.00,QR PromptPay,
T002875,2026-02-07 19:24,B08,M0268,Silver,Delivery,Tea,3,70,0.00,210.00,Cash,
T002876,2026-02-08 07:15,B07,M0050,Bronze,Delivery,Coffee,1,95,0.00,95.00,Credit Card,4
T002877,2026-02-08 07:58,B02,M0052,Bronze,In-store,Bakery,4,60,0.00,240.00,QR PromptPay,
T002878,2026-02-08 09:05,B02,M0160,Bronze,App,Bakery,2,70,14.00,126.00,App Wallet,
T002879,2026-02-08 09:12,B04,M0145,Silver,Delivery,Bakery,1,95,0.00,95.00,QR PromptPay,4
T002880,2026-02-08 09:35,B07,M0115,Silver,In-store,Tea,1,75,0.00,75.00,QR PromptPay,
T002880,2026-02-08 09:35,B07,M0115,Silver,In-store,Tea,1,75,0.00,75.00,QR PromptPay,
T002881,2026-02-08 09:53,B06,,,App,Coffee,1,100,0.00,100.00,Credit Card,
T002882,2026-02-08 11:33,B03,,,In-store,Coffee,1,85,0.00,85.00,Cash,
T002883,2026-02-08 11:48,B04,M0179,Platinum,In store,Merchandise,2,600,0.00,1200.00,Credit Card,
T002884,2026-02-08 11:57,B05,M0088,Silver,Delivery,Bakery,1,100,5.00,95.00,Credit Card,4
T002885,2026-02-08 12:04,B05,,,Delivery,Bakery,1,85,0.00,85.00,QR PromptPay,
T002886,2026-02-08 12:06,B03,M0197,Silver,App,Coffee,1,70,10.50,59.50,App Wallet,
T002886,2026-02-08 12:12,B03,M0197,Silver,App,Coffee,-1,70,-10.50,-59.50,App Wallet,
T002887,2026-02-08 12:58,B03,M0101,Bronze,App,Coffee,2,110,0.00,220.00,App Wallet,
T002888,2026-02-08 13:01,B06,M0042,Gold,App,Coffee,1,55,0.00,55.00,Credit Card,
T002889,2026-02-08 13:23,B03,,,App,Bakery,3,95,0.00,285.00,Credit Card,5
T002890,2026-02-08 13:47,B07,,,In-store,Merchandise,2,405,0.00,810.00,Cash,4
T002891,2026-02-08 13:52,B01,M0183,Bronze,App,Tea,2,70,0.00,140.00,Credit Card,3
T002892,2026-02-08 13:56,B02,,,App,Bakery,1,85,0.00,85.00,App Wallet,4
T002893,2026-02-08 14:49,B06,M0235,Silver,Delivery,Tea,1,70,0.00,70.00,Cash,
T002894,2026-02-08 16:31,B01,M0186,Platinum,In-store,Merchandise,1,315,31.50,283.50,Credit Card,
T002895,2026-02-08 16:40,B06,,,In-store,Tea,1,65,0.00,65.00,Credit Card,
T002896,2026-02-08 16:53,B04,M0326,Bronze,In-store,Bakery,1,75,0.00,75.00,Cash,
T002897,2026-02-08 18:41,B01,M0091,Bronze,Delivery,Coffee,1,95,0.00,95.00,Cash,4
T002898,2026-02-08 19:16,B06,M0071,Silver,Delivery,Bakery,2,95,0.00,190.00,Credit Card,
T002898,2026-02-08 19:28,B06,M0071,silver,Delivery,Bakery,-2,95,-0.00,-190.00,Credit Card,
T002899,2026-02-08 19:58,B06,M0154,Bronze,Delivery,Tea,2,95,0.00,190.00,QR PromptPay,
T002900,2026-02-09 07:36,B03,M0210,Bronze,In-store,Coffee,4,85,0.00,340.00,Cash,
T002901,2026-02-09 08:06,B02,M0080,Silver,App,Coffee,2,80,0.00,160.00,Credit Card,3
T002902,2026-02-09 09:09,B07,M0273,Gold,App,Merchandise,1,575,57.50,517.50,Credit Card,
T002903,2026-02-09 09:27,B06,M0274,Gold,App,Bakery,1,65,9.75,55.25,Credit Card,
T002904,2026-02-09 12:10,B06,,,In-store,Tea,1,80,0.00,80.00,QR PromptPay,
T002905,2026-02-09 12:37,B03,,,App,Coffee,1,90,0.00,90.00,App Wallet,4
T002906,2026-02-09 13:18,B01,M0286,Gold,In-store,Bakery,3,105,0.00,315.00,QR PromptPay,3
T002907,2026-02-09 13:19,B05,M0226,Bronze,In-store,Bakery,1,80,0.00,80.00,QR PromptPay,5
T002908,2026-02-09 13:22,B04,M0066,Silver,APP,Coffee,3,105,0.00,315.00,Credit Card,
T002909,2026-02-09 13:45,B06,M0246,Bronze,In-store,Bakery,1,55,0.00,55.00,Cash,5
T002910,2026-02-09 15:11,B01,M0284,Plat.,In-store,Coffee,1,110,0.00,110.00,Credit Card,3
T002911,2026-02-09 15:17,B04,M0024,Silver,App,Tea,2,95,0.00,190.00,App Wallet,
T002912,2026-02-09 15:59,B05,M0157,Gold,In-store,Bakery,1,75,11.25,63.75,Cash,4
T002913,2026-02-09 16:59,B03,,,In-store,Coffee,1,105,0.00,105.00,Credit Card,
T002914,2026-02-09 17:34,B03,M0312,Bronze,In-store,Bakery,1,65,0.00,65.00,QR PromptPay,
T002915,2026-02-09 18:01,B03,M0150,Bronze,In-store,Coffee,1,95,0.00,95.00,Credit Card,
T002916,2026-02-09 18:06,B08,,,In-store,Tea,1,70,0.00,70.00,Cash,
T002917,2026-02-09 18:34,B05,,,App,Tea,2,75,0.00,150.00,Credit Card,
T002918,2026-02-09 19:20,B05,M0083,Gold,In-store,Coffee,1,90,9.00,81.00,QR PromptPay,
T002919,2026-02-10 08:05,B08,M0164,Gold,Delivery,Bakery,3,50,15.00,135.00,Credit Card,
T002920,2026-02-10 08:06,B07,M0080,Silver,In-store,Coffee,3,60,9.00,171.00,Credit Card,
T002921,2026-02-10 08:09,B03,,,In-store,Coffee,1,55,0.00,55.00,QR PromptPay,
T002922,2026-02-10 09:19,B03,M0089,Bronze,In-store,Coffee,2,85,0.00,190.00,QR PromptPay,3
T002923,2026-02-10 09:32,B05,M0083,Gold,App,Coffee,2,100,10.00,190.00,Credit Card,
T002924,2026-02-10 10:01,B01,M0197,Silver,App,Bakery,2,105,0.00,210.00,Credit Card,2
T002925,2026-02-10 11:17,B06,M0094,Silver,In-store,Bakery,4,65,0.00,260.00,Credit Card,
T002926,2026-02-10 11:18,B03,M0017,Bronze,In store,Coffee,2,75,0.00,150.00,QR PromptPay,
T002927,2026-02-10 12:13,B01,,,Delivery,Bakery,3,100,0.00,300.00,Cash,4
T002928,2026-02-10 12:51,B04,M0206,Silver,App,Tea,4,95,0.00,380.00,App Wallet,
T002929,2026-02-10 12:51,B01,,,In-store,Coffee,1,115,0.00,115.00,QR PromptPay,3
T002930,2026-02-10 13:03,B08,,,In-store,Bakery,1,50,0.00,50.00,Cash,
T002931,2026-02-10 13:03,B01,,,In-store,Coffee,2,55,0.00,110.00,QR PromptPay,4
T002932,2026-02-10 13:14,B03,,,Delivery,Tea,3,55,0.00,165.00,Cash,
T002933,2026-02-10 13:23,B07,M0294,Bronze,App,Coffee,2,55,22.00,88.00,Credit Card,
T002934,2026-02-10 13:27,B04,M0291,Bronze,App,Tea,3,85,0.00,255.00,Credit Card,
T002935,2026-02-10 13:44,B06,M0324,Gold,In-store,Coffee,1,80,16.00,64.00,QR PromptPay,
T002936,2026-02-10 13:58,B04,M0018,Bronze,In-store,Tea,1,75,0.00,75.00,Credit Card,
T002937,2026-02-10 14:36,B05,M0178,Silver,App,Tea,3,55,0.00,165.00,Credit Card,
T002938,2026-02-10 14:37,B08,M0204,Gold,In-store,Tea,1,90,13.50,76.50,QR PromptPay,
T002939,2026-02-10 17:34,B04,M0225,Silver,In-store,Coffee,1,85,8.50,76.50,Credit Card,
T002940,2026-02-10 19:04,B06,,,Delivery,Tea,1,75,0.00,75.00,Credit Card,3
T002941,2026-02-10 19:09,B01,M0082,Gold,App,Coffee,4,60,0.00,240.00,App Wallet,4
T002942,2026-02-11 09:05,B01,M0042,Gold,Delivery,Coffee,3,110,16.50,313.50,Credit Card,4
T002943,2026-02-11 09:26,B05,M0091,Bronze,In-store,Coffee,2,115,0.00,230.00,Cash,
T002944,2026-02-11 09:33,B01,M0197,Silver,Mobile App,Bakery,1,80,0.00,80.00,App Wallet,3
T002945,2026-02-11 09:45,B05,,,In-store,Bakery,1,75,0.00,75.00,Cash,3
T002946,2026-02-11 10:42,B02,M0143,Bronze,In-store,Bakery,2,110,0.00,220.00,Credit Card,
T002947,2026-02-11 11:20,B01,M0194,Bronze,Delivery,Merchandise,1,825,0.00,825.00,QR PromptPay,4
T002948,2026-02-11 11:44,B03,,,App,Tea,4,55,0.00,220.00,App Wallet,
T002949,2026-02-11 11:47,B02,,,App,Coffee,2,75,0.00,150.00,App Wallet,4
T002950,2026-02-11 12:35,B07,M0270,Bronze,In-store,Coffee,4,100,0.00,400.00,QR PromptPay,3
T002951,2026-02-11 12:42,B08,,,In-store,Bakery,4,65,0.00,260.00,Credit Card,
T002952,2026-02-11 12:42,B03,M0183,Bronze,In-store,Merchandise,1,605,0.00,605.00,Credit Card,
T002953,2026-02-11 13:10,B06,M0049,Platinum,In-store,Tea,1,90,0.00,90.00,Credit Card,
T002954,2026-02-11 13:28,B04,M0323,Gold,App,Coffee,1,95,0.00,95.00,App Wallet,5
T002955,2026-02-11 13:35,B07,M0119,Gold,In-store,Coffee,1,65,0.00,65.00,Credit Card,3
T002956,2026-02-11 13:46,B04,M0311,Bronze,In-store,Coffee,4,95,0.00,380.00,QR PromptPay,3
T002957,2026-02-11 13:50,B05,,,In-store,Coffee,1,55,0.00,55.00,Credit Card,
T002958,2026-02-11 13:55,B05,M0059,Bronze,In-store,Bakery,4,100,0.00,400.00,Cash,
T002959,2026-02-11 14:05,B08,,,In-store,Tea,1,90,0.00,90.00,Cash,3
T002960,2026-02-11 15:29,B1,M0161,Bronze,In-store,Bakery,3,45,0.00,135.00,QR PromptPay,
T002961,2026-02-11 15:30,B08,M0039,Silver,In-store,Coffee,1,80,0.00,80.00,QR PromptPay,
T002962,2026-02-11 15:49,B05,M0157,Gold,Delivery,Coffee,4,110,0.00,440.00,QR PromptPay,
T002963,2026-02-11 16:34,B04,M0077,Silver,In-store,Coffee,2,115,0.00,230.00,Credit Card,
T002964,2026-02-11 16:37,B02,M0274,Gold,In-store,Coffee,1,95,0.00,95.00,QR PromptPay,
T002965,2026-02-11 16:37,B08,M0280,Silver,Delivery,Tea,1,90,18.00,72.00,Cash,
T002966,2026-02-11 16:58,B04,M0181,Bronze,In-store,Bakery,1,80,0.00,80.00,Credit Card,
T002967,2026-02-11 19:18,B04,M0153,Silver,App,Coffee,2,75,0.00,150.00,App Wallet,
T002968,2026-02-11 19:42,B03,M0261,Bronze,Delivery,Coffee,1,65,0.00,65.00,QR PromptPay,3
T002969,2026-02-11 19:54,B04,M0206,Silver,In-store,Tea,3,95,0.00,285.00,Cash,5
T002970,2026-02-12 07:11,B03,,,In-store,Coffee,1,60,0.00,60.00,QR PromptPay,
T002971,2026-02-12 08:29,B01,M0197,Silver,In-store,Coffee,2,110,0.00,220.00,QR PromptPay,2
T002972,2026-02-12 08:38,B06,M0082,Gold,App,Coffee,2,90,36.00,144.00,App Wallet,5
T002973,2026-02-12 09:40,B08,M0027,Bronze,In-store,Coffee,2,65,0.00,130.00,Cash,4
T002974,2026-02-12 10:04,B08,M0205,Silver,App,Coffee,4,70,0.00,280.00,Credit Card,
T002975,2026-02-12 10:06,B05,M0063,Platinum,In-store,Bakery,1,45,0.00,45.00,Credit Card,5
T002976,2026-02-12 11:29,B05,M0038,Bronze,App,Coffee,3,75,0.00,225.00,App Wallet,
T002977,2026-02-12 11:31,B01,M0197,Silver,In-store,Coffee,1,65,9.75,55.25,Credit Card,2
T002978,2026-02-12 11:48,B05,,,In-store,Merchandise,3,275,0.00,825.00,Cash,4
T002979,2026-02-12 12:00,B05,M0268,Silver,In-store,Bakery,1,65,0.00,65.00,Credit Card,
T002980,2026-02-12 12:20,B05,,,Deliv.,Coffee,1,115,0.00,115.00,Cash,
T002981,2026-02-12 12:25,b08,M0036,Platinum,In-store,Tea,1,85,8.50,76.50,Cash,
T002982,2026-02-12 12:32,B04,M0093,Bronze,In-store,Tea,3,60,0.00,180.00,QR PromptPay,
T002983,2026-02-12 12:54,B04,M0311,Bronze,Delivery,Coffee,1,100,0.00,100.00,QR PromptPay,4
T002984,2026-02-12 12:59,B01,M0145,Silver,App,Merchandise,1,445,0.00,445.00,App Wallet,
T002985,2026-02-12 13:16,B01,M0082,Gold,App,Tea,1,60,0.00,60.00,App Wallet,
T002986,2026-02-12 13:51,B08,M0097,Bronze,In-store,Tea,4,75,0.00,300.00,Cash,
T002987,2026-02-12 13:56,B03,M0175,Slvr,APP,Bakery,2,50,0.00,100.00,App Wallet,3
T002988,2026-02-12 14:04,B03,M0182,Silver,In-store,Coffee,3,120,0.00,360.00,Credit Card,
T002989,2026-02-12 15:18,B01,M0083,Gold,In-store,Coffee,4,90,0.00,360.00,QR PromptPay,
T002990,2026-02-12 16:01,B08,M9357,Gold,App,Bakery,4,75,0.00,300.00,App Wallet,
T002991,2026-02-12 18:03,B07,M0006,Gold,in-store,Bakery,1,65,13.00,52.00,QR PromptPay,
T002992,2026-02-13 07:25,B07,M9357,Bronze,In-store,Tea,2,75,0.00,150.00,Credit Card,1
T002993,2026-02-13 07:46,B08,,,In-store,Coffee,2,55,0.00,110.00,Cash,
T002994,2026-02-13 08:04,B06,,,In-store,Coffee,2,70,0.00,140.00,Credit Card,
T002994,2026-02-13 08:04,B06,,,In-store,Coffee,2,70,0.00,140.00,Credit Card,
T002995,2026-02-13 08:37,B06,M0024,Silver,App,Bakery,1,105,5.25,99.75,Credit Card,
T002996,2026-02-13 08:38,B01,,,In-store,Coffee,1,95,0.00,95.00,Credit Card,5
T002997,2026-02-13 11:07,B01,M0113,Silver,In-store,Coffee,1,70,14.00,56.00,Credit Card,
T002998,2026-02-13 12:03,B01,M0145,Silver,In-store,Tea,1,95,0.00,95.00,Cash,
T002999,2026-02-13 12:09,B01,,,In-store,Coffee,1,90,0.00,90.00,QR PromptPay,4
T002999,2026-02-13 12:09,B01,,,In-store,Coffee,1,90,0.00,90.00,QR PromptPay,4
T003000,2026-02-13 13:15,B04,M0320,Silver,Delivery,Bakery,1,90,0.00,90.00,QR PromptPay,
T003001,2026-02-13 13:29,B01,M0235,Silver,In-store,Bakery,1,70,0.00,70.00,QR PromptPay,
T003002,2026-02-13 13:56,B03,M0101,Bronze,Delivery,Coffee,1,85,0.00,85.00,Credit Card,3
T003003,2026-02-13 14:02,B04,M0181,Bronze,In-store,Coffee,1,100,0.00,100.00,QR PromptPay,4
T003003,2026-02-13 14:51,B04,M0181,Bronze,In-store,Coffee,-1,100,-0.00,-100.00,QR PromptPay,
T003004,2026-02-13 15:18,B01,,,In-store,Coffee,4,75,0.00,230.00,QR PromptPay,5
T003005,2026-02-13 15:18,B01,,,Delivery,Bakery,3,50,0.00,150.00,QR PromptPay,
T003006,2026-02-13 15:19,B01,M0194,Bronze,In-store,Merchandise,2,780,0.00,1560.00,QR PromptPay,
T003007,2026-02-13 16:13,B05,M0083,Gold,In-store,Coffee,1,95,0.00,95.00,QR PromptPay,
T003008,2026-02-13 16:38,B7,M0079,Silver,In-store,Merchandise,1,885,0.00,885.00,Credit Card,5
T003009,2026-02-13 17:51,B04,,,App,Coffee,2,110,0.00,220.00,Credit Card,
T003010,2026-02-13 18:02,B03,M0107,Gold,App,Coffee,1,55,0.00,55.00,App Wallet,
T003011,2026-02-13 19:51,B04,M0045,Bronze,In-store,Coffee,1,85,0.00,85.00,QR PromptPay,
T003012,2026-02-14 07:42,B02,M0325,Gold,Delivery,Bakery,1,110,16.50,93.50,QR PromptPay,5
T003013,2026-02-14 08:36,B01,,,In-store,Bakery,1,60,0.00,60.00,QR PromptPay,4
T003014,2026-02-14 11:47,B6,,,delivery,Merchandise,3,735,0.00,2205.00,QR PromptPay,5
T003015,2026-02-14 11:59,B01,M0082,Gld,In-store,Coffee,3,90,0.00,270.00,QR PromptPay,
T003016,2026-02-14 12:03,B01,,,App,Coffee,2,95,0.00,190.00,Credit Card,4
T003017,2026-02-14 12:08,B04,M0045,Bronze,In-store,Coffee,1,90,0.00,90.00,Cash,4
T003018,2026-02-14 12:31,B05,M0281,Bronze,In-store,Tea,3,55,0.00,165.00,Credit Card,
T003019,2026-02-14 12:53,B01,,,In-store,Coffee,1,90,0.00,90.00,Cash,
T003020,2026-02-14 12:56,B01,,,App,Tea,2,60,0.00,120.00,Credit Card,3
T003021,2026-02-14 13:05,B06,M0226,Bronze,In-store,Merchandise,1,325,0.00,325.00,Cash,
T003022,2026-02-14 13:11,B01,,,Mobile App,Coffee,1,80,0.00,80.00,Credit Card,
T003023,2026-02-14 13:25,B06,M0016,Bronze,In-store,Bakery,1,100,15.00,85.00,Cash,
T003024,2026-02-14 13:30,B02,,,App,Coffee,1,85,0.00,85.00,Credit Card,
T003025,2026-02-14 13:37,B08,M0194,Bronze,App,Coffee,3,95,0.00,285.00,Credit Card,
T003026,2026-02-14 13:47,B08,M0212,Platinum,App,Bakery,1,85,0.00,85.00,App Wallet,
T003027,2026-02-14 14:36,B01,M0082,Gold,Instore,Coffee,3,115,0.00,345.00,Cash,
T003028,2026-02-14 14:37,B06,M0104,Gold,In-store,Bakery,1,110,22.00,88.00,Credit Card,
T003029,2026-02-14 15:11,B05,M0091,Bronze,In-store,Coffee,1,฿55,0.00,55.00,QR PromptPay,
T003030,2026-02-14 15:52,B02,M0160,Bronze,In-store,Coffee,2,55,22.00,88.00,QR PromptPay,
T003031,2026-02-14 18:50,B01,M0197,Silver,Delivery,Coffee,4,65,0.00,260.00,Cash,
T003032,2026-02-15 07:22,B03,M0203,Bronze,Delivery,Tea,1,70,0.00,70.00,Cash,4
T003033,2026-02-15 07:27,B02,,,In-store,Coffee,4,90,0.00,360.00,Cash,
T003034,2026-02-15 08:09,B03,M0095,Bronze,In-store,Bakery,1,45,0.00,45.00,QR PromptPay,3
T003035,2026-02-15 08:16,B01,M0189,Platinum,In-store,Coffee,2,110,22.00,198.00,Credit Card,
T003036,2026-02-15 08:33,B02,,,In-store,Bakery,1,80,0.00,80.00,Cash,
T003037,2026-02-15 08:50,B06,M0313,Bronze,In-store,Coffee,1,55,0.00,55.00,Credit Card,3
T003038,2026-02-15 09:03,B01,M0102,Bronze,App,Bakery,2,45,0.00,130.00,App Wallet,
T003039,2026-02-15 09:16,B04,M0323,Gold,In-store,Bakery,2,105,0.00,210.00,Credit Card,5
T003040,2026-02-15 10:44,B03,M0085,Silver,In-store,Bakery,1,80,0.00,80.00,Cash,
T003041,2026-02-15 11:26,B05,M0188,Silver,In-store,Bakery,1,60,0.00,60.00,QR PromptPay,4
T003042,2026-02-15 11:35,B01,M0102,Bronze,In store,Tea,1,90,0.00,90.00,Credit Card,
T003043,2026-02-15 11:41,B06,,,In-store,Coffee,1,95,0.00,95.00,QR PromptPay,
T003044,2026-02-15 12:46,B04,M0039,silver,In-store,Coffee,3,75,0.00,225.00,QR PromptPay,
T003045,2026-02-15 13:23,B03,,,Delivery,Bakery,1,90,0.00,90.00,Credit Card,
T003046,2026-02-15 13:33,B03,M0247,Bronze,In-store,Tea,1,60,3.00,57.00,Credit Card,
T003047,2026-02-15 15:02,B06,,,App,Coffee,3,115,0.00,345.00,App Wallet,
T003048,2026-02-15 15:11,B01,,,Delivery,Coffee,4,65,0.00,260.00,Credit Card,
T003049,2026-02-15 15:53,B03,M0085,Silver,App,Coffee,1,90,0.00,90.00,App Wallet,
T003050,2026-02-15 16:36,B08,,,In-store,Tea,1,90,0.00,90.00,Cash,2
T003051,2026-02-15 16:47,B01,M0102,Bronze,App,Coffee,1,110,0.00,110.00,App Wallet,3
T003052,2026-02-15 17:17,B04,M0116,Bronze,In-store,Coffee,1,115,0.00,115.00,QR PromptPay,
T003053,2026-02-15 18:14,B07,M0209,Bronze,Delivery,Bakery,1,70,0.00,70.00,Cash,
T003054,2026-02-15 19:29,B04,M0045,Bronze,In-store,Coffee,3,100,0.00,300.00,Credit Card,
T003055,2026-02-15 19:57,B04,M0150,Bronze,In-store,Coffee,2,80,0.00,160.00,Cash,
T003056,2026-02-16 07:05,B06,M0242,Bronze,App,Coffee,2,105,0.00,210.00,App Wallet,
T003057,2026-02-16 07:21,B01,M0029,Bronze,Delivery,Coffee,3,80,0.00,240.00,Credit Card,4
T003058,2026-02-16 07:50,B05,M0091,Bronze,Delivery,Coffee,1,105,0.00,105.00,Credit Card,
T003059,2026-02-16 08:12,B07,M0053,Bronze,In-store,Coffee,1,100,0.00,100.00,Cash,
T003060,2026-02-16 08:21,B04,M9826,Platinum,App,Tea,2,55,0.00,110.00,App Wallet,
T003061,2026-02-16 08:22,B07,M0293,Bronze,In-store,Bakery,1,85,0.00,85.00,Cash,
T003062,2026-02-16 09:06,B08,M0223,Bronze,In-store,Coffee,1,75,0.00,75.00,QR PromptPay,4
T003063,2026-02-16 09:18,B06,,,In-store,Coffee,3,115,0.00,345.00,Credit Card,
T003064,2026-02-16 10:20,B03,,,In-store,Bakery,3,100,0.00,300.00,Cash,4
T003065,2026-02-16 12:06,B07,M0119,Gold,In-store,Coffee,1,60,12.00,48.00,Cash,
T003066,2026-02-16 12:15,B04,M0228,Brz,In-store,Coffee,1,85,0.00,85.00,Cash,
T003067,2026-02-16 12:51,B03,M0272,Silver,App,Tea,1,65,0.00,65.00,Credit Card,4
T003068,2026-02-16 13:04,B07,M0198,Bronze,Deliv.,Coffee,2,115,0.00,260.00,Cash,3
T003069,2026-02-16 13:40,B04,M0153,SILVER,App,Coffee,1,110,0.00,110.00,App Wallet,
T003070,2026-02-16 13:48,B06,,,App,Merchandise,2,890,0.00,1780.00,Credit Card,
T003071,2026-02-16 13:58,B07,M0121,Silver,Delivery,Coffee,1,55,0.00,55.00,Cash,4
T003072,2026-02-16 14:38,B04,M0153,Silver,Delivery,Coffee,1,110,0.00,110.00,Credit Card,
T003073,2026-02-16 14:51,B08,M0253,Silver,In-store,Bakery,1,75,0.00,75.00,Credit Card,4
T003074,2026-02-16 15:00,B04,M0153,Silver,Delivery,Tea,1,75,0.00,75.00,Credit Card,4
T003075,2026-02-16 15:22,B04,,,In-store,Bakery,2,50,0.00,100.00,Cash,5
T003076,2026-02-16 15:29,B06,M0049,Platinum,In-store,Bakery,1,100,0.00,100.00,QR PromptPay,
T003077,2026-02-16 15:41,B02,M0155,Platinum,In-store,Tea,1,65,0.00,65.00,Cash,
T003078,2026-02-16 16:02,B05,M0088,Silver,In-store,Coffee,1,65,13.00,52.00,QR PromptPay,4
T003079,2026-02-16 16:12,B07,,,App,Coffee,1,120,0.00,120.00,Credit Card,
T003080,2026-02-16 16:22,B01,M0197,Silver,Delivery,Coffee,4,120,0.00,480.00,QR PromptPay,5
T003081,2026-02-16 16:36,B05,M0016,Bronze,In-store,Merchandise,1,450,45.00,405.00,Credit Card,
T003082,2026-02-16 16:39,B06,,,App,Coffee,2,115,0.00,230.00,App Wallet,
T003083,2026-02-16 17:53,B02,M0079,Silver,In-store,Tea,2,50,0.00,100.00,Credit Card,5
T003084,2026-02-16 18:02,B03,M0234,Silver,In-store,Merchandise,1,350,0.00,350.00,QR PromptPay,3
T003085,2026-02-16 18:22,B02,M0200,Gold,Delivery,Coffee,1,60,0.00,60.00,Cash,
T003086,2026-02-17 09:49,B05,M0216,Gold,In-store,Bakery,3,55,8.25,156.75,Credit Card,
T003087,2026-02-17 10:15,B07,M0100,Bronze,In-store,Coffee,2,110,0.00,220.00,QR PromptPay,
T003088,2026-02-17 10:15,B07,,,In-store,Bakery,3,95,0.00,285.00,QR PromptPay,
T003089,2026-02-17 10:33,B02,M0176,Bronze,Deliv.,Coffee,3,60,0.00,180.00,Credit Card,
T003090,2026-02-17 10:44,B04,,,In store,Coffee,2,100,0.00,200.00,Cash,3
T003091,2026-02-17 10:59,B04,M0045,Brz,Delivery,Coffee,1,80,0.00,80.00,Credit Card,
T003092,2026-02-17 11:40,B03,,,In-store,Merchandise,1,355,0.00,355.00,Cash,
T003093,2026-02-17 12:32,B02,M0210,Bronze,Delivery,Coffee,4,95,0.00,380.00,Cash,4
T003094,2026-02-17 12:53,B04,M0112,Platinum,In-store,Coffee,4,100,80.00,320.00,Cash,
T003093,2026-02-17 13:18,B02,M0210,Bronze,Deliv.,Coffee,-4,95,-0.00,-380.00,Cash,
T003095,2026-02-17 13:45,B07,M0066,Silver,App,Tea,1,95,0.00,95.00,App Wallet,
T003096,2026-02-17 14:03,B08,M0195,Silver,Delivery,Coffee,2,85,0.00,170.00,QR PromptPay,
T003097,2026-02-17 14:04,B04,,,App,Coffee,1,120,0.00,120.00,App Wallet,3
T003098,2026-02-17 15:06,B05,,,App,Bakery,2,85,0.00,170.00,Credit Card,
T003099,2026-02-17 15:50,B05,M0227,Bronze,In-store,Bakery,1,100,0.00,100.00,Credit Card,
T003100,2026-02-17 16:00,B02,M0225,Silver,Delivery,Merchandise,3,820,0.00,2460.00,Cash,3
T003101,2026-02-17 16:04,B03,,,in-store,Bakery,3,110,0.00,330.00,Credit Card,4
T003102,2026-02-17 16:05,B01,M0261,Bronze,In-store,Bakery,1,90,0.00,90.00,QR PromptPay,4
T003103,2026-02-17 16:32,B04,M0291,Bronze,Delivery,Merchandise,4,300,0.00,1200.00,Cash,4
T003104,2026-02-17 16:57,B02,M0308,Bronze,Delivery,Bakery,2,85,25.50,144.50,Credit Card,5
T003105,2026-02-17 17:07,B04,M0256,Silver,In-store,Bakery,1,60,0.00,60.00,QR PromptPay,
T003106,2026-02-17 18:31,B01,M0186,Platinum,In-store,Coffee,1,75,0.00,75.00,QR PromptPay,
T003107,2026-02-17 19:52,B07,M0276,Gold,In-store,Coffee,2,120,0.00,240.00,QR PromptPay,3
T003108,2026-02-18 07:02,B04,M0311,Bronze,App,Tea,1,60,0.00,60.00,Credit Card,3
T003109,2026-02-18 07:20,B03,M0101,Bronze,In-store,Coffee,4,95,0.00,380.00,Credit Card,
T003110,2026-02-18 07:37,B07,,,App,Merchandise,1,335,0.00,335.00,Credit Card,4
T003111,2026-02-18 08:04,B01,M0046,Silver,In-store,Coffee,3,55,0.00,165.00,Credit Card,5
T003112,2026-02-18 08:21,B04,M0078,Bronze,In-store,Bakery,4,55,0.00,220.00,Credit Card,
T003113,2026-02-18 08:43,B06,,,In-store,Tea,2,55,0.00,110.00,QR PromptPay,
T003114,2026-02-18 08:44,B06,M0226,Bronze,In-store,Coffee,1,100,0.00,170.00,QR PromptPay,
T003115,2026-02-18 09:56,B03,,,In-store,Tea,1,90,0.00,90.00,Credit Card,
T003116,2026-02-18 11:36,B08,,,In-store,Coffee,1,70,0.00,70.00,Credit Card,
T003117,2026-02-18 12:24,B05,M0025,Bronze,In-store,Coffee,1,105,21.00,84.00,QR PromptPay,
T003118,2026-02-18 13:04,B01,M0197,Silver,App,Bakery,1,70,0.00,70.00,Credit Card,
T003119,2026-02-18 13:09,B08,M0050,Bronze,In-store,Tea,1,80,0.00,80.00,Credit Card,
T003120,2026-02-18 13:15,B01,M0031,Silver,In-store,Coffee,1,95,0.00,95.00,Cash,
T003121,2026-02-18 13:22,B07,M0270,Bronze,App,Bakery,1,100,0.00,100.00,App Wallet,5
T003122,2026-02-18 13:45,B04,M0304,Gold,In-store,Coffee,3,70,0.00,210.00,Credit Card,5
T003123,2026-02-18 14:33,B07,M0073,Gold,In-store,Merchandise,1,735,0.00,735.00,Cash,
T003124,2026-02-18 14:46,B06,,,Delivery,Bakery,2,100,0.00,200.00,Credit Card,
T003125,2026-02-18 14:47,B02,,,App,Merchandise,1,310,0.00,310.00,App Wallet,
T003126,2026-02-18 16:07,B02,M0144,Gold,App,Bakery,2,70,0.00,140.00,Credit Card,
T003127,2026-02-18 16:12,B02,M0243,Bronze,App,Bakery,4,95,0.00,380.00,App Wallet,
T003128,2026-02-18 16:46,B01,,,App,Bakery,2,55,0.00,110.00,App Wallet,
T003129,2026-02-18 18:34,B02,,,In-store,Bakery,1,65,0.00,65.00,QR PromptPay,
T003130,2026-02-19 07:53,B04,,,In-store,Coffee,1,60,0.00,60.00,Cash,3
T003131,2026-02-19 08:10,B02,M0308,Bronze,In-store,Coffee,4,115,0.00,460.00,QR PromptPay,4
T003132,2026-02-19 08:14,B04,M0177,Bronze,Delivery,Tea,2,75,0.00,150.00,QR PromptPay,
T003133,2026-02-19 10:51,B08,M0062,Gold,In-store,Coffee,1,100,0.00,100.00,Cash,
T003134,2026-02-19 11:00,B01,M0027,Bronze,App,Coffee,4,80,0.00,320.00,App Wallet,
T003135,2026-02-19 11:19,B02,M0245,Gold,In-store,Coffee,2,120,0.00,240.00,Credit Card,
T003133,2026-02-19 11:46, B08,M0062,GOLD,In-store,Coffee,-1,100,-0.00,-100.00,Cash,
T003136,2026-02-19 12:46,B02,M0144,Gold,In-store,Coffee,2,105,21.00,189.00,Cash,
T003137,2026-02-19 12:49,B05,M0249,Silver,In-store,Coffee,1,115,0.00,115.00,Credit Card,4
T003138,2026-02-19 13:25,B03,M0160,Bronze,In-store,Coffee,2,100,0.00,200.00,QR PromptPay,4
T003139,2026-02-19 15:03,B02,M0274,Gold,In-store,Coffee,2,75,30.00,120.00,Cash,
T003140,2026-02-19 15:12,B06,,,App,Coffee,1,80,0.00,80.00,App Wallet,
T003141,2026-02-19 16:14,B08,M0165,Bronze,In-store,Merchandise,1,880,88.00,792.00,QR PromptPay,4
T003142,2026-02-19 16:18,B04,M0291,Bronze,In-store,Coffee,1,60,0.00,60.00,QR PromptPay,
T003142,2026-02-19 16:18,B04,M0291,Bronze,In-store,Coffee,1,60,0.00,60.00,QR PromptPay,
T003143,2026-02-19 16:22,B01,,,In-store,Coffee,1,75,0.00,75.00,QR PromptPay,
T003144,2026-02-19 16:30,B03,M0249,Silver,Delivery,Bakery,4,85,0.00,340.00,Cash,
T003145,2026-02-19 16:58,B07,M0066,Silver,In-store,Coffee,4,70,0.00,280.00,Credit Card,
T003146,2026-02-19 17:04,B05,,,In-store,Tea,2,75,0.00,150.00,QR PromptPay,5
T003147,2026-02-19 19:06,B03,M0312,Bronze,App,Tea,1,50,0.00,50.00,App Wallet,2
T003148,2026-02-19 19:11,B04,M0318,Bronze,App,Coffee,1,85,12.75,72.25,App Wallet,
T003149,2026-02-19 19:24,B04,,,App,Bakery,1,85,0.00,85.00,App Wallet,4
T003150,2026-02-19 19:44,B01,M9632,Platinum,In-store,Coffee,2,90,9.00,171.00,Credit Card,
T003151,2026-02-20 08:10,B03,,,In-store,Bakery,4,45,0.00,180.00,QR PromptPay,
T003152,2026-02-20 08:11,B1,M0319,Bronze,In-store,Coffee,3,80,0.00,240.00,QR PromptPay,
T003153,2026-02-20 08:15,B04,,,In-store,Coffee,2,80,0.00,160.00,QR PromptPay,3
T003154,2026-02-20 09:03,B06,M0062,Gold,App,Coffee,1,115,0.00,115.00,Credit Card,
T003155,2026-02-20 10:39,B05,M0330,Silver,In-store,Coffee,1,80,0.00,80.00,Credit Card,
T003156,2026-02-20 11:55,B02,,,In-store,Bakery,2,85,0.00,170.00,Credit Card,
T003157,2026-02-20 13:31,B02,M0054,Silver,In-store,Tea,3,85,38.25,216.75,Cash,
T003158,2026-02-20 13:36,B01,M0186,Platinum,In-store,Tea,2,90,0.00,180.00,Credit Card,5
T003159,2026-02-20 13:39,B05,,,In-store,Tea,1,55,0.00,55.00,Credit Card,2
T003160,2026-02-20 13:43,B08,M0315,Platinum,In-store,Coffee,1,100,5.00,95.00,QR PromptPay,
T003158,2026-02-20 13:44,B01,M0186,Platinum,In-store,Tea,-2,90,-0.00,-180.00,Credit Card,
T003161,2026-02-20 14:36,B08,M0189,Platinum,In-store,Coffee,4,55,0.00,220.00,Cash,
T003162,2026-02-20 14:47,B06,M0154,Brz,App,Coffee,1,120,0.00,120.00,Credit Card,
T003163,2026-02-20 15:51,B07,M0066,Silver,In-store,Bakery,1,75,0.00,75.00,QR PromptPay,
T003164,2026-02-20 16:38,B08,M0260,Gold,App,Coffee,1,115,0.00,115.00,Credit Card,2
T003165,2026-02-20 16:45,B07,M0065,Platinum,Delivery,Bakery,1,80,8.00,72.00,Credit Card,
T003166,2026-02-20 17:28,B03,M0107,Gold,In-store,Coffee,1,110,22.00,88.00,Cash,
T003167,2026-02-20 17:47,B02,M0081,Bronze,In-store,Bakery,2,65,0.00,130.00,QR PromptPay,
T003168,2026-02-20 19:48,B06,,,Delivery,Bakery,1,65,0.00,65.00,Cash,
T003169,2026-02-21 07:24,B06,M0049,Platinum,App,Bakery,1,85,8.50,76.50,App Wallet,3
T003170,2026-02-21 07:45,B04,M0037,Bronze,In-store,Coffee,3,105,0.00,315.00,Cash,4
T003171,2026-02-21 08:26,B02,M0251,Bronze,In-store,Coffee,2,85,0.00,170.00,QR PromptPay,3
T003172,2026-02-21 08:36,B01,M0183,Bronze,App,Coffee,1,65,0.00,65.00,App Wallet,
T003173,2026-02-21 10:15,B03,,,Delivery,Coffee,1,110,0.00,110.00,Credit Card,
T003174,2026-02-21 11:51,B02,M0091,Bronze,In-store,Coffee,2,60,12.00,108.00,QR PromptPay,
T003175,2026-02-21 12:06,B05,M0062,Gold,Instore,Coffee,2,95,0.00,190.00,QR PromptPay,2
T003176,2026-02-21 12:07,B05,M0149,Silver,In-store,Coffee,2,105,0.00,210.00,Credit Card,5
T003177,2026-02-21 12:09,B07,M0039,Silver,App,Tea,2,65,0.00,130.00,App Wallet,5
T003178,2026-02-21 12:13,B04,,,In-store,Tea,3,65,0.00,195.00,QR PromptPay,4
T003179,2026-02-21 12:13,B02,,,App,Merchandise,1,505,0.00,505.00,App Wallet,3
T003180,2026-02-21 12:56,B08,M0005,Platinum,In-store,Coffee,1,70,14.00,56.00,Cash,
T003181,2026-02-21 13:51,B06,M0094,Silver,App,Coffee,1,60,0.00,60.00,App Wallet,
T003182,2026-02-21 14:43,B04,M0186,Platinum,Delivery,Coffee,4,85,0.00,340.00,Credit Card,
T003183,2026-02-21 16:58,B03,M0329,Bronze,Delivery,Coffee,1,55,0.00,55.00,QR PromptPay,
T003184,2026-02-21 17:24,B03,M0102,Bronze,Instore,Coffee,1,90,0.00,90.00,QR PromptPay,4
T003185,2026-02-21 17:28,B03,M0177,Bronze,Instore,Coffee,3,70,0.00,210.00,Cash,
T003186,2026-02-21 18:03,B03,M0089,Bronze,In-store,Coffee,2,80,0.00,160.00,Cash,
T003187,2026-02-21 18:34,B04,M0291,Bronze,Delivery,Bakery,2,50,0.00,100.00,Credit Card,3
T003188,2026-02-21 18:38,B05,M0081,Bronze,In-store,Coffee,1,105,0.00,105.00,Cash,5
T003189,2026-02-22 07:01,B08,M0212,Platinum,In-store,Coffee,1,80,0.00,80.00,Cash,2
T003190,2026-02-22 07:13,B05,M0142,Bronze,In-store,Coffee,4,120,0.00,480.00,Cash,
T003191,2026-02-22 07:14,B05,,,In-store,Coffee,4,95,0.00,380.00,Cash,
T003192,2026-02-22 07:18,B03,,,In-store,Coffee,4,80,0.00,230.00,Credit Card,5
T003193,2026-02-22 07:18,B02,M0325,Gold,In-store,Tea,1,60,0.00,60.00,Cash,
T003194,2026-02-22 07:27, B02,,,Delivery,Bakery,1,50,0.00,50.00,QR PromptPay,5
T003195,2026-02-22 07:51,B05,,,In-store,Merchandise,1,465,0.00,465.00,Credit Card,
T003196,2026-02-22 08:07,B04,M0206,Silver,In-store,Bakery,1,90,9.00,81.00,QR PromptPay,3
T003197,2026-02-22 08:14,B07,M0145,Slvr,In-store,Coffee,2,55,0.00,110.00,Cash,
T003198,2026-02-22 08:52,B02,M0187,Silver,App,Coffee,1,55,5.50,49.50,App Wallet,
T003199,2026-02-22 09:06,B01,M0029,Bronze,In-store,Tea,1,85,0.00,85.00,QR PromptPay,
T003197,2026-02-22 09:22,B07,M0145,silver,In-store,Coffee,-2,55,-0.00,-110.00,Cash,
T003200,2026-02-22 09:46,B01,,,In-store,Bakery,2,110,0.00,220.00,QR PromptPay,
T003201,2026-02-22 09:54,B01,M0262,Bronze,In-store,Bakery,2,45,0.00,90.00,QR PromptPay,
T003202,2026-02-22 11:25,B07,M0198,Bronze,Delivery,Bakery,3,70,0.00,210.00,Credit Card,
T003203,2026-02-22 11:44,B06,M0196,Silver,App,Coffee,1,105,0.00,105.00,App Wallet,2
T003204,2026-02-22 11:56,B07,,,Delivery,Tea,2,90,0.00,180.00,Cash,
T003205,2026-02-22 12:10,B03,,,App,Tea,2,75,0.00,150.00,Credit Card,
T003206,2026-02-22 13:25,B06,M0148,Silver,App,Coffee,2,110,0.00,220.00,App Wallet,
T003207,2026-02-22 13:38,B05,,,In-store,Tea,3,70,0.00,210.00,Cash,5
T003208,2026-02-22 13:40,B05,M0095,Brz,App,Bakery,3,70,0.00,210.00,App Wallet,
T003209,2026-02-22 14:08,B01,M0102,Bronze,In-store,Bakery,3,100,0.00,300.00,QR PromptPay,
T003210,2026-02-22 14:17,B01,M0197,Silver,In-store,Bakery,1,75,3.75,71.25,Credit Card,
T003211,2026-02-22 16:00,B01,M0186,Platinum,In-store,Tea,2,65,19.50,110.50,Cash,
T003212,2026-02-22 16:13,B04,M0291,Bronze,In-store,Coffee,2,100,0.00,200.00,QR PromptPay,
T003213,2026-02-22 16:18,B01,M0099,Silver,App,Bakery,1,85,0.00,85.00,App Wallet,4
T003214,2026-02-22 16:37,B08,M0005,Platinum,In-store,Coffee,1,55,2.75,52.25,QR PromptPay,
T003215,2026-02-22 17:15,B01,M0070,Silver,In-store,Coffee,2,60,0.00,120.00,QR PromptPay,4
T003216,2026-02-22 17:16,B05,,,In-store,Coffee,1,100,0.00,100.00,Cash,3
T003217,2026-02-22 17:35,B08,M0326,Bronze,In-store,Merchandise,1,560,0.00,560.00,Credit Card,3
T003218,2026-02-22 17:52,B04,,,Delivery,Coffee,1,55,0.00,55.00,QR PromptPay,
T003219,2026-02-22 18:28,B04,,,In-store,Bakery,1,60,0.00,60.00,QR PromptPay,
T003220,2026-02-22 19:13,B04,M0153,Silver,In-store,Coffee,1,105,0.00,105.00,QR PromptPay,4
T003221,2026-02-23 07:08,B03,M0312,Bronze,App,Coffee,2,115,0.00,230.00,App Wallet,4
T003222,2026-02-23 08:15,B04,M0090,Platinum,In-store,Merchandise,1,460,0.00,460.00,Cash,5
T003223,2026-02-23 08:48,B03,M0177,Bronze,App,Merchandise,4,680,0.00,2720.00,App Wallet,
T003224,2026-02-23 09:19,B05,M0077,Silver,App,Bakery,2,60,0.00,120.00,Credit Card,
T003225,2026-02-23 10:06,B05,,,In-store,Coffee,1,115,0.00,115.00,Credit Card,5
T003226,2026-02-23 10:46,B07,M0245,Gold,In-store,Coffee,1,75,0.00,75.00,QR PromptPay,
T003227,2026-02-23 10:47,B05,M0136,Bronze,In-store,Coffee,3,65,9.75,185.25,Cash,2
T003228,2026-02-23 11:39,B01,M0186,Platinum,In-store,Coffee,1,110,16.50,93.50,Credit Card,
T003229,2026-02-23 11:47,B03,M0318,Bronze,In-store,Bakery,1,70,0.00,70.00,Cash,
T003230,2026-02-23 12:00,B06,M0094,Silver,Delivery,Tea,1,65,6.50,58.50,QR PromptPay,3
T003231,2026-02-23 12:03,B08,M0249,Silver,App,Bakery,2,90,27.00,153.00,App Wallet,
T003232,2026-02-23 12:42,B08,M0268,Silver,App,Bakery,1,90,18.00,72.00,Credit Card,
T003233,2026-02-23 12:59,B01,M0069,Silver,In store,Bakery,1,80,0.00,80.00,Credit Card,
T003234,2026-02-23 13:00,B07,,,In-store,Coffee,1,60,0.00,60.00,Cash,5
T003235,2026-02-23 13:23,B07,M0144,Gold,In-store,Coffee,1,115,0.00,115.00,Cash,
T003236,2026-02-23 13:49,B01,,,Delivery,Coffee,3,75,0.00,225.00,QR PromptPay,
T003237,2026-02-23 14:18,B04,,,In-store,Coffee,2,75,0.00,150.00,Credit Card,
T003238,2026-02-23 15:58,B01,M0186,Platinum,App,Merchandise,1,670,100.50,569.50,Credit Card,4
T003239,2026-02-23 16:06,B07,M0185,Silver,In-store,Bakery,4,65,0.00,260.00,QR PromptPay,
T003240,2026-02-23 16:26,B04,M0206,Silver,In-store,Merchandise,2,805,0.00,1610.00,QR PromptPay,
T003241,2026-02-23 16:27,B06,M0007,Silver,App,Tea,4,60,48.00,192.00,Credit Card,
T003242,2026-02-23 16:28,b01,M0197,Silver,App,Bakery,3,105,0.00,315.00,Credit Card,
T003243,2026-02-23 16:30,B01,M0197,Silver,In-store,Coffee,1,115,23.00,92.00,QR PromptPay,
T003244,2026-02-23 16:50,B04,M0315,Platinum,In-store,Bakery,1,100,20.00,80.00,QR PromptPay,
T003245,2026-02-23 16:55,B02,M0253,SILVER,Delivery,Bakery,1,70,0.00,70.00,Cash,5
T003246,2026-02-23 17:51,B08,M0189,Platinum,App,Coffee,3,65,0.00,195.00,App Wallet,
T003247,2026-02-23 18:08,B02,,,In-store,Coffee,2,55,0.00,110.00,QR PromptPay,4
T003248,2026-02-23 19:28,B03,M0203,Bronze,App,Coffee,1,90,0.00,90.00,Credit Card,
T003249,2026-02-23 19:39,B04,M0203,Bronze,In-store,Tea,1,85,0.00,85.00,QR PromptPay,
T003250,2026-02-24 07:11,B06,M0134,Platinum,App,Coffee,1,70,10.50,59.50,Credit Card,
T003251,2026-02-24 08:15,B01,,,App,Tea,2,90,0.00,180.00,Credit Card,5
T003252,2026-02-24 08:32,B07,M0284,Platinum,Delivery,Tea,1,85,12.75,72.25,Cash,
T003253,2026-02-24 08:58,B01,M0235,Silver,Delivery,Coffee,1,70,0.00,70.00,QR PromptPay,
T003254,2026-02-24 10:09,B08,M0189,Platinum,In-store,Tea,4,80,48.00,272.00,QR PromptPay,
T003255,2026-02-24 10:43,B04,,,In-store,Tea,2,60,0.00,120.00,Credit Card,5
T003256,2026-02-24 11:18,B02,M0284,Platinum,In-store,Tea,1,60,6.00,54.00,QR PromptPay,3
T003257,2026-02-24 12:07,B04,,,In-store,Tea,2,95,0.00,190.00,QR PromptPay,
T003258,2026-02-24 12:13,B04,M0093,Bronze,App,Merchandise,1,830,0.00,830.00,App Wallet,4
T003259,2026-02-24 12:29,B07,M0079,Silver,In-store,Tea,2,60,0.00,120.00,Credit Card,
T003260,2026-02-24 12:58,B4,M0045,Brz,App,Coffee,2,120,0.00,240.00,Credit Card,
T003261,2026-02-24 14:11,B03,M0312,Bronze,In-store,Coffee,2,60,0.00,120.00,Cash,
T003262,2026-02-24 14:31,B02,M0011,Gold,In-store,Merchandise,3,290,0.00,870.00,QR PromptPay,
T003263,2026-02-24 14:40,B01,M0186,Platinum,Delivery,Bakery,1,50,7.50,42.50,QR PromptPay,5
T003264,2026-02-24 15:02,B07,,,In-store,Merchandise,3,575,0.00,1725.00,QR PromptPay,3
T003265,2026-02-24 15:11,B07,M0017,Bronze,In-store,Merchandise,1,340,0.00,340.00,QR PromptPay,5
T003266,2026-02-24 16:57,B04,M0259,Silver,In-store,Merchandise,1,425,0.00,425.00,Cash,5
T003267,2026-02-24 16:57,B03,,,In-store,Tea,1,70,0.00,70.00,Cash,
T003268,2026-02-24 18:38,B05,M0025,Bronze,In-store,Coffee,1,105,0.00,105.00,Cash,3
T003269,2026-02-24 19:22,B02,,,App,Coffee,2,65,0.00,130.00,App Wallet,
T003270,2026-02-24 19:57,B01,M0102,Bronze,In-store,Coffee,3,110,0.00,330.00,QR PromptPay,3
T003271,2026-02-25 07:31,B01,M0183,Bronze,In-store,Bakery,2,100,0.00,200.00,QR PromptPay,
T003272,2026-02-25 08:51,B08,M0039,Silver,App,Bakery,3,110,0.00,330.00,Credit Card,
T003273,2026-02-25 08:56,B06,,,App,Coffee,1,75,0.00,75.00,Credit Card,
T003273,2026-02-25 08:56,B06,,,App,Coffee,1,75,0.00,75.00,Credit Card,
T003274,2026-02-25 10:05,B08,,,In-store,Coffee,2,95,0.00,190.00,Credit Card,
T003275,2026-02-25 10:29,B02,M9826,Gold,App,Bakery,1,55,5.50,49.50,Credit Card,
T003276,2026-02-25 11:01,B03,,,App,Bakery,2,65,0.00,130.00,Credit Card,
T003277,2026-02-25 11:06,B02,,,In-store,Coffee,3,60,0.00,180.00,Credit Card,
T003278,2026-02-25 11:49,B03,M0312,Bronze,In-store,Tea,2,70,0.00,140.00,Cash,3
T003279,2026-02-25 11:52,B02,M0325,Gold,App,Coffee,1,90,0.00,90.00,Credit Card,
T003280,2026-02-25 12:16,B04,,,In-store,Coffee,1,75,0.00,75.00,Cash,
T003281,2026-02-25 12:16,B02,,,Delivery,Coffee,4,95,0.00,380.00,Credit Card,
T003282,2026-02-25 12:17,B05,M0077,Silver,In-store,Bakery,2,90,0.00,180.00,Credit Card,2
T003283,2026-02-25 13:50,B03,M0239,Brz,Delivery,Coffee,1,60,0.00,60.00,Cash,
T003284,2026-02-25 14:17,B06,M0149,Silver,Delivery,Coffee,4,120,72.00,408.00,Credit Card,
T003285,2026-02-25 15:09,B04,,,Delivery,Coffee,3,60,0.00,180.00,Credit Card,
T003286,2026-02-25 15:36,B05,M0133,Bronze,In-store,Tea,3,70,0.00,210.00,QR PromptPay,
T003287,2026-02-25 16:43,B06,M0324,Gold,App,Coffee,2,120,0.00,240.00,App Wallet,
T003288,2026-02-25 16:55,B03,M0329,Bronze,In-store,Coffee,3,110,49.50,280.50,QR PromptPay,3
T003289,2026-02-25 17:25,B01,M0294,Bronze,In-store,Coffee,1,70,0.00,70.00,Credit Card,
T003290,2026-02-25 18:14,B03,M0031,Silver,Delivery,Coffee,1,120,18.00,102.00,Credit Card,
T003291,2026-02-25 18:38,B01,,,In-store,Coffee,1,120,0.00,120.00,Credit Card,
T003292,2026-02-25 18:43,B05,,,Delivery,Coffee,3,85,0.00,255.00,QR PromptPay,
T003293,2026-02-25 19:50,B03,M0138,Silver,App,Bakery,3,55,0.00,165.00,Credit Card,4
T003294,2026-02-26 08:49,B02,M0200,Gold,In-store,Coffee,2,85,0.00,170.00,QR PromptPay,
T003295,2026-02-26 10:02,B04,M0206,SILVER,In-store,Merchandise,3,555,333.00,1332.00,QR PromptPay,
T003296,2026-02-26 11:23,B08,M0189,Platinum,In-store,Tea,1,80,0.00,80.00,QR PromptPay,
T003297,2026-02-26 11:25,B06,M0254,Bronze,In-store,Bakery,1,70,0.00,70.00,Credit Card,
T003298,2026-02-26 12:21,B02,M0274,Gld,In-store,Coffee,3,120,72.00,288.00,Cash,
T003299,2026-02-26 12:25,B06,,,In-store,Merchandise,2,355,0.00,710.00,QR PromptPay,
T003300,2026-02-26 12:53,B08,,,In-store,Coffee,1,70,0.00,70.00,Cash,
T003301,2026-02-26 13:16,B07,M0120,Gold,In-store,Bakery,2,50,20.00,80.00,QR PromptPay,4
T003302,2026-02-26 13:17,B01,M0069,Silver,Delivery,Merchandise,1,590,0.00,590.00,Cash,3
T003303,2026-02-26 13:46,B06,,,In-store,Bakery,1,75,0.00,75.00,Credit Card,
T003304,2026-02-26 13:54,B05,,,App,Coffee,1,110,0.00,110.00,App Wallet,2
T003305,2026-02-26 14:10,B03,M0272,Silver,In-store,Coffee,1,85,0.00,85.00,Cash,
T003306,2026-02-26 14:19,B06,M0007,Silver,App,Coffee,1,100,0.00,100.00,Credit Card,3
T003307,2026-02-26 15:40,B06,M0251,Bronze,In-store,Bakery,2,65,0.00,130.00,Cash,
T003308,2026-02-26 15:49,B03,,,In-store,Tea,1,50,0.00,50.00,QR PromptPay,4
T003309,2026-02-26 16:28,B01,,,In-store,Coffee,4,90,0.00,360.00,Cash,4
T003310,2026-02-26 16:45,B04,,,App,Bakery,4,฿80,0.00,320.00,App Wallet,
T003311,2026-02-26 16:46,B01,M9862,Platinum,In-store,Bakery,2,70,14.00,126.00,Credit Card,
T003312,2026-02-26 17:23,B02,M0089,Bronze,In-store,Bakery,1,70,0.00,70.00,Credit Card,
T003313,2026-02-26 17:37,B04,,,In-store,Coffee,3,85,0.00,255.00,Credit Card,
T003314,2026-02-26 18:05,B04,,,App,Merchandise,1,690,0.00,690.00,App Wallet,
T003315,2026-02-26 18:16,B08,M0200,Gold,In-store,Bakery,1,85,0.00,85.00,QR PromptPay,
T003316,2026-02-26 18:21, B06,,,App,Coffee,3,65,0.00,195.00,Credit Card,
T003317,2026-02-26 19:21,B05,M0091,Bronze,In-store,Coffee,1,90,0.00,90.00,QR PromptPay,
T003318,2026-02-26 19:22,B07,,,In-store,Merchandise,1,540,0.00,540.00,Cash,4
T003319,2026-02-26 19:53,B02,M0011,Gold,App,Bakery,1,105,0.00,105.00,App Wallet,
T003320,2026-02-27 08:30,B03,M0112,Platinum,Delivery,Coffee,2,85,0.00,170.00,QR PromptPay,
T003321,2026-02-27 08:48,B03,M0249,Silver,In-store,Coffee,1,65,0.00,65.00,Credit Card,
T003322,2026-02-27 08:49,B05,M0091,Bronze,App,Coffee,2,60,0.00,120.00,Credit Card,
T003323,2026-02-27 08:50,B05,,,Delivery,Coffee,1,115,0.00,115.00,Credit Card,5
T003324,2026-02-27 10:56,B08,M0189,Platinum,Instore,Bakery,1,60,0.00,60.00,Credit Card,
T003325,2026-02-27 10:58,B07,,,in-store,Coffee,2,105,0.00,210.00,QR PromptPay,3
T003326,2026-02-27 12:11,B07,M0054,Silver,In-store,Bakery,2,95,0.00,190.00,Cash,
T003327,2026-02-27 13:07,B06,M0095,Bronze,In-store,Coffee,2,110,0.00,220.00,Cash,
T003328,2026-02-27 13:46,B08,,,In-store,Merchandise,2,330,0.00,660.00,QR PromptPay,
T003329,2026-02-27 14:52,B07,M0066,Silver,In-store,Coffee,2,105,0.00,210.00,Cash,
T003330,2026-02-27 19:49,B07,,,In-store,Coffee,4,70,0.00,280.00,Credit Card,
T003331,2026-02-28 08:09,B08,,,In-store,Coffee,1,100,0.00,100.00,Credit Card,
T003332,2026-02-28 08:28,B03,M0027,Bronze,App,Coffee,1,120,0.00,120.00,Credit Card,
T003333,2026-02-28 08:39,B01,M0186,Platinum,In-store,Coffee,1,105,10.50,94.50,Cash,
T003334,2026-02-28 09:18,B01,M0253,Silver,In-store,Coffee,1,70,0.00,70.00,Cash,
T003334,2026-02-28 09:18,B01,M0253,Silver,In-store,Coffee,1,70,0.00,70.00,Cash,
T003335,2026-02-28 10:01,B05,M0311,Bronze,In-store,Bakery,1,90,0.00,90.00,QR PromptPay,
T003336,2026-02-28 10:43,B07,M0073,Gold,In-store,Coffee,4,95,0.00,380.00,Credit Card,4
T003337,2026-02-28 11:32,B07,,,In-store,Coffee,1,95,0.00,95.00,QR PromptPay,
T003338,2026-02-28 11:39,B08,M0186,Platinum,In-store,Coffee,4,60,24.00,216.00,QR PromptPay,5
T003339,2026-02-28 12:19,B08,M9632,Platinum,In-store,Coffee,1,115,0.00,115.00,Cash,
T003340,2026-02-28 12:33,B07,M0080,Silver,In-store,Tea,1,95,4.75,90.25,QR PromptPay,1
T003341,2026-02-28 12:58,B03,M0101,Bronze,In-store,Merchandise,1,830,0.00,830.00,Credit Card,
T003342,2026-02-28 12:58,B08,M0164,Gold,In-store,Merchandise,4,880,0.00,3520.00,Credit Card,4
T003343,2026-02-28 13:25,B05,M0212,Platinum,In-store,Coffee,1,80,0.00,80.00,QR PromptPay,3
T003344,2026-02-28 14:53,B02,M0144,Gold,Deliv.,Coffee,1,60,0.00,60.00,QR PromptPay,
T003345,2026-02-28 14:57,B08,M0006,Gold,In-store,Merchandise,1,650,0.00,650.00,Cash,3
T003346,2026-02-28 16:30,B02,M0011,Gold,App,Tea,1,65,0.00,65.00,App Wallet,
T003347,2026-02-28 16:44,B03,M0089,Bronze,In-store,Coffee,2,90,0.00,180.00,Cash,
T003348,2026-02-28 16:45,B04,M0222,Bronze,In-store,Tea,1,95,0.00,95.00,Credit Card,
T003349,2026-02-28 16:59,B06,,,Delivery,Merchandise,2,390,0.00,780.00,Credit Card,
T003350,2026-02-28 17:30,B01,M0081,Bronze,App,Merchandise,3,380,57.00,1083.00,Credit Card,5
T003351,2026-02-28 18:23,B08,M0280,Silver,App,Coffee,3,110,0.00,330.00,App Wallet,3
T003352,2026-02-28 19:01,B04,M0024,Silver,In-store,Bakery,2,85,0.00,170.00,QR PromptPay,
T003353,2026-02-28 19:14,B03,,,In-store,Coffee,3,120,0.00,360.00,Cash,4
T003354,2026-02-28 19:23,B07,M0305,Silver,In-store,Coffee,1,95,19.00,76.00,Credit Card,
T003355,2026-02-28 19:24,B02,M0325,Gold,In-store,Coffee,4,70,0.00,280.00,Cash,
T003356,2026-03-01 07:19,B04,,,In-store,Coffee,1,80,0.00,80.00,QR PromptPay,
T003357,2026-03-01 07:51,b08,M0212,Platinum,App,Bakery,1,70,10.50,59.50,App Wallet,
T003358,2026-03-01 08:40,B08,,,Delivery,Coffee,1,105,0.00,105.00,Cash,
T003359,2026-03-01 09:09,B05,M0178,Silver,Delivery,Coffee,3,100,0.00,300.00,Cash,
T003360,2026-03-01 09:41,B07,M0101,bronze,App,Coffee,1,105,0.00,105.00,App Wallet,
T003361,2026-03-01 10:07,B08,,,Delivery,Coffee,1,70,0.00,70.00,Credit Card,
T003362,2026-03-01 10:39,B04,,,In-store,Coffee,1,75,0.00,75.00,QR PromptPay,5
T003363,2026-03-01 11:56,B01,,,In-store,Coffee,1,105,0.00,105.00,Credit Card,
T003364,2026-03-01 12:04,B01,M0046,Silver,App,Merchandise,1,830,0.00,830.00,App Wallet,
T003365,2026-03-01 12:15,B07,,,In-store,Tea,1,70,0.00,70.00,Cash,
T003366,2026-03-01 12:18,B01,M0052,Bronze,In-store,Tea,2,70,0.00,140.00,QR PromptPay,4
T003367,2026-03-01 13:22,B04,M0179,Platinum,App,Coffee,1,80,0.00,80.00,App Wallet,
T003368,2026-03-01 13:36,B01,M0183,Bronze,In-store,Coffee,1,85,8.50,76.50,QR PromptPay,4
T003369,2026-03-01 13:40,b02,M0229,Silver,Delivery,Coffee,3,100,0.00,300.00,QR PromptPay,5
T003370,2026-03-01 14:36,B02,M0160,Bronze,App,Coffee,1,70,0.00,70.00,App Wallet,
T003371,2026-03-01 15:21,B07,M0221,Silver,In-store,Coffee,4,60,0.00,240.00,QR PromptPay,4
T003372,2026-03-01 15:38,B08,M0084,Silver,In store,Coffee,1,60,3.00,57.00,Cash,4
T003373,2026-03-01 15:58,B02,,,App,Tea,2,75,0.00,150.00,App Wallet,
T003374,2026-03-01 16:10,B05,M0091,Bronze,In-store,Coffee,1,105,0.00,105.00,Credit Card,
T003375,2026-03-01 16:29,B05,,,App,Coffee,3,65,0.00,195.00,App Wallet,
T003376,2026-03-01 17:07,B01,M0168,Silver,App,Bakery,2,95,19.00,171.00,App Wallet,
T003377,2026-03-01 19:33,B06,M0085,Silver,Delivery,Coffee,4,55,33.00,187.00,Credit Card,5
T003378,2026-03-02 08:41,B02,M0325,Gold,In-store,Coffee,1,85,12.75,72.25,Credit Card,
T003379,2026-03-02 08:45,B01,,,In-store,Tea,1,95,0.00,95.00,Cash,
T003380,2026-03-02 09:19,B03,M0177,Bronze,In-store,Tea,1,85,0.00,85.00,QR PromptPay,3
T003381,2026-03-02 09:32,B04,,,Delivery,Tea,1,70,0.00,70.00,QR PromptPay,5
T003382,2026-03-02 10:40,B04,M0046,Silver,App,Tea,1,90,0.00,90.00,Credit Card,5
T003383,2026-03-02 12:15,B04,M0018,Bronze,Delivery,Tea,2,90,0.00,180.00,QR PromptPay,3
T003384,2026-03-02 13:15,B08,M0005,Platinum,App,Coffee,1,115,5.75,109.25,Credit Card,4
T003385,2026-03-02 13:52,B03,M0249,Silver,In-store,Coffee,2,105,0.00,210.00,Credit Card,
T003386,2026-03-02 14:06,B05,M0331,Gold,In-store,Coffee,1,65,3.25,61.75,Cash,
T003387,2026-03-02 14:18,B05,M0313,Bronze,In-store,Bakery,3,45,0.00,135.00,Cash,4
T003388,2026-03-02 15:55,B03,M0121,Silver,App,Tea,4,90,72.00,288.00,Credit Card,
T003389,2026-03-02 16:08,B05,M0212,Platinum,In-store,Coffee,1,110,5.50,104.50,Cash,3
T003390,2026-03-02 16:14,B01,,,App,Coffee,3,75,0.00,225.00,App Wallet,
T003391,2026-03-02 16:19,B03,M0110,Silver,In-store,Coffee,1,95,0.00,95.00,Credit Card,3
T003392,2026-03-02 16:19,b05,M0178,Silver,In-store,Tea,3,50,0.00,150.00,Cash,4
T003393,2026-03-02 16:27,B01,M0194,Bronze,In-store,Bakery,1,105,21.00,84.00,Cash,
T003392,2026-03-02 16:36,B05,M0178,Silver,In-store,Tea,-3,50,-0.00,-150.00,Cash,
T003394,2026-03-02 17:30,B08,M0104,Gold,Delivery,Tea,1,95,9.50,85.50,Credit Card,5
T003395,2026-03-02 18:18,B01,M0251,Bronze,In-store,Coffee,1,60,0.00,60.00,Credit Card,
T003396,2026-03-02 18:21,B03,,,In-store,Coffee,1,55,0.00,55.00,QR PromptPay,
T003397,2026-03-02 19:02,B07,,,Delivery,Coffee,2,85,0.00,170.00,QR PromptPay,4
T003398,2026-03-02 19:17,B04,M0090,Platinum,App,Tea,1,90,4.50,85.50,App Wallet,5
T003399,2026-03-02 19:26,B03,,,Delivery,Coffee,1,105,0.00,105.00,QR PromptPay,
T003400,2026-03-03 07:32,B04,M0324,Gold,Mobile App,Bakery,4,110,44.00,396.00,Credit Card,
T003401,2026-03-03 08:02,B07,M0205,Silver,In-store,Tea,1,65,9.75,55.25,QR PromptPay,
T003402,2026-03-03 08:12,B07,M0083,Gold,App,Coffee,3,70,0.00,210.00,App Wallet,
T003403,2026-03-03 08:43,B06,M0094,Silver,In-store,Coffee,2,85,0.00,170.00,QR PromptPay,
T003404,2026-03-03 09:10,B07,M0053,BRONZE,Delivery,Bakery,1,70,0.00,70.00,Credit Card,
T003405,2026-03-03 10:05,B08,M0039,Silver,App,Coffee,3,80,0.00,240.00,App Wallet,5
T003406,2026-03-03 10:44,B08,M0005,platinum,In-store,Bakery,1,80,12.00,68.00,QR PromptPay,
T003407,2026-03-03 11:18,B05,M0077,Silver,In-store,Bakery,1,75,0.00,75.00,QR PromptPay,
T003408,2026-03-03 11:39,B03,,,App,Coffee,2,85,0.00,170.00,App Wallet,3
T003409,2026-03-03 12:38,B06,M0094,SILVER,In-store,Coffee,2,90,0.00,180.00,QR PromptPay,
T003409,2026-03-03 12:38,B06,M0094,SILVER,In-store,Coffee,2,90,0.00,180.00,QR PromptPay,
T003410,2026-03-03 13:00,B03,M0097,Bronze,In-store,Merchandise,3,730,0.00,2190.00,QR PromptPay,4
T003411,2026-03-03 13:44,B05,,,App,Bakery,1,90,0.00,90.00,Credit Card,
T003412,2026-03-03 14:04,B08,M0189,Platinum,In-store,Merchandise,1,715,0.00,715.00,Credit Card,
T003413,2026-03-03 14:07,B05,M0165,Bronze,Delivery,Coffee,2,95,0.00,190.00,Credit Card,
T003414,2026-03-03 14:31,B01,M0153,Silver,In store,Bakery,1,50,0.00,50.00,QR PromptPay,
T003415,2026-03-03 14:51,B08,M0187,Silver,In-store,Coffee,3,115,0.00,345.00,Cash,
T003416,2026-03-03 16:14,B07,M0065,Platinum,In-store,Coffee,1,100,15.00,85.00,Credit Card,3
T003417,2026-03-03 16:20,B02,M0274,Gold,In-store,Bakery,3,55,0.00,165.00,Cash,3
T003418,2026-03-03 16:21,B08,,,App,Bakery,2,45,0.00,90.00,App Wallet,
T003419,2026-03-03 16:32,B06,,,App,Coffee,3,75,0.00,225.00,Credit Card,3
T003420,2026-03-03 16:37,B04,,,In-store,Coffee,4,65,0.00,260.00,Cash,
T003421,2026-03-03 16:43,B03,M0249,Silver,App,Coffee,1,65,0.00,65.00,App Wallet,4
T003422,2026-03-03 17:22,B05,M0157,Gold,App,Coffee,3,85,0.00,255.00,Credit Card,4
T003423,2026-03-03 18:17,B04,M0024,Silver,In-store,Coffee,2,110,0.00,220.00,Cash,4
T003424,2026-03-03 18:33,B06,M0153,Silver,App,Coffee,3,90,40.50,229.50,App Wallet,4
T003425,2026-03-04 07:00,B08,,,In-store,Merchandise,2,340,0.00,680.00,QR PromptPay,
T003426,2026-03-04 07:03,B05,M0216,Gold,In-store,Coffee,1,120,18.00,102.00,QR PromptPay,
T003427,2026-03-04 07:27,B08,,,In-store,Bakery,4,105,0.00,420.00,QR PromptPay,
T003428,2026-03-04 08:51,B03,M0221,Silver,Delivery,Bakery,4,70,0.00,280.00,Credit Card,
T003429,2026-03-04 08:54,B08,M0005,Platinum,In-store,Coffee,1,95,4.75,90.25,QR PromptPay,
T003430,2026-03-04 09:04,B05,M0049,Platinum,In-store,Coffee,1,105,5.25,99.75,Credit Card,
T003431,2026-03-04 09:24,B04,M0018,Bronze,In-store,Merchandise,1,385,0.00,385.00,Credit Card,2
T003432,2026-03-04 09:37,B04,M0212,Plat.,App,Tea,1,60,9.00,51.00,Credit Card,
T003433,2026-03-04 10:23,B04,M0304,Gold,In-store,Coffee,1,55,0.00,55.00,Credit Card,
T003434,2026-03-04 10:50,B02,M0200,Gold,In-store,Bakery,4,60,0.00,240.00,Credit Card,5
T003435,2026-03-04 10:57,B08,M0142,Bronze,APP,Coffee,2,75,0.00,150.00,App Wallet,
T003436,2026-03-04 11:24,B08,M0039,Silver,App,Coffee,4,95,19.00,361.00,App Wallet,
T003437,2026-03-04 12:51,B08,,,In-store,Bakery,2,90,0.00,180.00,QR PromptPay,5
T003438,2026-03-04 13:27,B01,M0197,SILVER,App,Coffee,3,70,0.00,210.00,App Wallet,4
T003439,2026-03-04 13:41,B05,,,Delivery,Merchandise,1,810,0.00,810.00,QR PromptPay,4
T003440,2026-03-04 13:44,B08,M0257,Platinum,Delivery,Coffee,1,70,3.50,66.50,QR PromptPay,4
T003441,2026-03-04 13:56,B07,M0203,Bronze,App,Coffee,1,120,12.00,108.00,Credit Card,
T003442,2026-03-04 14:15,B03,,,In-store,Bakery,1,75,0.00,75.00,Cash,4
T003443,2026-03-04 14:36,B07,,,Delivery,Tea,2,80,0.00,160.00,Credit Card,4
T003444,2026-03-04 16:48,B08,M0204,Gold,In-store,Coffee,1,120,6.00,114.00,Credit Card,
T003445,2026-03-04 17:53,B01,M0005,Platinum,In-store,Coffee,3,85,51.00,204.00,Cash,
T003446,2026-03-04 18:20,B01,M0251,Bronze,App,Coffee,2,70,0.00,140.00,Credit Card,4
T003447,2026-03-04 18:20,B03,M0165,Bronze,In-store,Coffee,1,110,0.00,110.00,QR PromptPay,
T003448,2026-03-04 18:49,B03,M0318,Bronze,Delivery,Coffee,2,70,0.00,140.00,Cash,4
T003449,2026-03-05 07:02,B03,,,In-store,Tea,2,80,0.00,160.00,Credit Card,
T003450,2026-03-05 07:45,B02,M0229,Silver,In-store,Coffee,4,110,0.00,440.00,Cash,
T003451,2026-03-05 08:22,B04,M0217,Silver,App,Tea,1,95,19.00,76.00,Credit Card,
T003452,2026-03-05 08:36,B05,,,App,Coffee,4,90,0.00,360.00,App Wallet,4
T003453,2026-03-05 08:53,B07,M0185,Silver,App,Bakery,3,95,0.00,285.00,App Wallet,
T003454,2026-03-05 09:13,B03,M0150,Bronze,In-store,Coffee,1,90,0.00,90.00,QR PromptPay,
T003455,2026-03-05 09:13,B02,M0081,Bronze,In-store,Coffee,1,110,0.00,110.00,QR PromptPay,
T003456,2026-03-05 10:16,B05,M0178,Silver,In-store,Coffee,4,110,0.00,440.00,QR PromptPay,
T003457,2026-03-05 10:17,B01,M0186,Platinum,App,Bakery,1,50,5.00,45.00,App Wallet,
T003458,2026-03-05 10:20,B05,,,Delivery,Coffee,1,70,0.00,70.00,Cash,
T003459,2026-03-05 10:26,B03,M0027,Bronze,In-store,Coffee,1,115,17.25,97.75,QR PromptPay,
T003460,2026-03-05 10:54,B01,,,In-store,Coffee,1,120,0.00,120.00,Credit Card,
T003461,2026-03-05 12:14,B07,M0205,Silver,App,Merchandise,2,485,0.00,970.00,App Wallet,
T003462,2026-03-05 12:29,B02,M0081,Bronze,In-store,Bakery,1,95,0.00,95.00,Cash,5
T003463,2026-03-05 12:35,B06,,,In-store,Coffee,1,65,0.00,65.00,Credit Card,
T003464,2026-03-05 12:45,B02,M0069,Silver,In-store,Bakery,4,105,0.00,420.00,QR PromptPay,4
T003465,2026-03-05 12:52,B02,M0144,Gold,Delivery,Coffee,1,95,0.00,95.00,Credit Card,
T003466,2026-03-05 13:00,B05,M0153,Silver,In-store,Coffee,1,105,0.00,105.00,Cash,
T003467,2026-03-05 13:14,B02,,,In-store,Bakery,1,80,0.00,80.00,QR PromptPay,
T003468,2026-03-05 15:39,B07,M0066,Silver,App,Coffee,2,100,20.00,180.00,App Wallet,
T003469,2026-03-05 19:15,B04,M0320,Silver,In-store,Tea,1,75,0.00,75.00,Cash,
T003470,2026-03-06 07:21,B01,M0251,Bronze,In-store,Bakery,1,100,0.00,100.00,Cash,
T003471,2026-03-06 08:13,B01,,,App,Bakery,1,75,0.00,75.00,App Wallet,
T003472,2026-03-06 08:25,B03,M0121,Silver,App,Coffee,2,85,0.00,170.00,App Wallet,
T003473,2026-03-06 08:30,B08,M0268,Silver,App,Bakery,1,100,15.00,85.00,Credit Card,4
T003474,2026-03-06 09:25,B08,M0331,Gold,In-store,Merchandise,4,730,292.00,2628.00,Cash,
T003475,2026-03-06 09:31,B04,M0046,Silver,In-store,Bakery,1,100,15.00,85.00,Cash,
T003476,2026-03-06 09:57,B02,M0176,Bronze,Delivery,Coffee,4,90,0.00,360.00,Cash,
T003477,2026-03-06 10:13,B04,M0203,Brz,APP,Coffee,1,85,8.50,76.50,Credit Card,
T003478,2026-03-06 12:25,B04,,,In-store,Coffee,3,95,0.00,285.00,Credit Card,
T003479,2026-03-06 12:36,B07,M0270,Bronze,In-store,Merchandise,1,430,0.00,430.00,QR PromptPay,
T003480,2026-03-06 12:44,B05,M0216,Gold,App,Coffee,1,100,10.00,90.00,App Wallet,4
T003481,2026-03-06 13:11,B04,M0183,Bronze,In-store,Coffee,4,120,0.00,480.00,Cash,1
T003482,2026-03-06 13:14,B07,M0066,Silver,App,Coffee,3,115,0.00,345.00,Credit Card,
T003483,2026-03-06 13:28,B02,,,In-store,Bakery,1,90,0.00,90.00,Cash,
T003484,2026-03-06 13:43,B01,M0294,Bronze,App,Coffee,2,75,0.00,150.00,Credit Card,
T003485,2026-03-06 15:34,B03,M0110,Silver,App,Bakery,1,75,15.00,60.00,Credit Card,4
T003486,2026-03-06 15:38,B07,M0080,Silver,In-store,Bakery,2,65,0.00,130.00,Credit Card,3
T003487,2026-03-06 16:39,B03,M0112,Platinum,App,Coffee,3,110,49.50,280.50,App Wallet,
T003488,2026-03-06 16:48, B03,M0312,Bronze,App,Coffee,1,90,18.00,72.00,App Wallet,
T003489,2026-03-06 16:51,B04,M0018,BRONZE,Delivery,Merchandise,1,665,0.00,665.00,Cash,3
T003490,2026-03-06 17:32,B03,M0027,Bronze,In-store,Bakery,1,45,2.25,42.75,QR PromptPay,4
T003491,2026-03-06 18:59,B08,M0278,Bronze,In-store,Bakery,1,90,0.00,90.00,Credit Card,
T003492,2026-03-07 08:50,B04,,,In-store,Coffee,4,55,0.00,220.00,Cash,
T003493,2026-03-07 08:56,B01,,,In-store,Merchandise,3,385,0.00,1155.00,Credit Card,
T003494,2026-03-07 08:57,B05,M0088,Silver,In-store,Coffee,2,115,0.00,230.00,Cash,5
T003495,2026-03-07 08:59,B03,M0312,Bronze,App,Coffee,2,80,32.00,128.00,App Wallet,2
T003496,2026-03-07 09:36,B01,M0251,Bronze,Delivery ,Coffee,4,115,0.00,460.00,QR PromptPay,4
T003497,2026-03-07 09:58,B07,M0245,Gold,App,Merchandise,1,610,122.00,488.00,Credit Card,4
T003498,2026-03-07 12:02,B04,M0315,Platinum,In-store,Coffee,3,75,0.00,225.00,Credit Card,
T003499,2026-03-07 12:39,B08,M0104,Gold,In-store,Bakery,2,85,25.50,144.50,Cash,
T003500,2026-03-07 12:42,B07,M0023,Bronze,In-store,Tea,1,95,0.00,95.00,Cash,
T003501,2026-03-07 12:58,B01,M0069,Silver,App,Bakery,1,45,0.00,45.00,App Wallet,5
T003498,2026-03-07 13:00,B04,M0315,Platinum,In-store,Coffee,-3,75,-0.00,-225.00,Credit Card,
T003502,2026-03-07 13:22,B08,M0006,Gold,In-store,Bakery,3,75,0.00,225.00,QR PromptPay,2
T003503,2026-03-07 13:24,B04,M0222,BRONZE,Delivery,Tea,1,65,0.00,65.00,Credit Card,4
T003504,2026-03-07 13:45,B03,M9108,Bronze,App,Coffee,2,120,0.00,240.00,Credit Card,
T003505,2026-03-07 13:50,B05,M0083,Gold,In-store,Tea,1,80,8.00,72.00,QR PromptPay,
T003506,2026-03-07 14:39,B07,M0179,Platinum,In-store,Bakery,3,65,9.75,185.25,QR PromptPay,
T003507,2026-03-07 14:58,B03,M0182,Silver,In-store,Bakery,3,90,0.00,270.00,Cash,
T003508,2026-03-07 15:00,B01,M0175,Silver,Delivery,Tea,2,60,0.00,120.00,Credit Card,
T003509,2026-03-07 15:42,B02,M0210,Bronze,In-store,Coffee,2,70,0.00,140.00,QR PromptPay,
T003510,2026-03-07 15:56,B03,M0110,Silver,In-store,Merchandise,1,405,20.25,384.75,Cash,
T003511,2026-03-07 16:02,B06,M0024,Silver,In-store,Bakery,2,95,38.00,152.00,Credit Card,
T003512,2026-03-07 16:56,B07,M0065,Platinum,App,Tea,3,60,0.00,180.00,Credit Card,
T003513,2026-03-07 18:25,B07,,,App,Coffee,1,85,0.00,85.00,App Wallet,
T003514,2026-03-07 18:54,B01,,,In-store,Bakery,1,90,0.00,90.00,QR PromptPay,
T003515,2026-03-08 08:29,B08,M0187,Silver,Delivery,Coffee,3,9999,0.00,29997.00,Credit Card,
T003516,2026-03-08 09:19,B07,M0079,Gold,App,Coffee,3,70,0.00,210.00,App Wallet,
T003517,2026-03-08 09:31,B07,M0233,SILVER,Delivery,Coffee,1,100,0.00,130.00,QR PromptPay,4
T003518,2026-03-08 09:31,B03,,,Delivery,Bakery,1,90,0.00,90.00,Credit Card,4
T003519,2026-03-08 09:57,B01,,,In-store,Merchandise,1,270,0.00,270.00,Cash,
T003520,2026-03-08 11:06,B04,M0304,Gold,In-store,Coffee,1,60,0.00,60.00,QR PromptPay,
T003521,2026-03-08 11:33,B06,M0049,Platinum,in-store,Coffee,2,120,0.00,240.00,QR PromptPay,
T003522,2026-03-08 11:36,B02,M0325,Gold,In-store,Coffee,1,80,12.00,68.00,QR PromptPay,
T003523,2026-03-08 12:05,B04,M0153,Silver,In-store,Tea,3,60,0.00,180.00,Cash,
T003524,2026-03-08 12:24,B08,M0016,Bronze,In store,Tea,4,85,0.00,340.00,Credit Card,
T003525,2026-03-08 12:29,B08,M9862,Gold,Delivery,Coffee,1,70,0.00,70.00,QR PromptPay,
T003526,2026-03-08 12:39,B04,,,App,Coffee,2,80,0.00,160.00,App Wallet,
T003527,2026-03-08 13:06,B05,M0249,Silver,In-store,Coffee,4,110,0.00,440.00,QR PromptPay,
T003528,2026-03-08 13:40,B01,,,In store,Coffee,2,75,0.00,150.00,Credit Card,
T003529,2026-03-08 13:46,B03,,,App,Tea,1,90,0.00,90.00,Credit Card,
T003530,2026-03-08 13:54,B07,,,In-store,Coffee,1,70,0.00,70.00,QR PromptPay,
T003531,2026-03-08 13:55,B07,M0245,Gold,In-store,Bakery,1,45,9.00,36.00,QR PromptPay,
T003532,2026-03-08 16:08,B04,M0024,Silver,In-store,Tea,1,55,0.00,55.00,Credit Card,3
T003533,2026-03-08 16:19,b02,,,Delivery,Bakery,2,95,0.00,190.00,Credit Card,
T003534,2026-03-08 16:22, B02,M0140,Bronze,In-store,Coffee,2,115,0.00,230.00,Cash,
T003535,2026-03-08 17:01,B05,M0083,Gold,Mobile App,Bakery,1,90,0.00,90.00,App Wallet,4
T003536,2026-03-08 17:59,B07,M0270,Bronze,In-store,Coffee,3,90,0.00,270.00,Cash,4
T003537,2026-03-08 18:45,B06,M0134,Platinum,In-store,Coffee,1,55,5.50,49.50,Credit Card,
T003538,2026-03-08 18:46,B01,M0136,Bronze,In-store,Coffee,4,65,0.00,260.00,Cash,
T003539,2026-03-08 19:28,B4,M0291,Bronze,In-store,Coffee,3,110,0.00,330.00,Cash,
T003540,2026-03-08 19:33,B05,,,App,Bakery,1,80,0.00,80.00,Credit Card,
T003541,2026-03-08 19:56,b02,M0274,Gold,App,Coffee,1,90,0.00,90.00,Credit Card,
T003541,2026-03-08 19:56,b02,M0274,Gold,App,Coffee,1,90,0.00,90.00,Credit Card,
T003542,2026-03-09 07:03,B08,,,In-store,Coffee,1,105,0.00,105.00,QR PromptPay,
T003543,2026-03-09 07:07,B02,,,App,Merchandise,1,855,0.00,855.00,Credit Card,5
T003544,2026-03-09 08:15,B04,M0291,Bronze,In-store,Bakery,3,75,0.00,225.00,Credit Card,
T003545,2026-03-09 08:31,B04,M0311,Bronze,In-store,Coffee,1,110,0.00,110.00,Cash,
T003546,2026-03-09 08:33,B08,M0187,Silver,In-store,Bakery,4,75,0.00,300.00,QR PromptPay,4
T003547,2026-03-09 08:35,B03,M9357,Bronze,In store,Coffee,1,80,0.00,80.00,QR PromptPay,
T003548,2026-03-09 08:52,B04,M0323,Gold,In-store,Coffee,1,120,6.00,114.00,QR PromptPay,
T003545,2026-03-09 09:12,B04,M0311,BRONZE,In-store,Coffee,-1,110,-0.00,-110.00,Cash,
T003549,2026-03-09 11:00,B07,M0079,gold,In-store,Coffee,4,80,0.00,320.00,Cash,
T003550,2026-03-09 11:32,B01,,,In-store,Coffee,1,85,0.00,85.00,Cash,3
T003550,2026-03-09 11:32,B01,,,In-store,Coffee,1,85,0.00,85.00,Cash,3
T003551,2026-03-09 12:16,B07,M0065,Platinum,In-store,Coffee,1,80,8.00,72.00,Cash,5
T003552,2026-03-09 12:51,B06,M0196,Silver,Delivery,Tea,2,80,0.00,160.00,QR PromptPay,2
T003553,2026-03-09 13:08,B01,M0178,Silver,In-store,Coffee,1,80,12.00,68.00,Cash,3
T003554,2026-03-09 13:29,B08,M0113,Silver,In-store,Coffee,1,95,0.00,95.00,Credit Card,2
T003555,2026-03-09 14:06,B02,M0210,Bronze,Delivery,Coffee,3,110,0.00,330.00,Cash,
T003556,2026-03-09 14:34,B08,,,In-store,Coffee,1,95,0.00,95.00,QR PromptPay,5
T003557,2026-03-09 16:18,B01,,,In-store,Coffee,4,60,0.00,240.00,QR PromptPay,
T003558,2026-03-09 16:19,B04,M0091,Bronze,In-store,Tea,2,85,0.00,170.00,Credit Card,
T003559,2026-03-09 16:21,B02,M0083,Gold,In-store,Bakery,1,80,0.00,80.00,Credit Card,
T003560,2026-03-09 16:26,B08,M0204,Gold,In-store,Coffee,1,70,10.50,59.50,QR PromptPay,
T003561,2026-03-09 16:34,B08,,,App,Coffee,2,100,0.00,200.00,Credit Card,
T003562,2026-03-09 16:35,B03,M0261,Bronze,App,Merchandise,2,480,0.00,960.00,Credit Card,2
T003563,2026-03-09 16:35,B06,,,Delivery,Coffee,3,110,0.00,330.00,Credit Card,
T003564,2026-03-09 16:44,B07,,,App,Coffee,2,95,0.00,190.00,Credit Card,
T003565,2026-03-09 16:46,B06,M0094,Silver,App,Bakery,2,90,0.00,180.00,Credit Card,5
T003566,2026-03-09 16:53,B04,M0079,Gold,App,Coffee,2,90,0.00,180.00,Credit Card,
T003567,2026-03-09 18:46,B08,,,app,Bakery,1,95,0.00,95.00,App Wallet,
T003568,2026-03-09 19:18,B01,,,In-store,Merchandise,1,795,0.00,795.00,Cash,4
T003569,2026-03-10 08:18,B06,M0154,Bronze,in-store,Bakery,1,85,0.00,85.00,Credit Card,
T003570,2026-03-10 08:56,B06,M0191,Bronze,Delivery,Coffee,2,105,0.00,210.00,Credit Card,
T003571,2026-03-10 08:56,B07,,,In-store,Coffee,3,90,0.00,270.00,QR PromptPay,5
T003572,2026-03-10 08:56,B08,M0212,Platinum,In-store,Tea,3,85,0.00,255.00,Cash,4
T003573,2026-03-10 08:58,B04,M0315,Platinum,In-store,Bakery,2,65,0.00,130.00,QR PromptPay,
T003574,2026-03-10 09:32,B08,,,In-store,Merchandise,1,770,0.00,770.00,Credit Card,5
T003575,2026-03-10 09:35,B05,,,In-store,Bakery,2,55,0.00,110.00,QR PromptPay,4
T003576,2026-03-10 09:51,B04,M0181,Bronze,App,Bakery,4,55,0.00,220.00,App Wallet,5
T003577,2026-03-10 10:25,B05,M0157,Gold,In-store,Coffee,1,90,0.00,90.00,QR PromptPay,
T003578,2026-03-10 11:31,B05,M0233,Silver,App,Bakery,3,65,0.00,195.00,App Wallet,
T003579,2026-03-10 13:03,B03,M0223,Bronze,Delivery,Tea,2,50,0.00,100.00,Credit Card,
T003580,2026-03-10 13:34,B07,M0013,Silver,In-store,Tea,1,70,0.00,70.00,QR PromptPay,
T003581,2026-03-10 15:26,B08,,,In-store,Bakery,1,95,0.00,95.00,Cash,5
T003582,2026-03-10 15:54,B08,M0137,Bronze,In-store,Coffee,1,105,0.00,105.00,QR PromptPay,
T003583,2026-03-10 16:00,B3,,,In-store,Bakery,1,70,0.00,70.00,Cash,
T003584,2026-03-10 16:18,B04,M0304,Gold,In-store,Coffee,2,70,0.00,140.00,QR PromptPay,
T003585,2026-03-10 16:19,B08,M0209,Bronze,Delivery,Coffee,4,60,0.00,240.00,Credit Card,
T003586,2026-03-10 16:30,B05,M0188,Silver,In-store,Coffee,4,120,0.00,480.00,QR PromptPay,
T003587,2026-03-10 17:10,B07,,,In-store,Coffee,1,115,0.00,115.00,Credit Card,
T003588,2026-03-10 17:56,b03,M0312,Brz,Delivery,Merchandise,1,830,0.00,830.00,Credit Card,
T003589,2026-03-10 18:15,B02,M0101,Bronze,In-store,Bakery,1,55,0.00,55.00,QR PromptPay,
T003590,2026-03-10 18:28,B01,M0076,Silver,In-store,Coffee,2,85,0.00,170.00,Cash,
T003591,2026-03-10 19:01,B02,M0045,Bronze,Delivery,Coffee,3,80,0.00,240.00,Credit Card,4
T003592,2026-03-10 19:03,B06,M0276,Gold,In-store,Coffee,1,65,0.00,65.00,QR PromptPay,
T003593,2026-03-10 19:26,B06,,,In-store,Bakery,1,85,0.00,85.00,Credit Card,5
T003594,2026-03-11 07:42,B07,M0245,Gold,App,Coffee,4,85,34.00,306.00,Credit Card,
T003595,2026-03-11 08:30,B06,,,App,Coffee,3,70,0.00,210.00,App Wallet,
T003596,2026-03-11 08:55,B01,M0186,Platinum,Delivery,Bakery,3,45,0.00,135.00,Cash,
T003596,2026-03-11 08:55,B01,M0186,Platinum,Delivery,Bakery,3,45,0.00,135.00,Cash,
T003597,2026-03-11 10:21,B01,M0006,Gold,In-store,Merchandise,1,645,64.50,580.50,Credit Card,4
T003598,2026-03-11 10:54,B3,M0177,Bronze,In-store,Merchandise,1,630,0.00,630.00,QR PromptPay,3
T003599,2026-03-11 11:00,B03,,,In-store,Merchandise,1,595,0.00,595.00,Credit Card,
T003600,2026-03-11 11:08,B06,,,In-store,Coffee,1,100,0.00,100.00,Cash,
T003601,2026-03-11 11:23,B07,M0128,Bronze,In-store,Coffee,2,75,0.00,150.00,Cash,
T003602,2026-03-11 12:16,B07,M0157,Gold,In-store,Tea,1,55,0.00,55.00,QR PromptPay,
T003603,2026-03-11 12:22,B07,,,Delivery,Merchandise,3,470,0.00,1410.00,QR PromptPay,
T003604,2026-03-11 12:26,B02,M0081,Bronze,In-store,Coffee,4,90,0.00,360.00,QR PromptPay,
T003605,2026-03-11 12:48,B01,,,In-store,Merchandise,2,620,0.00,1240.00,QR PromptPay,4
T003606,2026-03-11 13:15,B01,M0317,Silver,In-store,Tea,4,65,0.00,260.00,QR PromptPay,
T003607,2026-03-11 15:10,B04,M0189,Platinum,In-store,Bakery,1,60,3.00,57.00,Credit Card,
T003608,2026-03-11 16:10,B06,M0042,Gold,In-store,Coffee,4,120,0.00,480.00,Cash,
T003609,2026-03-11 16:17,B06,,,App,Coffee,1,90,0.00,90.00,App Wallet,
T003610,2026-03-11 16:22,B06,M0094,Silver,In-store,Coffee,2,110,0.00,220.00,Credit Card,4
T003611,2026-03-11 16:23,B05,M0216,Gold,In-store,Bakery,1,75,0.00,75.00,Cash,3
T003612,2026-03-11 16:59,B02,M0155,Platinum,In-store,Coffee,2,55,0.00,110.00,QR PromptPay,4
T003613,2026-03-11 17:15,b03,M0326,Bronze,App,Bakery,4,45,0.00,180.00,App Wallet,3
T003614,2026-03-11 18:26,B05,M0251,Bronze,App,Bakery,3,75,11.25,213.75,Credit Card,5
T003615,2026-03-11 19:42,B07,M0218,Bronze,App,Coffee,2,85,0.00,170.00,App Wallet,
T003616,2026-03-11 19:51,B03,,,App,Bakery,1,55,0.00,55.00,App Wallet,
T003617,2026-03-12 07:05,B05,M0264,Platinum,In-store,Coffee,1,100,10.00,90.00,Cash,
T003618,2026-03-12 07:21,B05,,,In-store,Coffee,4,75,0.00,300.00,Cash,4
T003619,2026-03-12 08:56,B07,M0100,Bronze,Delivery,Bakery,3,45,0.00,135.00,QR PromptPay,
T003620,2026-03-12 09:15,B01,M0197,Slvr,In-store,Merchandise,1,615,0.00,615.00,Cash,2
T003621,2026-03-12 09:29,B04,M0291,Bronze,Delivery,Bakery,1,45,0.00,45.00,Credit Card,3
T003622,2026-03-12 10:54,B01,,,App,Coffee,1,95,0.00,95.00,Credit Card,
T003623,2026-03-12 12:45,B08,M0007,Silver,In-store,Bakery,3,95,14.25,270.75,Credit Card,
T003624,2026-03-12 12:55,B02,M0160,Bronze,In-store,Bakery,1,50,0.00,50.00,Cash,
T003625,2026-03-12 13:10,B02,M0325,Gold,In-store,Tea,4,60,0.00,240.00,QR PromptPay,4
T003626,2026-03-12 13:16,B02,M0325,Gold,app,Tea,2,60,0.00,120.00,App Wallet,
T003627,2026-03-12 13:22,B07,M0139,Bronze,In-store,Merchandise,4,780,0.00,3120.00,Credit Card,
T003628,2026-03-12 13:29,B03,,,In store,Coffee,1,75,0.00,75.00,QR PromptPay,
T003629,2026-03-12 16:33,B02,M0200,Gold,In-store,Coffee,1,100,0.00,100.00,QR PromptPay,4
T003630,2026-03-12 16:55,B02,,,App,Coffee,3,100,0.00,300.00,App Wallet,
T003631,2026-03-12 17:19,B02,,,In-store,Bakery,3,90,0.00,270.00,QR PromptPay,
T003632,2026-03-12 17:37,B07,M0263,Bronze,In-store,Bakery,1,85,0.00,85.00,QR PromptPay,4
T003633,2026-03-12 18:46,B04,M0264,Platinum,Delivery,Coffee,1,115,11.50,103.50,QR PromptPay,
T003634,2026-03-12 18:56,B01,M0083,Gold,Delivery,Coffee,1,90,0.00,90.00,Credit Card,
T003635,2026-03-12 19:27,B05,M0091,Brz,In-store,Bakery,1,55,0.00,55.00,QR PromptPay,5
T003636,2026-03-13 07:03,B06,,,Delivery,Tea,3,75,0.00,225.00,Cash,4
T003637,2026-03-13 08:05,B08,,,Delivery,Coffee,1,55,0.00,55.00,Cash,
T003638,2026-03-13 08:15,B03,M0003,Gold,in-store,Merchandise,1,740,148.00,592.00,Cash,
T003639,2026-03-13 08:43,B06,M0289,Bronze,App,Bakery,2,85,0.00,170.00,Credit Card,5
T003640,2026-03-13 09:08,B08,M0204,Gold,App,Coffee,3,80,0.00,240.00,Credit Card,4
T003641,2026-03-13 09:48,B06,M0296,bronze,In-store,Bakery,2,60,0.00,120.00,Cash,
T003642,2026-03-13 10:34,B04,M0042,Gold,In-store,Bakery,1,60,0.00,60.00,QR PromptPay,4
T003643,2026-03-13 10:48,B06,M0191,Bronze,In-store,Coffee,1,90,0.00,90.00,QR PromptPay,
T003644,2026-03-13 11:04,B03,M0177,Bronze,In-store,Merchandise,1,695,0.00,695.00,Credit Card,
T003644,2026-03-13 11:04,B03,M0177,Bronze,In-store,Merchandise,1,695,0.00,695.00,Credit Card,
T003645,2026-03-13 12:15,B05,M0083,Gold,Delivery,Bakery,1,80,0.00,80.00,QR PromptPay,2
T003646,2026-03-13 12:22,B01,M0197,Silver,In-store,Bakery,1,45,2.25,42.75,Cash,
T003647,2026-03-13 12:25,B08,,,App,Coffee,1,55,0.00,55.00,Credit Card,4
T003648,2026-03-13 12:52,B02,M0018,Bronze,In-store,Coffee,2,100,0.00,200.00,Credit Card,3
T003649,2026-03-13 12:53,B01,M0031,Silver,In-store,Coffee,4,115,0.00,460.00,Credit Card,3
T003650,2026-03-13 13:04,B04,,,App,Coffee,2,115,0.00,230.00,App Wallet,4
T003651,2026-03-13 13:32,B02,,,In-store,Coffee,1,65,0.00,65.00,Credit Card,4
T003652,2026-03-13 13:57,B02,M0140,Bronze,In-store,Tea,4,95,0.00,380.00,QR PromptPay,
T003653,2026-03-13 14:13,B03,M0226,Bronze,In-store,Coffee,2,85,0.00,170.00,QR PromptPay,
T003654,2026-03-13 14:33,B04,,,app,Bakery,3,60,0.00,180.00,Credit Card,
T003655,2026-03-13 15:07,B07,M0066,Silver,Delivery,Coffee,1,80,4.00,76.00,Credit Card,
T003656,2026-03-13 15:53,B06,,,Delivery,Coffee,2,115,0.00,230.00,Cash,
T003657,2026-03-13 16:02,B04,M0179,Platinum,App,Bakery,2,55,0.00,110.00,Credit Card,4
T003658,2026-03-13 16:33,B05,M0059,Bronze,In-store,Coffee,1,100,0.00,100.00,QR PromptPay,
T003659,2026-03-13 16:42,B01,M0186,Platinum,In-store,Bakery,2,65,0.00,130.00,QR PromptPay,
T003660,2026-03-13 16:55,B01,M0186,Platinum,In-store,Merchandise,1,760,114.00,646.00,Cash,
T003661,2026-03-13 17:00,B01,,,In-store,Coffee,1,105,0.00,105.00,Cash,5
T003662,2026-03-13 17:14,B01,,,In-store,Coffee,1,80,0.00,80.00,Cash,
T003663,2026-03-13 17:36,B03,M0312,Bronze,App,Coffee,4,55,0.00,220.00,App Wallet,
T003664,2026-03-13 17:40,B07,M0218,Bronze,In-store,Coffee,2,120,0.00,240.00,QR PromptPay,4
T003665,2026-03-13 18:12,B06,,,In-store,Bakery,2,45,0.00,90.00,QR PromptPay,3
T003666,2026-03-13 18:17,B06,M0324,Gold,App,Tea,3,85,0.00,255.00,Credit Card,
T003667,2026-03-14 07:26,B04,M0315,Platinum,In-store,Bakery,2,70,0.00,140.00,Cash,
T003668,2026-03-14 07:42,B07,M0273,Gold,In-store,Coffee,1,65,0.00,65.00,QR PromptPay,
T003669,2026-03-14 08:01,B02,M0160,Bronze,App,Bakery,1,60,0.00,60.00,App Wallet,
T003670,2026-03-14 08:11,B02,,,In store,Coffee,2,95,0.00,190.00,Cash,
T003671,2026-03-14 08:47,B03,M0110,Silver,In-store,Coffee,2,120,12.00,228.00,Credit Card,2
T003672,2026-03-14 09:14,B02,M0288,bronze,In-store,Coffee,1,110,0.00,110.00,Cash,5
T003673,2026-03-14 10:32,B03,M0254,Bronze,In-store,Coffee,3,115,0.00,345.00,Credit Card,
T003674,2026-03-14 10:55,B02,,,In-store,Bakery,1,45,0.00,45.00,QR PromptPay,
T003675,2026-03-14 12:31,B06,,,Delivery,Bakery,1,65,0.00,65.00,QR PromptPay,
T003676,2026-03-14 12:34,B07,M0270,Bronze,In-store,Coffee,2,110,11.00,209.00,QR PromptPay,3
T003677,2026-03-14 13:49,B05,M0125,SILVER,In-store,Merchandise,3,625,0.00,1875.00,Cash,
T003678,2026-03-14 14:00,B02,M0144,Gold,App,Bakery,2,45,4.50,85.50,App Wallet,2
T003679,2026-03-14 14:59,B02,M0210,Bronze,App,Coffee,1,75,0.00,75.00,App Wallet,
T003680,2026-03-14 15:38,B01,M0253,Silver,Delivery,Tea,4,50,0.00,200.00,Cash,
T003681,2026-03-14 16:01,B01,M0186,Platinum,In-store,Coffee,3,60,36.00,144.00,QR PromptPay,5
T003682,2026-03-14 16:30,B06,,,In-store,Coffee,1,120,0.00,120.00,QR PromptPay,
T003683,2026-03-14 16:39,B02,M0144,Gold,Delivery,Coffee,4,75,0.00,300.00,Credit Card,
T003684,2026-03-14 16:57,B05,M0231,Bronze,In-store,Coffee,4,70,0.00,280.00,Credit Card,2
T003685,2026-03-14 17:07,B02,M0144,Gld,In-store,Coffee,1,80,0.00,80.00,Credit Card,4
T003686,2026-03-14 17:09,B05,M0077,Silver,In-store,Coffee,3,55,8.25,156.75,Credit Card,
T003687,2026-03-14 17:45,B04,M0270,Bronze,In-store,Merchandise,1,715,0.00,715.00,QR PromptPay,
T003688,2026-03-14 17:59,B07,M0209,Bronze,In-store,Coffee,1,55,11.00,44.00,Credit Card,
T003689,2026-03-14 19:09,B02,M0160,Bronze,In-store,Tea,3,85,0.00,255.00,QR PromptPay,5
T003690,2026-03-15 08:28,B04,M0315,Platinum,In-store,Coffee,1,55,8.25,46.75,Credit Card,
T003691,2026-03-15 08:58,B03,M0101,Bronze,In-store,Merchandise,1,275,0.00,275.00,Cash,
T003692,2026-03-15 09:42,B03,M0024,Silver,App,Coffee,2,110,0.00,220.00,Credit Card,
T003693,2026-03-15 09:44,B02,M0245,Gold,In-store,Coffee,3,90,0.00,270.00,QR PromptPay,
T003694,2026-03-15 10:09,B02,,,App,Coffee,1,60,0.00,60.00,Credit Card,
T003695,2026-03-15 10:14,B05,M0227,Bronze,In-store,Coffee,2,100,0.00,200.00,QR PromptPay,3
T003696,2026-03-15 10:37,B04,M0179,Platinum,In-store,Coffee,3,110,16.50,313.50,Cash,
T003697,2026-03-15 10:45,B06,,,App,Coffee,4,75,0.00,300.00,App Wallet,4
T003698,2026-03-15 11:38,B02,M0279,Bronze,In-store,Coffee,2,110,0.00,220.00,QR PromptPay,
T003699,2026-03-15 12:34,B07,M0119,Gold,Delivery,Coffee,1,110,5.50,104.50,QR PromptPay,
T003700,2026-03-15 12:49,B02,M0023,Bronze,In-store,Tea,1,80,4.00,76.00,QR PromptPay,
T003701,2026-03-15 13:10,B07,,,Delivery,Bakery,1,85,0.00,85.00,Cash,
T003702,2026-03-15 13:35,B01,M0145,Silver,In store,Tea,3,95,28.50,256.50,QR PromptPay,
T003703,2026-03-15 13:48,B04,,,In-store,Bakery,4,95,0.00,380.00,Cash,3
T003704,2026-03-15 13:50,B05,,,In-store,Coffee,1,90,0.00,90.00,QR PromptPay,5
T003705,2026-03-15 15:22,B03,M0304,Gold,In-store,Coffee,3,120,0.00,360.00,QR PromptPay,
T003706,2026-03-15 15:27,B08,,,In-store,Bakery,1,70,0.00,70.00,QR PromptPay,4
T003707,2026-03-15 15:30,B07,,,App,Merchandise,4,850,0.00,3400.00,App Wallet,
T003708,2026-03-15 17:16,B04,M0100,Bronze,App,Coffee,2,80,32.00,128.00,Credit Card,
T003709,2026-03-15 17:36,B02,,,In-store,Coffee,4,95,0.00,380.00,QR PromptPay,
T003710,2026-03-15 17:51,B07,M0066,Silver,In-store,Bakery,2,60,0.00,120.00,QR PromptPay,
T003711,2026-03-15 19:14,B07,M0013,Silver,In-store,Bakery,3,90,0.00,270.00,Cash,
T003712,2026-03-15 19:39,B04,M0203,Bronze,In-store,Coffee,1,115,0.00,115.00,Cash,
T003712,2026-03-15 19:59,B04,M0203,Bronze,In-store,Coffee,-1,115,-0.00,-115.00,Cash,
T003713,2026-03-16 07:29,B02,M0274,Gold,In-store,Merchandise,4,570,0.00,2280.00,QR PromptPay,
T003714,2026-03-16 08:23,B08,,,In-store,Coffee,4,75,0.00,300.00,QR PromptPay,
T003715,2026-03-16 09:37,B03,M0097,Bronze,In-store,Tea,2,75,0.00,150.00,QR PromptPay,
T003716,2026-03-16 09:59,B06,M0196,Silver,App,Bakery,2,75,0.00,150.00,App Wallet,3
T003717,2026-03-16 10:08,B04,M0222,Bronze,In-store,Tea,4,95,0.00,380.00,Cash,
T003718,2026-03-16 10:56,B04,M0181,Bronze,In-store,Coffee,1,115,0.00,115.00,Credit Card,
T003719,2026-03-16 12:01,B01,M0062,Gold,In-store,Coffee,2,85,17.00,153.00,Credit Card,5
T003720,2026-03-16 12:01,B07,M0102,Bronze,In-store,Tea,2,65,26.00,104.00,QR PromptPay,
T003721,2026-03-16 12:49,B01,M0234,Silver,App,Merchandise,1,800,0.00,800.00,Credit Card,
T003722,2026-03-16 13:39,B04,,,In-store,Tea,2,90,0.00,180.00,QR PromptPay,
T003723,2026-03-16 13:47,B03,M0107,Gold,In-store,Bakery,2,105,31.50,178.50,Cash,
T003724,2026-03-16 13:57,B03,,,In-store,Coffee,1,85,0.00,85.00,QR PromptPay,
T003725,2026-03-16 14:22,B01,M0319,Bronze,Delivery,Coffee,2,120,0.00,240.00,Credit Card,
T003726,2026-03-16 14:50,B02,M0274,Gold,In-store,Merchandise,1,580,0.00,580.00,QR PromptPay,
T003727,2026-03-16 15:29,B01,M9403,Silver,In-store,Coffee,3,60,0.00,180.00,QR PromptPay,
T003728,2026-03-16 16:52,B02,M0118,Gold,In-store,Bakery,3,55,24.75,140.25,Credit Card,5
T003729,2026-03-16 17:39,B07,,,In-store,Coffee,4,85,0.00,340.00,Credit Card,5
T003730,2026-03-16 19:56,B07,M0073,Gold,Delivery,Coffee,3,80,0.00,240.00,Credit Card,3
T003731,2026-03-17 07:49,B08,M0212,Platinum,In-store,Tea,1,50 THB,10.00,40.00,Cash,
T003732,2026-03-17 08:00,B05,M0115,Silver,Delivery,Bakery,2,50,0.00,100.00,QR PromptPay,5
T003733,2026-03-17 08:04,B06,,,App,Bakery,1,80,0.00,80.00,Credit Card,5
T003734,2026-03-17 08:21,B04,,,In-store,Coffee,1,60,0.00,60.00,Cash,4
T003735,2026-03-17 10:59,B04,M0304,Gold,App,Coffee,3,55,24.75,140.25,App Wallet,3
T003736,2026-03-17 11:35,B01,,,In-store,Coffee,1,110,0.00,110.00,Cash,
T003737,2026-03-17 11:50,B03,M0107,Gold,In-store,Coffee,1,60,3.00,57.00,Credit Card,5
T003738,2026-03-17 12:37,B07,M0081,Bronze,Delivery,Merchandise,1,510,0.00,510.00,QR PromptPay,
T003739,2026-03-17 13:01,B08,M0268,Silver,Delivery,Coffee,2,120,0.00,240.00,QR PromptPay,5
T003740,2026-03-17 13:03,B08,M0278,Bronze,In-store,Coffee,2,80,16.00,144.00,QR PromptPay,3
T003740,2026-03-17 13:03,B08,M0278,Bronze,In-store,Coffee,2,80,16.00,144.00,QR PromptPay,3
T003741,2026-03-17 13:28,B04,M0065,Platinum,In-store,Coffee,3,85,38.25,216.75,Cash,
T003742,2026-03-17 13:35,B06,,,App,Coffee,1,115,0.00,115.00,App Wallet,
T003743,2026-03-17 13:45,B02,M0325,Gold,App,Tea,1,90,0.00,90.00,App Wallet,
T003744,2026-03-17 14:09,B01,M0029,Bronze,In-store,Bakery,1,55,0.00,55.00,Credit Card,5
T003745,2026-03-17 14:24,B06,M0094,Silver,Instore,Tea,1,60,0.00,60.00,Cash,
T003746,2026-03-17 15:08,b03,M0312,Bronze,Delivery,Merchandise,1,575,0.00,575.00,Credit Card,
T003747,2026-03-17 15:42,B07,M0079,Gold,Delivery,Coffee,1,105,0.00,105.00,Cash,
T003748,2026-03-17 15:53,B07,,,In-store,Coffee,4,90,0.00,360.00,QR PromptPay,4
T003749,2026-03-17 16:21,B04,M0153,Silver,Delivery,Coffee,2,80,0.00,160.00,QR PromptPay,3
T003750,2026-03-17 16:31,B04,M0186,Platinum,In-store,Coffee,1,65,3.25,61.75,QR PromptPay,
T003751,2026-03-17 16:41,B05,M0115,Silver,App,Coffee,4,90,18.00,342.00,App Wallet,
T003752,2026-03-17 16:59,B08,M0144,Gold,In-store,Coffee,1,95,0.00,95.00,QR PromptPay,
T003753,2026-03-17 17:51,B04,,,App,Coffee,1,55,0.00,55.00,App Wallet,
T003754,2026-03-17 18:03,B06,,,App,Coffee,1,65,0.00,65.00,Credit Card,3
T003755,2026-03-17 18:40,B06,M0164,Gold,Delivery,Tea,2,55,0.00,110.00,QR PromptPay,5
T003756,2026-03-17 18:49,B05,M9632,Bronze,In-store,Coffee,2,55,0.00,110.00,Cash,
T003757,2026-03-17 19:23,B06,,,In-store,Bakery,2,55,0.00,110.00,Credit Card,
T003758,2026-03-18 07:08,B03,,,Delivery,Coffee,3,70,0.00,210.00,Credit Card,
T003759,2026-03-18 08:43,B01,M0137,Bronze,In-store,Tea,1,90,0.00,90.00,QR PromptPay,
T003760,2026-03-18 09:26,B01,M0197,Silver,In-store,Coffee,3,100,0.00,300.00,Credit Card,
T003761,2026-03-18 09:31,B06,M0283,Silver,Delivery,Bakery,4,75,0.00,300.00,Cash,3
T003762,2026-03-18 09:51,B01,,,App,Coffee,3,85,0.00,255.00,App Wallet,
T003763,2026-03-18 09:56,B01,M0082,Gld,Delivery,Coffee,2,65,0.00,130.00,Cash,
T003764,2026-03-18 11:37,B05,M0101,Bronze,In-store,Bakery,1,55,0.00,55.00,QR PromptPay,4
T003765,2026-03-18 12:13,B01,M0197,Silver,App,Bakery,3,105,0.00,315.00,App Wallet,
T003766,2026-03-18 12:24,B01,,,in-store,Coffee,4,95,0.00,380.00,Credit Card,4
T003767,2026-03-18 12:59,B02,M0274,Gold,App,Bakery,2,70,0.00,140.00,Credit Card,
T003768,2026-03-18 13:07,B02,M0179,Plat.,In-store,Merchandise,2,665,199.50,1130.50,QR PromptPay,
T003769,2026-03-18 13:15,B04,,,Delivery,Bakery,4,70,0.00,280.00,Credit Card,
T003770,2026-03-18 13:23,B05,M0091,Bronze,In-store,Bakery,2,60,0.00,120.00,Credit Card,
T003771,2026-03-18 13:34,B01,M0137,Bronze,In-store,Tea,1,70,0.00,70.00,QR PromptPay,3
T003772,2026-03-18 13:50,B06,,,In-store,Bakery,1,55,0.00,55.00,QR PromptPay,
T003773,2026-03-18 13:57,B07,M0245,Gold,App,Coffee,2,55,16.50,93.50,App Wallet,
T003774,2026-03-18 14:11,B07,,,App,Coffee,1,115,0.00,115.00,App Wallet,2
T003775,2026-03-18 15:21,B05,M0178,Silver,In store,Coffee,1,110,0.00,110.00,Credit Card,
T003776,2026-03-18 16:23,B01,M0294,Bronze,Delivery,Coffee,1,105,0.00,105.00,Credit Card,
T003777,2026-03-18 16:29,B05,M0091,Brz,In-store,Coffee,1,75,0.00,75.00,QR PromptPay,
T003778,2026-03-18 18:03,B04,M0203,Bronze,In-store,Tea,1,55,0.00,55.00,Cash,
T003779,2026-03-18 18:11,B07,M0139,Brz,App,Bakery,1,100,0.00,100.00,App Wallet,
T003780,2026-03-18 19:02,B08,M0005,Platinum,In-store,Coffee,2,60,12.00,108.00,QR PromptPay,3
T003781,2026-03-19 08:04,B04,M0093,Bronze,Delivery,Bakery,1,65,9.75,55.25,QR PromptPay,
T003782,2026-03-19 08:11,B04,M0037,Bronze,In-store,Tea,2,90,0.00,180.00,QR PromptPay,
T003783,2026-03-19 08:19,B03,M0089,Bronze,Delivery,Coffee,2,105,0.00,210.00,QR PromptPay,
T003784,2026-03-19 08:22,B02,M0173,Silver,Delivery,Tea,1,65,0.00,65.00,QR PromptPay,
T003785,2026-03-19 08:40,B08,,,In-store,Coffee,1,55,0.00,55.00,Cash,
T003786,2026-03-19 08:59,B01,M0186,Platinum,Delivery,Bakery,1,45,0.00,45.00,Cash,3
T003787,2026-03-19 09:16,B06,M0313,Bronze,In-store,Coffee,1,75,0.00,75.00,Credit Card,
T003788,2026-03-19 09:33,B08,M0257,Platinum,Delivery,Coffee,1,100,0.00,100.00,Cash,5
T003789,2026-03-19 10:09,B03,M0189,Platinum,In-store,Merchandise,4,675,270.00,2430.00,Credit Card,5
T003790,2026-03-19 10:59,B02,M0325,Gold,App,Coffee,1,75,15.00,60.00,Credit Card,4
T003791,2026-03-19 12:01,B02,M0276,Gold,App,Coffee,1,95,9.50,85.50,Credit Card,2
T003792,2026-03-19 12:16,B01,,,In-store,Merchandise,4,250,0.00,1000.00,Cash,
T003793,2026-03-19 13:54,B07,M0198,Bronze,App,Coffee,2,105,0.00,210.00,Credit Card,
T003794,2026-03-19 15:11,B08,M0084,Silver,Delivery,Coffee,1,65,0.00,65.00,QR PromptPay,
T003795,2026-03-19 17:07,B04,M0232,Bronze,In-store,Merchandise,3,635,0.00,1905.00,Cash,3
T003796,2026-03-19 17:08,B08,,,In-store,Coffee,1,100,0.00,100.00,Cash,
T003797,2026-03-19 18:40,B07,,,Delivery,Coffee,4,120,0.00,480.00,Credit Card,
T003798,2026-03-20 07:20,B03,M0027,Bronze,Delivery,Coffee,4,90,0.00,360.00,Credit Card,
T003799,2026-03-20 08:34,B05,M9254,Gold,Delivery,Tea,2,90,0.00,180.00,Cash,
T003800,2026-03-20 08:41,B06,M0101,Bronze,App,Coffee,1,110,0.00,110.00,App Wallet,
T003801,2026-03-20 08:44,B03,,,App,Tea,1,90,0.00,90.00,Credit Card,4
T003802,2026-03-20 08:51,B06,,,App,Bakery,2,45,0.00,90.00,Credit Card,
T003803,2026-03-20 09:41,B02,M0200,Gold,In-store,Coffee,3,70,0.00,210.00,Credit Card,5
T003804,2026-03-20 11:29,B01,M9823,Silver,In-store,Coffee,4,95,0.00,380.00,Cash,
T003805,2026-03-20 11:34,B02,,,App,Coffee,1,70,0.00,70.00,App Wallet,
T003806,2026-03-20 12:06,B04,M0018,Bronze,In-store,Tea,2,70,0.00,140.00,Cash,2
T003807,2026-03-20 12:23,B04,M0256,Silver,In-store,Coffee,2,115,0.00,230.00,Cash,5
T003808,2026-03-20 12:35,B06,M0313,Bronze,In-store,Coffee,1,105,0.00,105.00,Credit Card,
T003809,2026-03-20 13:12,B03,M0085,Silver,App,Tea,1,50,5.00,45.00,App Wallet,
T003810,2026-03-20 13:30,B08,,,App,Coffee,1,110,0.00,110.00,App Wallet,3
T003811,2026-03-20 13:40,B01,M0046,Silver,app,Coffee,1,100,0.00,100.00,Credit Card,
T003812,2026-03-20 14:18,B8,M9632,Bronze,App,Tea,1,85,0.00,85.00,Credit Card,4
T003813,2026-03-20 14:30,B07,,,In-store,Coffee,4,60,0.00,240.00,QR PromptPay,
T003814,2026-03-20 16:00,B01,M0052,Bronze,App,Coffee,1,70,0.00,70.00,App Wallet,
T003815,2026-03-20 16:33,B01,,,in-store,Bakery,2,55,0.00,110.00,QR PromptPay,3
T003816,2026-03-20 17:43,B04,,,App,Coffee,1,110,0.00,110.00,App Wallet,
T003817,2026-03-20 18:02,B05,M0091,Bronze,In-store,Coffee,3,80,0.00,240.00,Credit Card,
T003818,2026-03-21 08:05,B08,M0223,Bronze,In-store,Bakery,1,100,0.00,100.00,QR PromptPay,
T003819,2026-03-21 08:05,B08,,,In-store,Coffee,4,110,0.00,440.00,QR PromptPay,
T003820,2026-03-21 08:50,B07,M0251,Bronze,In-store,Tea,1,80,0.00,80.00,QR PromptPay,
T003821,2026-03-21 09:19,B05,,,in-store,Bakery,2,110,0.00,220.00,QR PromptPay,2
T003822,2026-03-21 09:30,B04,,,App,Coffee,1,85,0.00,85.00,App Wallet,4
T003823,2026-03-21 10:05,B05,M0079,Gold,Delivery,Bakery,1,85,8.50,76.50,Credit Card,
T003824,2026-03-21 10:14,B08,M0212,Platinum,App,Bakery,2,110,0.00,220.00,App Wallet,
T003824,2026-03-21 10:14,B08,M0212,Platinum,App,Bakery,2,110,0.00,220.00,App Wallet,
T003825,2026-03-21 10:14,B03,M0312,Bronze,Delivery,Coffee,1,120,0.00,120.00,QR PromptPay,
T003826,2026-03-21 10:15,B05,M0245,GOLD,In-store,Tea,1,75,0.00,75.00,Cash,
T003827,2026-03-21 10:38,B01,M0186,Platinum,App,Coffee,2,90,18.00,162.00,Credit Card,3
T003828,2026-03-21 11:04,B08,M0268,Silver,In-store,Bakery,2,9999,0.00,19998.00,Cash,
T003829,2026-03-21 11:35,B04,M0136,Bronze,In-store,Tea,1,70,0.00,70.00,Credit Card,5
T003830,2026-03-21 11:48,B08,M0006,Gold,In-store,Coffee,1,80,12.00,68.00,Cash,4
T003831,2026-03-21 11:57,B08,M0006,Gold,Deliv.,Coffee,1,80,0.00,80.00,QR PromptPay,
T003832,2026-03-21 12:00,B08,M0189,Platinum,In-store,Merchandise,3,335,50.25,954.75,QR PromptPay,
T003833,2026-03-21 12:04,B03,M0251,Bronze,App,Merchandise,3,665,299.25,1695.75,App Wallet,
T003834,2026-03-21 12:36,B01,M0156,Bronze,App,Coffee,3,75,33.75,191.25,App Wallet,
T003835,2026-03-21 13:28,B05,,,In-store,Coffee,2,90,0.00,180.00,QR PromptPay,
T003836,2026-03-21 13:39,B07,M0073,Gold,In-store,Bakery,1,90,13.50,76.50,Cash,
T003837,2026-03-21 13:52,B01,M0294,Bronze,In-store,Coffee,1,70,0.00,70.00,Cash,4
T003838,2026-03-21 14:51,B03,,,In-store,Coffee,4,85,0.00,340.00,QR PromptPay,
T003839,2026-03-21 15:22,B03,M0097,Bronze,In-store,Coffee,1,75,0.00,75.00,QR PromptPay,
T003840,2026-03-21 15:30,B06,,,In-store,Coffee,3,110,0.00,330.00,QR PromptPay,
T003841,2026-03-21 15:55,B07,,,App,Tea,1,85,0.00,85.00,Credit Card,
T003842,2026-03-21 16:01,B05,M9862,Silver,In-store,Coffee,4,90,0.00,360.00,Credit Card,
T003843,2026-03-21 16:18,B04,,,In-store,Coffee,1,115,0.00,115.00,QR PromptPay,
T003844,2026-03-21 16:30,B08,M0164,Gold,In-store,Coffee,2,90,0.00,180.00,Credit Card,
T003845,2026-03-21 16:36,B01,M0198,Bronze,In-store,Coffee,1,85,0.00,85.00,Credit Card,
T003846,2026-03-21 16:39,B2,M0160,Bronze,App,Coffee,2,75,0.00,150.00,Credit Card,4
T003847,2026-03-21 16:58,B08,M0187,Silver,In-store,Coffee,1,65,0.00,65.00,QR PromptPay,5
T003848,2026-03-21 18:13,B07,M0325,Gold,In-store,Coffee,2,55,0.00,110.00,QR PromptPay,
T003849,2026-03-21 18:23,B05,,,App,Merchandise,4,255,0.00,1020.00,App Wallet,4
T003850,2026-03-21 18:30,B04,,,App,Tea,2,85,0.00,170.00,App Wallet,
T003851,2026-03-21 18:41,B01,M9403,Silver,In-store,Tea,1,60,12.00,48.00,QR PromptPay,
T003852,2026-03-21 18:44,B01,,,App,Bakery,1,100,0.00,100.00,App Wallet,
T003853,2026-03-22 08:11,B07,,,In-store,Coffee,1,90,0.00,90.00,QR PromptPay,
T003854,2026-03-22 08:44,B08,M0319,Bronze,In-store,Coffee,1,60,0.00,60.00,Credit Card,
T003855,2026-03-22 09:11,B03,M0027,Bronze,App,Coffee,2,120,0.00,240.00,App Wallet,3
T003856,2026-03-22 10:49,B07,M0273,Gold,App,Tea,1,50,10.00,40.00,App Wallet,
T003857,2026-03-22 11:05,B01,M0102,Bronze,In-store,Coffee,1,60,3.00,57.00,Credit Card,
T003858,2026-03-22 12:28,B02,M0066,Silver,App,Coffee,1,120,0.00,120.00,Credit Card,
T003859,2026-03-22 12:59,B04,M0137,Bronze,App,Coffee,2,105,0.00,210.00,App Wallet,
T003860,2026-03-22 13:05,B06,,,In-store,Coffee,3,115,0.00,345.00,QR PromptPay,
T003861,2026-03-22 13:44,b08,M0050,Bronze,In-store,Coffee,1,105,15.75,89.25,Credit Card,5
T003862,2026-03-22 13:48,B07,M0185,Silver,Delivery,Bakery,1,100,10.00,90.00,QR PromptPay,4
T003863,2026-03-22 14:26,B05,M0286,Gold,In store,Tea,3,85,0.00,255.00,Credit Card,3
T003864,2026-03-22 14:28,B05,M0197,Silver,In-store,Coffee,1,85,0.00,85.00,Credit Card,
T003865,2026-03-22 15:31,B08,,,In-store,Coffee,2,80,0.00,160.00,Cash,
T003866,2026-03-22 15:31,B04,M0256,Silver,App,Coffee,4,75,0.00,300.00,App Wallet,
T003867,2026-03-22 15:50,B02,M0079,Gold,App,Tea,1,75,0.00,75.00,Credit Card,
T003868,2026-03-22 17:14,B02,,,Delivery,Coffee,2,95,0.00,190.00,Cash,5
T003869,2026-03-22 17:39,B02,M0300,Bronze,In-store,Bakery,4,45,0.00,180.00,Credit Card,
T003870,2026-03-22 17:47,B06,M0154,Bronze,App,Coffee,1,85,0.00,85.00,Credit Card,
T003871,2026-03-22 17:50,B07,M0091,Bronze,Delivery,Tea,1,80,0.00,80.00,Credit Card,
T003872,2026-03-22 18:45,B07,M0139,Bronze,In-store,Tea,3,70,0.00,210.00,QR PromptPay,
T003873,2026-03-22 19:11,B08,,,In-store,Bakery,3,75,0.00,225.00,Credit Card,5
T003874,2026-03-22 19:15,B06,M0212,Platinum,In-store,Bakery,2,70,21.00,119.00,Cash,
T003875,2026-03-23 10:51,B07,M9108,Silver,In-store,Coffee,2,95,19.00,171.00,Cash,3
T003876,2026-03-23 11:55,B07,,,In-store,Merchandise,2,560,0.00,1120.00,Credit Card,
T003877,2026-03-23 12:17,B05,M0088,Silver,In-store,Coffee,1,55,11.00,44.00,Cash,4
T003878,2026-03-23 12:19,B03,,,In-store,Coffee,2,60,0.00,120.00,Credit Card,3
T003879,2026-03-23 12:21,B02,,,Delivery,Tea,1,85,0.00,85.00,Cash,
T003880,2026-03-23 12:51,B04,M0018,Bronze,Delivery,Tea,2,80,0.00,160.00,QR PromptPay,2
T003881,2026-03-23 13:32,B03,M0101,Bronze,App,Bakery,1,45,0.00,45.00,App Wallet,
T003882,2026-03-23 14:19,B05,M0077,Silver,In-store,Tea,1,60,3.00,57.00,Cash,4
T003883,2026-03-23 14:24,B07,M0080,Silver,In-store,Coffee,3,70,0.00,210.00,QR PromptPay,
T003884,2026-03-23 15:35,B07,,,App,Merchandise,1,680,0.00,680.00,App Wallet,3
T003885,2026-03-23 16:02,B07,M0283,Silver,Delivery ,Coffee,4,55,0.00,220.00,Cash,
T003886,2026-03-23 16:46,B08,M0187,Silver,In-store,Coffee,1,120,18.00,102.00,Credit Card,
T003887,2026-03-23 17:27,B04,,,Delivery,Coffee,1,110,0.00,110.00,Cash,
T003888,2026-03-23 17:56,B08,M0189,Platinum,In-store,Coffee,1,110,0.00,110.00,Credit Card,5
T003889,2026-03-23 18:09,B08,,,In-store,Coffee,1,55,0.00,55.00,Credit Card,
T003890,2026-03-23 18:11,B04,,,In-store,Bakery,1,45,0.00,45.00,Credit Card,4
T003891,2026-03-23 18:49,B02,M0284,Platinum,In-store,Bakery,1,90,0.00,90.00,Credit Card,
T003892,2026-03-23 18:59,B02,M0018,Bronze,App,Bakery,1,105,0.00,105.00,App Wallet,3
T003893,2026-03-23 19:32,B05,,,In-store,Coffee,1,110,0.00,110.00,QR PromptPay,
T003894,2026-03-24 07:12,B04,M0256,Silver,In-store,Coffee,1,110,0.00,110.00,Cash,
T003895,2026-03-24 07:18,B03,M0312,Bronze,Delivery,Coffee,1,80,12.00,68.00,Credit Card,2
T003896,2026-03-24 07:26, B01,M0062,Gold,In-store,Merchandise,1,400,0.00,400.00,QR PromptPay,4
T003897,2026-03-24 07:43,B02,M9632,Gold,In-store,Bakery,2,105,0.00,210.00,QR PromptPay,2
T003898,2026-03-24 07:46,B02,M0160,Bronze,In store,Tea,1,90,0.00,90.00,Cash,4
T003899,2026-03-24 08:31,B08,M0275,Bronze,In-store,Coffee,1,120,24.00,96.00,Cash,
T003900,2026-03-24 08:58,B07,M0257,Platinum,In-store,Coffee,2,115,11.50,218.50,Cash,
T003901,2026-03-24 10:12,B03,M0069,Silver,In-store,Coffee,1,90,0.00,90.00,Cash,4
T003901,2026-03-24 10:12,B03,M0069,Silver,In-store,Coffee,1,90,0.00,90.00,Cash,4
T003902,2026-03-24 11:45,B08,M0189,Platinum,Delivery,Coffee,2,55,0.00,110.00,Credit Card,
T003903,2026-03-24 11:56,B05,,,In-store,Tea,1,60,0.00,60.00,Credit Card,3
T003904,2026-03-24 12:00,B02,,,In-store,Tea,4,50,0.00,200.00,Credit Card,4
T003905,2026-03-24 12:33,B01,M0052,Bronze,In-store,Bakery,4,80,0.00,320.00,QR PromptPay,
T003906,2026-03-24 13:00,B01,,,In-store,Tea,1,70,0.00,70.00,QR PromptPay,
T003907,2026-03-24 13:12,B01,M0186,Platinum,In-store,Bakery,1,60,6.00,54.00,QR PromptPay,
T003908,2026-03-24 13:26,B04,M0304,Gold,In-store,Bakery,2,85,0.00,170.00,QR PromptPay,
T003909,2026-03-24 13:32,B07,M0280,Silver,In-store,Coffee,2,80,0.00,160.00,Credit Card,5
T003910,2026-03-24 14:33,B01,,,In-store,Coffee,2,65,0.00,130.00,QR PromptPay,4
T003911,2026-03-24 14:41,B05,,,App,Bakery,1,105,0.00,135.00,Credit Card,
T003912,2026-03-24 15:26,B08,,,Delivery,Coffee,2,85,0.00,170.00,Cash,5
T003913,2026-03-24 17:36,B03,M0121,Silver,App,Coffee,2,115,0.00,230.00,Credit Card,4
T003914,2026-03-24 17:37,B08,,,Delivery,Tea,3,90,0.00,270.00,Cash,
T003915,2026-03-24 17:45,B04,,,In-store,Coffee,2,110,0.00,220.00,QR PromptPay,
T003916,2026-03-24 18:01,B07,M0139,Bronze,In-store,Coffee,1,70,0.00,70.00,Credit Card,
T003917,2026-03-24 18:09,B03,M0065,Platinum,Delivery,Coffee,1,105,5.25,99.75,QR PromptPay,
T003918,2026-03-24 18:20,B01,M0186,Plat.,In-store,Coffee,2,55,5.50,104.50,QR PromptPay,
T003919,2026-03-24 18:54,B01,M0319,Bronze,Delivery,Coffee,4,110,0.00,440.00,QR PromptPay,
T003920,2026-03-24 19:03,B03,M0272,Silver,In-store,Bakery,4,90,0.00,360.00,Cash,
T003921,2026-03-24 19:24,B03,M0312,bronze,In-store,Coffee,1,70,3.50,66.50,QR PromptPay,1
T003922,2026-03-25 07:01,B02,M0160,Bronze,In-store,Merchandise,1,440,0.00,440.00,Credit Card,4
T003923,2026-03-25 07:33,B03,M0150,Bronze,App,Coffee,4,70,0.00,280.00,Credit Card,
T003924,2026-03-25 07:55,B03,M0312,Bronze,Delivery,Coffee,2,80,0.00,160.00,Credit Card,3
T003923,2026-03-25 08:17,B03,M0150,Bronze,App,Coffee,-4,70,-0.00,-280.00,Credit Card,
T003925,2026-03-25 08:18,B07,M0053,Bronze,In-store,Coffee,1,80,0.00,80.00,QR PromptPay,3
T003926,2026-03-25 08:26,B02,M0144,Gold,In-store,Merchandise,2,620,0.00,1240.00,Credit Card,
T003927,2026-03-25 08:34,B03,M0239,Bronze,App,Coffee,1,105,0.00,105.00,Credit Card,
T003928,2026-03-25 08:48,B04,M0024,Silver,In-store,Coffee,1,55,0.00,55.00,Cash,3
T003929,2026-03-25 09:50,B07,M0079,Gold,App,Tea,1,75,0.00,75.00,App Wallet,3
T003930,2026-03-25 10:04,B03,M0075,Bronze,In-store,Coffee,1,105,0.00,105.00,Cash,4
T003931,2026-03-25 10:05,B01,M0240,Gold,App,Coffee,4,105,84.00,336.00,Credit Card,
T003932,2026-03-25 11:08,B08,,,App,Tea,1,80,0.00,80.00,Credit Card,
T003933,2026-03-25 11:08,B05,M0253,Silver,Delivery,Coffee,3,55,16.50,148.50,QR PromptPay,5
T003934,2026-03-25 11:22,B01,,,In-store,Bakery,4,100,0.00,400.00,Cash,
T003935,2026-03-25 12:14,B01,M0052,Bronze,App,Coffee,2,80,32.00,128.00,Credit Card,
T003936,2026-03-25 12:34,B08,M0305,Silver,In-store,Merchandise,2,620,0.00,1240.00,QR PromptPay,
T003937,2026-03-25 13:03,B02,,,In-store,Coffee,2,120,0.00,240.00,QR PromptPay,
T003938,2026-03-25 13:29,B01,M0265,Bronze,In-store,Bakery,2,95,19.00,171.00,QR PromptPay,
T003939,2026-03-25 13:44,B03,M0110,Silver,In-store,Coffee,2,105,0.00,210.00,Credit Card,5
T003940,2026-03-25 14:12,B05,,,In-store,Coffee,1,65,0.00,65.00,Credit Card,5
T003941,2026-03-25 14:17,B03,,,In-store,Bakery,1,80,0.00,80.00,Credit Card,3
T003942,2026-03-25 14:19,B03,M0150,Bronze,In-store,Merchandise,1,790,79.00,781.00,QR PromptPay,
T003943,2026-03-25 14:25,B03,M0329,Bronze,Mobile App,Bakery,1,65,0.00,65.00,Credit Card,5
T003944,2026-03-25 14:48,B08,,,App,Coffee,1,120,0.00,120.00,Credit Card,3
T003945,2026-03-25 14:54, B06,M0294,Bronze,In-store,Coffee,1,90,0.00,90.00,Cash,
T003946,2026-03-25 15:01,B02,,,In-store,Coffee,2,115,0.00,230.00,Cash,3
T003947,2026-03-25 15:27,B03,,,In-store,Tea,1,95,0.00,95.00,Cash,5
T003948,2026-03-25 15:33,B01,M0145,Silver,In-store,Coffee,2,110,0.00,220.00,Cash,3
T003949,2026-03-25 16:43,B06,,,In-store,Bakery,1,90,0.00,90.00,Credit Card,
T003950,2026-03-25 16:46,B01,M0212,Platinum,In-store,Merchandise,1,420,63.00,357.00,Cash,
T003951,2026-03-25 18:49,B01,,,Delivery,Coffee,2,75,0.00,150.00,Credit Card,
T003952,2026-03-26 08:31,B06,M0196,Silver,Delivery,Tea,2,85,0.00,170.00,QR PromptPay,
T003953,2026-03-26 08:36,B03,M0249,Slvr,App,Tea,1,55,0.00,55.00,Credit Card,3
T003954,2026-03-26 08:59,B04,M0078,Bronze,In-store,Coffee,3,90,0.00,270.00,QR PromptPay,
T003955,2026-03-26 09:09,B02,M0308,Bronze,Delivery,Bakery,1,85,0.00,85.00,Cash,
T003956,2026-03-26 09:22,B06,M0188,Silver,App,Bakery,2,50,0.00,100.00,Credit Card,
T003957,2026-03-26 09:47,B08,M0212,Platinum,App,Bakery,1,80,16.00,64.00,App Wallet,
T003958,2026-03-26 10:21,B05,M0091,Bronze,Delivery,Coffee,1,110,0.00,110.00,Cash,5
T003959,2026-03-26 10:27,B05,M0059,Bronze,In-store,Tea,1,65,0.00,65.00,QR PromptPay,3
T003960,2026-03-26 10:34,B07,M0079,Gold,In-store,Coffee,2,75,0.00,150.00,Cash,
T003961,2026-03-26 11:29,B04,,,In-store,Coffee,2,60,0.00,120.00,QR PromptPay,
T003962,2026-03-26 12:00,B03,M0097,Bronze,In-store,Tea,1,85,0.00,85.00,Cash,3
T003963,2026-03-26 12:03,B03,M0050,Bronze,App,Coffee,3,115,69.00,276.00,Credit Card,3
T003964,2026-03-26 12:09,B08,M0245,Gold,App,Coffee,1,55,0.00,55.00,App Wallet,2
T003965,2026-03-26 12:12,B03,M0272,Silver,Delivery,Coffee,1,60,0.00,60.00,QR PromptPay,4
T003966,2026-03-26 12:17,B03,M0089,Brz,In-store,Coffee,2,100,10.00,190.00,QR PromptPay,
T003967,2026-03-26 12:24,B08,,,In-store,Bakery,2,105,0.00,210.00,Credit Card,4
T003968,2026-03-26 13:28,B01,M0294,bronze,App,Merchandise,3,525,0.00,1575.00,App Wallet,5
T003969,2026-03-26 13:37,B03,,,In-store,Coffee,2,85,0.00,170.00,Credit Card,
T003970,2026-03-26 13:50,B05,,,In-store,Merchandise,1,255,0.00,255.00,Credit Card,3
T003971,2026-03-26 13:54,B08,M0187,Silver,Delivery,Coffee,1,80,12.00,68.00,Credit Card,
T003972,2026-03-26 14:51,B07,,,In-store,Coffee,1,55,0.00,55.00,Cash,
T003973,2026-03-26 15:09,B04,M0160,Bronze,In-store,Tea,2,85,0.00,170.00,Credit Card,
T003974,2026-03-26 15:52,B01,M0253,Silver,App,Coffee,2,65,0.00,130.00,Credit Card,
T003975,2026-03-26 16:01,B03,,,In-store,Coffee,4,90,0.00,360.00,Cash,
T003976,2026-03-26 16:13,B05,M0152,Bronze,In-store,Coffee,2,120,0.00,240.00,Cash,
T003977,2026-03-26 16:17,B08,M0212,Platinum,In-store,Bakery,2,70,14.00,126.00,Cash,
T003978,2026-03-26 16:18,B01,M0082,Gold,In-store,Coffee,1,110,0.00,110.00,QR PromptPay,5
T003978,2026-03-26 16:18,B01,M0082,Gold,In-store,Coffee,1,110,0.00,110.00,QR PromptPay,5
T003979,2026-03-26 16:18,B03,M9799,Bronze,App,Merchandise,2,645,0.00,1290.00,App Wallet,
T003980,2026-03-26 16:21,B08,,,App,Merchandise,1,640,0.00,640.00,Credit Card,
T003981,2026-03-26 18:24,B06,M0276,Gold,In-store,Bakery,3,55,0.00,165.00,QR PromptPay,3
T003982,2026-03-26 18:25,B07,M0168,Silver,In-store,Coffee,1,55,0.00,55.00,Cash,
T003983,2026-03-26 18:51,B08,,,Delivery,Coffee,1,65,0.00,65.00,Cash,4
T003984,2026-03-26 19:00,B02,M0178,Silver,APP,Coffee,1,60,0.00,60.00,Credit Card,
T003985,2026-03-26 19:13,B07,M0120,Gold,In-store,Bakery,1,80,4.00,76.00,QR PromptPay,3
T003986,2026-03-26 19:55,B03,M0175,Silver,App,Coffee,4,120,0.00,480.00,App Wallet,
T003987,2026-03-26 19:56,B04,,,In-store,Tea,1,85,0.00,85.00,Cash,
T003988,2026-03-27 09:25,B01,M0186,Platinum,App,Bakery,1,70,3.50,66.50,Credit Card,
T003989,2026-03-27 09:27,B07,,,In-store,Bakery,1,50,0.00,50.00,QR PromptPay,
T003990,2026-03-27 09:38,b06,,,Delivery,Coffee,1,60,0.00,60.00,Credit Card,3
T003991,2026-03-27 10:07,B05,,,In-store,Tea,1,95,0.00,95.00,QR PromptPay,
T003992,2026-03-27 10:56,B01,M0062,Gold,App,Bakery,1,110,0.00,110.00,App Wallet,
T003993,2026-03-27 12:17,B06,,,In-store,Bakery,4,55,0.00,220.00,Cash,
T003994,2026-03-27 13:10,B03,M0175,Silver,In-store,Coffee,4,55,0.00,220.00,Credit Card,
T003995,2026-03-27 13:15,B01,M9357,Platinum,In-store,Coffee,3,60,0.00,180.00,Credit Card,
T003996,2026-03-27 13:26,B07,M0209,Bronze,App,Merchandise,4,595,0.00,2380.00,Credit Card,4
T003997,2026-03-27 13:39,B08,M0186,Platinum,Delivery,Coffee,4,75,0.00,300.00,QR PromptPay,
T003998,2026-03-27 13:46,B03,M0138,Silver,In-store,Coffee,1,120,12.00,108.00,QR PromptPay,
T003999,2026-03-27 15:26,B08,M0189,Platinum,In-store,Coffee,1,115,0.00,115.00,QR PromptPay,
T004000,2026-03-27 15:43,B08,,,In-store,Coffee,4,100,0.00,400.00,Credit Card,5
T004001,2026-03-27 16:17,B05,,,Delivery,Merchandise,1,675,0.00,675.00,Credit Card,
T004002,2026-03-27 16:30,B04,M0179,Platinum,In-store,Tea,2,60,0.00,120.00,QR PromptPay,
T004003,2026-03-27 16:43,B08,M0325,Gold,In store,Tea,4,75,0.00,300.00,Credit Card,4
T004004,2026-03-27 16:51,B02,,,App,Tea,1,90,0.00,90.00,App Wallet,
T004005,2026-03-27 17:12,B05,,,In-store,Coffee,1,95,0.00,95.00,Cash,4
T004006,2026-03-27 18:32,B01,M0270,Bronze,App,Coffee,1,55,0.00,55.00,Credit Card,
T004007,2026-03-27 19:36,B05,,,In-store,Bakery,1,55,0.00,55.00,Credit Card,
T004008,2026-03-28 07:32,B08,M0216,Gold,In-store,Bakery,1,70,7.00,63.00,QR PromptPay,
T004009,2026-03-28 07:43,B04,M0250,Bronze,Delivery,Coffee,1,95,0.00,95.00,QR PromptPay,4
T004010,2026-03-28 07:49,B01,M0262,Bronze,In-store,Bakery,2,100,0.00,200.00,Credit Card,
T004011,2026-03-28 08:20,B08,M0093,Bronze,App,Tea,1,50,0.00,50.00,Credit Card,
T004012,2026-03-28 08:27,B04,M9403,Silver,In-store,Bakery,1,110,0.00,110.00,QR PromptPay,
T004013,2026-03-28 08:44,B02,M0274,Gold,App,Coffee,2,115,0.00,230.00,App Wallet,
T004014,2026-03-28 08:48,B01,M0186,Platinum,In-store,Coffee,4,100,40.00,360.00,Cash,
T004015,2026-03-28 08:50,B02,M0107,Gold,In store,Coffee,2,55,0.00,110.00,Credit Card,
T004016,2026-03-28 08:56,B06,M0134,Platinum,In-store,Coffee,1,115,0.00,115.00,QR PromptPay,
T004017,2026-03-28 09:40,B05,M0091,Bronze,App,Bakery,1,95,0.00,95.00,Credit Card,
T004018,2026-03-28 09:51,B05,,,In-store,Coffee,1,65,0.00,65.00,QR PromptPay,5
T004019,2026-03-28 10:56,B03,,,Delivery,Bakery,4,60,0.00,240.00,Credit Card,
T004020,2026-03-28 11:39,B01,M0325,Gold,In-store,Coffee,1,65,0.00,65.00,Cash,
T004021,2026-03-28 11:52,B02,M0325,Gold,In-store,Coffee,2,90,0.00,180.00,QR PromptPay,5
T004022,2026-03-28 12:30,B06,,,Delivery,Coffee,2,105,0.00,210.00,QR PromptPay,4
T004023,2026-03-28 15:21,B08,M0164,Gold,App,Coffee,4,95,0.00,380.00,App Wallet,
T004023,2026-03-28 15:21,B08,M0164,Gold,App,Coffee,4,95,0.00,380.00,App Wallet,
T004024,2026-03-28 15:54,B02,M0225,Silver,In-store,Merchandise,1,865,129.75,735.25,Cash,4
T004025,2026-03-28 16:45,B05,M0091,Bronze,App,Tea,1,80,0.00,80.00,App Wallet,
T004026,2026-03-28 16:52,B04,M0179,Platinum,App,Coffee,1,105,0.00,105.00,App Wallet,4
T004024,2026-03-28 16:57,B02,M0225,Silver,In-store,Merchandise,-1,865,-129.75,-735.25,Cash,
T004027,2026-03-28 17:06,B01,,,App,Bakery,1,100,0.00,100.00,Credit Card,4
T004027,2026-03-28 17:06,B01,,,App,Bakery,1,100,0.00,100.00,Credit Card,4
T004028,2026-03-28 17:28,B03,,,In-store,Coffee,1,75,0.00,75.00,Cash,
T004029,2026-03-28 18:38, B07,M0119,Gold,Delivery,Bakery,1,75,0.00,75.00,QR PromptPay,3
T004030,2026-03-28 19:12,B08,M0305,Silver,Delivery,Coffee,2,110,0.00,220.00,Credit Card,
T004030,2026-03-28 19:12,B08,M0305,Silver,Delivery,Coffee,2,110,0.00,220.00,Credit Card,
T004031,2026-03-29 07:28,B03,,,App,Bakery,1,90,0.00,90.00,Credit Card,
T004032,2026-03-29 07:39,B03,M0097,Bronze,Delivery,Coffee,1,80,0.00,80.00,Credit Card,
T004033,2026-03-29 08:11,B06,M0313,BRONZE,In-store,Bakery,3,110,0.00,330.00,Credit Card,
T004034,2026-03-29 08:34,B07,M0185,Silver,In-store,Coffee,1,฿80.00,0.00,80.00,Cash,
T004035,2026-03-29 08:37,B05,M0149,Silver,In-store,Coffee,1,95,0.00,95.00,QR PromptPay,
T004036,2026-03-29 08:43,B06,M0325,Gold,In-store,Coffee,4,120,24.00,456.00,Credit Card,4
T004037,2026-03-29 08:47,B06,M0094,Silver,In-store,Coffee,1,110,0.00,110.00,Cash,3
T004038,2026-03-29 10:24,B06,,,In-store,Coffee,1,80,0.00,80.00,Credit Card,
T004039,2026-03-29 10:42,B02,M0325,Gold,In-store,Coffee,4,120,48.00,432.00,QR PromptPay,
T004040,2026-03-29 12:44,B06,M9403,Silver,In-store,Bakery,2,85,0.00,170.00,Cash,
T004041,2026-03-29 13:01,B06,,,In-store,Coffee,1,120,0.00,120.00,Cash,
T004042,2026-03-29 13:16,B02,,,In-store,Merchandise,1,780,0.00,780.00,Credit Card,
T004043,2026-03-29 13:16,B04,,,Delivery,Coffee,2,95,0.00,190.00,Credit Card,
T004044,2026-03-29 13:45,B06,,,In-store,Coffee,1,90,0.00,90.00,Cash,
T004045,2026-03-29 13:58,B01,M0052,Bronze,Instore,Coffee,1,65,13.00,52.00,QR PromptPay,
T004046,2026-03-29 14:02,B06,M0149,Silver,In-store,Coffee,1,110,0.00,110.00,Credit Card,
T004047,2026-03-29 14:39,B01,M0319,Bronze,In-store,Tea,2,55,0.00,110.00,Cash,
T004048,2026-03-29 15:39,B07,,,In-store,Coffee,2,95,0.00,190.00,Credit Card,
T004049,2026-03-29 15:51,B03,M0231,Bronze,In-store,Coffee,1,60,12.00,48.00,Credit Card,
T004050,2026-03-29 15:58,b06,,,In-store,Tea,3,55,0.00,165.00,Cash,
T004051,2026-03-29 16:25,B08,M0245,Gold,In-store,Merchandise,3,460,0.00,1380.00,Cash,3
T004052,2026-03-29 17:23,B03,M0138,Silver,In-store,Merchandise,4,495,0.00,1980.00,QR PromptPay,
T004053,2026-03-29 17:37,B04,M0157,Gold,Delivery,Bakery,1,85,12.75,72.25,Cash,
T004054,2026-03-29 17:42,B07,M0030,Bronze,In-store,Coffee,1,฿60,0.00,60.00,QR PromptPay,3
T004055,2026-03-29 18:08,B05,M0178,Silver,Instore,Coffee,1,115,0.00,115.00,QR PromptPay,4
T004056,2026-03-29 19:31,B01,M0199,Gold,In-store,Coffee,2,70,28.00,112.00,Cash,5
T004057,2026-03-30 07:11,B02,,,App,Bakery,1,90,0.00,90.00,App Wallet,
T004058,2026-03-30 08:36,B06,,,In-store,Tea,1,85,0.00,85.00,QR PromptPay,
T004058,2026-03-30 08:36,B06,,,In-store,Tea,1,85,0.00,85.00,QR PromptPay,
T004059,2026-03-30 08:58,B07,M0120,Gold,App,Coffee,1,115,23.00,92.00,App Wallet,3
T004060,2026-03-30 10:20,B03,M0085,Silver,In-store,Bakery,4,110,66.00,374.00,Cash,
T004061,2026-03-30 10:52,B03,M0089,Bronze,App,Tea,1,95,0.00,95.00,App Wallet,
T004062,2026-03-30 12:43,B05,,,Delivery,Bakery,1,110,0.00,110.00,Cash,4
T004063,2026-03-30 12:52,B01,M0317,Silver,In-store,Coffee,2,75,0.00,150.00,Credit Card,
T004064,2026-03-30 15:18,B02,M0152,Bronze,In-store,Coffee,1,65,6.50,58.50,Credit Card,
T004065,2026-03-30 15:20,B05,M0188,Silver,Mobile App,Bakery,2,45,0.00,90.00,Credit Card,4
T004066,2026-03-30 15:30,B01,M0212,Platinum,App,Bakery,1,95,0.00,95.00,App Wallet,
T004065,2026-03-30 16:35,B05,M0188,Silver,App,Bakery,-2,45,-0.00,-90.00,Credit Card,
T004067,2026-03-30 19:17,B05,M0077,silver,Delivery,Coffee,1,65,13.00,52.00,QR PromptPay,
T004068,2026-03-31 07:51,B05,,,Delivery ,Tea,1,95,0.00,95.00,Cash,4
T004069,2026-03-31 08:10,B03,M0115,Silver,App,Merchandise,1,685,0.00,685.00,Credit Card,
T004070,2026-03-31 08:22,B02,,,App,Tea,1,80,0.00,80.00,Credit Card,
T004070,2026-03-31 08:22,B02,,,App,Tea,1,80,0.00,80.00,Credit Card,
T004071,2026-03-31 08:45,B03,M0186,Platinum,In-store,Merchandise,1,720,144.00,576.00,Credit Card,
T004072,2026-03-31 09:05,B05,M0083,Gold,App,Coffee,3,75,0.00,225.00,App Wallet,
T004073,2026-03-31 09:31,B05,,,In-store,Bakery,1,80,0.00,80.00,QR PromptPay,5
T004071,2026-03-31 09:33,B03,M0186,Platinum,In-store,Merchandise,-1,720,-144.00,-576.00,Credit Card,
T004074,2026-03-31 09:38,B08,M0212,Platinum,In-store,Coffee,1,100,5.00,95.00,Credit Card,
T004075,2026-03-31 09:59,B01,M0144,Gold,In-store,Coffee,2,120,0.00,240.00,Credit Card,
T004076,2026-03-31 10:18,B06,,,App,Coffee,4,95,0.00,380.00,App Wallet,
T004077,2026-03-31 10:52,B07,M0185,Silver,App,Coffee,2,120,24.00,216.00,App Wallet,5
T004078,2026-03-31 11:18,B07,M0185,Silver,In-store,Coffee,2,85,8.50,161.50,Cash,
T004079,2026-03-31 11:58,B02,M0200,Gold,In-store,Coffee,1,70,7.00,63.00,QR PromptPay,
T004080,2026-03-31 12:00,B06,,,In-store,Coffee,3,110,0.00,330.00,Credit Card,4
T004081,2026-03-31 12:19,B07,M0079,Gold,Delivery,Coffee,1,55,11.00,44.00,Credit Card,
T004082,2026-03-31 12:29,B02,,,In-store,Coffee,1,120,0.00,120.00,QR PromptPay,
T004083,2026-03-31 13:10,B05,M9823,Bronze,Delivery,Coffee,1,60,0.00,60.00,Credit Card,
T004084,2026-03-31 13:22,B04,M0315,Platinum,App,Merchandise,1,270,0.00,270.00,Credit Card,
T004085,2026-03-31 13:36,B07,M0065,Platinum,In store,Coffee,1,80,16.00,64.00,Cash,3
T004086,2026-03-31 15:03,B08,M0039,Silver,In-store,Tea,1,95,0.00,95.00,QR PromptPay,
T004086,2026-03-31 15:03,B08,M0039,Silver,In-store,Tea,1,95,0.00,95.00,QR PromptPay,
T004087,2026-03-31 16:22,B08,M0212,Platinum,App,Coffee,2,95,9.50,180.50,App Wallet,
T004088,2026-03-31 16:23,B04,M0315,Platinum,In-store,Coffee,1,65,0.00,65.00,QR PromptPay,
T004089,2026-03-31 16:26,B02,M0200,Gold,In-store,Tea,1,60,3.00,57.00,QR PromptPay,
T004090,2026-03-31 16:40,B08,M0039,Silver,App,Coffee,3,90,54.00,216.00,App Wallet,
T004091,2026-03-31 16:54,B05,M0178,Silver,App,Merchandise,3,680,204.00,1836.00,Credit Card,
T004092,2026-03-31 17:33,b06,,,App,Bakery,3,100,0.00,300.00,App Wallet,4
T004093,2026-03-31 17:41,B06,,,In-store,Tea,2,80,0.00,160.00,Cash,4
T004094,2026-03-31 19:42,B04,M0197,Silver,App,Coffee,1,95,0.00,95.00,Credit Card,
T004095,2026-04-01 07:10,B02,,,In-store,Coffee,1,60,0.00,60.00,QR PromptPay,
T004096,2026-04-01 08:16,B08,,,Delivery,Tea,1,80,0.00,80.00,Credit Card,3
T004097,2026-04-01 08:19,B04,M0228,Bronze,In-store,Merchandise,2,675,0.00,1350.00,Cash,
T004098,2026-04-01 08:46,B03,M0138,Silver,In-store,Coffee,1,110,5.50,104.50,QR PromptPay,
T004099,2026-04-01 08:52,B07,M0066,Silver,In-store,Coffee,4,60,0.00,240.00,Cash,4
T004100,2026-04-01 09:12,B03,,,Mobile App,Bakery,1,60,0.00,60.00,Credit Card,2
T004101,2026-04-01 09:16,B06,M0232,Bronze,In-store,Bakery,4,55,0.00,220.00,QR PromptPay,
T004102,2026-04-01 11:26,B03,M0261,Bronze,App,Coffee,2,100,0.00,200.00,App Wallet,
T004103,2026-04-01 11:32,B07,M0245,Gold,In-store,Tea,1,70,0.00,70.00,QR PromptPay,
T004104,2026-04-01 12:00,B07,M0330,Silver,Delivery,Coffee,1,100,0.00,100.00,QR PromptPay,4
T004105,2026-04-01 12:01,B02,M0155,Platinum,In-store,Bakery,1,80,4.00,76.00,Cash,
T004106,2026-04-01 12:30,B07,M0139,Bronze,In-store,Merchandise,2,600,0.00,1200.00,Credit Card,
T004107,2026-04-01 13:42,B06,,,In-store,Coffee,2,55,0.00,110.00,QR PromptPay,3
T004108,2026-04-01 16:11,B08,M0212,Platinum,Delivery,Coffee,1,60,12.00,48.00,Cash,4
T004109,2026-04-01 16:28,B01,M0069,Silver,Delivery,Coffee,1,90,13.50,76.50,Cash,
T004110,2026-04-01 16:37,B06,,,In-store,Coffee,1,90,0.00,90.00,Cash,
T004111,2026-04-01 16:43,B04,M0179,Platinum,In-store,Coffee,1,60,6.00,54.00,Credit Card,
T004112,2026-04-01 17:11,B07,M0120,Gold,In-store,Merchandise,2,435,1458.36,-588.36,Credit Card,5
T004113,2026-04-01 17:22,B01,,,In-store,Bakery,1,90,0.00,90.00,Credit Card,
T004114,2026-04-01 17:31,B05,M9862,Silver,App,Coffee,1,95,0.00,95.00,App Wallet,4
T004115,2026-04-01 18:11,B03,,,In-store,Coffee,2,75,0.00,150.00,Credit Card,5
T004116,2026-04-01 19:11,B05,M0188,Silver,App,Bakery,2,110,0.00,220.00,Credit Card,5
T004117,2026-04-01 19:17,B01,M0157,Gold,App,Coffee,2,75,15.00,135.00,App Wallet,4
T004118,2026-04-01 19:57,B04,M0253,Silver,In-store,Coffee,2,75,0.00,150.00,QR PromptPay,4
T004119,2026-04-01 19:58,B04,M0078,Bronze,App,Coffee,4,55,0.00,220.00,Credit Card,
T004120,2026-04-02 10:28,B04,M0323,Gold,App,Coffee,3,85,0.00,255.00,App Wallet,5
T004121,2026-04-02 11:35,B04,M0078,Bronze,Mobile App,Bakery,1,65,0.00,65.00,App Wallet,
T004122,2026-04-02 13:50,B08,M0185,Silver,App,Tea,4,90,0.00,360.00,Credit Card,
T004123,2026-04-02 14:26,B07,M0091,Bronze,App,Coffee,1,85,0.00,85.00,App Wallet,5
T004124,2026-04-02 15:36,B08,M0212,Platinum,In-store,Bakery,1,105,5.25,99.75,Cash,
T004125,2026-04-02 15:42,B08,M0189,Platinum,App,Coffee,1,75,3.75,71.25,Credit Card,
T004126,2026-04-02 16:02,B05,,,In-store,Coffee,1,115,0.00,115.00,QR PromptPay,3
T004127,2026-04-02 16:17,B05,M0209,Bronze,In-store,Merchandise,3,335,201.00,804.00,QR PromptPay,5
T004128,2026-04-02 16:51,B08,M0159,Silver,In-store,Tea,3,75,0.00,225.00,Cash,
T004129,2026-04-02 16:59,B02,M0324,Gold,Delivery,Bakery,2,85,0.00,170.00,Credit Card,5
T004130,2026-04-02 17:09,B07,M0079,Gold,In-store,Coffee,1,80,12.00,68.00,Credit Card,5
T004131,2026-04-02 17:54,B02,M0144,Gold,In-store,Coffee,1,65,0.00,65.00,Cash,
T004132,2026-04-02 18:03,B04,M0315,Platinum,Delivery,Coffee,1,85,12.75,72.25,QR PromptPay,
T004133,2026-04-02 18:16,B08,M0212,Platinum,In-store,Coffee,1,90,0.00,90.00,Credit Card,4
T004134,2026-04-02 18:34,B05,,,In-store,Coffee,3,70,0.00,210.00,QR PromptPay,
T004135,2026-04-02 19:26,B03,M0121,Silver,In-store,Bakery,1,85,0.00,85.00,Cash,3
T004136,2026-04-03 07:31,B04,,,Delivery,Coffee,1,90,0.00,90.00,QR PromptPay,
T004137,2026-04-03 07:48,B03,M0011,Gold,In-store,Tea,3,70,0.00,210.00,Cash,5
T004138,2026-04-03 07:59,B04,M0324,Gold,Delivery,Coffee,1,90,0.00,90.00,QR PromptPay,
T004139,2026-04-03 08:38,B07,,,In-store,Bakery,3,100,0.00,300.00,Cash,
T004140,2026-04-03 08:42,B01,M0186,Platinum,App,Bakery,4,90,0.00,360.00,App Wallet,3
T004141,2026-04-03 09:47,B01,M0240,Gold,In-store,Bakery,3,100,0.00,300.00,Credit Card,
T004142,2026-04-03 10:51,B07,,,In-store,Tea,1,50,0.00,50.00,Credit Card,3
T004143,2026-04-03 12:00,B03,M0175,Silver,App,Coffee,1,65,0.00,65.00,Credit Card,
T004144,2026-04-03 12:07,B04,M0206,Silver,In-store,Merchandise,2,880,0.00,1760.00,QR PromptPay,4
T004145,2026-04-03 12:47,B04,M0093,Bronze,Mobile App,Bakery,1,50,5.00,45.00,Credit Card,
T004146,2026-04-03 12:49,B07,,,In-store,Coffee,1,100,0.00,100.00,QR PromptPay,3
T004147,2026-04-03 13:07,B04,,,App,Bakery,2,95,0.00,190.00,Credit Card,4
T004148,2026-04-03 13:12,B06,M0226,Bronze,In-store,Coffee,4,60,0.00,240.00,QR PromptPay,
T004149,2026-04-03 13:29,B01,M0194,Bronze,App,Coffee,1,85,0.00,85.00,App Wallet,4
T004150,2026-04-03 13:34,B01,,,App,Coffee,1,110,0.00,110.00,Credit Card,5
T004151,2026-04-03 13:59,B03,,,In-store,Coffee,1,65,0.00,65.00,Cash,
T004152,2026-04-03 14:23,B08,M0039,Silver,In-store,Bakery,1,80,16.00,64.00,Credit Card,
T004153,2026-04-03 14:37,B04,,,In-store,Coffee,4,120,0.00,480.00,QR PromptPay,
T004154,2026-04-03 15:53,B08,M0039,Silver,App,Bakery,1,45,4.50,40.50,Credit Card,
T004155,2026-04-03 16:18,B08,M0006,Gold,In-store,Coffee,1,90,18.00,72.00,QR PromptPay,
T004156,2026-04-03 16:18,B01,M0046,Silver,Delivery,Coffee,3,80,0.00,240.00,Credit Card,
T004157,2026-04-03 16:19,B06,,,in-store,Coffee,1,55,0.00,55.00,Credit Card,
T004158,2026-04-03 16:19,B06,,,In-store,Coffee,1,90,0.00,90.00,Credit Card,
T004159,2026-04-03 16:33,B03,M0181,Bronze,In-store,Tea,2,85,0.00,170.00,Credit Card,
T004160,2026-04-03 16:36,B01,M0046,Silver,Delivery,Bakery,3,70,42.00,168.00,Credit Card,5
T004161,2026-04-03 16:37,B05,M0231,Bronze,App,Coffee,1,110,0.00,110.00,App Wallet,
T004162,2026-04-03 16:59,B04,M0315,Platinum,In-store,Coffee,2,55,0.00,110.00,QR PromptPay,
T004163,2026-04-03 17:14,B02,M0274,Gold,In-store,Merchandise,3,845,0.00,2535.00,Cash,5
T004164,2026-04-03 18:48,B01,M0204,Gold,In-store,Coffee,3,110,0.00,330.00,Cash,
T004165,2026-04-03 18:59,B08,M0066,Slvr,In-store,Merchandise,1,790,0.00,790.00,Credit Card,
T004166,2026-04-03 19:11,B06,M0007,Silver,In-store,Tea,1,70,0.00,70.00,Credit Card,
T004167,2026-04-03 19:27,B04,,,In-store,Coffee,4,120,0.00,480.00,QR PromptPay,
T004168,2026-04-04 07:48,B06,M0324,Gold,In-store,Coffee,2,60,0.00,120.00,Cash,
T004169,2026-04-04 08:10,B01,M0082,Gold,In-store,Coffee,1,65,0.00,65.00,QR PromptPay,
T004170,2026-04-04 08:44,B01,M0168,Silver,In-store,Coffee,3,105,0.00,315.00,QR PromptPay,
T004170,2026-04-04 09:51,B01,M0168,Silver,In-store,Coffee,-3,105,-0.00,-315.00,QR PromptPay,
T004171,2026-04-04 10:48,B03,M0323,Gold,App,Bakery,1,70,7.00,63.00,Credit Card,
T004172,2026-04-04 11:28,B07,M0300,Bronze,Delivery,Coffee,2,95,9.50,180.50,Credit Card,5
T004173,2026-04-04 12:13,B07,M0197,Silver,App,Merchandise,4,300,0.00,1200.00,App Wallet,
T004174,2026-04-04 12:43,B05,,,In-store,Coffee,1,100,0.00,100.00,QR PromptPay,3
T004175,2026-04-04 12:52,B07,M0188,Silver,In-store,Coffee,1,120,24.00,96.00,QR PromptPay,
T004176,2026-04-04 13:00,B03,M0073,Gold,in-store,Coffee,1,70,3.50,66.50,QR PromptPay,
T004177,2026-04-04 13:26,B02,,,In-store,Coffee,1,105,0.00,105.00,QR PromptPay,
T004178,2026-04-04 13:33,B03,M0272,Silver,Delivery,Coffee,4,100,0.00,400.00,QR PromptPay,3
T004179,2026-04-04 13:47,B01,M0251,Bronze,In-store,Coffee,1,115,0.00,115.00,QR PromptPay,
T004180,2026-04-04 13:47,B03,,,App,Merchandise,2,420,0.00,840.00,App Wallet,
T004181,2026-04-04 13:48,B2,,,in-store,Coffee,1,55,0.00,55.00,Cash,
T004182,2026-04-04 13:48,B02,M0081,Bronze,In-store,Coffee,1,105,0.00,105.00,QR PromptPay,4
T004183,2026-04-04 14:19,B06,M0272,Silver,In-store,Bakery,4,110,88.00,352.00,QR PromptPay,
T004184,2026-04-04 14:40,B07,M0079,Gold,Delivery,Coffee,1,100,15.00,85.00,Cash,
T004185,2026-04-04 15:43,B03,,,In-store,Merchandise,4,725,0.00,2900.00,QR PromptPay,
T004186,2026-04-04 16:31,B06,M9403,Platinum,In-store,Bakery,1,45,0.00,45.00,QR PromptPay,
T004187,2026-04-04 16:50,B02,M9862,Gold,In-store,Bakery,1,105,0.00,105.00,QR PromptPay,
T004188,2026-04-04 17:02,B04,M0181,Bronze,In-store,Coffee,2,115,0.00,230.00,Credit Card,
T004189,2026-04-04 19:08,B05,M0183,Bronze,In-store,Coffee,2,85,0.00,170.00,QR PromptPay,
T004190,2026-04-04 19:09,B07,M0212,Platinum,Mobile App,Coffee,4,75,0.00,300.00,Credit Card,
T004191,2026-04-05 08:00,B05,M0063,Platinum,In-store,Coffee,3,85,38.25,216.75,Credit Card,4
T004192,2026-04-05 08:26,B05,M0063,Platinum,In-store,Coffee,2,65,13.00,117.00,QR PromptPay,4
T004193,2026-04-05 12:25,B03,M0312,Bronze,In-store,Coffee,3,105,0.00,315.00,Cash,
T004194,2026-04-05 12:45,B08,M0212,Platinum,In-store,Bakery,1,45,4.50,40.50,QR PromptPay,2
T004195,2026-04-05 13:36,B01,,,In-store,Coffee,2,70,0.00,140.00,QR PromptPay,
T004196,2026-04-05 13:54,B01,,,In-store,Bakery,1,80,0.00,80.00,QR PromptPay,
T004197,2026-04-05 15:21,B03,M0312,Bronze,Delivery,Merchandise,2,410,0.00,820.00,Cash,
T004198,2026-04-05 16:00,B07,M0270,BRONZE,In-store,Coffee,1,80,0.00,80.00,Cash,4
T004199,2026-04-05 16:20,B06,M0304,Gold,App,Coffee,1,90,0.00,90.00,Credit Card,
T004200,2026-04-05 16:27,B02,M0325,Gold,App,Coffee,4,80,64.00,256.00,Credit Card,
T004199,2026-04-05 16:32,B06,M0304,Gold,app,Coffee,-1,90,-0.00,-90.00,Credit Card,
T004201,2026-04-05 16:57,B06,M0196,Silver,In-store,Bakery,1,45,0.00,45.00,Credit Card,4
T004202,2026-04-05 17:53,B03,M0177,Bronze,Delivery,Tea,1,95,0.00,95.00,Cash,
T004203,2026-04-05 18:08,B02,,,In-store,Tea,2,80,0.00,160.00,QR PromptPay,3
T004204,2026-04-05 18:40,B02,M0200,Gold,In-store,Bakery,2,80,0.00,160.00,Cash,
T004205,2026-04-05 18:56,B04,M0153,Silver,Delivery,Coffee,1,100,0.00,100.00,Credit Card,
T004206,2026-04-06 08:05,B04,M0291,Bronze,Delivery,Coffee,1,105,0.00,105.00,QR PromptPay,2
T004207,2026-04-06 08:39,B05,M0094,Silver,App,Coffee,1,85,0.00,85.00,App Wallet,3
T004208,2026-04-06 08:42,B07,,,In-store,Merchandise,1,515,0.00,515.00,Credit Card,4
T004209,2026-04-06 08:48,B07,,,App,Bakery,1,50,0.00,50.00,App Wallet,
T004210,2026-04-06 09:01,B02,M0325,Gold,Delivery,Merchandise,3,880,528.00,2112.00,Credit Card,5
T004211,2026-04-06 10:12,B03,M0110,Silver,Delivery,Bakery,4,50,30.00,170.00,QR PromptPay,
T004212,2026-04-06 10:52,B03,,,App,Bakery,2,45,0.00,90.00,App Wallet,
T004213,2026-04-06 11:07,B06,,,Delivery,Coffee,3,90,0.00,270.00,Credit Card,
T004214,2026-04-06 12:33,B08,,,In-store,Coffee,4,85,0.00,340.00,QR PromptPay,
T004215,2026-04-06 12:51,B07,,,In-store,Bakery,2,90,0.00,180.00,Cash,
T004216,2026-04-06 13:19,B01,M0197,Silver,Delivery,Tea,2,65,0.00,130.00,Cash,4
T004217,2026-04-06 13:43,B08,M0178,Silver,app,Coffee,1,80 THB,0.00,80.00,App Wallet,5
T004218,2026-04-06 14:21,B05,M0149,Silver,App,Tea,2,70,21.00,119.00,Credit Card,
T004219,2026-04-06 15:37,B02,,,In-store,Coffee,4,70,0.00,280.00,Credit Card,5
T004220,2026-04-06 16:23,B03,,,In-store,Bakery,1,45,0.00,45.00,Cash,
T004221,2026-04-06 16:45,B08,M0205,Silver,App,Coffee,3,80,0.00,240.00,Credit Card,
T004222,2026-04-06 18:14,B03,M0097,Bronze,App,Bakery,1,90,0.00,90.00,Credit Card,2
T004223,2026-04-06 18:17,B05,M9823,Bronze,Delivery,Coffee,1,105,0.00,105.00,QR PromptPay,5
T004224,2026-04-06 18:52,B02,,,Delivery,Coffee,1,55,0.00,55.00,Cash,
T004225,2026-04-06 19:24,B03,M0085,Silver,In-store,Merchandise,2,685,0.00,1370.00,Cash,
T004226,2026-04-06 19:52,B06,M0094,Silver,In-store,Bakery,1,105,0.00,105.00,Cash,
T004227,2026-04-06 19:55,B05,M0122,Silver,In-store,Coffee,1,55,0.00,55.00,QR PromptPay,
T004225,2026-04-06 19:56,B03,M0085,Silver,In-store,Merchandise,-2,685,-0.00,-1370.00,Cash,
T004228,2026-04-07 07:50,B01,M0168,Silver,In-store,Coffee,1,95,19.00,76.00,QR PromptPay,4
T004229,2026-04-07 08:15,B01,M0084,Silver,Delivery,Merchandise,1,830,0.00,830.00,Cash,
T004230,2026-04-07 08:17,B06,M0276,Gold,In-store,Coffee,1,65,0.00,65.00,QR PromptPay,
T004231,2026-04-07 08:18,B02,M0286,Gold,In-store,Tea,1,55,5.50,49.50,Cash,
T004232,2026-04-07 08:19,B01,,,In-store,Bakery,3,70,0.00,210.00,Credit Card,4
T004233,2026-04-07 08:25,B03,M0089,Bronze,Delivery,Bakery,1,75,0.00,75.00,QR PromptPay,5
T004234,2026-04-07 08:58,B03,M0249,SILVER,App,Bakery,1,95,0.00,95.00,App Wallet,4
T004235,2026-04-07 09:52,B05,M0039,Silver,In-store,Tea,2,95,0.00,190.00,Credit Card,5
T004236,2026-04-07 12:21,B01,M0062,Gold,In-store,Coffee,2,70,0.00,140.00,Credit Card,
T004237,2026-04-07 12:33,B06,M0181,Bronze,In-store,Tea,1,70,0.00,70.00,Cash,
T004238,2026-04-07 12:34,B02,M0152,Bronze,In-store,Coffee,1,65,0.00,65.00,QR PromptPay,
T004239,2026-04-07 12:50,B07,,,In-store,Tea,1,50,0.00,50.00,Credit Card,
T004240,2026-04-07 13:24,B05,,,In-store,Tea,2,60,0.00,120.00,Credit Card,3
T004241,2026-04-07 13:53,B07,,,In-store,Merchandise,1,855,0.00,855.00,QR PromptPay,
T004242,2026-04-07 15:13,B04,M0210,bronze,In-store,Merchandise,2,880,0.00,1760.00,Cash,5
T004243,2026-04-07 15:13,B03,M0027,Bronze,In-store,Coffee,2,95,0.00,190.00,Cash,
T004244,2026-04-07 16:12,B04,M0093,Bronze,In store,Tea,3,50,0.00,150.00,QR PromptPay,
T004245,2026-04-07 16:32,B03,M0221,Silver,App,Coffee,1,115,0.00,115.00,App Wallet,3
T004246,2026-04-07 16:39,B03,M9357,Bronze,In-store,Bakery,1,50,0.00,50.00,Cash,
T004247,2026-04-07 16:50,B06,M0073,Gold,App,Coffee,2,95,0.00,190.00,App Wallet,
T004248,2026-04-07 16:57,B08,M0278,Bronze,In-store,Coffee,1,90,0.00,90.00,QR PromptPay,
T004249,2026-04-07 17:10,B04,M0024,Silver,Delivery,Tea,1,50,0.00,50.00,QR PromptPay,
T004250,2026-04-07 17:27,B06,M0049,Platinum,In-store,Coffee,2,115,0.00,230.00,QR PromptPay,4
T004251,2026-04-07 17:37,B02,,,Delivery,Coffee,2,70,0.00,140.00,QR PromptPay,
T004252,2026-04-07 18:28, B02,,,In-store,Coffee,2,115,0.00,230.00,Credit Card,
T004253,2026-04-07 19:31,B05,M0059,Bronze,In-store,Bakery,1,60,6.00,54.00,QR PromptPay,
T004254,2026-04-07 19:39,B01,M0235,Silver,In-store,Tea,2,70,0.00,140.00,Cash,
T004255,2026-04-07 19:54,B07,M0066,Silver,In-store,Bakery,2,90,0.00,180.00,Cash,2
T004256,2026-04-08 07:12,B01,M0137,Bronze,Delivery,Coffee,1,80,0.00,80.00,Cash,5
T004257,2026-04-08 08:04,B04,M0326,Bronze,Delivery,Coffee,3,105,0.00,315.00,Credit Card,
T004258,2026-04-08 08:20,B08,,,App,Merchandise,1,875,0.00,875.00,Credit Card,
T004259,2026-04-08 08:52,B08,M0212,PLATINUM,In-store,Coffee,2,70,28.00,112.00,Cash,
T004260,2026-04-08 09:04,B01,M0062,Gold,In-store,Bakery,4,85,0.00,340.00,Cash,
T004261,2026-04-08 09:05,B08,,,In-store,Coffee,4,100,0.00,400.00,Cash,4
T004262,2026-04-08 09:41,B04,M0181,Bronze,App,Coffee,2,95,0.00,190.00,App Wallet,
T004263,2026-04-08 09:43,B01,M0070,Silver,App,Bakery,1,55,0.00,55.00,Credit Card,3
T004264,2026-04-08 12:03,B03,M0089,Bronze,In-store,Coffee,1,85,0.00,85.00,Cash,
T004265,2026-04-08 12:09,B06,,,In store,Tea,1,95,0.00,95.00,Credit Card,3
T004266,2026-04-08 12:20,B05,,,In-store,Coffee,2,100,0.00,200.00,Credit Card,5
T004267,2026-04-08 12:22,B05,M0178,Silver,Instore,Bakery,3,45,0.00,135.00,QR PromptPay,3
T004268,2026-04-08 12:46,B04,,,App,Tea,1,70,0.00,70.00,App Wallet,5
T004269,2026-04-08 13:18,B03,,,In-store,Bakery,2,100,0.00,200.00,Cash,
T004270,2026-04-08 15:39,B07,,,Delivery,Coffee,2,120,0.00,240.00,Cash,
T004271,2026-04-08 16:06,B07,M0073,Gold,Delivery,Merchandise,1,495,0.00,495.00,Credit Card,
T004272,2026-04-08 16:19,B03,M0077,Silver,In-store,Coffee,3,90,0.00,270.00,QR PromptPay,
T004273,2026-04-08 16:27,B02,M0280,Silver,In-store,Coffee,1,75,3.75,71.25,QR PromptPay,4
T004274,2026-04-08 18:30,B01,M0151,Bronze,In-store,Bakery,1,70,0.00,70.00,Cash,
T004275,2026-04-08 18:51,B07,,,In-store,Tea,1,80,0.00,80.00,Cash,
T004276,2026-04-08 18:55,B04,M0311,BRONZE,In-store,Coffee,1,90,0.00,90.00,Credit Card,4
T004277,2026-04-09 07:12,B04,M0186,Platinum,App,Tea,1,50,0.00,50.00,App Wallet,
T004278,2026-04-09 07:35,B03,M0175,Silver,In-store,Coffee,3,85,12.75,242.25,Cash,
T004279,2026-04-09 08:15,B06,,,In-store,Coffee,4,90,0.00,360.00,Credit Card,
T004280,2026-04-09 09:37,B08,M0189,Platinum,App,Bakery,2,80,0.00,160.00,App Wallet,
T004281,2026-04-09 10:46,B03,M0204,Gold,Delivery,Tea,1,70,10.50,59.50,QR PromptPay,4
T004282,2026-04-09 11:45,B04,,,In-store,Coffee,2,90,0.00,180.00,QR PromptPay,
T004283,2026-04-09 11:47,B01,M0300,Bronze,In-store,Bakery,1,105,0.00,105.00,QR PromptPay,
T004284,2026-04-09 12:00,B06,M0154,Bronze,In-store,Tea,2,70,0.00,140.00,QR PromptPay,4
T004285,2026-04-09 12:07,B08,M0315,Platinum,App,Coffee,1,95,0.00,95.00,App Wallet,
T004286,2026-04-09 12:22,B04,M0311,Bronze,Instore,Coffee,4,70,0.00,280.00,QR PromptPay,
T004287,2026-04-09 12:28,B03,,,App,Coffee,1,100,0.00,100.00,App Wallet,
T004288,2026-04-09 12:31,B08,M0005,Platinum,In-store,Coffee,2,120,0.00,240.00,Cash,4
T004289,2026-04-09 13:07,B02,M0155,Platinum,App,Coffee,4,115,92.00,368.00,Credit Card,4
T004290,2026-04-09 13:13,B06,,,App,Coffee,1,85,0.00,85.00,Credit Card,
T004291,2026-04-09 13:14,B08,M0050,Bronze,In-store,Merchandise,1,385,0.00,385.00,QR PromptPay,
T004292,2026-04-09 13:23,B08,M0005,Platinum,In-store,Coffee,2,55,0.00,110.00,Cash,3
T004293,2026-04-09 13:52,B03,M0031,Silver,In-store,Coffee,1,55,0.00,55.00,Cash,3
T004294,2026-04-09 14:55,B01,M0251,Bronze,In-store,Tea,4,85,0.00,340.00,Credit Card,4
T004295,2026-04-09 15:46,B02,M0284,Platinum,In-store,Merchandise,1,790,158.00,632.00,Cash,
T004296,2026-04-09 17:24,B04,M0024,Silver,In-store,Coffee,2,120,24.00,216.00,QR PromptPay,
T004297,2026-04-09 17:49,B3,M0261,Bronze,In-store,Merchandise,4,345,0.00,1380.00,QR PromptPay,
T004298,2026-04-09 17:54,B05,M0149,Silver,App,Coffee,3,120,0.00,360.00,App Wallet,
T004299,2026-04-09 18:24,B07,M0289,Bronze,In-store,Coffee,2,105,0.00,210.00,Cash,4
T004300,2026-04-09 19:53,B01,M0076,Silver,In-store,Tea,2,55,0.00,110.00,Cash,
T004301,2026-04-10 07:00,B01,M0186,Platinum,In-store,Tea,3,75,0.00,225.00,QR PromptPay,
T004302,2026-04-10 07:00,B06,M0108,Gold,App,Merchandise,1,695,0.00,695.00,Credit Card,
T004303,2026-04-10 08:00,B03,,,In-store,Tea,2,60,0.00,120.00,Cash,
T004304,2026-04-10 08:00,B03,M0150,Brz,Delivery,Merchandise,3,260,0.00,780.00,Cash,4
T004305,2026-04-10 08:07,B05,M0209,Bronze,App,Coffee,4,75,0.00,300.00,App Wallet,4
T004306,2026-04-10 08:09,B01,M0102,Bronze,In-store,Merchandise,1,295,0.00,295.00,Credit Card,3
T004307,2026-04-10 08:16,B08,M0212,Platinum,In-store,Bakery,3,80,24.00,216.00,Cash,
T004308,2026-04-10 08:17,B01,M0102,Bronze,In-store,Tea,1,60,0.00,60.00,Credit Card,
T004308,2026-04-10 08:17,B01,M0102,Bronze,In-store,Tea,1,60,0.00,60.00,Credit Card,
T004309,2026-04-10 08:18,B04,,,In-store,Bakery,2,110,0.00,220.00,QR PromptPay,
T004310,2026-04-10 08:53,B02,M0144,Gold,App,Coffee,2,120,0.00,240.00,App Wallet,4
T004311,2026-04-10 09:22,B08,,,app,Coffee,2,70,0.00,140.00,App Wallet,
T004312,2026-04-10 11:06,B02,M0274,Gold,In-store,Coffee,2,80,32.00,128.00,Cash,
T004313,2026-04-10 11:49,B01,,,In-store,Coffee,1,105,0.00,105.00,QR PromptPay,3
T004314,2026-04-10 12:06,B08,,,App,Bakery,2,105,0.00,210.00,App Wallet,
T004315,2026-04-10 12:41,B03,M0107,Gold,In-store,Coffee,1,110,0.00,110.00,QR PromptPay,
T004316,2026-04-10 12:47,B07,,,App,Tea,1,60,0.00,60.00,Credit Card,4
T004317,2026-04-10 13:42,B01,M0317,Silver,In-store,Tea,2,80,0.00,160.00,Cash,
T004318,2026-04-10 13:46,B06,M0226,Bronze,App,Merchandise,1,270,0.00,270.00,Credit Card,
T004319,2026-04-10 13:53,b03,M0312,Bronze,App,Tea,1,90,0.00,90.00,Credit Card,
T004320,2026-04-10 14:19,B02,M0012,Bronze,App,Tea,4,80,64.00,256.00,App Wallet,
T004321,2026-04-10 14:19,B04,,,In-store,Coffee,2,95,0.00,190.00,QR PromptPay,
T004322,2026-04-10 15:34,B03,M0138,Silver,Delivery,Tea,2,90,0.00,180.00,QR PromptPay,
T004323,2026-04-10 15:45,B01,,,Instore,Coffee,2,฿75,0.00,150.00,QR PromptPay,
T004324,2026-04-10 16:55,B08,M0268,Silver,In-store,Bakery,2,50,0.00,100.00,QR PromptPay,5
T004325,2026-04-10 17:15,B05,M0136,Bronze,Delivery,Merchandise,4,535,107.00,2033.00,Cash,4
T004326,2026-04-10 17:37,B07,,,In-store,Coffee,3,80,0.00,240.00,Credit Card,3
T004327,2026-04-10 18:36,B08,M0018,Bronze,In-store,Merchandise,2,420,0.00,840.00,QR PromptPay,4
T004328,2026-04-10 19:01,B06,M9632,Platinum,In-store,Bakery,1,100,20.00,80.00,QR PromptPay,4
T004329,2026-04-10 19:27,B01,M0181,Bronze,In-store,Coffee,1,120,0.00,120.00,Cash,5
T004330,2026-04-11 07:23,B07,,,In-store,Tea,4,70,0.00,280.00,QR PromptPay,
T004331,2026-04-11 07:57,B01,M0323,Gold,In-store,Coffee,3,105,0.00,315.00,QR PromptPay,
T004332,2026-04-11 08:06,B08,M0212,Platinum,Delivery,Coffee,1,110,0.00,110.00,Credit Card,
T004333,2026-04-11 08:15,B04,M0256,Silver,Mobile App,Coffee,1,80,0.00,80.00,Credit Card,
T004334,2026-04-11 09:38,B05,M0178,Silver,App,Coffee,2,90,9.00,171.00,App Wallet,
T004335,2026-04-11 09:52,B06,M0242,Bronze,Delivery,Coffee,3,115,0.00,345.00,QR PromptPay,
T004336,2026-04-11 11:18,B03,M0027,Bronze,In-store,Coffee,3,65,0.00,195.00,QR PromptPay,
T004337,2026-04-11 12:03,B02,M9254,Bronze,In-store,Merchandise,2,290,0.00,580.00,Cash,
T004338,2026-04-11 12:06,B07,,,In-store,Coffee,1,95,0.00,95.00,QR PromptPay,
T004339,2026-04-11 12:24,B07,M0065,Platinum,In-store,Coffee,1,115,0.00,115.00,Cash,
T004340,2026-04-11 13:31,B02,M0144,Gold,In-store,Coffee,2,115,34.50,195.50,Cash,2
T004341,2026-04-11 13:37,B07,M0273,Gold,App,Coffee,1,105,5.25,99.75,Credit Card,
T004342,2026-04-11 13:43,B03,M0329,Bronze,App,Merchandise,1,800,0.00,800.00,Credit Card,5
T004343,2026-04-11 13:56,B05,,,In-store,Coffee,2,60,0.00,120.00,Credit Card,3
T004344,2026-04-11 14:42,B01,M0294,Bronze,App,Coffee,2,65,0.00,130.00,App Wallet,
T004345,2026-04-11 14:45,B07,M0084,Silver,Delivery,Coffee,1,70,0.00,70.00,Cash,
T004346,2026-04-11 15:12,B03,M0027,BRONZE,Delivery,Merchandise,2,515,0.00,1030.00,Cash,
T004347,2026-04-11 15:21,B04,M0228,Bronze,In store,Bakery,1,45,0.00,45.00,QR PromptPay,
T004348,2026-04-11 15:29,B01,M0197,Silver,Delivery,Bakery,3,60,0.00,180.00,Credit Card,4
T004349,2026-04-11 16:01,B07,M0053,Bronze,Delivery,Bakery,2,50,0.00,100.00,Cash,
T004350,2026-04-11 16:06,B08,,,In-store,Coffee,2,80,0.00,160.00,QR PromptPay,5
T004350,2026-04-11 16:06,B08,,,In-store,Coffee,2,80,0.00,160.00,QR PromptPay,5
T004351,2026-04-11 16:56,B05,,,In-store,Coffee,2,65,0.00,130.00,Cash,4
T004352,2026-04-11 18:07,B06,M0094,Silver,In-store,Coffee,1,105,5.25,99.75,Credit Card,
T004353,2026-04-11 18:15,B05,M0077,Silver,Delivery,Bakery,1,45,2.25,42.75,QR PromptPay,
T004354,2026-04-11 18:57,B03,,,App,Coffee,1,110,0.00,110.00,Credit Card,5
T004355,2026-04-11 19:02,B01,M0253,Silver,Delivery,Coffee,2,65,0.00,130.00,Credit Card,4
T004356,2026-04-12 09:39,B01,M0165,Bronze,In-store,Bakery,2,75,0.00,150.00,QR PromptPay,
T004357,2026-04-12 11:05,B01,M0183,Bronze,In-store,Coffee,1,85,0.00,85.00,Cash,
T004358,2026-04-12 11:31,B08,,,In-store,Tea,3,70,0.00,210.00,Cash,
T004359,2026-04-12 11:35,B01,M0089,Bronze,App,Coffee,1,90,0.00,90.00,App Wallet,4
T004360,2026-04-12 12:04,B05,,,App,Coffee,1,55,0.00,55.00,App Wallet,
T004361,2026-04-12 12:19,B02,M0325,Platinum,In-store,Coffee,1,105,0.00,105.00,QR PromptPay,
T004362,2026-04-12 12:20,B01,M0183,Bronze,In-store,Coffee,1,120,0.00,120.00,Credit Card,3
T004363,2026-04-12 12:26,B05,M0299,Platinum,In-store,Bakery,4,75,15.00,285.00,Credit Card,4
T004364,2026-04-12 12:30,B07,M0053,Bronze,App,Coffee,1,105,15.75,89.25,Credit Card,
T004365,2026-04-12 13:26,B01,M0251,Bronze,In-store,Coffee,1,60,0.00,60.00,Credit Card,
T004366,2026-04-12 13:28,B05,M0157,Gold,In-store,Coffee,1,120,0.00,120.00,QR PromptPay,4
T004367,2569-04-12 13:56,B06,M0121,Silver,Delivery,Tea,2,90,18.00,162.00,Credit Card,
T004368,2026-04-12 14:25,B05,M0136,Bronze,In-store,Merchandise,1,835,0.00,835.00,Credit Card,
T004369,2026-04-12 15:13,B05,,,Delivery,Coffee,1,65,0.00,65.00,QR PromptPay,4
T004370,2026-04-12 16:41,B05,,,Delivery,Tea,1,95,0.00,95.00,Credit Card,
T004371,2026-04-12 16:54,B05,M0233,Silver,In-store,Coffee,2,115,0.00,230.00,Cash,5
T004372,2026-04-12 16:56,B08,,,Delivery,Coffee,1,100,0.00,100.00,Credit Card,5
T004373,2569-04-12 17:11,B06,M0276,Gold,In-store,Bakery,2,80,0.00,160.00,QR PromptPay,
T004374,2026-04-12 17:34,B01,M0294,Bronze,In-store,Coffee,1,85,0.00,85.00,Credit Card,
T004375,2026-04-12 18:08,B02,M0307,Silver,App,Coffee,2,55,0.00,110.00,App Wallet,
T004376,2026-04-12 18:51,B02,M0055,Bronze,In-store,Coffee,1,85,0.00,85.00,QR PromptPay,2
T004377,2026-04-12 19:21,B08,,,In-store,Coffee,1,55,0.00,55.00,QR PromptPay,4
T004378,2026-04-12 19:37,B02,M0286,Gold,In-store,Coffee,2,60,0.00,120.00,Cash,
T004379,2026-04-12 19:52,B03,M0108,Gold,In-store,Tea,3,75,0.00,225.00,Credit Card,3
T004380,2026-04-13 07:58,B07,M0053,Bronze,App,Coffee,2,120,0.00,240.00,App Wallet,3
T004381,2026-04-13 08:41,B02,M0217,Silver,In-store,Bakery,2,45,0.00,90.00,Cash,5
T004382,2026-04-13 09:40,B05,M0330,Silver,App,Bakery,2,110,11.00,209.00,Credit Card,
T004383,2026-04-13 09:43,B02,,,In-store,Merchandise,1,740,0.00,740.00,Cash,5
T004384,2026-04-13 10:02,B01,M0046,SILVER,In-store,Coffee,1,100,0.00,100.00,QR PromptPay,5
T004385,2026-04-13 10:34,B04,M0181,Bronze,App,Merchandise,1,760,0.00,760.00,App Wallet,
T004386,2026-04-13 10:36,B02,M0054,Silver,In-store,Tea,2,60,24.00,96.00,Cash,
T004387,2026-04-13 11:10,B05,M0178,Silver,App,Coffee,4,75,30.00,270.00,App Wallet,4
T004388,2026-04-13 11:12,B01,M0183,Bronze,In-store,Merchandise,1,450,0.00,450.00,Credit Card,
T004389,2026-04-13 12:07,B03,M0272,Silver,In-store,Coffee,4,95,0.00,380.00,Cash,
T004390,2026-04-13 12:10,B04,M0093,Bronze,In-store,Coffee,2,120,0.00,240.00,QR PromptPay,
T004391,2026-04-13 12:13,B02,M0143,Bronze,Delivery,Coffee,1,120,0.00,120.00,Credit Card,
T004392,2026-04-13 12:21,B02,,,Delivery,Coffee,4,75,0.00,300.00,QR PromptPay,
T004393,2026-04-13 12:26,B03,,,App,Tea,1,80,0.00,80.00,Credit Card,3
T004394,2026-04-13 12:29,B05,M0073,Gold,In-store,Merchandise,4,320,0.00,1280.00,Credit Card,
T004395,2026-04-13 12:32,B01,,,In-store,Coffee,1,80,0.00,80.00,Credit Card,3
T004396,2569-04-13 13:02,B06,,,In-store,Coffee,2,70,0.00,140.00,QR PromptPay,
T004397,2026-04-13 13:16,B08,,,App,Tea,4,60,0.00,240.00,App Wallet,
T004398,2569-04-13 13:33,B06,,,Delivery,Coffee,1,110,0.00,110.00,Cash,
T004399,2026-04-13 14:16,B01,M0134,Platinum,In-store,Coffee,1,120,6.00,114.00,Credit Card,
T004400,2026-04-13 14:50,B03,,,In-store,Bakery,2,100,0.00,200.00,QR PromptPay,5
T004401,2026-04-13 15:10,B03,,,In-store,Tea,2,60,0.00,120.00,Credit Card,
T004402,2026-04-13 15:36,B01,,,App,Coffee,1,60,0.00,60.00,App Wallet,
T004403,2026-04-13 16:13,B03,M0107,Gold,In-store,Coffee,1,100,10.00,90.00,Credit Card,4
T004404,2026-04-13 16:52,B03,,,In-store,Merchandise,1,465,0.00,465.00,QR PromptPay,
T004405,2026-04-13 17:13,B07,M0079,Gold,In-store,Coffee,1,80,0.00,80.00,Credit Card,
T004406,2026-04-13 18:39,B07,,,In-store,Coffee,3,95,0.00,285.00,QR PromptPay,
T004407,2026-04-13 19:07,B03,M0137,Bronze,In-store,Bakery,3,80,0.00,240.00,Cash,
T004408,2026-04-13 19:18,B05,M0178,Silver,App,Merchandise,1,270,0.00,270.00,Credit Card,5
T004409,2026-04-13 19:23,B05,M0281,Bronze,Delivery,Coffee,1,80,0.00,80.00,QR PromptPay,5
T004410,2026-04-13 19:42,B04,,,In-store,Coffee,2,55,0.00,110.00,Cash,
T004411,2026-04-13 19:44,B08,M0305,Silver,In-store,Coffee,1,80,0.00,80.00,QR PromptPay,
T004412,2026-04-14 07:15,B07,,,Delivery,Tea,3,70,0.00,210.00,Cash,3
T004413,2026-04-14 08:00,B04,M0197,Silver,Delivery,Tea,3,60,18.00,162.00,Credit Card,3
T004414,2026-04-14 09:50,B05,M0025,Bronze,Mobile App,Coffee,4,105,0.00,420.00,App Wallet,
T004415,2026-04-14 10:11,B05,M0281,Bronze,In-store,Bakery,1,60,0.00,60.00,QR PromptPay,
T004416,2026-04-14 10:57,B05,M0149,Silver,In-store,Tea,1,65,0.00,65.00,Credit Card,5
T004417,2026-04-14 12:11,B03,M0261,Bronze,In-store,Coffee,1,105,0.00,105.00,Cash,
T004418,2026-04-14 12:19,B04,M0179,Platinum,App,Coffee,3,85,38.25,216.75,App Wallet,
T004419,2026-04-14 12:22,B01,M0186,Platinum,Delivery,Bakery,2,70,7.00,133.00,Credit Card,
T004420,2026-04-14 12:24,B04,,,App,Coffee,1,85,0.00,85.00,Credit Card,
T004421,2026-04-14 13:25,B03,M0027,Bronze,In-store,Bakery,3,60,0.00,180.00,Cash,
T004422,2026-04-14 13:37,B02,M0325,Platinum,In-store,Tea,1,60,3.00,57.00,Cash,
T004423,2026-04-14 13:37,B02,M0200,Gold,Delivery,Coffee,2,55,0.00,110.00,QR PromptPay,5
T004424,2569-04-14 13:38,B06,M0049,Platinum,App,Merchandise,1,555,0.00,555.00,Credit Card,3
T004425,2026-04-14 13:51,B03,M0085,SILVER,In-store,Coffee,1,55,0.00,55.00,QR PromptPay,
T004426,2026-04-14 13:58,B01,M0253,Silver,App,Coffee,1,105,15.75,89.25,Credit Card,
T004427,2026-04-14 16:28,B03,M0312,Bronze,App,Tea,1,65,0.00,65.00,App Wallet,
T004428,2026-04-14 16:54,B08,,,In-store,Coffee,1,70,0.00,70.00,Credit Card,
T004429,2026-04-14 16:56,B05,,,APP,Coffee,3,70,0.00,210.00,App Wallet,
T004430,2026-04-14 17:32,B07,,,In-store,Coffee,4,75,0.00,300.00,Cash,3
T004431,2026-04-15 08:20,B05,,,In-store,Merchandise,2,545,0.00,1090.00,Cash,3
T004432,2026-04-15 08:24,B02,M0031,Silver,In-store,Coffee,2,95,0.00,190.00,Credit Card,
T004433,2026-04-15 09:41,B08,,,App,Coffee,4,75,0.00,300.00,App Wallet,4
T004434,2026-04-15 10:57,B01,M0194,Bronze,In-store,Coffee,1,120,0.00,120.00,QR PromptPay,
T004435,2026-04-15 11:03,B01,,,App,Tea,1,65,0.00,65.00,Credit Card,
T004436,2026-04-15 12:14,B02,M0081,Bronze,App,Coffee,1,80,0.00,80.00,Credit Card,
T004437,2569-04-15 13:17,B06,M0154,Bronze,App,Coffee,1,95,0.00,95.00,App Wallet,
T004438,2026-04-15 13:47,B01,M0145,Silver,App,Coffee,4,60,0.00,240.00,App Wallet,5
T004439,2026-04-15 14:40,B07,M0024,Silver,In-store,Bakery,1,90,0.00,90.00,QR PromptPay,3
T004440,2026-04-15 16:00,B07,M0187,Silver,App,Coffee,2,75,0.00,150.00,App Wallet,
T004441,2026-04-15 16:08,B02,M0085,Silver,In-store,Coffee,1,90,0.00,90.00,Cash,
T004442,2026-04-15 17:27,B07,,,In-store,Bakery,1,80,0.00,80.00,QR PromptPay,3
T004443,2026-04-15 17:31,B02,M0200,Gold,App,Merchandise,1,725,0.00,725.00,Credit Card,5
T004444,2026-04-15 18:31,B01,M0194,Bronze,In-store,Coffee,1,65,9.75,55.25,QR PromptPay,
T004445,2026-04-15 19:29,B07,M0079,Gold,In-store,Coffee,1,65,0.00,65.00,QR PromptPay,
T004446,2026-04-15 19:43,B08,M0268,Silver,In-store,Tea,1,65,0.00,65.00,Cash,3
T004447,2026-04-15 19:52,B08,,,In-store,Coffee,2,95,0.00,190.00,QR PromptPay,
T004448,2026-04-16 07:19,B02,M0325,Platinum,In-store,Coffee,1,65,3.25,61.75,Credit Card,
T004449,2026-04-16 07:46,B07,M0289,Bronze,Delivery,Merchandise,1,315,0.00,315.00,Cash,4
T004450,2026-04-16 07:47,B08,M0189,Platinum,in-store,Tea,1,90,9.00,81.00,QR PromptPay,
T004451,2026-04-16 08:32,B01,,,In-store,Tea,2,50,0.00,100.00,QR PromptPay,4
T004452,2569-04-16 08:56,B06,M0268,Silver,App,Bakery,2,45,0.00,90.00,Credit Card,
T004453,2026-04-16 09:13,B04,,,Delivery,Tea,3,90,0.00,270.00,Credit Card,4
T004454,2026-04-16 10:02,B03,,,In-store,Coffee,2,105,0.00,210.00,Cash,5
T004455,2026-04-16 10:31,B04,,,Instore,Tea,1,85,0.00,85.00,QR PromptPay,
T004456,2026-04-16 11:01,B04,M0018,Bronze,In-store,Coffee,4,70,0.00,280.00,Cash,
T004457,2026-04-16 12:36,B03,M0091,Bronze,App,Tea,1,60,9.00,51.00,Credit Card,
T004458,2026-04-16 12:37,B08,M0212,Platinum,In-store,Tea,1,85,0.00,85.00,Credit Card,
T004459,2026-04-16 12:44,B07,,,Delivery,Coffee,1,55,0.00,55.00,Credit Card,5
T004460,2026-04-16 12:49,B03,M0177,Bronze,In-store,Tea,2,95,0.00,190.00,QR PromptPay,
T004461,2569-04-16 12:54,B06,,,in-store,Coffee,1,75,0.00,75.00,Cash,
T004462,2026-04-16 12:58,B07,M0066,Silver,App,Bakery,1,100,15.00,85.00,App Wallet,2
T004463,2026-04-16 13:15,B01,M0253,Silver,In-store,Bakery,1,90,0.00,90.00,QR PromptPay,
T004464,2026-04-16 13:23,B02,M0176,Bronze,In-store,Merchandise,3,450,135.00,1215.00,Credit Card,
T004465,2026-04-16 14:14,B02,M0284,Platinum,App,Coffee,2,100,10.00,190.00,Credit Card,
T004466,2026-04-16 15:01,B05,M0173,Silver,In-store,Tea,1,55,0.00,55.00,Credit Card,4
T004467,2026-04-16 15:19,B08,M0036,Platinum,App,Tea,4,90,36.00,324.00,Credit Card,
T004467,2026-04-16 15:19,B08,M0036,Platinum,App,Tea,4,90,36.00,324.00,Credit Card,
T004468,2026-04-16 16:37,B07,M0079,Gold,App,Bakery,2,45,13.50,76.50,Credit Card,4
T004469,2569-04-16 16:39,B06,M0154,Bronze,In-store,Coffee,4,80,0.00,320.00,QR PromptPay,4
T004470,2026-04-16 17:40,B08,M0212,Platinum,In-store,Coffee,2,60,24.00,96.00,Credit Card,4
T004471,2026-04-16 17:59,B08,M0104,Gold,In-store,Coffee,1,65,0.00,65.00,Credit Card,
T004472,2026-04-16 18:09,B04,M9823,Gold,In-store,Tea,1,60,0.00,60.00,QR PromptPay,
T004473,2026-04-16 19:00,B07,M0245,Gold,In-store,Coffee,1,70,0.00,70.00,QR PromptPay,
T004473,2026-04-16 19:00,B07,M0245,Gold,In-store,Coffee,1,70,0.00,70.00,QR PromptPay,
T004474,2026-04-16 19:56,B01,M0199,Gold,App,Bakery,2,45,4.50,85.50,Credit Card,
T004475,2026-04-16 23:20,B02,M0183,Bronze,Delivery,Coffee,2,60,0.00,120.00,Credit Card,2
T004476,2026-04-17 01:57,B02,,,Delivery,Coffee,4,65,0.00,260.00,Credit Card,
T004477,2026-04-17 07:25,B01,M0156,Bronze,APP,Bakery,1,75,0.00,75.00,App Wallet,
T004478,2026-04-17 07:35,B05,,,App,Coffee,1,55,0.00,55.00,App Wallet,
T004479,2026-04-17 08:03,B02,,,In-store,Coffee,4,120,0.00,480.00,QR PromptPay,
T004480,2026-04-17 08:16,B08,,,In-store,Coffee,1,65,0.00,65.00,Cash,3
T004481,2569-04-17 08:17,B06,,,In-store,Coffee,2,70,0.00,140.00,Credit Card,
T004482,2026-04-17 08:45,B04,M0024,Silver,Delivery,Coffee,1,120,24.00,96.00,QR PromptPay,
T004483,2026-04-17 08:47,B01,,,App,Coffee,2,100,0.00,200.00,App Wallet,3
T004484,2026-04-17 09:30,B01,,,In-store,Bakery,1,45,0.00,45.00,QR PromptPay,
T004485,2026-04-17 10:56,B01,M0216,Gold,In-store,Tea,2,75,30.00,120.00,QR PromptPay,
T004486,2569-04-17 11:46,B06,M0262,Bronze,In-store,Merchandise,1,330,0.00,330.00,Cash,
T004487,2026-04-17 12:02,B08,,,In-store,Bakery,3,45,0.00,135.00,QR PromptPay,
T004488,2026-04-17 12:04,B05,M0155,Platinum,In-store,Bakery,4,55,0.00,220.00,Credit Card,
T004489,2026-04-17 12:05,B04,M0219,Platinum,In-store,Coffee,1,105,21.00,84.00,Credit Card,3
T004490,2026-04-17 12:11,B05,M0059,Bronze,App,Coffee,1,110,5.50,104.50,Credit Card,
T004491,2026-04-17 12:11,B07,M0263,Bronze,App,Coffee,1,60,0.00,60.00,App Wallet,
T004492,2026-04-17 12:58,B04,,,In-store,Coffee,1,115,0.00,115.00,QR PromptPay,
T004493,2026-04-17 13:01,B05,M0149,Silver,In-store,Merchandise,1,440,0.00,440.00,Credit Card,
T004494,2026-04-17 13:43,B08,M0039,Silver,In-store,Bakery,4,65,26.00,234.00,QR PromptPay,5
T004495,2026-04-17 15:00,B07,M0079,Gold,Delivery,Coffee,1,105,15.75,89.25,Credit Card,
T004496,2569-04-17 15:22,B06,M0324,Gold,Delivery,Bakery,2,65,0.00,130.00,QR PromptPay,4
T004497,2026-04-17 15:42,B05,M0136,Bronze,Delivery,Bakery,2,90,18.00,162.00,QR PromptPay,5
T004498,2026-04-17 16:09,B05,,,app,Coffee,3,60,0.00,270.00,Credit Card,4
T004499,2569-04-17 16:12,B06,,,App,Coffee,1,85,0.00,85.00,Credit Card,
T004500,2569-04-17 16:23,B06,M0049,Platinum,In-store,Coffee,2,100,20.00,180.00,Credit Card,4
T004501,2569-04-17 16:25,B06,M0284,Platinum,In-store,Coffee,2,75,0.00,150.00,Credit Card,3
T004502,2026-04-17 16:40,B05,M0163,Bronze,App,Coffee,1,55,0.00,55.00,Credit Card,
T004503,2026-04-17 17:28,B01,M0069,Silver,App,Coffee,2,55,0.00,110.00,App Wallet,3
T004504,2026-04-17 18:10,B04,M0153,Silver,In-store,Tea,2,55,0.00,110.00,Cash,4
T004505,2026-04-17 18:42,B07,M0307,Silver,In-store,Coffee,4,115,0.00,460.00,QR PromptPay,
T004506,2026-04-17 18:59,B07,M0017,Bronze,In-store,Tea,4,70,42.00,238.00,Credit Card,
T004507,2026-04-17 18:59,B05,,,Delivery,Coffee,1,60,0.00,60.00,Credit Card,4
T004508,2026-04-17 19:34,B01,M0069,Silver,In-store,Coffee,1,75,0.00,75.00,Cash,
T004509,2026-04-17 21:27,B02,,,Delivery,Merchandise,3,365,0.00,1095.00,QR PromptPay,4
T004510,2026-04-18 07:39,B07,M0079,Gold,In-store,Coffee,1,75,0.00,75.00,QR PromptPay,4
T004511,2026-04-18 09:40,B08,M0039,Silver,App,Bakery,4,45,0.00,180.00,App Wallet,4
T004512,2026-04-18 10:24,B04,M9357,Gold,App,Bakery,1,80,0.00,80.00,App Wallet,4
T004513,2026-04-18 11:04,B01,M0199,Gold,In-store,Coffee,4,80,48.00,272.00,QR PromptPay,
T004514,2026-04-18 11:11,B05,,,App,Coffee,1,110,0.00,110.00,App Wallet,4
T004515,2026-04-18 11:46,B02,M0081,Bronze,App,Coffee,1,70,0.00,70.00,Credit Card,
T004516,2026-04-18 12:23,B08,,,App,Coffee,1,100,0.00,100.00,App Wallet,
T004517,2026-04-18 12:51,B01,M0009,Bronze,Delivery,Coffee,2,95,0.00,190.00,QR PromptPay,
T004518,2026-04-18 13:12,B07,M0079,Gold,In-store,Bakery,2,45,0.00,90.00,Cash,
T004519,2026-04-18 13:16,b05,M0091,Bronze,Delivery,Coffee,1,75,0.00,75.00,QR PromptPay,
T004520,2026-04-18 13:53,B02,M0104,Gold,App,Bakery,1,95,0.00,95.00,Credit Card,3
T004521,2026-04-18 14:21, B03,M0186,Platinum,In-store,Bakery,1,55,0.00,55.00,Cash,
T004522,2569-04-18 14:35,B06,,,Delivery,Coffee,1,฿60.00,0.00,60.00,Credit Card,4
T004523,2026-04-18 15:28,B08,,,app,Coffee,1,110,0.00,110.00,App Wallet,
T004524,2026-04-18 15:45,B02,M0011,Gold,Delivery,Tea,2,80,0.00,160.00,QR PromptPay,5
T004525,2026-04-18 16:11,B08,M0205,Silver,In-store,Coffee,3,60,27.00,153.00,Cash,
T004526,2026-04-18 16:20,B05,,,In-store,Coffee,2,65,0.00,130.00,Credit Card,4
T004527,2026-04-18 16:27,B03,,,Delivery,Coffee,3,120,0.00,360.00,QR PromptPay,
T004528,2026-04-18 16:35,B08,M0268,Silver,app,Tea,4,85,51.00,289.00,App Wallet,4
T004529,2026-04-18 16:53,B01,,,In-store,Coffee,1,55,0.00,55.00,Credit Card,
T004530,2026-04-18 17:20,B01,M0070,Silver,Delivery,Merchandise,1,595,0.00,595.00,Credit Card,
T004531,2026-04-18 18:01,B08,,,In-store,Coffee,2,105,0.00,210.00,Cash,4
T004532,2026-04-18 19:48,B04,M0203,Bronze,In-store,Bakery,1,75,11.25,63.75,Credit Card,4
T004533,2026-04-18 22:48,B02,,,Delivery,Tea,1,60,0.00,60.00,QR PromptPay,
T004534,2026-04-19 00:00,B02,M0011,Gold,Delivery,Coffee,1,120,0.00,120.00,QR PromptPay,
T004535,2026-04-19 01:06,B02,,,Delivery,Bakery,2,110,0.00,220.00,QR PromptPay,
T004536,2026-04-19 08:19,B02,,,In-store,Coffee,1,75,0.00,75.00,QR PromptPay,3
T004537,2026-04-19 08:42,B01,,,App,Coffee,2,110,0.00,220.00,App Wallet,4
T004538,2026-04-19 08:49,B01,M0197,Silver,In-store,Coffee,1,105,0.00,105.00,Credit Card,
T004539,2569-04-19 08:50,B06,,,In-store,Bakery,4,80,0.00,320.00,Credit Card,4
T004540,2026-04-19 08:56,B03,M0003,Gold,In-store,Tea,3,95,57.00,228.00,Cash,
T004541,2026-04-19 09:22,B03,,,App,Coffee,1,100,0.00,100.00,App Wallet,
T004542,2026-04-19 09:52,B05,M0091,Bronze,Delivery,Coffee,1,95,0.00,95.00,QR PromptPay,
T004543,2026-04-19 10:27,B02,,,In-store,Coffee,1,105,0.00,105.00,Cash,
T004544,2026-04-19 10:47,B02,M0268,Silver,App,Bakery,1,50,0.00,50.00,Credit Card,
T004545,2026-04-19 12:00,B01,,,App,Coffee,1,80,0.00,80.00,App Wallet,
T004546,2026-04-19 12:20,B07,M0066,Silver,In-store,Coffee,1,105,0.00,105.00,Credit Card,
T004547,2026-04-19 12:31,B08,,,Delivery,Tea,1,65,0.00,65.00,Credit Card,
T004548,2569-04-19 13:45,B06,,,In-store,Tea,2,75,0.00,150.00,Cash,3
T004549,2026-04-19 13:50,B07,M0119,gold,In-store,Coffee,1,120,0.00,120.00,Credit Card,
T004550,2026-04-19 14:26,B01,M0168,Silver,App,Coffee,1,55,8.25,46.75,App Wallet,
T004551,2026-04-19 14:57,B02,M0210,Bronze,App,Merchandise,1,715,0.00,715.00,Credit Card,
T004552,2569-04-19 15:08,B06,M0042,Gold,App,Bakery,1,55 THB,2.75,52.25,App Wallet,4
T004553,2569-04-19 16:01,B06,M0154,Bronze,In-store,Coffee,1,110,0.00,110.00,QR PromptPay,5
T004554,2026-04-19 16:03,B05,M0091,Bronze,App,Tea,2,85,0.00,170.00,Credit Card,5
T004555,2026-04-19 16:06,B08,,,In-store,Bakery,3,95,0.00,285.00,Cash,
T004556,2026-04-19 16:22,B01,,,Delivery,Tea,1,55,0.00,55.00,Credit Card,5
T004557,2026-04-19 16:29,B05,,,In-store,Coffee,3,65,0.00,195.00,Cash,5
T004558,2026-04-19 16:42,B07,M0085,Silver,Delivery,Bakery,4,95,0.00,380.00,QR PromptPay,3
T004559,2026-04-19 16:54,B07,M0065,Platinum,App,Tea,2,55,0.00,110.00,App Wallet,
T004560,2026-04-19 17:08,B08,M0162,Bronze,App,Coffee,3,85,38.25,216.75,Credit Card,3
T004561,2569-04-19 18:24,B06,,,In-store,Coffee,1,105,0.00,105.00,Cash,2
T004562,2026-04-19 19:04,B07,M0073,Gold,In-store,Bakery,1,95,0.00,95.00,Cash,2
T004563,2026-04-19 19:17,B01,M0194,Bronze,Delivery,Tea,2,70,7.00,133.00,QR PromptPay,
T004564,2026-04-19 19:41,B07,,,App,Coffee,1,85,0.00,85.00,Credit Card,4
T004565,2026-04-19 19:52,B02,M0325,Plat.,Delivery,Merchandise,2,570,0.00,1140.00,Credit Card,4
T004566,2569-04-20 07:04,B06,,,In-store,Bakery,1,55,0.00,55.00,Credit Card,
T004567,2569-04-20 08:55,B06,M0191,Bronze,Delivery,Bakery,1,70,0.00,70.00,QR PromptPay,5
T004568,2026-04-20 10:09,B05,,,App,Coffee,1,80,0.00,80.00,App Wallet,
T004569,2026-04-20 10:21,B05,M0059,Bronze,In-store,Tea,1,90,0.00,90.00,QR PromptPay,4
T004570,2026-04-20 10:47,B07,M0270,Bronze,In-store,Coffee,4,115,0.00,460.00,Cash,4
T004571,2026-04-20 11:42,B08,,,Delivery,Coffee,3,55,0.00,165.00,QR PromptPay,4
T004572,2026-04-20 11:54,B02,,,In-store,Coffee,2,100,0.00,200.00,Credit Card,
T004573,2569-04-20 12:10,B06,,,In-store,Bakery,3,65,0.00,195.00,Cash,4
T004574,2026-04-20 12:43,B01,M0084,Silver,Mobile App,Coffee,1,105,5.25,99.75,App Wallet,
T004575,2026-04-20 13:45,B01,M9826,Bronze,App,Tea,2,75,0.00,150.00,Credit Card,5
T004576,2026-04-20 15:25,B07,M0179,Platinum,In-store,Coffee,1,60,12.00,48.00,Cash,
T004577,2026-04-20 15:34,B04,,,App,Tea,1,50,0.00,50.00,Credit Card,4
T004578,2026-04-20 15:39,b03,,,In-store,Bakery,2,110,0.00,220.00,Cash,4
T004579,2026-04-20 16:44,B03,M9254,Bronze,In-store,Coffee,2,65,0.00,130.00,Credit Card,
T004580,2026-04-20 17:13,B05,M0315,Platinum,In-store,Coffee,2,90,18.00,162.00,Cash,
T004581,2026-04-20 18:16,B01,M0076,Silver,In-store,Coffee,2,100,0.00,200.00,Cash,4
T004582,2026-04-20 19:49,B07,M0284,Platinum,APP,Tea,1,80,12.00,68.00,Credit Card,
T004583,2026-04-20 19:55,B02,,,Delivery,Bakery,4,85,0.00,340.00,Credit Card,
T004584,2026-04-20 22:54,B02,,,Delivery,Bakery,2,75,0.00,150.00,Credit Card,3
T004585,2026-04-21 01:09,B02,,,Delivery,Merchandise,1,525,0.00,525.00,Credit Card,4
T004586,2026-04-21 07:41,B08,M0050,Bronze,In-store,Coffee,1,90,0.00,90.00,QR PromptPay,
T004587,2026-04-21 07:55,B03,,,In-store,Bakery,1,110,0.00,110.00,QR PromptPay,3
T004588,2026-04-21 08:46,B08,,,App,Coffee,1,100,0.00,100.00,App Wallet,
T004589,2026-04-21 08:46,B01,M0221,Silver,In-store,Merchandise,1,460,92.00,328.00,Credit Card,
T004590,2026-04-21 09:54,B02,M0007,Silver,App,Merchandise,4,555,333.00,1887.00,App Wallet,
T004591,2026-04-21 10:35,B07,,,In-store,Coffee,1,70,0.00,70.00,QR PromptPay,
T004592,2026-04-21 11:00,B05,,,App,Coffee,1,75,0.00,75.00,Credit Card,4
T004593,2026-04-21 11:19,B03,M0108,Gold,App,Coffee,2,80,16.00,144.00,App Wallet,
T004594,2026-04-21 11:27,B01,M0151,Bronze,In-store,Coffee,2,55,0.00,110.00,Cash,
T004595,2026-04-21 11:31,B04,M0045,Bronze,App,Tea,2,80,0.00,160.00,App Wallet,
T004596,2026-04-21 12:28,B08,M0085,Silver,In-store,Coffee,1,115,0.00,115.00,Cash,
T004597,2026-04-21 12:50,B02,M9799,Bronze,In-store,Coffee,1,55,0.00,55.00,Credit Card,
T004598,2026-04-21 13:05,B05,M0091,Bronze,Delivery,Coffee,2,55,0.00,110.00,Credit Card,
T004599,2026-04-21 13:20,B03,M0031,Silver,App,Coffee,1,110,0.00,110.00,App Wallet,5
T004600,2026-04-21 13:23,B08,M0285,Bronze,Delivery,Tea,1,80,8.00,72.00,Cash,4
T004601,2569-04-21 13:54,B06,M0173,Silver,APP,Tea,1,50,0.00,50.00,App Wallet,
T004602,2026-04-21 14:39,B02,M0049,Platinum,In-store,Coffee,1,120,18.00,102.00,Cash,4
T004603,2026-04-21 16:15,B03,M0089,Bronze,In-store,Tea,2,70,0.00,140.00,QR PromptPay,
T004604,2026-04-21 16:24,B08,M0212,Platinum,delivery,Coffee,2,75,0.00,150.00,Credit Card,
T004605,2026-04-21 16:47,B02,,,In-store,Coffee,2,65,0.00,130.00,Credit Card,
T004606,2026-04-21 17:03,B01,M0230,Bronze,In-store,Coffee,1,110,0.00,110.00,Credit Card,5
T004607,2026-04-21 17:27,B01,M0062,Gold,App,Coffee,3,100,0.00,300.00,Credit Card,4
T004608,2026-04-21 17:51,B02,M0281,Bronze,Deliv.,Coffee,2,55,0.00,110.00,QR PromptPay,3
T004609,2026-04-21 18:17,B02,M0307,Silver,In-store,Bakery,3,110,16.50,313.50,QR PromptPay,4
T004610,2026-04-22 08:51,B08,M0046,Silver,App,Bakery,3,50,0.00,150.00,App Wallet,
T004611,2026-04-22 08:52,B03,,,In-store,Coffee,1,65,0.00,65.00,Credit Card,
T004612,2026-04-22 08:54,B01,M0085,Silver,In-store,Coffee,3,60,0.00,180.00,Credit Card,5
T004613,2569-04-22 09:48,B06,M0232,Bronze,in-store,Bakery,1,110,0.00,110.00,Cash,
T004614,2026-04-22 10:53,B04,,,App,Coffee,2,105,0.00,210.00,App Wallet,
T004615,2026-04-22 11:23,B04,,,Delivery,Coffee,2,95,0.00,190.00,Credit Card,
T004616,2026-04-22 11:33,B03,M0027,Bronze,Delivery,Coffee,1,85,0.00,85.00,QR PromptPay,
T004617,2026-04-22 12:25,B02,,,In-store,Bakery,4,90,0.00,360.00,Cash,4
T004618,2569-04-22 12:37,B06,M0226,Bronze,In-store,Coffee,1,115,0.00,115.00,Credit Card,
T004619,2026-04-22 12:40,B05,,,APP,Merchandise,1,315,0.00,315.00,Credit Card,
T004620,2026-04-22 13:03,B08,,,In-store,Coffee,2,65,0.00,130.00,Cash,
T004621,2026-04-22 13:21,B8,M0129,Silver,App,Coffee,1,55,2.75,52.25,App Wallet,
T004622,2026-04-22 14:28,B04,M0326,Bronze,App,Coffee,1,115,0.00,115.00,Credit Card,
T004623,2026-04-22 14:51,B05,M0105,Bronze,In-store,Coffee,4,85,0.00,340.00,Cash,
T004624,2026-04-22 15:48,B01,,,App,Bakery,2,50,0.00,100.00,App Wallet,
T004625,2026-04-22 16:23,B05,M0280,Silver,In-store,Coffee,2,70,0.00,140.00,Credit Card,
T004626,2026-04-22 16:38,B03,M0272,Silver,Instore,Merchandise,4,555,0.00,2220.00,Credit Card,
T004627,2569-04-22 16:39,B06,M0276,Gld,In-store,Coffee,4,60,48.00,192.00,Cash,
T004628,2026-04-22 16:55,B03,M0239,Bronze,In-store,Coffee,1,55,0.00,55.00,Credit Card,
T004629,2026-04-22 17:06,B02,M0261,Bronze,In-store,Coffee,1,105,0.00,105.00,Credit Card,
T004630,2026-04-22 18:39,B05,M0089,Bronze,In-store,Coffee,1,110,0.00,110.00,Cash,
T004631,2026-04-22 19:54,B02,M0325,Platinum,Delivery,Tea,4,80,32.00,288.00,QR PromptPay,
T004632,2026-04-23 07:02,B03,,,Delivery,Coffee,1,75,0.00,75.00,QR PromptPay,
T004633,2026-04-23 07:05,B01,M0069,Silver,In-store,Coffee,2,85,0.00,170.00,QR PromptPay,3
T004634,2026-04-23 08:29,B02,,,App,Coffee,3,55,0.00,165.00,App Wallet,3
T004635,2026-04-23 09:32,B04,M0256,Silver,In-store,Coffee,1,75,0.00,75.00,QR PromptPay,
T004636,2026-04-23 09:43,B02,M0274,Gold,App,Coffee,4,80,16.00,304.00,Credit Card,3
T004637,2026-04-23 10:44,B03,,,Delivery,Bakery,1,95,0.00,95.00,Credit Card,
T004638,2026-04-23 11:26,B01,M0197,Silver,In-store,Coffee,1,60,0.00,60.00,QR PromptPay,
T004639,2026-04-23 11:59,B05,M0157,Gold,Delivery,Coffee,1,60,0.00,60.00,QR PromptPay,
T004640,2026-04-23 12:03,B03,,,App,Tea,3,60,0.00,180.00,Credit Card,
T004641,23/04/2026 12:05,B07,M0253,Silver,In-store,Merchandise,1,810,0.00,810.00,QR PromptPay,
T004642,2026-04-23 12:34,B03,M0286,Gold,Delivery,Coffee,2,60,24.00,96.00,Credit Card,
T004643,2026-04-23 12:58,B03,,,In-store,Coffee,3,70,0.00,210.00,QR PromptPay,
T004644,2026-04-23 13:19,B01,M0177,Bronze,App,Coffee,2,115,0.00,230.00,App Wallet,
T004645,23/04/2026 13:21,B07,M0323,Gold,In-store,Bakery,2,105,10.50,199.50,Cash,1
T004646,2026-04-23 13:22,B01,M0102,Bronze,In-store,Coffee,1,85,8.50,76.50,Credit Card,4
T004647,2026-04-23 13:27,B03,,,App,Bakery,2,95,0.00,190.00,App Wallet,
T004648,2026-04-23 13:31,B05,M0060,Bronze,In-store,Bakery,2,95,9.50,180.50,QR PromptPay,5
T004649,2026-04-23 13:43,B03,M0062,Gold,App,Bakery,1,75,0.00,75.00,App Wallet,
T004650,2026-04-23 13:55,B04,M0037,Bronze,Delivery ,Coffee,2,80,8.00,152.00,Cash,
T004651,2026-04-23 14:01,B05,,,In-store,Tea,1,65,0.00,65.00,QR PromptPay,
T004652,23/04/2026 14:05,B07,,,In-store,Merchandise,3,635,0.00,1905.00,Cash,2
T004653,2026-04-23 15:22,B03,M0261,Bronze,In-store,Bakery,1,45,0.00,45.00,QR PromptPay,3
T004654,2026-04-23 15:25,B02,,,In-store,Coffee,1,120,0.00,120.00,Credit Card,
T004655,2026-04-23 15:37,B04,M0181,Bronze,In-store,Coffee,2,110,0.00,220.00,Cash,4
T004656,2026-04-23 16:16,B01,M0210,Bronze,App,Bakery,1,95,0.00,95.00,Credit Card,5
T004657,2026-04-23 17:14,B02,,,App,Coffee,3,75,0.00,225.00,App Wallet,
T004658,2026-04-23 17:30,B03,M0089,Bronze,In-store,Tea,2,80,0.00,160.00,Credit Card,
T004659,23/04/2026 17:43,B07,,,Delivery,Coffee,4,55,0.00,220.00,Credit Card,
T004660,2026-04-23 18:48,B05,,,In-store,Merchandise,1,515,0.00,515.00,Cash,3
T004661,23/04/2026 19:09,B07,M0245,Gold,delivery,Coffee,2,100,0.00,200.00,QR PromptPay,3
T004662,2026-04-23 19:50,B01,M0029,Bronze,App,Tea,2,70,0.00,140.00,Credit Card,
T004663,2026-04-24 01:41,B02,,,Delivery,Merchandise,1,470,0.00,470.00,Credit Card,
T004664,2026-04-24 07:26,B05,M0165,Bronze,Delivery,Coffee,1,100,0.00,100.00,Credit Card,3
T004665,2026-04-24 07:56,B05,M9108,Silver,App,Tea,4,60,0.00,240.00,Credit Card,
T004666,2026-04-24 08:09,B05,M0281,Bronze,In-store,Coffee,3,95,0.00,285.00,QR PromptPay,
T004667,2026-04-24 08:19,B04,M0291,Bronze,Delivery,Coffee,3,120,0.00,360.00,Credit Card,
T004668,2026-04-24 08:26,B01,M0212,Platinum,App,Coffee,1,100,10.00,90.00,App Wallet,4
T004669,24/04/2026 09:10,B07,,,In-store,Coffee,4,80,0.00,320.00,Credit Card,2
T004670,2026-04-24 09:17,B01,M0312,Silver,Instore,Coffee,2,100,0.00,200.00,QR PromptPay,
T004671,2026-04-24 09:23,B04,M0093,Bronze,In-store,Coffee,1,115,0.00,115.00,Cash,
T004672,2569-04-24 12:03,B06,M0276,Gold,In-store,Tea,1,55,0.00,55.00,QR PromptPay,3
T004673,2026-04-24 12:21,B05,M0178,Silver,In-store,Bakery,3,75,0.00,225.00,QR PromptPay,
T004674,2569-04-24 12:23,B06,M0042,Gold,In-store,Merchandise,1,450,22.50,427.50,Cash,
T004675,2569-04-24 12:41,B06,M0173,Silver,In-store,Merchandise,2,545,218.00,872.00,QR PromptPay,
T004676,2026-04-24 12:42,b03,M0110,Silver,Delivery,Bakery,1,65,9.75,55.25,Cash,
T004677,2026-04-24 12:48,B02,M0152,Bronze,In-store,Bakery,1,85,0.00,85.00,Cash,
T004678,2026-04-24 13:27,B02,,,In-store,Coffee,1,75,0.00,75.00,Credit Card,2
T004679,2026-04-24 13:54,B08,M0278,Bronze,In-store,Tea,1,50,0.00,50.00,QR PromptPay,
T004680,2026-04-24 14:13,B08,M0104,Gold,App,Coffee,2,60,24.00,96.00,Credit Card,
T004681,24/04/2026 15:18,B07,M0079,Gold,App,Coffee,1,55,0.00,55.00,App Wallet,
T004682,2026-04-24 15:29,B08,M0039,Silver,App,Coffee,1,80,0.00,80.00,Credit Card,
T004683,2569-04-24 15:42,B06,,,In store,Tea,1,55,0.00,55.00,Credit Card,
T004684,2569-04-24 16:17,B06,M0197,Silver,In-store,Tea,1,70,14.00,56.00,QR PromptPay,4
T004685,2026-04-24 16:22,B04,M0147,Silver,App,Bakery,3,85,51.00,204.00,App Wallet,4
T004686,2026-04-24 17:40,B05,M0281,Bronze,In-store,Bakery,2,95,0.00,190.00,Credit Card,
T004687,24/04/2026 18:41,b07,M0280,Silver,In-store,Coffee,2,70,0.00,140.00,QR PromptPay,
T004688,2026-04-25 07:47,B08,M0067,Bronze,In-store,Bakery,1,100,0.00,100.00,Credit Card,5
T004689,2569-04-25 08:00,B06,M0276,Gold,App,Merchandise,2,290,0.00,580.00,Credit Card,
T004689,2569-04-25 08:00,B06,M0276,Gold,App,Merchandise,2,290,0.00,580.00,Credit Card,
T004690,2026-04-25 08:11,B03,,,Delivery,Tea,1,90,0.00,90.00,Cash,
T004691,2026-04-25 08:43,B05,M0038,Bronze,In-store,Coffee,1,80,0.00,80.00,Credit Card,
T004692,25/04/2026 09:48,B07,,,In-store,Bakery,4,45,0.00,180.00,QR PromptPay,
T004693,2026-04-25 10:39,B05,,,In-store,Tea,2,90,0.00,180.00,QR PromptPay,5
T004694,2026-04-25 11:21,B04,,,In-store,Bakery,1,105,0.00,105.00,Credit Card,
T004695,2026-04-25 11:57,B08,,,Delivery,Coffee,1,65,0.00,65.00,Credit Card,
T004696,2026-04-25 12:01,B03,,,In-store,Coffee,1,65,0.00,65.00,QR PromptPay,
T004697,2026-04-25 12:05,B08,M0039,Silver,In-store,Bakery,1,50,5.00,45.00,QR PromptPay,
T004698,2026-04-25 12:42,B4,,,In-store,Coffee,4,100,0.00,400.00,Credit Card,
T004699,2026-04-25 12:44,B08,,,In-store,Bakery,2,55,0.00,110.00,Credit Card,
T004700,25/04/2026 13:34,B07,M0079,Gold,In-store,Coffee,1,65,6.50,58.50,QR PromptPay,
T004701,2026-04-25 13:44,B03,M0234,Silver,App,Coffee,1,70,10.50,59.50,Credit Card,
T004702,2026-04-25 14:21,B02,,,Delivery,Tea,2,85,0.00,170.00,QR PromptPay,5
T004703,2026-04-25 14:29,B04,M0024,Silver,In-store,Coffee,2,75,0.00,150.00,Credit Card,4
T004704,2026-04-25 14:43,B04,M0153,Silver,Delivery,Coffee,1,110,16.50,93.50,QR PromptPay,3
T004705,25/04/2026 15:07,B07,,,App,Bakery,1,60,0.00,60.00,Credit Card,2
T004706,25/04/2026 16:20,B07,M0120,Gold,In-store,Coffee,1,100,15.00,85.00,Credit Card,
T004707,25/04/2026 16:21,B07,M0065,Platinum,In-store,Bakery,4,50,30.00,170.00,QR PromptPay,
T004708,2026-04-25 16:27,B05,M0157,Gold,In-store,Coffee,1,120,24.00,96.00,QR PromptPay,3
T004709,2026-04-25 17:06,B05,M0223,Bronze,App,Coffee,4,95,0.00,380.00,Credit Card,3
T004710,2026-04-25 17:31,B08,,,In-store,Coffee,1,95,0.00,95.00,Credit Card,5
T004711,2026-04-25 18:04,B05,M0233,Silver,App,Coffee,1,95,9.50,85.50,App Wallet,
T004711,2026-04-25 18:23,B05,M0233,Silver,app,Coffee,-1,95,-9.50,-85.50,App Wallet,
T004712,2026-04-25 19:04,B03,M0031,silver,In-store,Coffee,4,75,15.00,285.00,QR PromptPay,4
T004713,2026-04-25 19:31,B03,M0182,Silver,Delivery,Coffee,2,120,12.00,228.00,QR PromptPay,
T004714,2026-04-26 07:34,B02,M0325,Platinum,In-store,Coffee,1,115,0.00,115.00,QR PromptPay,
T004715,2026-04-26 07:58,B04,M0179,Platinum,In-store,Coffee,2,120,0.00,240.00,QR PromptPay,
T004716,2026-04-26 07:59,B01,M9862,Platinum,In-store,Coffee,1,100,5.00,95.00,QR PromptPay,4
T004717,2026-04-26 08:02,B04,M0179,Platinum,App,Merchandise,1,445,44.50,400.50,Credit Card,2
T004718,2026-04-26 09:57,B05,,,In-store,Coffee,1,115,0.00,115.00,QR PromptPay,
T004719,2026-04-26 09:59,B01,,,In-store,Coffee,4,75,0.00,300.00,QR PromptPay,
T004720,2026-04-26 11:30,B08,M0251,Bronze,In-store,Coffee,1,95,0.00,95.00,Credit Card,4
T004721,2026-04-26 12:02,B05,M0268,Silver,Delivery,Coffee,2,120,0.00,240.00,QR PromptPay,4
T004722,2026-04-26 12:12,B03,M0108,Gold,App,Merchandise,1,470,23.50,446.50,Credit Card,
T004723,2026-04-26 12:30,B01,M0046,Silver,In-store,Coffee,3,60,0.00,180.00,QR PromptPay,5
T004724,2026-04-26 13:20,B02,M0325,Platinum,In-store,Coffee,2,95,0.00,190.00,Cash,4
T004725,2026-04-26 13:24,B05,M0313,Bronze,In-store,Coffee,2,90,0.00,180.00,Cash,4
T004726,2026-04-26 13:46,B04,M0178,Slvr,In-store,Tea,2,75,7.50,142.50,QR PromptPay,
T004727,2026-04-26 14:46,B08,,,In-store,Coffee,1,120,0.00,120.00,QR PromptPay,
T004728,2026-04-26 15:28,B05,M0105,Bronze,Delivery,Coffee,1,90,13.50,76.50,Cash,4
T004729,2026-04-26 15:49,B02,,,In-store,Coffee,4,60,0.00,240.00,QR PromptPay,
T004730,26/04/2026 16:23,B07,M0017,Bronze,App,Bakery,1,70,3.50,66.50,Credit Card,
T004731,2026-04-26 16:32,B03,M0108,Gold,In-store,Coffee,1,115,0.00,115.00,QR PromptPay,
T004731,2026-04-26 16:42,B03,M0108,Gold,Instore,Coffee,-1,115,-0.00,-115.00,QR PromptPay,
T004732,2026-04-26 16:48,B01,,,In-store,Coffee,3,55,0.00,165.00,Credit Card,
T004733,26/04/2026 16:49,B07,M0218,Bronze,In-store,Tea,1,70,0.00,70.00,QR PromptPay,
T004733,26/04/2026 16:49,B07,M0218,Bronze,In-store,Tea,1,70,0.00,70.00,QR PromptPay,
T004734,2026-04-26 17:54,B05,,,In-store,Coffee,2,65,0.00,130.00,QR PromptPay,4
T004735,2569-04-26 18:05,B06,M9826,Platinum,App,Coffee,2,105,0.00,210.00,App Wallet,5
T004736,2026-04-26 18:28,B01,M0052,Bronze,In-store,Merchandise,1,615,0.00,615.00,QR PromptPay,
T004737,2026-04-26 18:56,B04,M0291,Bronze,App,Bakery,1,80,0.00,80.00,App Wallet,
T004738,2026-04-26 19:06,B03,M0177,Bronze,In-store,Coffee,1,70,0.00,70.00,Credit Card,
T004739,2026-04-26 19:17,B05,M0165,Bronze,In-store,Coffee,2,115,0.00,230.00,Credit Card,
T004740,2026-04-27 07:04,B01,M0060,Bronze,In-store,Coffee,2,120,12.00,228.00,Cash,3
T004741,27/04/2026 07:35,B07,M0169,Silver,In-store,Coffee,1,55,0.00,55.00,Cash,3
T004742,27/04/2026 07:42,B07,M0119,Gold,In-store,Coffee,2,115,0.00,230.00,Cash,2
T004743,2569-04-27 08:13,B06,M0154,Bronze,In-store,Coffee,1,95,0.00,95.00,Credit Card,4
T004744,2026-04-27 08:46,B05,,,In-store,Coffee,1,55,0.00,55.00,QR PromptPay,4
T004745,2026-04-27 08:47,B05,M0233,Silver,App,Tea,1,85,0.00,85.00,Credit Card,
T004746,2026-04-27 08:51,B05,M0230,Bronze,App,Coffee,1,95,0.00,95.00,App Wallet,
T004747,2026-04-27 10:41,B08,M0126,Bronze,In-store,Coffee,1,100,0.00,100.00,QR PromptPay,4
T004748,2026-04-27 10:51,B08,,,In-store,Coffee,2,65,0.00,130.00,Credit Card,
T004749,2026-04-27 11:12,B04,M0079,Gold,In-store,Bakery,3,105,47.25,267.75,Credit Card,4
T004750,2026-04-27 11:53,B05,M0216,Gold,App,Merchandise,4,425,0.00,1700.00,App Wallet,
T004751,2569-04-27 12:43,B06,,,In-store,Tea,3,50,0.00,150.00,Credit Card,
T004752,2026-04-27 12:55,B01,M0186,Platinum,In-store,Coffee,1,65,13.00,52.00,Cash,4
T004753,2026-04-27 12:57,B08,M0159,Silver,In-store,Coffee,1,75,0.00,75.00,Cash,
T004754,2026-04-27 13:16,b08,,,In-store,Tea,1,75,0.00,75.00,Cash,4
T004755,2569-04-27 13:51,B06,,,In-store,Coffee,1,60,0.00,60.00,Cash,
T004756,2026-04-27 14:18,B08,,,App,Coffee,1,85,0.00,85.00,App Wallet,5
T004757,2026-04-27 14:38,b03,,,Delivery,Coffee,2,65,0.00,130.00,Cash,
T004758,2026-04-27 15:28,B02,M9826,Gold,In-store,Coffee,1,115,0.00,115.00,Cash,5
T004759,2026-04-27 15:45,B08,,,Delivery,Bakery,1,45,0.00,45.00,QR PromptPay,
T004760,27/04/2026 16:23,B07,M0185,Silver,App,Coffee,1,95,14.25,80.75,Credit Card,
T004761,27/04/2026 16:35,B07,,,In-store,Merchandise,1,700,0.00,700.00,QR PromptPay,
T004762,27/04/2026 17:20,B07,M0249,Silver,App,Coffee,1,65,0.00,65.00,App Wallet,
T004762,27/04/2026 17:56,B07,M0249,Silver,App,Coffee,-1,65,-0.00,-65.00,App Wallet,
T004763,2026-04-27 22:51,B02,,,Delivery,Coffee,2,80,0.00,160.00,Credit Card,
T004764,2026-04-28 01:07,B02,,,Delivery,Coffee,1,95,0.00,95.00,Credit Card,
T004765,2026-04-28 07:05,B01,M0197,Silver,App,Bakery,2,110,0.00,220.00,Credit Card,
T004766,2026-04-28 07:19,B03,,,Delivery,Coffee,1,80,0.00,80.00,QR PromptPay,5
T004767,2026-04-28 07:45,B08,,,Delivery,Merchandise,3,430,0.00,1290.00,Credit Card,
T004768,2026-04-28 08:05,B03,,,App,Coffee,1,60,0.00,60.00,App Wallet,4
T004769,28/04/2026 08:19,B07,M0161,Brz,In-store,Bakery,3,90,0.00,270.00,QR PromptPay,1
T004770,2026-04-28 08:25,B02,M0047,Bronze,In-store,Coffee,3,80,0.00,240.00,Credit Card,
T004771,2026-04-28 08:41,B01,M0052,Brz,In-store,Bakery,1,95,0.00,95.00,Credit Card,
T004772,2026-04-28 08:52,B05,M0083,Gold,In-store,Coffee,3,110,0.00,330.00,Cash,
T004773,2569-04-28 09:10,B06,,,Delivery,Coffee,1,105,0.00,105.00,Cash,
T004774,2026-04-28 09:14,B01,M0251,Bronze,In-store,Coffee,4,60,0.00,240.00,QR PromptPay,4
T004775,2026-04-28 10:33,B02,,,In-store,Merchandise,2,705,0.00,1410.00,Cash,3
T004776,2026-04-28 10:50,B03,,,In-store,Coffee,1,80,0.00,80.00,Credit Card,
T004777,2026-04-28 11:35,B01,M0069,Silver,In-store,Bakery,1,45,0.00,45.00,QR PromptPay,
T004778,28/04/2026 12:04,B07,M0066,Silver,in-store,Coffee,1,85,0.00,85.00,QR PromptPay,3
T004779,2026-04-28 12:09,B05,,,Delivery,Tea,2,50,0.00,100.00,Credit Card,
T004780,28/04/2026 12:14,B07,,,In-store,Coffee,1,85,0.00,85.00,Cash,
T004781,2026-04-28 12:16,B04,M0090,Platinum,In-store,Coffee,2,115,0.00,230.00,QR PromptPay,
T004782,2026-04-28 12:18,B01,M0251,Bronze,App,Coffee,1,60,0.00,60.00,App Wallet,
T004783,2026-04-28 12:22,B01,M0235,SILVER,In-store,Coffee,2,120,0.00,240.00,Cash,
T004784,28/04/2026 13:28,B07,M0209,Bronze,App,Bakery,3,70,0.00,210.00,App Wallet,
T004785,2026-04-28 13:39,B08,M0257,Platinum,Delivery,Tea,1,90,0.00,90.00,Cash,
T004786,2569-04-28 14:59,B06,M0059,Bronze,App,Tea,1,75,0.00,75.00,App Wallet,
T004787,2026-04-28 16:27,B03,,,In-store,Coffee,1,60 THB,0.00,60.00,Credit Card,
T004788,28/04/2026 16:31,B07,M0128,Bronze,In-store,Coffee,1,80,0.00,80.00,QR PromptPay,1
T004789,2026-04-28 16:35,B05,,,In-store,Coffee,1,95,0.00,95.00,QR PromptPay,
T004790,28/04/2026 16:45,B07,M0289,Bronze,In-store,Merchandise,1,570,0.00,570.00,QR PromptPay,
T004788,28/04/2026 17:09,B07,M0128,Bronze,In-store,Coffee,-1,80,-0.00,-80.00,QR PromptPay,
T004791,2026-04-28 18:32,B08,,,App,Bakery,1,50,0.00,50.00,App Wallet,
T004792,2026-04-28 19:04,B02,M0006,Gold,App,Tea,4,50,0.00,200.00,Credit Card,
T004793,2026-04-28 19:05,B08,,,In-store,Coffee,1,95,0.00,95.00,QR PromptPay,3
T004794,2026-04-28 19:31,B01,M0308,Bronze,In-store,Coffee,1,55,0.00,55.00,Cash,4
T004794,2026-04-28 19:31,B01,M0308,Bronze,In-store,Coffee,1,55,0.00,55.00,Cash,4
T004795,2026-04-28 19:37,B05,M0308,Bronze,In-store,Coffee,1,55,0.00,55.00,QR PromptPay,
T004796,2026-04-29 07:11,B05,M9826,Platinum,Delivery,Tea,1,90,13.50,76.50,Credit Card,
T004797,2569-04-29 08:38,B06,,,App,Bakery,1,70,0.00,70.00,Credit Card,
T004798,2026-04-29 08:59,B02,M0143,Bronze,In-store,Coffee,1,90,0.00,90.00,Credit Card,
T004799,29/04/2026 09:01,B07,M0079,Gold,In-store,Bakery,4,95,19.00,361.00,Cash,3
T004800,29/04/2026 09:41,B07,,,In-store,Coffee,1,55,0.00,55.00,Cash,2
T004801,2026-04-29 10:45,B03,M0031,Silver,App,Coffee,3,110,16.50,313.50,Credit Card,
T004802,2026-04-29 11:01,B08,,,In store,Bakery,4,50,0.00,200.00,Credit Card,
T004803,2026-04-29 11:13,B08,M0198,bronze,App,Coffee,1,120,18.00,22.00,App Wallet,
T004804,2569-04-29 12:12,B06,M0313,Bronze,App,Bakery,1,75,0.00,75.00,Credit Card,
T004805,2026-04-29 12:17,B05,,,App,Bakery,1,55,0.00,55.00,App Wallet,
T004806,29/04/2026 12:18,B07,M0032,Silver,Delivery,Coffee,1,80,0.00,80.00,Cash,
T004806,29/04/2026 12:18,B07,M0032,Silver,Delivery,Coffee,1,80,0.00,80.00,Cash,
T004807,2026-04-29 12:47,B03,,,In-store,Coffee,1,105,0.00,105.00,Cash,4
T004808,2026-04-29 12:57,B04,M0291,Bronze,Delivery,Coffee,2,110,0.00,220.00,Credit Card,
T004809,2026-04-29 15:15,B4,M0206,Silver,In-store,Merchandise,4,400,0.00,1600.00,Cash,
T004810,2569-04-29 15:56,B06,M0183,Bronze,In-store,Coffee,3,95,0.00,285.00,Cash,3
T004811,2026-04-29 16:34,B03,M0027,Bronze,In-store,Coffee,1,70,0.00,70.00,Cash,
T004812,2569-04-29 16:40,B06,M0007,Silver,in-store,Coffee,1,115,0.00,115.00,Credit Card,
T004813,2026-04-29 16:43,B05,,,Delivery,Bakery,1,90,0.00,90.00,Credit Card,4
T004814,2026-04-29 17:46,B01,M0183,Bronze,In-store,Coffee,2,65,0.00,130.00,QR PromptPay,3
T004815,2569-04-29 17:51,B06,,,In-store,Coffee,1,95,0.00,95.00,Cash,5
T004816,2026-04-29 17:58,B05,,,In-store,Bakery,1,60,0.00,60.00,Cash,
T004817,2026-04-29 18:04,B01,M0107,Gold,In-store,Coffee,3,65,0.00,195.00,Cash,
T004818,29/04/2026 19:03,B07,M0201,Bronze,Delivery,Coffee,1,120,0.00,120.00,QR PromptPay,
T004819,2026-04-29 19:11,B03,M0239,Bronze,In-store,Bakery,1,45,0.00,45.00,QR PromptPay,5
T004820,2026-04-29 19:58,B04,,,In-store,Coffee,1,120,0.00,120.00,Cash,5
T004821,2026-04-30 07:12,B08,,,In-store,Coffee,2,110,0.00,220.00,Cash,3
T004822,2026-04-30 08:22,B08,,,App,Coffee,1,100,0.00,100.00,App Wallet,
T004823,2026-04-30 08:38,B01,,,App,Tea,1,65,0.00,65.00,App Wallet,
T004824,2026-04-30 09:53,B03,,,In-store,Tea,3,65,0.00,195.00,Cash,2
T004825,2569-04-30 10:04,B06,M0268,Silver,In-store,Coffee,2,100,0.00,200.00,Credit Card,5
T004826,2026-04-30 10:16,B02,M0284,Platinum,In-store,Bakery,1,65,0.00,65.00,QR PromptPay,
T004827,2026-04-30 10:23,B02,,,In-store,Coffee,2,70,0.00,140.00,QR PromptPay,
T004828,2026-04-30 10:56,B05,M9826,Bronze,In-store,Coffee,1,95,0.00,95.00,QR PromptPay,3
T004829,2026-04-30 11:31,B04,M0323,Gold,In-store,Tea,3,75,0.00,225.00,Cash,
T004830,2026-04-30 11:39,B01,,,In-store,Bakery,4,60,0.00,240.00,QR PromptPay,
T004831,30/04/2026 12:01,B07,M0245,Gold,Instore,Bakery,3,90,40.50,229.50,QR PromptPay,
T004832,2569-04-30 12:15,B06,M0073,Gold,In-store,Coffee,2,90,9.00,171.00,Credit Card,
T004833,2026-04-30 13:34,B01,M0186,Platinum,In-store,Coffee,1,85,0.00,85.00,QR PromptPay,
T004834,2026-04-30 13:38,B05,M0059,Bronze,In-store,Merchandise,1,355,0.00,355.00,Cash,4
T004835,2569-04-30 15:04,B06,M0094,Silver,App,Coffee,1,100,0.00,100.00,App Wallet,4
T004836,2026-04-30 15:09,B02,,,Delivery,Coffee,1,100,0.00,100.00,QR PromptPay,
T004837,2026-04-30 15:19,B02,,,App,Coffee,1,60,0.00,60.00,App Wallet,
T004838,2026-04-30 15:51,B01,,,App,Coffee,3,60,0.00,180.00,Credit Card,3
T004839,2569-04-30 16:03,B06,,,In-store,Bakery,1,85,0.00,85.00,Cash,4
T004840,2026-04-30 16:33,B02,,,Mobile App,Bakery,1,50,0.00,50.00,App Wallet,4
T004841,2026-04-30 16:52,B05,,,In-store,Coffee,2,65,0.00,130.00,Cash,
T004842,2026-04-30 16:53,B08,,,APP,Merchandise,2,875,0.00,1750.00,App Wallet,
T004843,2026-04-30 18:05,B8,M0164,Gold,App,Coffee,1,65,0.00,65.00,Credit Card,
T004844,2026-04-30 18:09,B08,M0212,Platinum,In-store,Coffee,1,55,2.75,52.25,Credit Card,2
T004845,2026-04-30 18:16,B04,M0090,PLATINUM,In-store,Bakery,3,75,11.25,213.75,QR PromptPay,5
T004846,2026-04-30 18:21,B05,M0231,Bronze,App,Coffee,2,100,0.00,200.00,Credit Card,
T004847,2026-04-30 18:24,B01,M0251,Bronze,In-store,Coffee,4,95,0.00,380.00,QR PromptPay,
T004848,2026-04-30 18:39,B02,,,App,Bakery,4,45,0.00,180.00,Credit Card,
T004849,2026-04-30 19:05,B01,M0188,Silver,In-store,Coffee,2,75,0.00,150.00,Credit Card,
T004850,2026-05-01 02:02,B02,,,Delivery,Tea,4,80,0.00,320.00,QR PromptPay,3
T004851,2026-05-01 07:01,B01,M0186,Platinum,Delivery,Bakery,1,65,0.00,65.00,Credit Card,
T004852,2026-05-01 07:11,B04,M0093,Bronze,In-store,Tea,3,65,0.00,195.00,QR PromptPay,
T004853,01/05/2026 08:13,B07,,,In-store,Coffee,1,75,0.00,75.00,Cash,
T004854,2026-05-01 08:22,B01,M0197,Silver,In-store,Merchandise,1,885,0.00,885.00,Cash,
T004855,01/05/2026 08:25,B07,M0201,Bronze,In-store,Tea,2,80,0.00,160.00,Credit Card,
T004856,2026-05-01 08:30,B01,M0102,bronze,In-store,Coffee,2,115,0.00,230.00,QR PromptPay,
T004857,01/05/2026 09:29,B07,M0289,Bronze,In-store,Coffee,2,100,0.00,200.00,Cash,1
T004858,01/05/2026 10:05,B07,,,In-store,Tea,2,90,0.00,180.00,Cash,2
T004859,2026-05-01 10:28,B02,M0179,Platinum,In-store,Bakery,1,110,0.00,110.00,QR PromptPay,3
T004860,2026-05-01 12:22,B02,M0176,Bronze,Delivery,Coffee,1,70,0.00,70.00,Credit Card,
T004861,01/05/2026 12:44,B07,,,App,Merchandise,1,480,0.00,480.00,App Wallet,
T004862,2026-05-01 12:47,B04,M9403,Bronze,Delivery,Coffee,2,100,0.00,200.00,Cash,
T004863,2026-05-01 12:50,B01,M0069,Silver,In-store,Coffee,3,105,0.00,315.00,Cash,3
T004864,2026-05-01 13:22,B03,,,In-store,Bakery,1,45,0.00,45.00,QR PromptPay,
T004865,2026-05-01 14:07,B05,M0231,Bronze,In-store,Coffee,1,55,0.00,55.00,Cash,5
T004866,2569-05-01 15:07,B06,,,In-store,Bakery,1,45,0.00,45.00,Credit Card,
T004867,01/05/2026 15:51,B07,M0066,SILVER,In-store,Merchandise,1,820,0.00,820.00,QR PromptPay,
T004868,2026-05-01 16:12,B02,M0325,Platinum,Instore,Coffee,1,55,11.00,44.00,Cash,3
T004869,2026-05-01 16:16,B01,M0076,SILVER,In-store,Merchandise,1,360,0.00,360.00,Cash,
T004870,2026-05-01 16:47,B03,M0003,Gold,App,Bakery,1,65,9.75,55.25,App Wallet,
T004871,2026-05-01 16:52,B02,,,App,Coffee,2,70,0.00,140.00,Credit Card,5
T004872,2026-05-01 19:25,B01,,,App,Coffee,1,105,0.00,105.00,App Wallet,
T004873,2026-05-02 02:45,B02,,,Delivery,Bakery,1,105,0.00,105.00,Credit Card,4
T004874,2026-05-02 02:50,B02,,,Delivery,Coffee,1,105,0.00,105.00,Credit Card,
T004875,2026-05-02 08:32,B03,M0272,Silver,In-store,Coffee,1,120,0.00,120.00,Credit Card,
T004876,2026-05-02 08:46,B03,M0087,Bronze,Delivery,Coffee,3,90,13.50,256.50,Cash,
T004877,2026-05-02 09:24,B01,M0317,Silver,In-store,Coffee,1,90,0.00,90.00,QR PromptPay,
T004878,2026-05-02 09:32,B08,,,In-store,Tea,1,85,0.00,85.00,Cash,4
T004879,2026-05-02 10:49,B01,,,In-store,Merchandise,1,775,0.00,775.00,Credit Card,4
T004880,2026-05-02 11:08,B04,M0045,Bronze,In-store,Bakery,1,75,0.00,75.00,Cash,
T004881,2026-05-02 12:33,B02,M0200,Gold,Delivery,Coffee,1,95,0.00,95.00,QR PromptPay,
T004882,02/05/2026 12:34,B07,M0273,Gold,In-store,Merchandise,1,855,42.75,812.25,Cash,
T004883,2026-05-02 13:48,B01,M0197,Silver,In-store,Coffee,2,115,11.50,218.50,Cash,4
T004884,02/05/2026 14:28,B07,M0144,Gold,In-store,Coffee,4,85,17.00,323.00,Cash,
T004885,2026-05-02 15:27,B05,M0150,Brz,In-store,Bakery,2,70,0.00,140.00,QR PromptPay,4
T004886,2026-05-02 15:30,B05,,,App,Bakery,4,50,0.00,200.00,App Wallet,4
T004887,02/05/2026 15:36,B07,M0218,Bronze,In-store,Bakery,1,55,0.00,55.00,Credit Card,
T004888,2026-05-02 15:54,B04,M0234,Silver,In-store,Coffee,1,110,0.00,110.00,QR PromptPay,
T004888,2026-05-02 16:25,B04,M0234,Silver,In-store,Coffee,-1,110,-0.00,-110.00,QR PromptPay,
T004889,02/05/2026 17:01,B07,M0065,Platinum,In-store,Tea,1,55,5.50,49.50,QR PromptPay,
T004890,2026-05-02 17:03,B01,M0025,Bronze,In-store,Tea,4,85,0.00,340.00,QR PromptPay,5
T004891,2026-05-02 17:20,B08,M0162,Bronze,Delivery,Coffee,1,95,0.00,95.00,Cash,3
T004892,2026-05-02 18:26,B02,,,Delivery,Coffee,1,110,0.00,110.00,QR PromptPay,5
T004893,2026-05-03 07:13,B04,,,In-store,Coffee,2,60,0.00,120.00,Credit Card,4
T004894,2026-05-03 07:21,B01,M0183,Bronze,In-store,Bakery,2,65,26.00,104.00,Cash,
T004895,2026-05-03 07:52,B05,M0209,Bronze,In-store,Bakery,1,50,0.00,50.00,Cash,4
T004896,2026-05-03 08:24,B01,M0251,Bronze,In-store,Bakery,2,105,0.00,210.00,Credit Card,4
T004897,2026-05-03 09:24,B01,M0066,Silver,In-store,Coffee,1,105,0.00,105.00,Cash,
T004898,2026-05-03 11:04,B05,M0270,Bronze,In-store,Tea,2,90,0.00,180.00,Credit Card,
T004899,2026-05-03 11:25,B03,M0110,Silver,In-store,Coffee,2,฿85.00,0.00,170.00,QR PromptPay,
T004900,2026-05-03 12:47,B03,M0201,Bronze,In-store,Coffee,1,75,0.00,75.00,QR PromptPay,
T004901,2026-05-03 13:20,B01,M0183,Bronze,In-store,Coffee,1,70,0.00,70.00,Credit Card,3
T004902,2026-05-03 13:37,B05,M0136,Bronze,In-store,Coffee,1,70,7.00,63.00,Credit Card,
T004903,2026-05-03 14:03,B03,M0031,Silver,In-store,Coffee,1,100,15.00,85.00,QR PromptPay,
T004904,2026-05-03 14:29,B05,,,In-store,Merchandise,1,290,0.00,290.00,Credit Card,5
T004905,2026-05-03 14:48,B01,M0004,Bronze,In-store,Coffee,1,95,4.75,90.25,QR PromptPay,
T004906,2026-05-03 15:01,B02,M0249,Silver,App,Tea,1,95,14.25,80.75,App Wallet,4
T004907,2026-05-03 15:11,B05,,,In-store,Bakery,2,65,0.00,130.00,Cash,4
T004908,03/05/2026 15:22,B07,M0066,Silver,App,Coffee,4,95,0.00,380.00,Credit Card,
T004909,2026-05-03 16:07,B05,,,In-store,Tea,2,55,0.00,110.00,Credit Card,3
T004910,2026-05-03 17:29,B04,,,In-store,Coffee,2,110,0.00,220.00,Credit Card,
T004911,2026-05-03 18:28,B06,,,In-store,Coffee,1,110,0.00,110.00,Credit Card,
T004912,2026-05-03 23:59,B02,,,Delivery,Merchandise,3,825,0.00,2475.00,Credit Card,
T004913,2026-05-04 07:05,B02,M0181,Bronze,In-store,Bakery,1,95,0.00,95.00,QR PromptPay,
T004913,2026-05-04 07:12,B02,M0181,Bronze,In-store,Bakery,-1,95,-0.00,-95.00,QR PromptPay,
T004914,2026-05-04 08:11,B08,M0204,Gold,App,Coffee,2,75,15.00,135.00,Credit Card,3
T004915,2026-05-04 08:29,B02,,,App,Coffee,2,100,0.00,200.00,App Wallet,3
T004916,2026-05-04 08:34,B08,,,In-store,Coffee,1,105,0.00,105.00,Cash,
T004917,2026-05-04 08:53,B06,M0094,silver,In-store,Coffee,3,95,0.00,285.00,QR PromptPay,2
T004918,04/05/2026 08:57,B07,M0100,Bronze,In-store,Coffee,2,110,0.00,220.00,QR PromptPay,
T004919,04/05/2026 09:28,B07,,,In-store,Merchandise,1,360,0.00,360.00,Cash,
T004920,04/05/2026 11:40,B07,,,In-store,Coffee,1,70,0.00,70.00,Credit Card,
T004921,2026-05-04 12:10,B06,M0196,Silver,In-store,Merchandise,1,310,0.00,310.00,Credit Card,
T004922,2026-05-04 12:19,B03,M0019,Gold,in-store,Tea,1,95,0.00,95.00,Credit Card,5
T004923,2026-05-04 12:28,B08,M0278,Bronze,In-store,Bakery,1,70,0.00,70.00,Credit Card,3
T004924,2026-05-04 12:32, B08,,,App,Coffee,2,65,0.00,130.00,Credit Card,
T004925,2026-05-04 13:55,B01,,,In-store,Coffee,2,115,0.00,230.00,Credit Card,
T004926,2026-05-04 13:55,B02,M0196,Silver,In-store,Bakery,1,65,0.00,65.00,Cash,
T004927,2026-05-04 16:37,B03,M0254,Bronze,Delivery,Coffee,4,75,0.00,300.00,Cash,3
T004928,2026-05-05 07:18,B02,M0308,Bronze,App,Coffee,1,90,0.00,90.00,App Wallet,4
T004929,2026-05-05 07:27,B02,M0308,Bronze,In-store,Coffee,2,70,0.00,140.00,Cash,3
T004930,2026-05-05 07:48,B05,M0178,SILVER,In-store,Bakery,1,100,0.00,100.00,QR PromptPay,3
T004931,2026-05-05 07:49,B05,,,App,Coffee,4,65,0.00,260.00,Credit Card,
T004932,2026-05-05 09:52,B04,M0228,Bronze,In-store,Coffee,2,90,0.00,180.00,Credit Card,
T004933,2026-05-05 10:54,B05,,,Delivery,Tea,1,85,0.00,85.00,QR PromptPay,
T004934,2026-05-05 11:06,B08,M0258,Gold,App,Coffee,3,90,0.00,330.00,App Wallet,
T004935,05/05/2026 11:47,B07,,,In-store,Bakery,1,75,0.00,75.00,QR PromptPay,
T004936,2026-05-05 12:52,B05,,,In-store,Coffee,3,90,0.00,270.00,QR PromptPay,
T004937,2026-05-05 13:12,B03,M0249,Silver,Delivery ,Bakery,1,100,0.00,100.00,Cash,
T004938,2026-05-05 13:14,B08,M0187,Silver,In store,Bakery,1,95,0.00,95.00,QR PromptPay,5
T004939,2026-05-05 13:34,B03,M0221,Silver,Instore,Coffee,4,105,0.00,420.00,Credit Card,4
T004940,2026-05-05 14:09,B05,M0149,Silver,App,Bakery,3,110,0.00,330.00,Credit Card,
T004941,2026-05-05 14:36,B04,,,Delivery,Tea,2,60,0.00,120.00,Cash,
T004942,05/05/2026 15:18,B07,M0092,Bronze,In-store,Coffee,3,115,0.00,345.00,QR PromptPay,
T004943,2026-05-05 16:01,B03,M0175,Silver,In-store,Coffee,2,105,0.00,210.00,Credit Card,4
T004944,2026-05-05 16:17,B02,M0325,PLATINUM,In-store,Coffee,2,105,21.00,189.00,Cash,3
T004945,2026-05-05 16:45,B01,M0317,Silver,In-store,Tea,1,90,0.00,90.00,QR PromptPay,5
T004946,2026-05-05 17:21,B02,M0155,Platinum,In-store,Merchandise,1,705,141.00,564.00,QR PromptPay,
T004947,2026-05-05 19:45,B05,M0125,Silver,In-store,Coffee,2,100,0.00,200.00,QR PromptPay,5
T004948,06/05/2026 07:00,B07,,,In-store,Coffee,1,115,0.00,115.00,Credit Card,2
T004949,2026-05-06 07:04,B01,M0069,Silver,In-store,Bakery,1,70,0.00,70.00,Credit Card,
T004950,06/05/2026 08:06,B07,M9254,Platinum,Delivery,Coffee,4,80,32.00,288.00,Cash,
T004951,2026-05-06 08:14,B06,M0212,Platinum,In-store,Coffee,4,90,18.00,342.00,QR PromptPay,
T004952,2026-05-06 08:17,B01,M0197,Silver,In-store,Bakery,2,55,0.00,110.00,Cash,3
T004953,06/05/2026 08:33,B07,,,In-store,Coffee,1,65,0.00,65.00,Cash,2
T004954,2026-05-06 09:02,B05,M0216,Gold,In-store,Bakery,1,65,0.00,65.00,Cash,5
T004955,06/05/2026 10:05,B07,M0218,Bronze,App,Tea,1,65,13.00,52.00,Credit Card,
T004956,2026-05-06 11:04,B06,M0183,Bronze,App,Coffee,2,115,0.00,230.00,App Wallet,2
T004957,2026-05-06 11:23,B04,M0311,Bronze,Delivery,Coffee,3,110,0.00,330.00,Cash,
T004958,2026-05-06 11:24,B06,,,In-store,Coffee,4,105,0.00,420.00,Cash,4
T004959,2026-05-06 11:30,B01,,,In-store,Coffee,1,115,0.00,115.00,QR PromptPay,
T004960,2026-05-06 12:32,B08,M0108,Gold,In-store,Merchandise,2,770,0.00,1540.00,QR PromptPay,
T004961,2026-05-06 12:37,B01,M0186,Platinum,In-store,Bakery,1,45,0.00,45.00,Cash,
T004962,2026-05-06 13:26,B01,M0029,Bronze,Delivery,Coffee,2,75,15.00,135.00,Cash,
T004963,2026-05-06 13:48,B02,M0140,Bronze,Delivery,Tea,4,90,0.00,360.00,Credit Card,
T004964,2026-05-06 13:58,B01,M0197,Silver,Delivery,Coffee,4,60,0.00,240.00,QR PromptPay,
T004965,2026-05-06 14:58,B04,M0179,Platinum,In store,Coffee,1,60,3.00,57.00,QR PromptPay,
T004966,2026-05-06 16:12,B08,M0006,Gold,In-store,Bakery,1,45,0.00,45.00,Cash,
T004967,2026-05-06 16:49,B02,M0081,Bronze,Delivery,Bakery,1,50,0.00,50.00,QR PromptPay,
T004968,06/05/2026 16:55,B07,M0209,Bronze,In-store,Tea,2,80,0.00,160.00,Cash,
T004969,2026-05-06 17:18,B08,M0067,Bronze,In-store,Coffee,3,110,0.00,330.00,Credit Card,3
T004970,2026-05-06 18:04,B04,M0149,Silver,In-store,Coffee,2,105,0.00,210.00,Credit Card,5
T004971,2026-05-07 07:31,B08,M0189,Platinum,In-store,Coffee,3,115,34.50,310.50,Cash,4
T004972,2026-05-07 08:06,B03,,,App,Bakery,1,55,0.00,55.00,Credit Card,3
T004973,2026-05-07 08:59,B04,M0081,Bronze,App,Coffee,3,105,0.00,315.00,Credit Card,
T004974,2026-05-07 09:03,B04,M0207,Gold,In-store,Merchandise,2,470,0.00,940.00,Cash,
T004975,2026-05-07 09:47,B06,,,App,Coffee,1,110,0.00,110.00,Credit Card,4
T004976,2026-05-07 09:50,B04,,,App,Coffee,2,70,0.00,140.00,Credit Card,
T004977,2026-05-07 10:59,B02,M0178,Silver,In-store,Coffee,1,65,0.00,65.00,QR PromptPay,4
T004978,07/05/2026 11:28,B07,M0270,Bronze,App,Coffee,2,115,319.10,-89.10,Credit Card,
T004979,2026-05-07 11:43,B01,M0145,Slvr,In-store,Bakery,1,110,16.50,93.50,Cash,
T004980,2026-05-07 12:42,B04,,,In-store,Bakery,1,55,0.00,55.00,QR PromptPay,5
T004981,2026-05-07 12:54,B06,,,In-store,Bakery,1,105,0.00,105.00,QR PromptPay,5
T004982,2026-05-07 13:43,B02,,,Delivery,Bakery,4,100,0.00,400.00,Credit Card,
T004983,2026-05-07 13:57,B06,M0117,Silver,In-store,Coffee,1,80,0.00,80.00,Cash,4
T004984,2026-05-07 14:47,B08,M0171,Silver,In-store,Coffee,3,95,0.00,285.00,QR PromptPay,3
T004985,2026-05-07 15:18,B08,M0039,Silver,App,Coffee,2,85,0.00,260.00,App Wallet,5
T004986,2026-05-07 15:40,B03,M0239,Bronze,In-store,Coffee,1,120,0.00,120.00,Cash,
T004987,2026-05-07 16:14,B05,,,In-store,Coffee,3,55,0.00,165.00,Credit Card,
T004988,2026-05-07 16:16,B08,M0280,Silver,In-store,Coffee,2,65,0.00,130.00,QR PromptPay,4
T004989,2026-05-07 16:30,B04,M0181,Bronze,In-store,Coffee,2,105,0.00,210.00,QR PromptPay,4
T004990,2026-05-07 16:37,B06,,,App,Coffee,1,110,0.00,110.00,Credit Card,5
T004991,2026-05-07 17:02,B05,M0091,Bronze,In-store,Bakery,1,80,0.00,80.00,Credit Card,
T004992,07/05/2026 17:45,B07,M0066,Silver,In-store,Coffee,1,85,0.00,85.00,QR PromptPay,1
T004993,2026-05-07 19:08,B03,,,In-store,Bakery,2,85,0.00,170.00,Credit Card,
T004994,2026-05-07 19:37,B03,M0019,Gold,In-store,Coffee,1,80,16.00,64.00,QR PromptPay,
T004995,2026-05-08 07:44,B03,M0087,Bronze,In-store,Merchandise,1,450,0.00,450.00,Cash,
T004996,2026-05-08 07:53,B05,,,App,Coffee,1,65,0.00,65.00,App Wallet,
T004997,2026-05-08 08:58,B05,M0164,Gold,Delivery,Bakery,4,105,63.00,357.00,Cash,
T004998,2026-05-08 09:13,B01,M0317,Silver,In-store,Tea,1,55,11.00,44.00,QR PromptPay,
T004999,2026-05-08 09:50,B01,M9799,Bronze,Delivery,Bakery,4,105,0.00,420.00,Credit Card,3
T005000,2026-05-08 10:14,B04,,,In-store,Coffee,1,105,0.00,105.00,QR PromptPay,3
T005001,2026-05-08 12:11,B05,M0083,Gold,Delivery,Coffee,3,70,0.00,210.00,Cash,3
T005002,2026-05-08 12:26,B04,M0198,Bronze,In-store,Bakery,1,100,0.00,100.00,Credit Card,
T005003,2026-05-08 12:41,B01,,,In-store,Tea,1,55,0.00,55.00,QR PromptPay,5
T005004,2026-05-08 12:51,B08,M0164,Gold,App,Tea,1,75,0.00,75.00,App Wallet,4
T005005,08/05/2026 13:55,B07,M0185,Silver,In-store,Coffee,1,80,0.00,80.00,Cash,1
T005006,2026-05-08 14:09,B05,M0165,Bronze,Mobile App,Tea,3,55,0.00,165.00,Credit Card,
T005007,2026-05-08 14:43,B04,M0207,Gold,In-store,Coffee,2,110,0.00,220.00,Cash,
T005008,08/05/2026 14:47,B07,M0053,Bronze,In-store,Bakery,1,50 THB,0.00,50.00,QR PromptPay,2
T005009,2026-05-08 15:02,B02,M9108,Gold,App,Coffee,1,105,0.00,105.00,App Wallet,
T005010,2026-05-08 15:30,B02,M0325,Platinum,In-store,Coffee,3,110,66.00,264.00,QR PromptPay,5
T005011,2026-05-08 16:00,B01,M0186,Platinum,App,Bakery,1,45,0.00,45.00,Credit Card,
T005012,2026-05-08 16:06,B02,,,In-store,Bakery,1,50,0.00,50.00,Credit Card,
T005013,2026-05-08 16:16,B03,,,App,Tea,4,55,0.00,220.00,Credit Card,
T005014,2026-05-08 16:23,B01,M0076,Silver,Delivery,Coffee,1,120,0.00,120.00,QR PromptPay,
T005015,2026-05-08 16:59,B05,M0091,Brz,App,Coffee,4,100,0.00,400.00,Credit Card,
T005016,2026-05-08 17:02,B05,M0079,gold,Delivery,Coffee,3,100,45.00,255.00,Cash,
T005017,2026-05-08 17:07,B02,,,In-store,Coffee,1,95,0.00,95.00,Credit Card,
T005018,2026-05-08 17:31,B01,M0031,Silver,In-store,Bakery,2,45,13.50,76.50,Cash,5
T005019,2026-05-08 17:39,B05,M0088,Silver,Delivery,Tea,2,65,0.00,130.00,Credit Card,
T005015,2026-05-08 18:02,B05,M0091,Bronze,App,Coffee,-4,100,-0.00,-400.00,Credit Card,
T005020,2026-05-09 07:36,B04,,,In-store,Coffee,1,80,0.00,80.00,Cash,
T005021,09/05/2026 08:08,B07,M0276,Gold,In-store,Merchandise,1,810,0.00,810.00,Cash,2
T005022,2026-05-09 10:55,B08,,,in-store,Tea,1,80,0.00,80.00,Cash,5
T005023,2026-05-09 12:12,B02,,,in-store,Bakery,1,80,0.00,80.00,Credit Card,
T005024,2026-05-09 12:24,B05,M0020,Bronze,App,Tea,1,75,0.00,75.00,Credit Card,3
T005025,2026-05-09 12:28,B01,,,App,Coffee,1,115,0.00,115.00,Credit Card,
T005026,2026-05-09 12:50,B05,M0133,Bronze,In-store,Coffee,2,85,0.00,170.00,Cash,
T005027,2026-05-09 13:28,B05,M0088,Silver,Delivery,Coffee,2,55,0.00,110.00,Cash,
T005028,2026-05-09 13:28,B08,M0039,Silver,In-store,Coffee,1,55,0.00,55.00,Credit Card,
T005029,2026-05-09 13:35,B01,M0186,Platinum,In-store,Coffee,4,100,60.00,340.00,QR PromptPay,
T005030,2026-05-09 13:51,B06,M0226,Bronze,In-store,Bakery,1,55,0.00,55.00,Credit Card,
T005031,2026-05-09 13:53,B08,M0305,Silver,In-store,Coffee,2,55,0.00,110.00,Cash,
T005032,09/05/2026 13:59,B07,,,App,Coffee,2,120,0.00,240.00,Credit Card,2
T005033,2026-05-09 14:27,B03,,,In-store,Coffee,1,120,0.00,120.00,Cash,3
T005034,2026-05-09 15:03,B08,M0305,Silver,In-store,Coffee,2,120,36.00,204.00,QR PromptPay,5
T005035,2026-05-09 15:22,B01,M0049,Platinum,App,Tea,3,90,13.50,256.50,App Wallet,5
T005036,2026-05-09 15:26,B03,M0312,Silver,Delivery,Bakery,3,60,0.00,180.00,Cash,4
T005037,2026-05-09 16:07,B05,M0020,Bronze,In-store,Coffee,4,100,0.00,400.00,Cash,
T005038,09/05/2026 16:15,B07,,,App,Coffee,1,70,0.00,70.00,Credit Card,
T005039,2026-05-09 16:24,B01,M9108,Silver,In-store,Coffee,2,120,12.00,228.00,Cash,
T005040,2026-05-09 16:31,B08,,,Delivery,Bakery,64,80,0.00,5120.00,Credit Card,
T005041,2026-05-09 16:47,B08,,,In-store,Tea,1,50,0.00,50.00,Cash,
T005042,2026-05-09 17:57,B04,M0018,Bronze,App,Coffee,1,110,0.00,110.00,Credit Card,
T005043,2026-05-09 18:49,B02,M0325,Platinum,In-store,Bakery,1,80,4.00,76.00,Credit Card,
T005044,2026-05-09 22:44,B02,,,Delivery,Coffee,3,55,0.00,165.00,Credit Card,4
T005045,2026-05-10 02:21,B02,,,Deliv.,Coffee,3,65,0.00,195.00,Credit Card,4
T005046,2026-05-10 07:27,B02,M0176,Bronze,App,Coffee,4,75,0.00,300.00,App Wallet,
T005047,2026-05-10 08:40,B03,M0115,Silver,In-store,Coffee,1,95,0.00,95.00,QR PromptPay,4
T005048,2026-05-10 09:44,B06,M0134,Platinum,In-store,Coffee,3,70,42.00,168.00,Credit Card,
T005049,2026-05-10 11:08,B03,,,App,Coffee,1,65,0.00,65.00,App Wallet,
T005050,10/05/2026 12:31,B07,M9799,Silver,In-store,Tea,1,60,0.00,60.00,Cash,
T005051,10/05/2026 12:32,B07,M0007,Silver,In-store,Coffee,1,80,0.00,80.00,Credit Card,
T005052,2026-05-10 12:41,B05,M0091,Bronze,Delivery,Coffee,2,115,46.00,184.00,Credit Card,4
T005053,2026-05-10 12:56,B05,,,In-store,Bakery,1,50,0.00,50.00,Credit Card,
T005054,2026-05-10 13:01,B04,M0045,Bronze,In-store,Coffee,1,90,0.00,90.00,Cash,5
T005055,10/05/2026 13:35,B07,M0053,Bronze,Delivery,Bakery,2,45,0.00,90.00,QR PromptPay,3
T005056,10/05/2026 13:48,B07,M0311,Brz,App,Tea,1,50,0.00,50.00,App Wallet,
T005057,2026-05-10 14:29,B02,,,In-store,Tea,2,70,0.00,140.00,Cash,3
T005058,2026-05-10 16:00,B05,,,App,Coffee,1,85,0.00,85.00,App Wallet,
T005059,2026-05-10 16:03,B06,,,In-store,Coffee,1,120,0.00,120.00,Credit Card,4
T005060,2026-05-10 17:42,B05,,,In-store,Coffee,1,80,0.00,80.00,Credit Card,
T005061,2026-05-10 18:25,B03,M0121,Silver,In-store,Coffee,3,90,0.00,270.00,Cash,4
T005062,2026-05-10 18:53,B01,M0179,Platinum,In-store,Coffee,1,55,2.75,52.25,Cash,2
T005063,2026-05-10 19:32,B08,M0311,Brz,App,Coffee,1,90,0.00,90.00,App Wallet,
T005064,2026-05-10 19:43,B04,M0320,Silver,In-store,Bakery,1,110,0.00,110.00,QR PromptPay,
T005065,2026-05-10 23:25,B02,,,Delivery,Coffee,2,80,0.00,160.00,Credit Card,5
T005066,2026-05-11 07:43,B08,M0305,silver,App,Coffee,2,110,0.00,220.00,App Wallet,
T005067,2026-05-11 07:51,B02,M0140,Bronze,App,Coffee,1,110,0.00,110.00,Credit Card,4
T005067,2026-05-11 07:51,B02,M0140,Bronze,App,Coffee,1,110,0.00,110.00,Credit Card,4
T005068,2026-05-11 08:09,B04,M0020,Bronze,Delivery,Coffee,2,110,0.00,220.00,QR PromptPay,
T005069,2026-05-11 08:11,B08,M0280,Silver,In-store,Tea,1,80,0.00,80.00,QR PromptPay,
T005070,2026-05-11 08:24,B02,M0317,Silver,In-store,Bakery,2,90,0.00,180.00,QR PromptPay,
T005071,2026-05-11 09:00,B06,M0324,Gld,In-store,Coffee,1,120,0.00,120.00,Credit Card,
T005072,2026-05-11 09:22,B06,M0216,Gold,In-store,Bakery,1,65,0.00,65.00,QR PromptPay,
T005073,2026-05-11 09:29,B08,M0280,Silver,In-store,Coffee,1,100,0.00,100.00,QR PromptPay,
T005074,2026-05-11 09:44,B03,M9357,Silver,App,Coffee,1,65,0.00,65.00,Credit Card,4
T005075,11/05/2026 11:13,B07,M0073,Gold,In-store,Coffee,1,85,0.00,85.00,Cash,2
T005076,2026-05-11 11:26,B04,M0291,Bronze,App,Tea,3,50,0.00,150.00,Credit Card,5
T005076,2026-05-11 11:26,B04,M0291,Bronze,App,Tea,3,50,0.00,150.00,Credit Card,5
T005077,11/05/2026 12:15,B07,M0270,Bronze,App,Coffee,1,60,0.00,60.00,App Wallet,3
T005078,11/05/2026 12:45,B07,M0126,Bronze,App,Coffee,1,80,0.00,80.00,App Wallet,
T005079,2026-05-11 13:10,B01,M0029,Bronze,In-store,Coffee,2,75,0.00,150.00,Credit Card,
T005080,2026-05-11 13:44,B01,M0062,Gold,Delivery,Coffee,1,115,0.00,115.00,QR PromptPay,
T005081,2026-05-11 13:44,B04,M0323,Gold,In-store,Coffee,2,95,0.00,190.00,Credit Card,3
T005082,11/05/2026 13:50,B07,M0102,Bronze,In-store,Coffee,4,70,0.00,280.00,QR PromptPay,
T005083,2026-05-11 13:54,B01,M0070,Silver,In-store,Coffee,1,75,0.00,75.00,Cash,4
T005084,2026-05-11 14:09,B04,M0094,Silver,App,Bakery,1,55,8.25,46.75,App Wallet,
T005085,2026-05-11 15:08,B04,,,app,Tea,2,55,0.00,110.00,Credit Card,
T005086,2026-05-11 17:24,B01,M0183,BRONZE,In-store,Coffee,2,60,0.00,120.00,Cash,3
T005087,2026-05-11 17:30,B01,M9108,Bronze,App,Bakery,1,80,0.00,80.00,Credit Card,4
T005088,2026-05-11 17:33,B06,,,In-store,Bakery,1,95,0.00,95.00,QR PromptPay,
T005089,2026-05-11 18:12,B04,M0311,Bronze,In-store,Tea,1,80,0.00,80.00,Cash,
T005090,2026-05-11 18:19,B08,,,App,Merchandise,1,560,0.00,560.00,App Wallet,
T005091,11/05/2026 18:36,B07,M0139,Bronze,App,Coffee,1,90,4.50,85.50,Credit Card,
T005092,2026-05-11 18:59,B06,,,In-store,Bakery,1,95,0.00,95.00,QR PromptPay,
T005093,2026-05-11 19:09,B08,M0212,Platinum,Delivery,Coffee,3,120,18.00,342.00,Credit Card,
T005094,2026-05-12 08:05,B04,M0315,Platinum,In-store,Coffee,1,90,0.00,90.00,Credit Card,
T005095,2026-05-12 08:11,B05,M0083,Gold,App,Coffee,1,95,0.00,95.00,App Wallet,
T005096,2026-05-12 08:16,B03,M0031,Silver,Delivery,Merchandise,2,440,44.00,836.00,QR PromptPay,
T005097,2026-05-12 08:36,B01,M0069,Silver,App,Coffee,4,95,0.00,380.00,Credit Card,
T005098,2026-05-12 09:43,B05,M0148,Silver,In-store,Merchandise,1,450,0.00,450.00,QR PromptPay,
T005099,2026-05-12 09:56,B01,M0197,Silver,App,Coffee,3,70,0.00,210.00,Credit Card,4
T005100,12/05/2026 10:01,B07,M0065,Platinum,In-store,Merchandise,2,500,150.00,850.00,Cash,
T005101,2026-05-12 10:03,B08,,,In-store,Tea,3,70,0.00,210.00,Cash,
T005102,2026-05-12 10:13,B01,M0249,Silver,App,Coffee,1,55,0.00,55.00,Credit Card,
T005103,2026-05-12 10:24,B01,M0156,Bronze,In-store,Bakery,2,85,0.00,170.00,QR PromptPay,
T005104,2026-05-12 11:27,B08,M0016,Bronze,In-store,Coffee,4,90,0.00,360.00,Cash,5
T005105,2026-05-12 11:28,B06,,,Instore,Coffee,2,120,0.00,240.00,Credit Card,
T005106,2026-05-12 11:29,B05,,,Instore,Bakery,4,100,0.00,400.00,QR PromptPay,
T005107,2026-05-12 11:34,B06,,,In-store,Coffee,2,100,0.00,200.00,Credit Card,4
T005108,2026-05-12 11:37,B06,,,Instore,Bakery,1,95,0.00,95.00,Credit Card,
T005109,2026-05-12 11:50,B01,M0197,Silver,App,Bakery,2,70,7.00,133.00,Credit Card,
T005110,2026-05-12 12:27,B03,M0184,Silver,In-store,Merchandise,1,795,0.00,795.00,QR PromptPay,
T005111,2026-05-12 13:21,B01,M0029,Bronze,In-store,Coffee,1,70,0.00,70.00,Cash,
T005112,2026-05-12 14:14,B02,M0200,Gold,In-store,Coffee,1,115,5.75,109.25,Credit Card,
T005113,2026-05-12 14:46,B08,M0234,Silver,In-store,Coffee,2,70,0.00,140.00,Cash,
T005114,2026-05-12 14:51,B03,M0304,Platinum,In-store,Coffee,1,55,5.50,49.50,Credit Card,
T005115,2026-05-12 14:53,B01,,,Delivery,Bakery,116,80,0.00,9280.00,Credit Card,
T005116,2026-05-12 16:11,B05,M0157,Gold,In-store,Bakery,3,75,0.00,225.00,Credit Card,4
T005117,2026-05-12 16:22,B02,,,Delivery,Coffee,45,55,0.00,2475.00,Credit Card,4
T005118,2026-05-12 16:28,B02,M0087,Bronze,In-store,Coffee,1,120,0.00,120.00,QR PromptPay,3
T005119,2026-05-12 16:42,B04,,,In-store,Coffee,1,85,0.00,85.00,Credit Card,3
T005120,2026-05-12 16:48,B01,,,In-store,Coffee,4,75,0.00,300.00,Credit Card,4
T005121,2026-05-12 16:49,B04,,,Delivery,Coffee,2,100,0.00,200.00,Cash,
T005122,2026-05-12 16:50,B01,,,In-store,Coffee,1,110,0.00,110.00,Credit Card,
T005123,2026-05-12 17:08,B05,,,In-store,Coffee,2,70,0.00,140.00,QR PromptPay,
T005124,2026-05-12 19:52,B05,M0083,Gold,In-store,Merchandise,1,835,125.25,709.75,QR PromptPay,3
T005125,2026-05-12 23:43,B02,,,Delivery,Bakery,1,70,0.00,70.00,Credit Card,
T005126,2026-05-13 07:05,B01,M0079,Gold,App,Coffee,3,70,0.00,210.00,App Wallet,
T005127,2026-05-13 07:12,B02,M0203,Bronze,Deliv.,Coffee,4,85,0.00,340.00,Cash,4
T005128,2026-05-13 07:17,B03,M0027,Bronze,In-store,Coffee,2,110,0.00,220.00,Cash,
T005129,2026-05-13 08:14,B06,,,In-store,Coffee,3,110,0.00,330.00,Cash,3
T005130,2026-05-13 08:22,B01,M0253,Silver,In-store,Bakery,1,75,0.00,75.00,QR PromptPay,4
T005131,13/05/2026 08:29,B07,M0273,Gold,In-store,Coffee,1,80,4.00,76.00,Credit Card,2
T005132,2026-05-13 08:57,B05,M0049,Platinum,In-store,Bakery,1,45,0.00,45.00,Credit Card,
T005133,2026-05-13 09:23,B06,,,In-store,Coffee,2,100,0.00,200.00,Credit Card,
T005134,2026-05-13 09:30,B02,M0105,Bronze,In-store,Bakery,2,45,0.00,90.00,QR PromptPay,4
T005135,2026-05-13 09:32,B03,M0107,Gold,Delivery,Coffee,1,115,0.00,105.00,Credit Card,
T005136,2026-05-13 12:01,B5,M0020,Bronze,Mobile App,Tea,1,95,4.75,90.25,Credit Card,4
T005137,2026-05-13 12:10,B08,M0317,Silver,In-store,Coffee,2,60,6.00,114.00,QR PromptPay,
T005137,2026-05-13 12:10,B08,M0317,Silver,In-store,Coffee,2,60,6.00,114.00,QR PromptPay,
T005138,2026-05-13 12:36,B08,M0084,Silver,In-store,Coffee,4,70,0.00,280.00,QR PromptPay,
T005139,2026-05-13 13:11,B06,M0094,Silver,App,Merchandise,1,750,0.00,750.00,Credit Card,
T005140,2026-05-13 13:27,B05,,,In-store,Tea,4,80,0.00,320.00,Credit Card,3
T005141,13/05/2026 13:38,B07,M0200,Gold,App,Tea,1,60,0.00,60.00,App Wallet,1
T005142,2026-05-13 13:42,B01,M0076,Silver,In-store,Bakery,3,65,9.75,185.25,QR PromptPay,4
T005143,2026-05-13 13:55,B06,M0007,Silver,Mobile App,Bakery,1,45,6.75,38.25,App Wallet,
T005144,2026-05-13 14:25,B08,M0159,Silver,App,Coffee,2,85,0.00,170.00,Credit Card,
T005145,2026-05-13 14:42,B05,M0218,Bronze,In-store,Tea,1,75,15.00,60.00,QR PromptPay,4
T005146,2026-05-13 15:55,B04,M0179,Platinum,In-store,Tea,1,50,10.00,40.00,Cash,
T005147,2026-05-13 16:22,B04,M0116,Bronze,In-store,Coffee,2,115,0.00,230.00,Cash,
T005148,2026-05-13 16:37,B08,,,In-store,Tea,2,75,0.00,150.00,QR PromptPay,
T005149,2026-05-13 17:01,B08,M0305,silver,In-store,Bakery,2,105,0.00,210.00,QR PromptPay,
T005150,2026-05-13 17:19,B04,M0228,Bronze,App,Coffee,4,65,0.00,260.00,App Wallet,
T005151,2026-05-13 18:16,B02,M0054,Silver,In-store,Coffee,3,115,34.50,310.50,Credit Card,
T005152,2026-05-14 07:02,B03,M0312,Silver,In-store,Coffee,1,85,4.25,80.75,Cash,
T005153,14/05/2026 07:45,B07,,,In-store,Coffee,1,90,0.00,90.00,QR PromptPay,
T005154,2026-05-14 07:56,B05,M0083,Gold,In-store,Coffee,1,105,0.00,105.00,Credit Card,
T005155,2026-05-14 08:06,B02,M0325,Platinum,In-store,Bakery,1,60,3.00,57.00,Cash,3
T005156,2026-05-14 08:09,B04,M0207,Gold,In-store,Tea,1,95,9.50,85.50,Cash,
T005157,2026-05-14 08:36,B03,M0035,Bronze,In-store,Coffee,1,100,0.00,100.00,QR PromptPay,
T005158,14/05/2026 08:45,B07,,,In-store,Coffee,1,90,0.00,90.00,Cash,
T005159,2026-05-14 09:13,B02,,,App,Merchandise,3,665,0.00,1995.00,App Wallet,
T005160,2026-05-14 09:59,B04,M0291,Bronze,Delivery,Merchandise,3,845,0.00,2535.00,Credit Card,
T005161,2026-05-14 11:32,B04,,,In-store,Coffee,2,85,0.00,170.00,QR PromptPay,
T005162,2026-05-14 11:33,B05,M0136,Bronze,In-store,Tea,1,80,0.00,80.00,Credit Card,2
T005163,2026-05-14 11:45,B01,M0186,Platinum,In-store,Coffee,4,70,0.00,280.00,Cash,5
T005164,14/05/2026 12:03,B07,M0073,Gold,App,Bakery,1,95,0.00,95.00,Credit Card,
T005165,2026-05-14 12:21,B05,M0091,Brz,In-store,Coffee,1,105,0.00,105.00,Cash,4
T005166,14/05/2026 13:24,B07,M0088,silver,In-store,Coffee,1,85,0.00,85.00,Cash,
T005167,2026-05-14 13:58,B03,,,Delivery,Bakery,3,65,0.00,195.00,Credit Card,5
T005168,2026-05-14 14:12,B03,,,Delivery,Tea,1,60,0.00,60.00,QR PromptPay,
T005169,2026-05-14 14:47,B01,,,In-store,Merchandise,3,555,0.00,1665.00,Cash,
T005170,2026-05-14 15:01,B02,M0210,Bronze,Delivery,Coffee,1,85,8.50,76.50,QR PromptPay,
T005171,2026-05-14 16:50,B03,M0239,Bronze,In-store,Coffee,1,80,8.00,72.00,QR PromptPay,
T005171,2026-05-14 16:50,B03,M0239,Bronze,In-store,Coffee,1,80,8.00,72.00,QR PromptPay,
T005172,2026-05-14 17:09,B01,,,Delivery,Bakery,1,70,0.00,70.00,Credit Card,
T005173,2026-05-14 18:03,B02,,,In-store,Coffee,1,55,0.00,55.00,QR PromptPay,4
T005174,2026-05-14 18:46,B05,M0122,Silver,App,Bakery,2,65,0.00,130.00,App Wallet,4
T005175,2026-05-14 21:55,B02,,,Delivery,Bakery,1,50,0.00,50.00,QR PromptPay,
T005176,2026-05-14 22:50,B02,,,Delivery,Bakery,2,65,0.00,130.00,Credit Card,
T005177,2026-05-15 07:20,B05,,,In-store,Bakery,4,105,0.00,420.00,QR PromptPay,
T005178,2026-05-15 07:38,B01,,,In-store,Coffee,2,95,0.00,190.00,Credit Card,
T005179,2026-05-15 08:24,B04,M0179,Platinum,In-store,Bakery,1,50,7.50,42.50,Cash,
T005180,2026-05-15 10:55,B08,M0278,Bronze,In-store,Merchandise,2,370,0.00,740.00,QR PromptPay,4
T005181,2026-05-15 11:20,B02,M9823,Bronze,In-store,Tea,1,65,0.00,65.00,QR PromptPay,
T005182,2026-05-15 11:47,B02,M0325,Plat.,In-store,Coffee,1,75,3.75,71.25,Cash,
T005183,2026-05-15 12:12,B08,M0175,Silver,In-store,Coffee,2,110,0.00,220.00,Credit Card,
T005184,2026-05-15 12:23,B02,M0325,Platinum,In-store,Bakery,1,55,11.00,44.00,Credit Card,5
T005185,2026-05-15 12:49,B05,M0077,silver,In-store,Merchandise,3,470,70.50,1339.50,Cash,1
T005186,2026-05-15 12:57,B01,M0082,Gold,App,Tea,1,70,0.00,70.00,App Wallet,5
T005187,2026-05-15 13:12,B02,,,App,Coffee,1,70,0.00,70.00,Credit Card,
T005188,2026-05-15 13:19,B05,M0216,Gold,In-store,Coffee,1,65,0.00,65.00,QR PromptPay,
T005189,2026-05-15 13:25,B03,M0272,Silver,In-store,Merchandise,3,250,0.00,750.00,Credit Card,3
T005190,2026-05-15 14:46,B03,,,Delivery,Merchandise,3,665,0.00,1995.00,Cash,
T005191,2026-05-15 14:50,B04,M0024,Silver,In-store,Coffee,3,65,29.25,165.75,QR PromptPay,
T005192,15/05/2026 15:26,B07,M0327,Silver,In-store,Tea,3,90,0.00,270.00,Credit Card,
T005193,2026-05-15 16:12,B06,M0016,Bronze,Delivery ,Coffee,1,75,0.00,75.00,Credit Card,
T005194,2026-05-15 16:43,B08,M0039,Silver,In-store,Coffee,2,65,0.00,130.00,QR PromptPay,
T005195,15/05/2026 16:46,B07,M0053,Bronze,In-store,Coffee,3,110,0.00,330.00,QR PromptPay,
T005196,2026-05-15 17:20,B05,,,In-store,Coffee,1,85,0.00,85.00,QR PromptPay,4
T005197,2026-05-15 17:59,B01,,,In-store,Coffee,4,110,0.00,440.00,QR PromptPay,
T005198,2026-05-15 19:05,B04,M0179,Platinum,In-store,Bakery,1,110,0.00,110.00,Cash,
T005199,2026-05-15 22:41,B02,M0066,Silver,Delivery ,Coffee,1,115,17.25,97.75,QR PromptPay,
T005200,2026-05-16 08:41,B03,M0108,Gold,App,Coffee,1,90,0.00,90.00,Credit Card,
T005201,2026-05-16 09:11,B05,M0091,Bronze,In-store,Coffee,1,95,0.00,95.00,QR PromptPay,
T005202,2026-05-16 10:17,B02,M0325,Platinum,In-store,Merchandise,1,340,51.00,289.00,Credit Card,
T005203,2026-05-16 11:19,B04,M0187,Silver,App,Coffee,2,90,0.00,180.00,App Wallet,
T005204,2026-05-16 11:39,B01,M0076,Silver,App,Coffee,1,100,20.00,80.00,Credit Card,
T005205,2026-05-16 11:59,B06,M0186,Platinum,delivery,Tea,4,50,0.00,200.00,QR PromptPay,
T005205,2026-05-16 11:59,B06,M0186,Platinum,delivery,Tea,4,50,0.00,200.00,QR PromptPay,
T005206,2026-05-16 12:09,B05,M0087,Bronze,In-store,Coffee,1,110,0.00,110.00,QR PromptPay,4
T005207,2026-05-16 12:25,b06,,,In store,Bakery,1,55,0.00,55.00,QR PromptPay,5
T005208,2026-05-16 12:32,B03,,,In-store,Coffee,1,120,0.00,120.00,Credit Card,
T005209,2026-05-16 12:35,B04,M0207,Gold,In-store,Coffee,4,105,21.00,399.00,Cash,3
T005210,2026-05-16 12:43,B06,,,in-store,Coffee,1,105,0.00,105.00,QR PromptPay,3
T005211,2026-05-16 12:45,B01,,,In-store,Coffee,3,80,0.00,240.00,QR PromptPay,
T005212,2026-05-16 13:26,B04,M0259,Silver,In-store,Coffee,1,110,11.00,99.00,QR PromptPay,5
T005213,16/05/2026 13:27,B07,,,In-store,Tea,1,80,0.00,80.00,QR PromptPay,
T005214,2026-05-16 13:38,B06,,,In-store,Coffee,4,90,0.00,360.00,QR PromptPay,
T005215,2026-05-16 14:56,B03,M0150,Bronze,In-store,Coffee,1,80,0.00,80.00,QR PromptPay,
T005216,2026-05-16 15:03,B01,M0230,Bronze,Delivery,Coffee,1,70,0.00,70.00,QR PromptPay,
T005217,2026-05-16 15:05,B06,M0324,Gold,In-store,Coffee,1,120,0.00,120.00,Cash,
T005218,2026-05-16 15:40,B04,M0072,Silver,In-store,Merchandise,2,685,205.50,1164.50,Credit Card,
T005219,2026-05-16 15:50,B03,M0110,Silver,App,Merchandise,1,420,0.00,420.00,App Wallet,
T005220,2026-05-16 15:57,B05,,,In-store,Coffee,3,80,0.00,240.00,QR PromptPay,
T005221,2026-05-16 16:25,B01,M0102,Bronze,Delivery,Coffee,2,85,0.00,170.00,QR PromptPay,4
T005222,2026-05-16 16:38,B03,,,In-store,Bakery,2,85,0.00,170.00,Credit Card,
T005223,16/05/2026 16:39,B07,M0019,Gold,App,Coffee,2,100,30.00,170.00,App Wallet,2
T005224,2026-05-16 16:47,B06,M0313,Bronze,Delivery,Coffee,1,115,0.00,115.00,Credit Card,
T005225,2026-05-16 16:54,B08,M0162,Bronze,Delivery,Tea,1,55,11.00,44.00,QR PromptPay,
T005226,2026-05-16 17:34,B01,M0121,Silver,App,Coffee,4,65,0.00,260.00,Credit Card,
T005227,2026-05-16 18:20,B03,M0312,Silver,Delivery,Bakery,2,80,0.00,160.00,QR PromptPay,
T005228,2026-05-16 19:15,B01,,,In-store,Coffee,2,95,0.00,190.00,QR PromptPay,
T005229,2026-05-17 08:23,B06,,,In-store,Merchandise,2,790,0.00,1580.00,QR PromptPay,
T005230,2026-05-17 08:28,B02,M0054,Silver,App,Tea,1,95,14.25,80.75,App Wallet,
T005231,2026-05-17 08:33,B03,,,In-store,Coffee,2,85,0.00,170.00,Cash,
T005232,2026-05-17 08:35,B04,M0093,Bronze,In-store,Coffee,3,70,31.50,178.50,QR PromptPay,5
T005233,2026-05-17 08:46,B05,M0011,Gold,In-store,Bakery,2,75,22.50,127.50,Cash,
T005234,2026-05-17 08:59,B02,M0140,Bronze,In-store,Tea,2,60,0.00,120.00,QR PromptPay,
T005235,2026-05-17 10:01,B08,M0212,Platinum,App,Bakery,3,50,7.50,142.50,App Wallet,
T005236,17/05/2026 10:04,B07,M0087,Bronze,In-store,Tea,1,55,0.00,55.00,QR PromptPay,
T005235,2026-05-17 10:09,B08,M0212,Platinum,App,Bakery,-3,50,-7.50,-142.50,App Wallet,
T005237,2026-05-17 10:13,B02,M0325,Platinum,In-store,Coffee,1,100,10.00,90.00,QR PromptPay,
T005238,17/05/2026 11:36,B07,M0245,Gold,In-store,Coffee,1,65,0.00,65.00,Credit Card,
T005239,2026-05-17 12:06,B04,M0207,Gold,In-store,Merchandise,1,280,0.00,280.00,Cash,
T005240,2026-05-17 12:08,B04,M0222,Bronze,In-store,Coffee,2,55,22.00,88.00,Cash,4
T005241,2026-05-17 12:09,B03,,,In-store,Coffee,3,115,0.00,345.00,QR PromptPay,
T005242,2026-05-17 12:13,B08,,,App,Coffee,2,80,0.00,160.00,App Wallet,
T005243,2026-05-17 12:16,B04,,,In-store,Coffee,1,100,0.00,100.00,QR PromptPay,
T005244,17/05/2026 12:50,B07,,,Delivery,Coffee,1,80,0.00,80.00,QR PromptPay,
T005245,2026-05-17 12:56,B03,,,In-store,Coffee,2,100,0.00,200.00,Cash,3
T005246,2026-05-17 13:25,B06,,,In-store,Coffee,1,60,0.00,60.00,Credit Card,
T005247,2026-05-17 13:30,B04,,,In-store,Bakery,2,105,0.00,210.00,Cash,4
T005248,2026-05-17 13:39,B06,M0189,Platinum,In-store,Tea,1,80,12.00,68.00,Credit Card,
T005249,2026-05-17 13:52,B02,M0011,Gold,App,Coffee,2,95,9.50,180.50,App Wallet,3
T005250,2026-05-17 15:21,B06,M0242,Bronze,In-store,Coffee,1,60,0.00,60.00,Credit Card,4
T005251,2026-05-17 16:09,B08,M0278,Bronze,Delivery ,Coffee,1,70,0.00,70.00,Credit Card,
T005252,2026-05-17 16:17,B02,M0227,Bronze,In-store,Bakery,3,95,0.00,285.00,QR PromptPay,
T005253,17/05/2026 16:21,B07,M0017,Bronze,In-store,Coffee,4,95,0.00,380.00,Credit Card,
T005254,17/05/2026 16:45,B07,M0013,Silver,Delivery,Coffee,3,100,0.00,300.00,Cash,2
T005255,17/05/2026 16:51, B07,,,In-store,Coffee,3,60,0.00,180.00,Cash,
T005256,2026-05-17 17:16,B05,,,In-store,Coffee,1,90,0.00,90.00,Credit Card,
T005257,2026-05-17 17:45,B06,M0226,Bronze,In-store,Coffee,1,120,0.00,120.00,QR PromptPay,3
T005258,17/05/2026 19:05,B07,M0209,Bronze,Delivery,Coffee,4,80,0.00,320.00,Credit Card,1
T005259,17/05/2026 19:22,B07,M0079,Gold,In-store,Bakery,1,105,21.00,84.00,QR PromptPay,
T005260,2026-05-18 07:02,B02,,,APP,Coffee,1,100,0.00,100.00,Credit Card,5
T005261,2026-05-18 07:33,B06,,,In-store,Coffee,2,55,0.00,110.00,Credit Card,4
T005262,2026-05-18 07:57,B08,M0178,Silver,In-store,Coffee,1,80,0.00,80.00,QR PromptPay,
T005263,2026-05-18 08:24,B04,M0089,Bronze,App,Coffee,1,120,0.00,120.00,Credit Card,
T005264,2026-05-18 08:41,B04,,,In-store,Bakery,4,65,0.00,260.00,Cash,
T005265,2026-05-18 08:59,B05,M0178,Silver,In-store,Coffee,1,90,0.00,90.00,QR PromptPay,3
T005266,2026-05-18 09:17,B02,M0200,Gold,App,Coffee,1,70,0.00,70.00,Credit Card,
T005267,2026-05-18 10:27,B04,,,App,Bakery,1,75,0.00,15.00,Credit Card,
T005268,2026-05-18 10:56,B05,M0303,Gold,In-store,Coffee,1,60,6.00,54.00,Cash,
T005269,2026-05-18 11:06,B05,M0178,Silver,In-store,Bakery,4,110,0.00,440.00,Credit Card,4
T005270,2026-05-18 11:12,B04,M0315,Plat.,App,Merchandise,1,280,56.00,224.00,App Wallet,3
T005271,2026-05-18 11:36,B04,M0153,Silver,Delivery,Tea,1,60,12.00,48.00,Cash,
T005272,2026-05-18 12:09,B04,M0315,Platinum,In-store,Coffee,1,95,4.75,90.25,Cash,
T005273,2026-05-18 12:26,B05,,,In-store,Tea,1,90 THB,0.00,90.00,Credit Card,4
T005274,2026-05-18 12:28,B04,,,In-store,Coffee,4,85,0.00,340.00,QR PromptPay,
T005274,2026-05-18 12:28,B04,,,In-store,Coffee,4,85,0.00,340.00,QR PromptPay,
T005275,18/05/2026 12:28,B07,,,In-store,Tea,4,80,0.00,320.00,QR PromptPay,1
T005276,18/05/2026 12:51,B07,M0079,Gold,In-store,Coffee,2,90,0.00,180.00,Credit Card,
T005277,2026-05-18 13:23,B04,M0203,Bronze,In-store,Coffee,1,120,0.00,120.00,Credit Card,4
T005278,18/05/2026 13:28,B07,,,Instore,Coffee,2,80,0.00,160.00,QR PromptPay,
T005279,2026-05-18 13:36,B04,M0228,Bronze,In-store,Coffee,2,105,0.00,210.00,Credit Card,
T005280,2026-05-18 13:51,B04,M0320,Silver,In-store,Coffee,1,75,3.75,71.25,QR PromptPay,
T005281,2026-05-18 14:49,B03,M0085,Silver,In-store,Coffee,1,105,0.00,105.00,Credit Card,5
T005282,2026-05-18 15:13,B04,,,In-store,Coffee,1,110,0.00,110.00,Cash,
T005283,2026-05-18 15:29,B06,M0023,Bronze,App,Coffee,1,115,0.00,115.00,App Wallet,
T005284,2026-05-18 15:51,B01,M0235,Silver,In-store,Coffee,1,105,0.00,105.00,QR PromptPay,
T005285,2026-05-18 16:04,B01,M0251,BRONZE,App,Bakery,2,85,0.00,170.00,Credit Card,5
T005286,2026-05-18 16:48,B08,,,In-store,Coffee,1,70,0.00,70.00,Cash,
T005287,18/05/2026 17:06,B07,M0100,Bronze,In-store,Coffee,1,55,2.75,52.25,Credit Card,2
T005288,2026-05-18 17:09,B01,M0186,Platinum,In-store,Bakery,1,50,7.50,42.50,Cash,
T005289,2026-05-18 17:24,B05,M0133,Bronze,In-store,Bakery,3,45,0.00,135.00,Cash,
T005290,2026-05-18 19:02,B08,M0189,Platinum,In-store,Merchandise,1,370,0.00,370.00,QR PromptPay,3
T005291,2026-05-18 19:32,B01,M0081,Bronze,App,Coffee,4,100,0.00,400.00,Credit Card,
T005292,2026-05-19 07:13,B04,M0228,Bronze,App,Bakery,1,90,0.00,90.00,App Wallet,5
T005293,2026-05-19 07:30,B03,M9254,Silver,Delivery,Merchandise,2,560,0.00,1120.00,QR PromptPay,3
T005294,2026-05-19 08:09,B05,M0122,Silver,In-store,Tea,3,70,0.00,210.00,Cash,
T005295,2026-05-19 08:49,B02,M0054,Silver,In-store,Merchandise,2,610,122.00,1098.00,Cash,
T005296,2026-05-19 09:03,B01,M0319,Bronze,In-store,Tea,1,60,0.00,60.00,QR PromptPay,
T005297,2026-05-19 09:40,B04,M0024,Silver,In-store,Coffee,4,110,88.00,352.00,Cash,
T005298,2026-05-19 10:06,B06,,,Delivery,Coffee,4,80,0.00,320.00,Cash,
T005299,2026-05-19 11:42,B06,,,In-store,Coffee,1,65,0.00,65.00,QR PromptPay,
T005300,2026-05-19 12:17,B04,M0179,Platinum,Mobile App,Coffee,2,70,0.00,140.00,Credit Card,
T005301,2026-05-19 12:21,B05,M0231,Bronze,Delivery,Bakery,1,110,0.00,110.00,QR PromptPay,
T005302,19/05/2026 12:49,B07,M0209,Bronze,In-store,Coffee,4,55,0.00,220.00,QR PromptPay,1
T005303,2026-05-19 13:21,B02,M0200,Gold,Delivery,Tea,1,75,0.00,75.00,Credit Card,
T005304,2026-05-19 13:23,B06,M0326,Bronze,In-store,Bakery,2,70,0.00,140.00,Cash,4
T005305,2026-05-19 13:29,B01,M0194,Bronze,Delivery,Coffee,3,120,0.00,360.00,Credit Card,5
T005306,2026-05-19 14:07,B02,M0011,Gold,Delivery,Bakery,1,65,0.00,65.00,Credit Card,5
T005307,2026-05-19 14:37,B02,,,In-store,Coffee,4,80,0.00,320.00,QR PromptPay,
T005308,2026-05-19 14:50,B01,M0069,Silver,In-store,Bakery,3,75,0.00,225.00,Cash,5
T005309,2026-05-19 15:52,B01,M0046,Silver,App,Bakery,1,55,0.00,55.00,Credit Card,5
T005310,19/05/2026 16:12,B07,M0281,Bronze,In-store,Coffee,4,95,0.00,380.00,Credit Card,
T005311,2026-05-19 16:14,B05,M0216,Gold,In-store,Coffee,1,90,18.00,72.00,Credit Card,3
T005312,2026-05-19 16:50,B06,,,App,Bakery,1,80,0.00,80.00,App Wallet,
T005313,2026-05-19 17:03,B05,,,App,Tea,4,75,0.00,300.00,Credit Card,
T005314,2026-05-19 17:07,B08,M0205,Silver,In-store,Coffee,1,90,0.00,90.00,Credit Card,3
T005315,2026-05-19 17:28,B01,M0186,Platinum,In-store,Coffee,2,90,0.00,180.00,Credit Card,
T005316,2026-05-19 17:29,B03,M0221,Silver,Delivery,Bakery,2,100,0.00,200.00,QR PromptPay,
T005317,2026-05-19 17:29,B08,M0330,Silver,In-store,Tea,1,75,0.00,75.00,Cash,4
T005318,2026-05-19 18:08,B01,M0151,BRONZE,Delivery,Tea,1,55,0.00,55.00,Credit Card,
T005319,2026-05-19 18:20,B06,,,In-store,Bakery,1,70,0.00,70.00,QR PromptPay,
T005320,2026-05-19 19:10,B02,M0070,Silver,In-store,Coffee,4,90,18.00,342.00,Cash,5
T005321,2026-05-19 19:42,B05,M0319,Bronze,App,Merchandise,1,460,0.00,460.00,App Wallet,3
T005322,2026-05-20 07:43,B08,M0171,Silver,In-store,Merchandise,4,570,0.00,2280.00,Credit Card,4
T005323,2026-05-20 07:52,B06,M0186,Platinum,In-store,Coffee,1,75,7.50,67.50,QR PromptPay,
T005324,2026-05-20 08:33,B03,M0234,Silver,In-store,Coffee,1,85,0.00,85.00,Credit Card,
T005325,2026-05-20 09:46,B04,M0203,Bronze,In-store,Coffee,2,90,36.00,144.00,QR PromptPay,3
T005326,2026-05-20 09:56,B08,M0212,Platinum,Delivery,Bakery,1,80,0.00,80.00,Credit Card,
T005327,2026-05-20 10:05,B06,M9823,Bronze,In store,Coffee,1,70,0.00,70.00,Cash,
T005328,2026-05-20 11:03,B05,M0163,Bronze,In-store,Coffee,2,60,0.00,120.00,Credit Card,
T005329,2026-05-20 12:16,B03,M0089,Bronze,In-store,Bakery,1,105,0.00,185.00,Credit Card,
T005330,20/05/2026 12:21,B07,M0079,Gold,In-store,Coffee,1,80,0.00,80.00,QR PromptPay,
T005331,2026-05-20 12:32,B06,M0087,Bronze,In-store,Coffee,1,80,16.00,64.00,Cash,
T005332,2026-05-20 12:42,B05,,,In-store,Coffee,1,75,0.00,75.00,Cash,4
T005333,2026-05-20 12:53,B03,,,App,Coffee,3,60,0.00,180.00,Credit Card,
T005334,2026-05-20 13:01,B04,M0093,Bronze,App,Coffee,1,85,0.00,85.00,App Wallet,
T005335,20/05/2026 13:32,B07,M0186,Platinum,In-store,Coffee,1,120,6.00,114.00,Cash,1
T005336,2026-05-20 14:01,B05,M0181,Bronze,In-store,Coffee,3,75,0.00,225.00,QR PromptPay,
T005337,2026-05-20 14:38,B03,M0249,Silver,Delivery,Bakery,2,100,40.00,160.00,Credit Card,
T005338,2026-05-20 16:54,B05,,,In-store,Merchandise,3,475,0.00,1425.00,Credit Card,
T005339,2026-05-20 17:35,B01,M0006,Gold,In-store,Merchandise,1,585,0.00,585.00,Credit Card,4
T005340,2026-05-20 19:20,B6,,,Delivery,Merchandise,1,850,0.00,850.00,Credit Card,
T005341,20/05/2026 19:48,B07,M0313,Bronze,Delivery,Coffee,2,85,0.00,170.00,QR PromptPay,
T005342,2026-05-21 07:30,B08,M0280,Silver,In-store,Bakery,2,105,42.00,168.00,Credit Card,
T005343,2026-05-21 07:59,B01,,,Delivery,Coffee,1,115,0.00,115.00,Credit Card,3
T005344,2026-05-21 08:00,B04,M0326,Bronze,Delivery,Coffee,1,55,0.00,55.00,Credit Card,4
T005345,2026-05-21 08:22,B02,M0011,gold,In-store,Bakery,1,70,0.00,70.00,QR PromptPay,
T005346,2026-05-21 09:59,B05,,,Mobile App,Coffee,2,75,0.00,150.00,Credit Card,4
T005347,2026-05-21 10:31,B05,,,App,Coffee,1,105,0.00,105.00,App Wallet,
T005348,2026-05-21 10:53,B03,M0087,Bronze,In-store,Coffee,1,110,0.00,110.00,Credit Card,
T005349,21/05/2026 10:56,b07,M0177,Bronze,App,Coffee,2,70,0.00,140.00,Credit Card,2
T005350,2026-05-21 10:59,B02,M0308,Bronze,Delivery,Coffee,2,95,0.00,190.00,QR PromptPay,
T005351,2026-05-21 11:05,B02,,,In-store,Bakery,1,90,0.00,90.00,QR PromptPay,
T005352,2026-05-21 11:23,B05,M0227,Bronze,App,Coffee,3,120,0.00,360.00,App Wallet,
T005353,2026-05-21 11:51,B01,M0052,Bronze,In-store,Coffee,1,55,0.00,55.00,Cash,
T005354,2026-05-21 12:04,B05,,,App,Bakery,1,85,0.00,85.00,App Wallet,
T005355,2026-05-21 12:05,B04,M0090,Platinum,Delivery,Bakery,1,45,9.00,36.00,Credit Card,
T005356,2026-05-21 12:11,B08,M0006,Gold,App,Coffee,1,70,14.00,56.00,Credit Card,
T005357,2026-05-21 12:19,B08,M0253,Silver,In-store,Tea,1,85,0.00,85.00,QR PromptPay,
T005358,2026-05-21 12:28,B03,M0175,Silver,Delivery,Bakery,1,75,0.00,75.00,Cash,
T005359,2026-05-21 12:35,B03,M0254,Bronze,In-store,Coffee,4,85,0.00,340.00,Credit Card,
T005360,21/05/2026 12:51,B07,M0028,Bronze,in-store,Tea,1,50,0.00,50.00,QR PromptPay,
T005361,2026-05-21 12:57,B03,M0249,Silver,In-store,Coffee,1,60,3.00,57.00,QR PromptPay,3
T005362,2026-05-21 13:13,B01,,,In-store,Coffee,2,120,0.00,240.00,QR PromptPay,2
T005363,2026-05-21 13:40,B08,M0212,Platinum,APP,Bakery,1,85,4.25,80.75,Credit Card,3
T005360,21/05/2026 13:49,B07,M0028,Bronze,In-store,Tea,-1,50,-0.00,-50.00,QR PromptPay,
T005364,2026-05-21 13:49,B04,M0207,Gold,App,Coffee,1,100,5.00,95.00,App Wallet,
T005365,2026-05-21 13:59,B08,M0257,Platinum,In-store,Coffee,2,105,0.00,210.00,Credit Card,
T005366,21/05/2026 14:18,B07,,,Delivery,Coffee,4,55,0.00,220.00,QR PromptPay,
T005367,2026-05-21 14:21,B08,,,In-store,Merchandise,1,585,0.00,585.00,QR PromptPay,
T005368,2026-05-21 14:42,B01,M0082,Gold,App,Coffee,1,115,0.00,115.00,Credit Card,
T005369,2026-05-21 15:03,B01,M0319,Bronze,Delivery,Merchandise,3,865,0.00,2595.00,Credit Card,4
T005370,21/05/2026 15:20,B07,,,App,Coffee,2,105,0.00,210.00,App Wallet,
T005371,2026-05-21 16:05,B04,M0050,bronze,Delivery,Tea,1,85,0.00,85.00,Cash,
T005372,2026-05-21 16:07,B06,,,In-store,Tea,1,50,0.00,50.00,Credit Card,
T005373,2026-05-21 16:09,B08,M0006,Gold,In-store,Bakery,2,105,0.00,210.00,Credit Card,3
T005374,2026-05-21 16:13,B06,,,In-store,Coffee,1,100,0.00,100.00,Credit Card,
T005375,2026-05-21 16:36,B01,,,In-store,Coffee,2,70,0.00,140.00,QR PromptPay,4
T005376,2026-05-21 18:15,B05,M0091,Bronze,In-store,Tea,1,60,6.00,54.00,QR PromptPay,
T005377,2026-05-21 18:36,B04,M0264,PLATINUM,App,Coffee,1,55,0.00,55.00,Credit Card,
T005378,2026-05-22 07:37,B08,M0212,Platinum,In-store,Coffee,1,65,0.00,65.00,Credit Card,3
T005379,2026-05-22 07:54,B06,M0207,Gold,Delivery,Coffee,1,110,16.50,93.50,Cash,
T005380,2026-05-22 08:05,B05,M0181,Bronze,App,Merchandise,2,625,0.00,1250.00,App Wallet,
T005381,2026-05-22 08:43,B02,,,In-store,Merchandise,4,510,0.00,2040.00,QR PromptPay,
T005382,2026-05-22 08:53,B08,,,App,Coffee,3,70,0.00,210.00,Credit Card,3
T005383,2026-05-22 09:57,B06,M0134,Platinum,In-store,Coffee,1,70,14.00,56.00,Cash,2
T005384,2026-05-22 11:18,B08,M0069,Silver,In-store,Coffee,2,100,0.00,200.00,QR PromptPay,4
T005385,22/05/2026 11:55,B07,M9632,Silver,App,Bakery,1,50,0.00,50.00,Credit Card,
T005386,22/05/2026 11:59,B07,M0073,Gold,Delivery,Bakery,1,110,0.00,110.00,Cash,
T005387,2026-05-22 12:01,B03,M0065,Platinum,Instore,Tea,2,55,16.50,93.50,QR PromptPay,
T005388,2026-05-22 12:40,B02,M0143,Bronze,Delivery,Coffee,2,55,0.00,110.00,Cash,3
T005389,2026-05-22 12:48,B04,M0228,Bronze,In-store,Merchandise,2,420,0.00,840.00,Cash,
T005390,2026-05-22 13:12,B06,M0091,Bronze,In-store,Bakery,4,75,0.00,300.00,Credit Card,
T005391,2026-05-22 13:30,B05,M0178,Silver,In-store,Bakery,2,65,26.00,104.00,Cash,
T005392,2026-05-22 14:17,B05,,,In-store,Bakery,2,55,0.00,110.00,Cash,
T005393,2026-05-22 14:22,B04,M0217,Silver,In-store,Tea,4,85,0.00,340.00,QR PromptPay,5
T005394,2026-05-22 15:25,B06,M0232,Bronze,In-store,Coffee,2,฿60.00,0.00,120.00,Credit Card,
T005395,2026-05-22 15:40,B04,M0207,Gold,In-store,Tea,1,95,0.00,95.00,QR PromptPay,
T005396,2026-05-22 16:56,B03,M0085,Silver,Delivery,Tea,1,50,0.00,50.00,QR PromptPay,
T005397,2026-05-22 17:10,B01,M0009,Bronze,In-store,Coffee,2,105,0.00,210.00,Cash,3
T005398,2026-05-22 17:35,B02,M0144,Gold,In-store,Tea,2,85,0.00,170.00,QR PromptPay,
T005399,2026-05-22 17:44,B08,M0104,Gold,In-store,Coffee,2,55,0.00,110.00,Credit Card,
T005400,2026-05-22 18:25,B03,,,In-store,Merchandise,1,665,0.00,665.00,Cash,
T005401,2026-05-22 19:46,B08,M0223,Bronze,In store,Tea,1,50,0.00,50.00,QR PromptPay,4
T005402,2026-05-22 23:52,B02,,,Delivery,Bakery,1,50,0.00,50.00,QR PromptPay,
T005403,2026-05-23 07:05,B01,M9823,Silver,App,Bakery,1,50,2.50,47.50,App Wallet,4
T005404,2026-05-23 07:12,B08,M0189,Platinum,Delivery,Bakery,1,100,10.00,90.00,Cash,4
T005405,23/05/2026 07:41,B07,M0085,silver,In-store,Coffee,1,80,0.00,80.00,Credit Card,1
T005406,2026-05-23 08:06,B01,M0183,Bronze,Delivery,Coffee,1,65,0.00,65.00,Credit Card,3
T005407,2026-05-23 08:09,B01,M0251,Bronze,In-store,Merchandise,1,520,78.00,442.00,Credit Card,
T005408,2026-05-23 08:14,B03,M0027,Bronze,In-store,Bakery,1,55,11.00,44.00,QR PromptPay,3
T005409,2026-05-23 08:30,B08,M0067,Bronze,In-store,Bakery,2,80,0.00,160.00,QR PromptPay,
T005410,2026-05-23 08:34,B08,M0067,Bronze,App,Coffee,2,90,0.00,180.00,App Wallet,
T005411,2026-05-23 08:51,B02,,,App,Coffee,4,90,0.00,360.00,Credit Card,
T005412,2026-05-23 09:17,B03,M0177,Bronze,In-store,Coffee,1,100,0.00,100.00,QR PromptPay,
T005413,2026-05-23 11:51,B05,M0088,Silver,App,Coffee,1,115,0.00,115.00,App Wallet,
T005414,2026-05-23 12:18,B06,M0324,Gold,In-store,Coffee,2,100,40.00,160.00,Credit Card,
T005415,2026-05-23 13:07,B04,M0217,Silver,Delivery,Coffee,1,70,0.00,70.00,QR PromptPay,
T005416,2026-05-23 13:11,B04,M0326,Bronze,In-store,Tea,1,90,0.00,90.00,QR PromptPay,
T005417,2026-05-23 13:34,B08,M0083,Gold,Delivery,Bakery,1,110,0.00,110.00,Credit Card,3
T005418,2026-05-23 13:34,B06,M0033,Bronze,Delivery,Coffee,1,75,0.00,75.00,Cash,
T005419,2026-05-23 13:37,B04,M0304,Platinum,App,Bakery,4,90,54.00,306.00,Credit Card,4
T005420,2026-05-23 14:02,B06,M0212,Platinum,delivery,Coffee,2,60,12.00,108.00,Credit Card,3
T005421,2026-05-23 15:08,B04,M0153,Silver,In-store,Tea,2,95,38.00,152.00,QR PromptPay,
T005422,2026-05-23 15:21,B05,,,App,Coffee,1,105,0.00,105.00,Credit Card,3
T005423,2026-05-23 15:30,B04,M0181,Bronze,App,Tea,2,50,0.00,100.00,Credit Card,
T005424,2026-05-23 15:42,B04,M0207,Gold,Instore,Coffee,1,80,4.00,76.00,QR PromptPay,
T005425,2026-05-23 16:03,B05,M0155,Platinum,In-store,Coffee,3,90,0.00,270.00,QR PromptPay,
T005426,2026-05-23 16:39,B02,,,In-store,Coffee,1,105,0.00,105.00,Cash,
T005427,23/05/2026 16:58,B07,,,In-store,Bakery,3,60,0.00,180.00,Credit Card,
T005428,2026-05-23 17:26,B04,M0196,Slvr,Delivery,Coffee,4,100,0.00,310.00,Credit Card,
T005429,2026-05-23 17:31,B06,M0276,Gold,App,Tea,1,95,0.00,95.00,Credit Card,
T005430,2026-05-23 18:14,B06,M0084,Silver,In-store,Bakery,2,95,0.00,190.00,Credit Card,
T005431,2026-05-23 18:35,B01,M0046,Silver,In-store,Coffee,1,80,0.00,80.00,QR PromptPay,4
T005432,2026-05-23 19:03,B02,,,In-store,Coffee,4,80,0.00,320.00,Credit Card,
T005433,2026-05-23 19:29,B01,,,App,Coffee,1,55,0.00,55.00,Credit Card,
T005434,23/05/2026 19:40,B07,,,In-store,Tea,1,90,0.00,90.00,Credit Card,
T005435,2026-05-24 07:51,B06,M0042,Gold,Delivery,Coffee,2,55,0.00,110.00,Credit Card,
T005436,2026-05-24 08:01,B08,M0326,Bronze,In-store,Tea,4,75,0.00,300.00,Credit Card,
T005437,2026-05-24 09:01,B04,,,Delivery,Bakery,1,50,0.00,50.00,QR PromptPay,
T005438,2026-05-24 09:02,B04,M0018,Bronze,In-store,Merchandise,2,535,0.00,1070.00,QR PromptPay,3
T005439,24/05/2026 09:22,B07,M9799,Bronze,In-store,Coffee,1,70,10.50,59.50,Credit Card,
T005440,2026-05-24 10:09,B01,M0319,Bronze,In-store,Coffee,1,100,0.00,100.00,QR PromptPay,
T005441,2026-05-24 11:25,B01,M0062,Gold,In-store,Coffee,2,90,0.00,180.00,Cash,
T005442,24/05/2026 11:26,B07,M0100,Bronze,In-store,Tea,1,90,0.00,90.00,QR PromptPay,
T005443,2026-05-24 11:50,B02,M0176,Bronze,Delivery,Coffee,1,55,0.00,55.00,Cash,
T005444,2026-05-24 12:15,B05,,,App,Coffee,2,80,0.00,160.00,Credit Card,4
T005445,2026-05-24 12:18,B06,,,In-store,Bakery,2,90,0.00,180.00,QR PromptPay,
T005446,2026-05-24 12:40,B02,M0325,Platinum,In-store,Coffee,2,80,8.00,152.00,QR PromptPay,
T005447,2026-05-24 13:16,B02,M0033,Bronze,App,Coffee,1,70,0.00,70.00,App Wallet,
T005448,24/05/2026 13:50,B07,M0079,gold,In-store,Coffee,2,90,36.00,144.00,QR PromptPay,1
T005449,2026-05-24 14:47,B01,M0253,Silver,App,Coffee,1,115,0.00,115.00,Credit Card,
T005450,2026-05-24 14:51,B04,M0250,Bronze,App,Tea,3,95,0.00,285.00,Credit Card,
T005451,2026-05-24 16:16,B01,M0082,Gold,Delivery,Coffee,4,115,92.00,368.00,Credit Card,5
T005452,2026-05-24 16:35,B02,M0144,Gold,Delivery,Tea,1,75,7.50,67.50,QR PromptPay,
T005453,2026-05-24 16:36,B04,M0153,SILVER,In-store,Bakery,1,65,0.00,65.00,Credit Card,
T005454,2026-05-24 17:52,B02,M0144,Gold,App,Merchandise,1,720,0.00,720.00,App Wallet,4
T005455,24/05/2026 17:59,B07,M0120,Gold,App,Coffee,1,100,10.00,90.00,App Wallet,
T005456,2026-05-24 18:19,B03,M0117,Silver,In-store,Tea,2,90,27.00,153.00,QR PromptPay,
T005457,2026-05-24 19:38,B01,M0065,Platinum,In-store,Coffee,1,105,0.00,105.00,Credit Card,3
T005458,2026-05-25 07:05,B03,M0221,Silver,In-store,Coffee,3,80,24.00,216.00,Cash,5
T005459,2026-05-25 08:31,B03,M0272,Silver,In-store,Tea,3,90,0.00,270.00,Cash,
T005460,2026-05-25 08:46,B01,M0083,GOLD,In-store,Coffee,1,85,0.00,85.00,Credit Card,
T005461,2026-05-25 08:59,B08,M0161,Bronze,In-store,Coffee,2,85,0.00,170.00,Cash,
T005461,2026-05-25 08:59,B08,M0161,Bronze,In-store,Coffee,2,85,0.00,170.00,Cash,
T005462,2026-05-25 09:20,B03,,,In-store,Coffee,3,120,0.00,360.00,QR PromptPay,
T005462,2026-05-25 09:20,B03,,,In-store,Coffee,3,120,0.00,360.00,QR PromptPay,
T005463,2026-05-25 09:29,B03,,,In-store,Coffee,4,90,0.00,360.00,Cash,4
T005464,2026-05-25 09:48,B05,M0023,Bronze,App,Coffee,2,105,0.00,210.00,App Wallet,
T005465,2026-05-25 12:18,B05,,,App,Coffee,2,95,0.00,190.00,App Wallet,
T005466,2026-05-25 13:41,B03,M0254,Bronze,In-store,Coffee,3,65,0.00,195.00,Credit Card,
T005467,2026-05-25 13:52,B01,M0137,BRONZE,App,Coffee,1,105,0.00,105.00,App Wallet,5
T005468,2026-05-25 14:02,B04,,,Delivery,Coffee,1,100,0.00,100.00,QR PromptPay,4
T005469,2026-05-25 14:54,B02,M0308,Bronze,In store,Bakery,1,90,0.00,90.00,Cash,3
T005470,2026-05-25 14:55,B02,M0019,Gold,App,Coffee,1,120,0.00,120.00,Credit Card,3
T005471,2026-05-25 15:51,B06,M0008,Bronze,App,Bakery,1,50,0.00,50.00,App Wallet,
T005472,25/05/2026 16:46,B07,,,Delivery,Coffee,3,95,0.00,285.00,Cash,
T005473,2026-05-25 17:52,B08,M0257,Platinum,App,Bakery,2,95,0.00,190.00,Credit Card,
T005474,25/05/2026 17:55,B07,M0185,Silver,In-store,Merchandise,3,805,241.50,2173.50,Cash,
T005475,2026-05-25 18:20,B08,M0050,Bronze,App,Coffee,2,120,0.00,240.00,App Wallet,
T005476,2026-05-25 18:26,B03,M0227,Bronze,In-store,Coffee,1,95,9.50,85.50,Credit Card,5
T005477,2026-05-25 18:49,B06,M0094,Silver,App,Coffee,1,105,0.00,105.00,Credit Card,
T005478,2026-05-26 00:43,B02,,,Delivery,Coffee,3,80,0.00,240.00,QR PromptPay,
T005479,2026-05-26 07:01,B08,,,In-store,Bakery,1,110,0.00,110.00,Credit Card,
T005480,2026-05-26 08:03,B04,M0315,Platinum,App,Bakery,1,100,0.00,100.00,Credit Card,4
T005481,2026-05-26 08:29,B08,M0005,platinum,Delivery,Coffee,1,100,0.00,100.00,QR PromptPay,5
T005482,2026-05-26 08:41,B03,M0150,Bronze,In-store,Coffee,4,115,23.00,437.00,QR PromptPay,3
T005483,2026-05-26 09:56,B02,M0243,Bronze,In-store,Coffee,4,80,32.00,288.00,Credit Card,
T005484,2026-05-26 10:35,B01,M0164,Gold,In-store,Coffee,1,85,0.00,85.00,QR PromptPay,
T005485,2026-05-26 11:30,B06,M0054,SILVER,App,Coffee,4,65,26.00,234.00,App Wallet,3
T005486,2026-05-26 11:34,B03,,,In-store,Tea,1,50,0.00,50.00,QR PromptPay,
T005487,2026-05-26 12:00,B01,M0102,Bronze,In-store,Coffee,1,95,0.00,95.00,Cash,
T005488,2026-05-26 12:04,B05,M0133,Bronze,Delivery,Coffee,1,70,0.00,70.00,Credit Card,3
T005489,2026-05-26 12:16,B08,,,App,Coffee,2,115,0.00,230.00,Credit Card,
T005490,2026-05-26 13:18,B05,M0281,Bronze,App,Bakery,3,95,0.00,285.00,Credit Card,
T005491,2026-05-26 13:19,B05,M0122,Silver,In-store,Bakery,1,45,0.00,45.00,Credit Card,5
T005492,26/05/2026 13:21,B07,M0196,Silver,In-store,Bakery,1,75,7.50,67.50,Credit Card,
T005493,2026-05-26 13:24,B03,,,Delivery,Coffee,1,55,0.00,55.00,QR PromptPay,3
T005490,2026-05-26 13:25,B05,M0281,Bronze,App,Bakery,-3,95,-0.00,-285.00,Credit Card,
T005494,26/05/2026 13:38,B07,M0053,Bronze,Delivery,Coffee,1,120,0.00,120.00,Credit Card,
T005495,2026-05-26 14:28,B05,M0157,Gold,App,Coffee,2,80,0.00,160.00,App Wallet,
T005496,2026-05-26 16:04,B03,M0239,Bronze,Delivery,Coffee,2,85,0.00,170.00,Cash,4
T005497,2026-05-26 16:20,B01,M0186,Platinum,In-store,Tea,2,80,0.00,160.00,Cash,4
T005496,2026-05-26 16:41,B03,M0239,Bronze,Delivery,Coffee,-2,85,-0.00,-170.00,Cash,
T005498,2026-05-26 16:54,B01,M0183,Bronze,In-store,Coffee,2,65,0.00,130.00,Cash,
T005499,2026-05-26 16:58,B01,,,App,Coffee,3,80,0.00,240.00,App Wallet,2
T005500,2026-05-26 17:24,B03,M0306,Bronze,In-store,Bakery,1,90,18.00,72.00,Cash,
T005501,26/05/2026 18:08,B07,,,Delivery,Coffee,1,65,0.00,65.00,QR PromptPay,
T005502,2026-05-26 18:56,B01,,,In-store,Bakery,1,100,0.00,100.00,QR PromptPay,
T005503,27/05/2026 08:20,B07,M0218,Bronze,Delivery,Coffee,1,70,0.00,70.00,Cash,
T005504,2026-05-27 08:34,B02,M9108,PLATINUM,In-store,Tea,1,70,0.00,70.00,Credit Card,4
T005505,27/05/2026 08:38,B07,,,App,Coffee,2,90,0.00,180.00,Credit Card,1
T005506,2026-05-27 09:11,B08,M0325,Platinum,In-store,Coffee,1,55,8.25,46.75,Cash,
T005507,2026-05-27 09:24,B08,,,In-store,Coffee,1,85,0.00,85.00,QR PromptPay,
T005508,27/05/2026 10:31,B07,M0073,Gold,In-store,Tea,1,65,0.00,65.00,Credit Card,1
T005509,2026-05-27 10:57,B05,M0129,Silver,App,Bakery,1,65,0.00,65.00,Credit Card,
T005510,2026-05-27 12:22,B05,,,In store,Coffee,1,90,0.00,90.00,Cash,
T005511,27/05/2026 13:02,B07,M0304,Platinum,In-store,Bakery,1,50,2.50,47.50,Credit Card,
T005512,2026-05-27 13:03,B06,M0313,Bronze,App,Tea,1,65,0.00,65.00,App Wallet,3
T005513,2026-05-27 13:09,B06,M0145,Silver,In-store,Tea,2,60,0.00,120.00,Cash,
T005514,2026-05-27 13:12,B04,,,In-store,Tea,2,95,0.00,190.00,QR PromptPay,
T005515,2026-05-27 13:17,B04,,,Delivery,Bakery,1,45,0.00,45.00,Credit Card,
T005516,2026-05-27 13:26,B04,M0090,Platinum,Delivery,Coffee,1,115,17.25,97.75,Cash,
T005517,2026-05-27 13:34,B05,M0083,Gold,In-store,Merchandise,4,630,252.00,2268.00,Credit Card,
T005518,2026-05-27 13:38,B06,,,App,Tea,2,75,0.00,150.00,Credit Card,
T005519,2026-05-27 13:39,B03,,,App,Coffee,1,105,0.00,105.00,App Wallet,4
T005520,2026-05-27 16:39,B05,M0281,Bronze,In-store,Bakery,1,60,3.00,57.00,Cash,5
T005521,2026-05-27 16:55,B01,M0082,Gold,App,Coffee,2,90,18.00,162.00,Credit Card,4
T005522,2026-05-27 17:05,B08,M0257,PLATINUM,In-store,Tea,1,50,10.00,40.00,QR PromptPay,
T005523,27/05/2026 17:07,B07,M0079,Gold,In store,Coffee,1,120,0.00,120.00,Credit Card,2
T005524,2026-05-27 18:21,B06,M0191,Bronze,App,Coffee,1,80,0.00,80.00,App Wallet,
T005525,2026-05-27 18:22,B02,M0226,Bronze,App,Coffee,1,60,0.00,60.00,App Wallet,4
T005526,2026-05-27 19:16,B04,M0179,Platinum,In-store,Tea,1,90,0.00,90.00,QR PromptPay,
T005527,2026-05-27 19:49,B08,,,In-store,Coffee,3,60,0.00,180.00,Cash,5
T005528,2026-05-27 21:07,B02,M0221,Silver,Delivery,Tea,1,80,0.00,80.00,QR PromptPay,
T005529,2026-05-28 08:05,B06,M0042,Gold,In-store,Bakery,4,45,9.00,171.00,Credit Card,3
T005530,2026-05-28 08:27,B04,,,In-store,Coffee,1,120,0.00,120.00,Cash,4
T005531,2026-05-28 08:33,B08,M0280,Silver,In-store,Coffee,1,85,0.00,85.00,Credit Card,3
T005532,2026-05-28 08:34,B03,M0329,Bronze,In-store,Coffee,2,105,0.00,210.00,Credit Card,
T005533,2026-05-28 08:36,B04,M0329,Bronze,In-store,Tea,1,70,7.00,63.00,Cash,
T005534,2026-05-28 08:43,B08,,,In-store,Tea,1,55,0.00,55.00,Cash,
T005535,28/05/2026 08:50,B07,M0320,Silver,In store,Tea,2,50,0.00,100.00,Cash,
T005536,2026-05-28 10:04,B05,M0165,Bronze,App,Coffee,2,60,0.00,120.00,Credit Card,
T005537,2026-05-28 10:13,B04,,,In-store,Coffee,3,110,0.00,330.00,Credit Card,
T005538,2026-05-28 10:28,B06,,,In-store,Bakery,1,90,0.00,90.00,Cash,
T005539,2026-05-28 12:49,B01,M0197,Silver,App,Bakery,1,110,0.00,110.00,Credit Card,4
T005540,2026-05-28 12:57,B03,M0031,Silver,In-store,Bakery,2,105,0.00,210.00,QR PromptPay,
T005541,2026-05-28 13:28,B06,,,App,Coffee,2,65,0.00,130.00,Credit Card,
T005542,2026-05-28 14:42,B04,,,In-store,Bakery,1,50,0.00,50.00,QR PromptPay,
T005543,2026-05-28 15:26,B04,M0024,Silver,In-store,Tea,4,50,0.00,200.00,Cash,
T005544,2026-05-28 16:07,B04,M0179,Platinum,App,Coffee,2,55,22.00,88.00,App Wallet,4
T005545,2026-05-28 17:04,B08,,,App,Coffee,1,55,0.00,55.00,Credit Card,
T005546,2026-05-28 18:09,B03,M0089,Bronze,In-store,Coffee,3,120,0.00,360.00,Cash,
T005547,2026-05-28 18:45,B01,,,In-store,Tea,1,80,0.00,80.00,Cash,
T005548,2026-05-28 18:48,B05,M0091,Bronze,In-store,Coffee,1,95,4.75,90.25,Credit Card,
T005549,2026-05-28 19:57,B01,M0031,Silver,In-store,Coffee,1,85,0.00,85.00,Credit Card,
T005550,2026-05-28 23:57,B02,,,Delivery,Coffee,1,120,0.00,120.00,QR PromptPay,4
T005551,29/05/2026 07:02,B07,,,Delivery,Coffee,3,100,0.00,300.00,QR PromptPay,3
T005552,2026-05-29 07:13,B08,,,In-store,Tea,1,70,0.00,70.00,QR PromptPay,
T005553,29/05/2026 07:30,B07,,,In-store,Tea,1,70,0.00,70.00,Credit Card,
T005554,29/05/2026 07:35,B07,,,In-store,Coffee,3,90,0.00,270.00,Credit Card,
T005555,2026-05-29 07:45,B05,M0077,Silver,In-store,Tea,2,80,8.00,152.00,QR PromptPay,
T005556,2026-05-29 07:58,B05,M0020,Bronze,App,Coffee,1,120,0.00,120.00,App Wallet,
T005557,2026-05-29 08:05,B03,,,In-store,Bakery,4,85,0.00,340.00,Credit Card,
T005558,2026-05-29 08:35,B02,,,In-store,Coffee,1,90,0.00,90.00,Credit Card,5
T005559,2026-05-29 08:45,B04,M0203,Bronze,App,Coffee,3,80,0.00,240.00,Credit Card,3
T005560,2026-05-29 08:56,B01,M0251,Bronze,In-store,Merchandise,4,725,435.00,2465.00,Credit Card,4
T005561,2026-05-29 08:57,B03,M0234,Silver,Delivery ,Tea,3,85,0.00,255.00,QR PromptPay,
T005562,2026-05-29 09:45,B02,M0325,Platinum,In-store,Coffee,2,100,0.00,200.00,Cash,4
T005563,2026-05-29 12:02,B02,M0200,Gold,In store,Bakery,2,90,0.00,180.00,Credit Card,
T005564,2026-05-29 12:08,B08,,,Delivery,Bakery,3,45,0.00,135.00,Credit Card,5
T005565,2026-05-29 12:36,B06,M0230,Bronze,In-store,Coffee,1,100,0.00,100.00,QR PromptPay,
T005566,29/05/2026 12:44,B07,M0139,Bronze,In-store,Coffee,1,85,0.00,85.00,QR PromptPay,
T005567,2026-05-29 12:52,B03,M0175,silver,In-store,Coffee,1,120,0.00,120.00,QR PromptPay,3
T005568,2026-05-29 13:26,B1,M0186,Platinum,In-store,Bakery,1,55,5.50,49.50,QR PromptPay,4
T005569,2026-05-29 15:03,B02,M0286,Gold,In-store,Coffee,1,120,6.00,114.00,QR PromptPay,
T005570,2026-05-29 16:01,B05,M0197,Silver,In-store,Coffee,1,120,18.00,102.00,Credit Card,4
T005571,29/05/2026 16:43,B07,M0088,Silver,In-store,Coffee,2,95,9.50,180.50,Credit Card,1
T005572,2026-05-29 18:26,B06,M0276,Gold,App,Coffee,3,60,0.00,180.00,Credit Card,
T005573,2026-05-29 18:47,B02,M0308,Bronze,Delivery,Tea,1,65,0.00,65.00,Cash,
T005574,2026-05-29 18:58,b01,M0197,Silver,In-store,Coffee,4,฿95.00,0.00,380.00,Cash,
T005575,2026-05-29 19:07,B08,M0187,Silver,In-store,Tea,1,50,0.00,50.00,Cash,
T005576,2026-05-30 07:14,B01,M0197,Silver,App,Tea,2,60,0.00,120.00,Credit Card,2
T005577,30/05/2026 08:09,B07,M0079,Gold,App,Coffee,1,80,0.00,80.00,Credit Card,3
T005578,2026-05-30 09:10,B08,M0006,Gold,In-store,Tea,2,85,8.50,161.50,Cash,3
T005579,2026-05-30 09:24,B02,M9826,Platinum,In-store,Coffee,4,60,0.00,240.00,Credit Card,
T005580,2026-05-30 09:37,B02,M0140,Bronze,In-store,Tea,2,90,0.00,180.00,Credit Card,
T005581,2026-05-30 10:09,B01,,,In-store,Bakery,3,100,0.00,300.00,Cash,
T005582,30/05/2026 12:19,B07,M0030,Brz,App,Tea,1,90,0.00,90.00,App Wallet,
T005583,2026-05-30 12:27,B04,M0291,Bronze,In store,Bakery,1,75,0.00,75.00,Cash,
T005584,2026-05-30 12:56,B01,M0069,Silver,Delivery,Coffee,1,115,0.00,115.00,QR PromptPay,3
T005585,2026-05-30 13:13,B08,M0005,Platinum,In-store,Tea,2,90,9.00,171.00,Cash,3
T005586,30/05/2026 13:30,B07,M0201,Bronze,In-store,Tea,1,65,0.00,65.00,Credit Card,1
T005587,2026-05-30 13:39,B01,M0082,Gold,Delivery,Coffee,1,90,4.50,85.50,QR PromptPay,
T005588,2026-05-30 13:41,B08,M0104,Gold,In-store,Bakery,4,45,0.00,180.00,Cash,5
T005589,2026-05-30 13:49,B01,M0225,Silver,In-store,Coffee,4,60,0.00,240.00,Credit Card,5
T005590,2026-05-30 13:59,B03,,,App,Tea,1,55,0.00,55.00,App Wallet,4
T005591,2026-05-30 14:06,B02,M0011,Gold,Delivery,Coffee,3,65,0.00,195.00,QR PromptPay,5
T005592,2026-05-30 14:07,B04,M0175,Silver,App,Bakery,1,90,0.00,90.00,App Wallet,5
T005592,2026-05-30 14:07,B04,M0175,Silver,App,Bakery,1,90,0.00,90.00,App Wallet,5
T005591,2026-05-30 14:26,B02,M0011,Gold,Delivery,Coffee,-3,65,-0.00,-195.00,QR PromptPay,
T005593,2026-05-30 14:58,B03,,,In-store,Coffee,1,55,0.00,55.00,Credit Card,3
T005594,2026-05-30 15:08,B02,M0200,Gold,App,Coffee,1,65,0.00,65.00,App Wallet,3
T005589,2026-05-30 15:09,B01,M0225,Silver,In-store,Coffee,-4,60,-0.00,-240.00,Credit Card,
T005595,2026-05-30 16:18,B08,M0067,Bronze,In-store,Merchandise,1,650,0.00,650.00,Credit Card,
T005596,2026-05-30 17:30,B02,M0197,Silver,In-store,Coffee,4,120,0.00,480.00,Cash,2
T005597,2026-05-30 18:03,B03,M0052,Bronze,App,Coffee,4,95,0.00,380.00,App Wallet,
T005598,2026-05-30 18:23,B05,M0233,Silver,In-store,Tea,1,55,0.00,55.00,Credit Card,
T005599,30/05/2026 19:37,B07,,,In-store,Merchandise,1,285,0.00,285.00,Cash,
T005600,2026-05-31 07:39,B04,M0304,Platinum,App,Coffee,4,110,66.00,374.00,App Wallet,
T005601,2026-05-31 08:07,B05,,,Delivery,Coffee,4,70,0.00,280.00,Credit Card,
T005602,2026-05-31 08:17,B04,M0207,Gold,In-store,Coffee,2,55,0.00,110.00,Credit Card,
T005603,31/05/2026 08:38,B07,M0073,Gold,App,Coffee,1,55,8.25,46.75,Credit Card,
T005604,2026-05-31 09:03,B02,,,In-store,Tea,1,50,0.00,50.00,Cash,
T005605,2026-05-31 09:38,B02,,,In-store,Coffee,1,120,0.00,120.00,Credit Card,
T005606,2026-05-31 09:46,B03,,,App,Coffee,3,65,0.00,195.00,Credit Card,
T005606,2026-05-31 09:46,B03,,,App,Coffee,3,65,0.00,195.00,Credit Card,
T005607,2026-05-31 10:58,B03,M0312,Silver,Instore,Coffee,1,110,0.00,110.00,Credit Card,4
T005608,2026-05-31 12:09,B05,,,In-store,Bakery,2,65,0.00,130.00,Cash,
T005609,2026-05-31 13:20,B08,M0081,Bronze,In-store,Tea,1,90,0.00,90.00,Credit Card,
T005610,2026-05-31 13:26,B03,M0107,Gold,In-store,Bakery,1,100,0.00,100.00,QR PromptPay,
T005611,2026-05-31 15:42,B04,M0179,Platinum,In-store,Coffee,1,100,10.00,90.00,Credit Card,
T005612,2026-05-31 16:04,B08,,,In-store,Tea,2,95,0.00,190.00,Cash,3
T005613,2026-05-31 16:04,B01,M0322,Silver,In-store,Coffee,1,105,0.00,105.00,QR PromptPay,4
T005614,2026-05-31 16:19,B03,,,In-store,Coffee,1,105,0.00,105.00,QR PromptPay,4
T005615,2026-05-31 17:20,B04,M0175,Silver,App,Coffee,1,80,8.00,72.00,Credit Card,4
T005616,31/05/2026 17:58,B07,M0024,Silver,In-store,Coffee,2,80,0.00,160.00,Credit Card,
T005615,2026-05-31 18:34,B04,M0175,Silver,APP,Coffee,-1,80,-8.00,-72.00,Credit Card,
T005617,2026-05-31 19:49,B01,,,In-store,Merchandise,2,700,0.00,1400.00,Credit Card,
T005618,2026-05-31 19:57,B08,,,App,Coffee,3,110,0.00,330.00,App Wallet,4
T005619,2026-06-01 00:30,B02,,,Delivery,Tea,1,80,0.00,80.00,QR PromptPay,
T005620,2026-06-01 07:02,B03,,,App,Coffee,1,60,0.00,60.00,App Wallet,3
T005621,2026-06-01 07:33,B04,M0207,Gold,In-store,Tea,2,65,0.00,130.00,Credit Card,4
T005622,01/06/2026 07:37,B07,M0327,Silver,In-store,Coffee,3,95,0.00,285.00,Credit Card,2
T005623,2026-06-01 07:55,B06,,,In-store,Bakery,1,95,0.00,95.00,Cash,
T005624,2026-06-01 07:56,B08,M0189,Platinum,In-store,Coffee,1,85,12.75,72.25,Cash,5
T005625,2026-06-01 08:22,B02,M0210,Bronze,App,Bakery,1,50,5.00,45.00,Credit Card,5
T005626,2026-06-01 08:33,B04,M0153,Silver,In-store,Coffee,1,100,0.00,100.00,QR PromptPay,5
T005627,2026-06-01 11:23,B08,M0039,Silver,In-store,Tea,1,75,0.00,75.00,Credit Card,
T005628,2026-06-01 12:36,B02,M0286,Gold,In-store,Bakery,2,65,26.00,104.00,QR PromptPay,
T005628,2026-06-01 12:36,B02,M0286,Gold,In-store,Bakery,2,65,26.00,104.00,QR PromptPay,
T005629,2026-06-01 12:44,B01,M0062,Gold,App,Coffee,2,110,33.00,187.00,App Wallet,
T005630,2026-06-01 13:21,B03,,,App,Bakery,1,55,0.00,55.00,Credit Card,
T005631,2026-06-01 14:18,B02,M0016,Bronze,In-store,Bakery,1,90,0.00,90.00,Cash,
T005632,2026-06-01 14:57,B04,,,App,Coffee,2,60,0.00,120.00,Credit Card,
T005633,2026-06-01 15:22,B08,,,Delivery,Bakery,2,60,0.00,120.00,Credit Card,5
T005634,2026-06-01 16:15,B04,M0286,Gold,In-store,Tea,1,85,0.00,85.00,Credit Card,2
T005635,2026-06-01 16:36,B06,M0183,Bronze,App,Bakery,1,55,0.00,55.00,App Wallet,
T005636,01/06/2026 17:30,B07,,,In-store,Bakery,1,110,0.00,110.00,QR PromptPay,
T005634,2026-06-01 17:37,B04,M0286,Gold,In-store,Tea,-1,85,-0.00,-85.00,Credit Card,
T005637,2026-06-01 17:53,B2,M0082,Gold,App,Coffee,1,120,24.00,96.00,Credit Card,5
T005638,2026-06-01 17:53,B06,M0196,Silver,app,Coffee,1,80,12.00,68.00,Credit Card,3
T005639,01/06/2026 18:52,B07,,,In-store,Coffee,3,80,0.00,240.00,Credit Card,3
T005639,01/06/2026 18:52,B07,,,In-store,Coffee,3,80,0.00,240.00,Credit Card,3
T005640,2026-06-01 19:27,B02,,,Delivery,Bakery,4,50,0.00,200.00,QR PromptPay,
T005641,2026-06-01 19:45,B03,,,In-store,Coffee,2,65,0.00,130.00,Cash,
T005642,2026-06-02 02:47,B02,M0118,Gold,Delivery,Coffee,1,70,0.00,70.00,QR PromptPay,5
T005643,2026-06-02 07:05,B05,M0178,Silver,Delivery,Coffee,1,100,0.00,100.00,Credit Card,
T005644,2026-06-02 07:38,B06,,,App,Coffee,1,70,0.00,70.00,App Wallet,
T005645,2026-06-02 07:40,B03,M0085,Silver,App,Coffee,1,95,0.00,95.00,App Wallet,
T005646,2026-06-02 08:19,B04,M0179,Platinum,App,Bakery,1,฿110.00,16.50,93.50,App Wallet,
T005647,02/06/2026 08:21,B07,M0273,Gld,In-store,Merchandise,1,685,137.00,548.00,Credit Card,3
T005648,02/06/2026 08:39,B07,M0028,Bronze,App,Bakery,1,50,0.00,50.00,Credit Card,3
T005649,2026-06-02 08:52,B02,M0308,Bronze,In-store,Merchandise,4,470,94.00,1786.00,Credit Card,5
T005650,2026-06-02 08:56,B02,M0144,Gold,In-store,Coffee,1,105,10.50,94.50,Credit Card,2
T005651,2026-06-02 10:08,B04,M0207,Gold,In-store,Coffee,2,65,0.00,130.00,QR PromptPay,
T005652,2026-06-02 10:24,B04,M0153,Silver,App,Coffee,3,75,0.00,225.00,Credit Card,
T005653,2026-06-02 10:24,B02,,,App,Coffee,2,60,0.00,120.00,Credit Card,
T005654,2026-06-02 10:25,B08,M0223,Bronze,In-store,Coffee,1,100,0.00,100.00,QR PromptPay,
T005655,2026-06-02 10:56,B02,,,In-store,Coffee,1,70,0.00,70.00,Credit Card,4
T005656,02/06/2026 11:35,B07,M0270,Bronze,In-store,Merchandise,3,250,0.00,750.00,Credit Card,2
T005657,2026-06-02 12:00,B04,M0315,Platinum,Delivery,Coffee,4,75,45.00,255.00,Credit Card,2
T005658,2026-06-02 12:46,B01,M0222,BRONZE,In-store,Coffee,3,120,0.00,360.00,QR PromptPay,
T005658,2026-06-02 12:46,B01,M0222,BRONZE,In-store,Coffee,3,120,0.00,360.00,QR PromptPay,
T005659,2026-06-02 12:54,B06,M0153,Silver,In-store,Coffee,1,80,8.00,72.00,QR PromptPay,
T005660,2026-06-02 13:17,B08,,,App,Merchandise,2,725,0.00,1450.00,App Wallet,3
T005661,2026-06-02 16:02,B05,M0216,Gold,In-store,Coffee,1,65,0.00,65.00,QR PromptPay,
T005662,2026-06-02 16:06,B08,,,Delivery,Tea,1,95,0.00,95.00,Credit Card,
T005663,2026-06-02 16:23,B5,M0165,Bronze,In-store,Tea,1,85,0.00,85.00,Cash,
T005664,02/06/2026 16:34,B07,M0270,Bronze,In-store,Coffee,4,100,0.00,400.00,Credit Card,
T005665,2026-06-02 16:52,B03,M0019,Gold,App,Coffee,4,60,48.00,192.00,App Wallet,
T005666,2026-06-02 18:41,B05,,,In-store,Bakery,4,95,0.00,380.00,Credit Card,
T005667,2026-06-02 23:40,B02,,,Delivery,Tea,1,90,0.00,90.00,QR PromptPay,5
T005668,2026-06-03 00:35,B02,,,Delivery,Coffee,1,115,0.00,115.00,QR PromptPay,4
T005669,2026-06-03 07:05,B01,M0240,Gold,Delivery,Coffee,1,70,0.00,70.00,QR PromptPay,
T005670,03/06/2026 08:17,B07,M0073,Gold,In-store,Bakery,1,55,8.25,46.75,QR PromptPay,3
T005671,03/06/2026 08:25,B07,M0029,Bronze,In-store,Coffee,2,100,0.00,200.00,QR PromptPay,
T005672,2026-06-03 08:44,B04,M0153,Silver,In-store,Merchandise,1,380,0.00,380.00,QR PromptPay,4
T005673,2026-06-03 08:45,B01,M0319,Bronze,In-store,Coffee,1,65,0.00,65.00,QR PromptPay,
T005674,2026-06-03 09:43,B01,M0186,Platinum,Delivery,Bakery,2,65,6.50,123.50,Credit Card,3
T005675,03/06/2026 09:57,B07,M9862,Silver,In-store,Bakery,2,90,0.00,180.00,Credit Card,2
T005676,2026-06-03 11:30,B05,M0183,Bronze,In-store,Merchandise,1,375,0.00,385.00,Cash,
T005677,03/06/2026 11:45,B07,M0013,Silver,Delivery,Tea,3,75,0.00,225.00,Cash,2
T005678,2026-06-03 12:06,B05,M0083,Gold,In-store,Coffee,2,55,0.00,110.00,QR PromptPay,
T005679,2026-06-03 12:24,B08,M0181,Bronze,in-store,Bakery,1,90,0.00,90.00,Cash,
T005680,2026-06-03 12:39,B02,M0155,Platinum,In-store,Bakery,1,110,0.00,110.00,QR PromptPay,
T005681,2026-06-03 12:59,B01,M0028,Bronze,In-store,Tea,1,50,0.00,50.00,Cash,4
T005682,2026-06-03 13:00,B04,,,App,Tea,1,60,0.00,60.00,Credit Card,
T005683,2026-06-03 15:54,B08,,,Delivery,Coffee,1,100,0.00,100.00,QR PromptPay,
T005684,2026-06-03 16:05,B08,M0249,Silver,App,Coffee,1,60,0.00,60.00,Credit Card,
T005685,2026-06-03 16:26,B01,,,In-store,Coffee,1,85,0.00,85.00,Cash,4
T005686,2026-06-03 16:45,B04,M0307,Silver,In-store,Coffee,1,90,0.00,90.00,Credit Card,
T005687,2026-06-03 16:56,B06,,,Delivery,Coffee,47,95,0.00,4465.00,Credit Card,
T005688,2026-06-03 17:09,B06,M0270,Bronze,app,Coffee,1,60,0.00,60.00,App Wallet,
T005686,2026-06-03 17:11,B04,M0307,Silver,In-store,Coffee,-1,90,-0.00,-90.00,Credit Card,
T005689,2026-06-03 17:41,B03,,,Delivery,Coffee,2,75,0.00,150.00,Credit Card,
T005689,2026-06-03 17:41,B03,,,Delivery,Coffee,2,75,0.00,150.00,Credit Card,
T005688,2026-06-03 18:09,B06,M0270,Bronze,App,Coffee,-1,60,-0.00,-60.00,App Wallet,
T005690,03/06/2026 19:15,B07,M0079,Gold,Delivery,Coffee,1,120,24.00,96.00,QR PromptPay,
T005691,2026-06-03 19:17,B02,,,In-store,Coffee,2,110,0.00,220.00,QR PromptPay,
T005692,2026-06-03 19:23,B04,,,App,Coffee,1,105,0.00,105.00,Credit Card,
T005693,2026-06-04 01:22,B02,M0228,Bronze,Delivery,Bakery,2,60,0.00,120.00,QR PromptPay,
T005694,2026-06-04 07:31,B05,,,In-store,Tea,1,50,0.00,50.00,Credit Card,4
T005695,2026-06-04 07:33,B06,M0153,Silver,Delivery,Bakery,2,60,0.00,120.00,Credit Card,
T005696,2026-06-04 09:14,B02,,,In-store,Bakery,2,105,0.00,210.00,QR PromptPay,
T005697,2026-06-04 09:40,B06,,,App,Bakery,3,100,0.00,300.00,Credit Card,
T005698,2026-06-04 09:48,B05,,,Delivery,Coffee,2,110,0.00,220.00,Cash,3
T005699,2026-06-04 09:49,B08,M0164,Gld,In-store,Coffee,1,80,0.00,80.00,QR PromptPay,3
T005700,04/06/2026 11:02,B07,,,App,Bakery,3,105,0.00,315.00,App Wallet,
T005701,2026-06-04 11:56,B06,M0265,Bronze,In-store,Bakery,1,105,15.75,89.25,Credit Card,
T005702,2026-06-04 12:02,B03,M0019,Gold,App,Tea,4,50,40.00,160.00,Credit Card,
T005703,2026-06-04 13:22,B03,M0254,Bronze,App,Coffee,2,85,0.00,170.00,App Wallet,4
T005704,2026-06-04 13:28,B01,M0046,Silver,In-store,Merchandise,1,605,0.00,605.00,Credit Card,
T005705,04/06/2026 13:40,B07,M0185,Silver,In-store,Coffee,3,95,0.00,285.00,Credit Card,
T005706,2026-06-04 13:54,B05,M0095,Bronze,In-store,Coffee,4,90,0.00,360.00,QR PromptPay,
T005707,2026-06-04 14:41,B01,M0194,Bronze,In-store,Bakery,4,90,0.00,360.00,Cash,
T005708,2026-06-04 15:04,B02,M0325,Platinum,App,Coffee,2,85,34.00,136.00,Credit Card,4
T005709,2026-06-04 15:47,B03,M0329,Bronze,In-store,Bakery,1,85,0.00,85.00,QR PromptPay,
T005710,2026-06-04 15:55,B02,,,Delivery,Coffee,3,90,0.00,270.00,QR PromptPay,
T005711,2026-06-04 16:06,B04,,,In-store,Bakery,2,95,0.00,190.00,Credit Card,4
T005712,04/06/2026 16:46,B07,,,In-store,Bakery,2,105,0.00,210.00,QR PromptPay,
T005713,2026-06-04 16:52,B06,M0094,Silver,In-store,Merchandise,3,285,0.00,855.00,Cash,3
T005714,2026-06-04 18:23,B08,M0187,Silver,In-store,Coffee,1,100,0.00,100.00,Cash,
T005715,2026-06-04 18:39,B05,M0070,Silver,In-store,Coffee,3,55,0.00,165.00,Credit Card,5
T005716,2026-06-04 19:15,B05,M0006,Gold,Delivery,Coffee,2,100,40.00,160.00,Cash,2
T005717,2026-06-05 08:30,B08,M0050,Bronze,In-store,Merchandise,1,255,51.00,204.00,Cash,
T005718,2026-06-05 08:47,B06,M0273,Gold,Delivery,Coffee,1,115,0.00,115.00,Cash,
T005719,2026-06-05 09:33,B01,M0194,Bronze,App,Bakery,1,75,0.00,75.00,App Wallet,4
T005720,05/06/2026 09:33,B07,M0270,Bronze,Delivery,Coffee,1,75,0.00,75.00,Cash,
T005721,2026-06-05 10:17,B03,M0245,Gold,App,Coffee,1,95,0.00,95.00,App Wallet,3
T005722,2026-06-05 11:26,B08,M0305,Silver,In-store,Bakery,1,65,13.00,52.00,QR PromptPay,4
T005723,2026-06-05 11:58,B03,M0031,Silver,App,Tea,3,50,0.00,150.00,App Wallet,5
T005724,05/06/2026 12:01,B07,M0203,Bronze,App,Coffee,2,55,0.00,110.00,Credit Card,2
T005725,2026-06-05 12:06,B05,,,App,Coffee,4,85,0.00,340.00,App Wallet,
T005726,2026-06-05 12:20,B04,M0259,Silver,In-store,Coffee,4,95,0.00,380.00,QR PromptPay,4
T005727,2026-06-05 12:21,B02,M0155,Platinum,In-store,Bakery,3,65,0.00,195.00,Credit Card,
T005728,05/06/2026 12:26,B07,M0184,Silver,In-store,Coffee,1,120,0.00,120.00,QR PromptPay,
T005729,2026-06-05 12:37,B04,M0181,Bronze,App,Coffee,1,120,0.00,120.00,Credit Card,
T005730,2026-06-05 12:53,B03,M0291,Bronze,In-store,Coffee,2,70,0.00,140.00,Cash,
T005731,05/06/2026 13:07,B07,M0065,Platinum,In-store,Bakery,4,90,36.00,324.00,QR PromptPay,3
T005732,2026-06-05 16:06,B01,M0137,Bronze,Delivery,Coffee,1,105,0.00,105.00,Cash,
T005733,2026-06-05 16:27,B04,,,App,Bakery,1,110,0.00,110.00,App Wallet,
T005734,2026-06-05 16:27,B04,M0116,Bronze,App,Coffee,2,75,0.00,150.00,App Wallet,
T005735,2026-06-05 16:42,B04,M0259,Silver,In-store,Coffee,4,75,0.00,300.00,QR PromptPay,
T005736,2026-06-05 16:55,B08,M0212,Platinum,App,Coffee,1,80,12.00,68.00,Credit Card,2
T005737,2026-06-05 18:33,B04,M0206,Silver,In-store,Coffee,3,70,0.00,210.00,QR PromptPay,3
T005738,05/06/2026 19:19,B07,M0327,Silver,In-store,Coffee,1,85,0.00,85.00,QR PromptPay,
T005739,2026-06-06 08:01,B08,M0205,Silver,In-store,Coffee,1,105,0.00,105.00,Cash,3
T005740,2026-06-06 08:16,B08,M0223,BRONZE,In-store,Bakery,1,105,0.00,105.00,QR PromptPay,
T005741,06/06/2026 08:25,B07,,,In-store,Bakery,3,60,0.00,270.00,QR PromptPay,
T005742,2026-06-06 08:49,B06,M9254,Gold,In-store,Bakery,1,105,15.75,89.25,Cash,
T005743,2026-06-06 08:55,B05,M0157,gold,App,Merchandise,1,525,52.50,472.50,Credit Card,
T005744,2026-06-06 09:09,B02,M0176,Bronze,In-store,Tea,1,80,12.00,68.00,Credit Card,
T005745,2026-06-06 10:00,B04,M0304,Platinum,In-store,Merchandise,1,370,0.00,370.00,Credit Card,
T005746,2026-06-06 10:24,B04,M0330,Silver,In-store,Coffee,1,60,0.00,60.00,Credit Card,
T005747,2026-06-06 11:21,B04,,,In-store,Coffee,2,65,0.00,130.00,Credit Card,4
T005748,2026-06-06 12:09,B02,,,Delivery,Coffee,2,70,0.00,140.00,Cash,
T005749,2026-06-06 12:49,B08,M0039,Silver,In-store,Bakery,1,110,0.00,110.00,QR PromptPay,
T005750,2026-06-06 13:47,B01,M0082,Gold,In-store,Coffee,1,105,10.50,94.50,QR PromptPay,
T005751,06/06/2026 14:13,B07,,,In-store,Coffee,1,110,0.00,110.00,Credit Card,
T005752,2026-06-06 14:46,B02,M0274,Gold,in-store,Tea,1,90,0.00,90.00,QR PromptPay,
T005753,2026-06-06 16:05,B04,,,In-store,Coffee,1,55,0.00,55.00,Credit Card,
T005754,2026-06-06 16:07,B01,M0311,Bronze,App,Coffee,1,90,0.00,90.00,App Wallet,
T005755,06/06/2026 16:27,B07,,,App,Coffee,2,115,0.00,240.00,Credit Card,2
T005756,2026-06-06 16:28,B02,M0144,Gold,In-store,Tea,1,50,0.00,50.00,QR PromptPay,
T005757,2026-06-06 16:37,B01,,,In-store,Bakery,1,90,0.00,90.00,Credit Card,5
T005758,2026-06-06 16:39,B08,M0212,Platinum,App,Merchandise,3,550,82.50,1567.50,Credit Card,
T005759,06/06/2026 16:51,B07,M0010,Silver,In-store,Coffee,1,95,0.00,95.00,Credit Card,
T005760,2026-06-06 17:53,B03,,,In-store,Tea,1,70,0.00,70.00,QR PromptPay,4
T005761,2026-06-06 22:51,B02,,,Delivery,Tea,1,85,0.00,85.00,QR PromptPay,
T005762,2026-06-07 07:44,B02,M0325,Platinum,Instore,Tea,1,90,0.00,90.00,Cash,
T005763,07/06/2026 07:50,B07,M0209,Bronze,In-store,Merchandise,2,665,0.00,1330.00,Cash,
T005764,2026-06-07 08:02,B03,M0221,Silver,App,Coffee,1,80,0.00,80.00,App Wallet,
T005765,07/06/2026 08:17,B07,M0100,Bronze,In-store,Coffee,4,60,48.00,192.00,Credit Card,
T005766,2026-06-07 09:30,B03,,,Delivery,Bakery,3,45,0.00,135.00,Cash,3
T005767,2026-06-07 10:42,B05,,,In-store,Merchandise,3,875,0.00,2625.00,Credit Card,
T005768,2026-06-07 10:47,B03,,,Delivery,Coffee,4,55,0.00,220.00,QR PromptPay,
T005769,2026-06-07 11:30,B04,M0179,Platinum,App,Coffee,3,80,48.00,192.00,App Wallet,
T005770,2026-06-07 12:15,B01,M0186,Platinum,App,Bakery,1,75,0.00,75.00,App Wallet,4
T005771,07/06/2026 12:26,B07,M0259,silver,App,Coffee,1,55,0.00,55.00,Credit Card,1
T005772,2026-06-07 12:29,B01,M0165,Bronze,Delivery,Bakery,1,60,0.00,60.00,Cash,5
T005773,2026-06-07 12:46,B02,M0059,Bronze,In-store,Coffee,4,110,0.00,440.00,Credit Card,3
T005774,2026-06-07 12:50,B01,M0082,Gold,Delivery,Coffee,2,55,22.00,88.00,QR PromptPay,
T005774,2026-06-07 12:50,B01,M0082,Gold,Delivery,Coffee,2,55,22.00,88.00,QR PromptPay,
T005775,07/06/2026 12:58,B07,M0053,Bronze,Delivery,Coffee,1,65,0.00,65.00,Credit Card,4
T005776,2026-06-07 13:02,B06,M0280,Silver,In-store,Coffee,0,80,0.00,0.00,Credit Card,
T005777,2026-06-07 14:17,B03,M0312,Silver,App,Merchandise,4,515,0.00,2060.00,App Wallet,
T005778,2026-06-07 14:23,B03,,,App,Coffee,4,85,0.00,340.00,App Wallet,
T005779,2026-06-07 14:25,B05,,,App,Coffee,1,100,0.00,100.00,App Wallet,5
T005780,2026-06-07 14:37,B04,,,In-store,Coffee,1,70,0.00,70.00,Credit Card,
T005781,07/06/2026 14:38,B07,,,Delivery,Tea,1,60,0.00,60.00,QR PromptPay,1
T005782,2026-06-07 15:28,B01,,,In-store,Merchandise,1,640,0.00,640.00,Credit Card,
T005783,2026-06-07 15:51,B06,M0148,Silver,In-store,Coffee,2,60,0.00,120.00,Credit Card,
T005784,2026-06-07 15:56,B06,M0242,Bronze,In-store,Tea,3,65,0.00,195.00,QR PromptPay,
T005785,2026-06-07 16:03,B08,M0016,Bronze,App,Coffee,3,105,0.00,315.00,Credit Card,
T005786,2026-06-07 16:04,B02,,,In-store,Coffee,1,95,0.00,95.00,QR PromptPay,5
T005787,2026-06-07 16:13,B05,M0073,Gold,App,Coffee,1,120,0.00,120.00,Credit Card,
T005788,2026-06-07 16:26,B04,M0090,Platinum,App,Bakery,3,105,31.50,283.50,App Wallet,
T005789,07/06/2026 17:03,B07,M0176,Bronze,In-store,Bakery,3,70,0.00,210.00,QR PromptPay,2
T005790,07/06/2026 19:05,B07,,,In-store,Merchandise,4,525,0.00,2100.00,Cash,
T005791,2026-06-07 19:36,B03,M0280,Silver,In-store,Coffee,2,60,0.00,120.00,Cash,4
T005792,2026-06-07 22:20,B02,,,Delivery,Coffee,1,70,0.00,70.00,Credit Card,
T005793,2026-06-08 07:55,B01,M0197,Silver,Delivery,Coffee,3,120,0.00,360.00,QR PromptPay,3
T005794,08/06/2026 08:01,B07,M0300,Bronze,In-store,Coffee,1,115,23.00,92.00,Cash,
T005795,2026-06-08 08:04,B06,M0196,Silver,In-store,Coffee,1,70,0.00,70.00,Credit Card,4
T005796,2026-06-08 08:18,B02,M0176,Bronze,In-store,Merchandise,1,765,0.00,765.00,Credit Card,5
T005797,2026-06-08 08:29,B01,,,In-store,Coffee,2,80,0.00,160.00,Credit Card,
T005798,2026-06-08 08:57,B04,,,In-store,Coffee,4,100,0.00,400.00,Cash,4
T005799,08/06/2026 09:12,B07,M0100,Bronze,In-store,Tea,4,50,0.00,200.00,QR PromptPay,2
T005800,2026-06-08 10:02,B05,M0249,Silver,delivery,Bakery,1,85,0.00,85.00,Credit Card,
T005801,2026-06-08 10:35,B02,M0200,Gold,App,Bakery,1,100,20.00,80.00,App Wallet,
T005802,2026-06-08 10:50,B01,M0186,Platinum,In-store,Coffee,1,65,3.25,61.75,QR PromptPay,
T005803,2026-06-08 11:10,B02,,,In-store,Bakery,2,9999,0.00,19998.00,Credit Card,
T005804,2026-06-08 11:41,B02,M0210,Bronze,In-store,Tea,1,50,2.50,47.50,QR PromptPay,5
T005805,2026-06-08 11:53,B08,M0140,Bronze,In-store,Coffee,3,105,0.00,315.00,QR PromptPay,
T005806,2026-06-08 12:22,B02,,,In-store,Coffee,1,70,0.00,70.00,Credit Card,
T005807,2026-06-08 12:26,B04,M0323,Gold,In-store,Bakery,1,60,0.00,60.00,QR PromptPay,
T005808,2026-06-08 12:30,B03,M0085,Silver,In-store,Coffee,2,90,0.00,180.00,Credit Card,
T005809,2026-06-08 12:34,B08,,,App,Coffee,1,65,0.00,65.00,Credit Card,
T005810,2026-06-08 12:36,B05,M0325,Platinum,In-store,Coffee,3,105,0.00,315.00,Credit Card,
T005811,2026-06-08 13:32,B08,M0164,Gold,In-store,Coffee,1,100,20.00,80.00,QR PromptPay,
T005812,2026-06-08 13:33,B04,M0203,Bronze,In-store,Coffee,2,95,0.00,190.00,QR PromptPay,
T005812,2026-06-08 14:38,B04,M0203,Bronze,In-store,Coffee,-2,95,-0.00,-190.00,QR PromptPay,
T005813,2026-06-08 14:57,B03,M0177,Bronze,In-store,Coffee,1,100,20.00,80.00,QR PromptPay,
T005814,2026-06-08 15:26,B08,,,In-store,Coffee,1,115,0.00,115.00,Credit Card,
T005815,2026-06-08 15:44,B01,,,In-store,Coffee,4,100,0.00,400.00,Credit Card,5
T005816,2026-06-08 16:28,B02,M0091,Brz,Instore,Merchandise,4,855,0.00,3420.00,Cash,4
T005817,2026-06-08 16:33,B03,M0329,Bronze,In-store,Coffee,1,85,0.00,85.00,Credit Card,
T005818,2026-06-08 16:47,B01,M9108,Silver,In-store,Coffee,3,105,0.00,315.00,QR PromptPay,3
T005819,08/06/2026 16:59,B07,M0209,Brz,In-store,Coffee,2,110,0.00,220.00,Credit Card,
T005820,2026-06-08 17:58,B08,M0308,Bronze,In-store,Coffee,2,100,0.00,200.00,QR PromptPay,4
T005821,2026-06-08 18:14,B01,,,In-store,Coffee,1,120,0.00,120.00,Credit Card,
T005822,2026-06-08 18:15,B03,,,In-store,Coffee,3,100,0.00,300.00,QR PromptPay,5
T005823,2026-06-08 18:41,B06,M0104,Gold,App,Coffee,4,60,0.00,240.00,Credit Card,5
T005824,2026-06-08 18:44,B08,M0204,Gold,Delivery,Coffee,2,100,0.00,200.00,Credit Card,3
T005825,2026-06-08 18:51,B04,M0040,Bronze,In-store,Coffee,2,95,0.00,190.00,QR PromptPay,
T005826,2026-06-08 19:06,B03,M0035,Bronze,In-store,Coffee,3,80,0.00,240.00,Cash,
T005827,2026-06-09 07:42,B03,M0274,Gold,Delivery,Coffee,1,65,3.25,61.75,QR PromptPay,4
T005828,2026-06-09 07:56,B03,M0272,Silver,In-store,Bakery,1,110,0.00,110.00,QR PromptPay,
T005829,2026-06-09 08:05,B01,M0251,Bronze,In-store,Coffee,1,90,0.00,90.00,QR PromptPay,
T005830,2026-06-09 08:20,B03,M0307,Silver,In-store,Coffee,1,95,19.00,76.00,Cash,3
T005831,2026-06-09 08:37,B03,,,In-store,Coffee,2,70,0.00,140.00,QR PromptPay,
T005832,2026-06-09 08:40,B02,M0184,silver,In-store,Bakery,1,95,0.00,95.00,QR PromptPay,
T005833,2026-06-09 08:47,B05,M0083,Gold,In-store,Coffee,1,120,0.00,120.00,QR PromptPay,
T005834,2026-06-09 10:50,B05,M0245,Gold,In-store,Coffee,2,100,0.00,200.00,Credit Card,3
T005835,2026-06-09 11:26,B02,M0200,Gold,App,Bakery,1,95,14.25,80.75,Credit Card,
T005836,2026-06-09 12:03,B04,M0090,Platinum,In-store,Coffee,3,70,42.00,168.00,Credit Card,5
T005837,09/06/2026 12:10,B07,,,In-store,Bakery,4,80,0.00,320.00,Credit Card,3
T005835,2026-06-09 12:14,B02,M0200,Gold,App,Bakery,-1,95,-14.25,-80.75,Credit Card,
T005838,2026-06-09 12:56,B01,M0102,Bronze,In-store,Coffee,3,110,0.00,330.00,Credit Card,5
T005839,09/06/2026 13:06,B07,M0079,Gold,App,Coffee,4,80,16.00,304.00,Credit Card,
T005840,2026-06-09 13:51,B08,,,In-store,Tea,3,55,0.00,165.00,QR PromptPay,
T005841,09/06/2026 14:17,B07,,,In-store,Coffee,1,55,0.00,55.00,Credit Card,
T005842,09/06/2026 14:58,B07,M0007,Silver,In-store,Bakery,1,55,2.75,52.25,Cash,
T005843,2026-06-09 16:57,B04,M0037,Bronze,Instore,Bakery,4,110,0.00,440.00,Cash,
T005844,2026-06-09 17:53,B08,,,In-store,Coffee,1,110,0.00,110.00,Credit Card,4
T005845,2026-06-09 19:41,B01,M0060,Bronze,Delivery,Bakery,2,55,0.00,110.00,Credit Card,
T005846,2026-06-09 19:48,B01,M0253,Silver,Delivery,Merchandise,1,385,0.00,385.00,QR PromptPay,5
T005847,2026-06-10 07:25,B05,,,Delivery,Coffee,2,95,0.00,190.00,Credit Card,4
T005848,2026-06-10 07:26,B02,,,In-store,Merchandise,1,655,0.00,655.00,Credit Card,
T005849,2026-06-10 08:03,B08,,,In-store,Bakery,1,95,0.00,95.00,Credit Card,
T005850,2026-06-10 08:06,B05,,,In-store,Coffee,1,55,0.00,55.00,Cash,
T005851,2026-06-10 08:19,B01,M0194,Bronze,In-store,Bakery,1,105,0.00,105.00,Cash,5
T005852,2026-06-10 08:29,B08,M0005,Platinum,App,Tea,1,60,0.00,60.00,Credit Card,
T005853,2026-06-10 08:31,B02,M0026,Bronze,in-store,Coffee,1,60,0.00,60.00,QR PromptPay,
T005854,2026-06-10 08:59,B08,M0273,Gold,Delivery,Coffee,1,105,10.50,94.50,Cash,
T005855,2026-06-10 10:23,B03,M0197,Silver,Delivery,Coffee,2,55,0.00,110.00,Cash,
T005856,2026-06-10 10:26,B05,M0020,Bronze,App,Coffee,3,60,0.00,180.00,App Wallet,5
T005857,2026-06-10 11:28,B05,,,In-store,Coffee,1,100,0.00,100.00,QR PromptPay,
T005858,2026-06-10 11:31,B06,M0274,Gold,Delivery,Bakery,3,55,0.00,165.00,Cash,5
T005859,2026-06-10 12:27,B06,M0134,Platinum,App,Coffee,1,65,9.75,55.25,Credit Card,3
T005860,2026-06-10 12:28,B08,M0006,Gold,In-store,Coffee,1,120,12.00,108.00,QR PromptPay,4
T005861,2026-06-10 12:45,B02,M0325,Platinum,In-store,Coffee,1,95,0.00,95.00,Cash,
T005862,2026-06-10 12:47,B05,M0281,Bronze,In-store,Coffee,3,70,0.00,210.00,Cash,
T005863,2026-06-10 12:54,B04,M0315,Platinum,In-store,Coffee,2,฿55.00,0.00,110.00,Credit Card,4
T005864,2026-06-10 12:55,B01,M0183,Brz,In-store,Tea,1,75,0.00,75.00,QR PromptPay,
T005865,2026-06-10 13:35,B05,,,App,Coffee,1,65,0.00,65.00,Credit Card,
T005866,2026-06-10 13:53,B05,M0077,Silver,App,Coffee,1,90,0.00,90.00,App Wallet,2
T005867,2026-06-10 15:41,B03,,,Delivery,Tea,1,80,0.00,80.00,Credit Card,
T005868,2026-06-10 18:20,B01,,,In-store,Coffee,1,85,0.00,85.00,Credit Card,
T005869,10/06/2026 19:20,B07,M0201,Bronze,App,Coffee,4,105,21.00,399.00,Credit Card,
T005870,11/06/2026 07:18,B07,,,In-store,Coffee,4,60,0.00,240.00,Credit Card,
T005871,11/06/2026 08:06,B07,M0198,Bronze,App,Tea,2,85,0.00,170.00,Credit Card,
T005872,2026-06-11 08:10,B05,,,App,Tea,4,55,0.00,220.00,App Wallet,
T005873,2026-06-11 08:12,B08,M0249,Silver,In-store,Merchandise,1,860,0.00,860.00,Credit Card,
T005874,2026-06-11 08:16,B01,,,App,Coffee,2,70,0.00,140.00,Credit Card,
T005875,2026-06-11 08:58,B08,M0275,Bronze,In-store,Merchandise,2,405,0.00,810.00,Credit Card,
T005875,2026-06-11 08:58,B08,M0275,Bronze,In-store,Merchandise,2,405,0.00,810.00,Credit Card,
T005876,2026-06-11 08:58,B08,M0189,Platinum,Delivery,Bakery,3,60,0.00,180.00,QR PromptPay,
T005877,2026-06-11 09:57,B08,,,Delivery,Bakery,2,45,0.00,90.00,QR PromptPay,2
T005878,2026-06-11 11:06,B04,M0068,Bronze,In-store,Tea,3,95,0.00,285.00,Credit Card,
T005879,2026-06-11 12:05,B08,M0260,Gold,In-store,Coffee,1,80,16.00,64.00,QR PromptPay,
T005880,2026-06-11 12:37,B05,,,In-store,Coffee,1,55,0.00,55.00,Credit Card,5
T005881,2026-06-11 12:47,B02,,,App,Merchandise,1,275,0.00,275.00,App Wallet,
T005882,2026-06-11 12:49,B01,,,In-store,Coffee,4,90,0.00,360.00,Credit Card,
T005883,2026-06-11 12:49,B06,M0313,Bronze,In-store,Coffee,3,120,0.00,360.00,QR PromptPay,
T005884,2026-06-11 13:09,B05,,,Delivery,Coffee,4,100,0.00,400.00,Cash,
T005885,2026-06-11 13:38,B04,M0280,Silver,In-store,Coffee,1,75,124.51,-49.51,QR PromptPay,3
T005886,2026-06-11 13:40,B08,M0006,Gold,In-store,Coffee,3,80,12.00,228.00,Credit Card,3
T005887,2026-06-11 13:43,B05,M0233,Silver,App,Bakery,2,105,21.00,189.00,App Wallet,5
T005887,2026-06-11 14:44,B05,M0233,Silver,App,Bakery,-2,105,-21.00,-189.00,App Wallet,
T005888,2026-06-11 14:47,B01,M0197,Silver,In-store,Coffee,1,70,0.00,70.00,Cash,3
T005889,11/06/2026 14:55,B07,M0254,Bronze,In-store,Coffee,4,105,0.00,420.00,Cash,2
T005890,2026-06-11 15:48,B08,M0258,Gold,In-store,Coffee,1,85,0.00,85.00,Credit Card,
T005891,2026-06-11 15:49,B08,M0036,Platinum,App,Coffee,4,100,20.00,380.00,Credit Card,
T005892,2026-06-11 16:06,B04,,,in-store,Coffee,1,115,0.00,115.00,Credit Card,
T005893,2026-06-11 16:30,B02,M0140,Bronze,App,Bakery,1,45,0.00,45.00,Credit Card,
T005894,11/06/2026 16:58,B07,M0077,Silver,In-store,Tea,4,80,0.00,320.00,Cash,
T005895,2026-06-11 17:03,B08,M0159,Silver,In-store,Coffee,3,55,8.25,156.75,Cash,
T005896,2026-06-11 18:37,B03,M0175,Silver,App,Coffee,2,110,0.00,220.00,App Wallet,
T005897,2026-06-11 18:51,B08,M0197,Silver,In-store,Coffee,1,80,0.00,80.00,QR PromptPay,
T005898,2026-06-11 19:06,B3,M0249,Silver,Delivery,Tea,1,70,14.00,56.00,Cash,
T005899,2026-06-11 19:28,B02,M0284,Platinum,App,Coffee,1,115,0.00,115.00,App Wallet,
T005900,2026-06-11 19:53,B08,M9108,Silver,In-store,Coffee,3,100,0.00,300.00,Credit Card,3
T005901,2026-06-12 07:03,B03,M0254,Bronze,In-store,Merchandise,4,740,0.00,2960.00,Cash,
T005902,2026-06-12 08:18,B08,,,In-store,Coffee,1,115,0.00,115.00,Credit Card,5
T005903,2026-06-12 08:36,B08,M0186,PLATINUM,In-store,Coffee,1,105,15.75,89.25,Credit Card,
T005904,12/06/2026 08:47,B07,M0079,Gold,In-store,Coffee,2,85,0.00,170.00,QR PromptPay,
T005905,2026-06-12 09:04,B04,,,In-store,Coffee,1,60,0.00,60.00,Credit Card,
T005906,2026-06-12 09:15,B02,M0322,silver,Delivery,Coffee,1,110,5.50,104.50,QR PromptPay,
T005907,2026-06-12 10:56,B03,M0221,Silver,App,Coffee,2,70,0.00,140.00,App Wallet,
T005908,2026-06-12 11:38,B08,M0278,Bronze,In-store,Coffee,3,105,0.00,315.00,QR PromptPay,4
T005909,2026-06-12 12:48,B01,M0306,Bronze,Delivery,Merchandise,4,680,272.00,2448.00,Cash,5
T005910,12/06/2026 13:37,B07,M0185,Gold,App,Bakery,1,55,0.00,55.00,Credit Card,
T005911,2026-06-12 13:45,B06,M0007,Silver,Delivery,Merchandise,2,440,0.00,880.00,Credit Card,
T005912,2026-06-12 14:17,B02,M0308,Bronze,In-store,Merchandise,4,260,0.00,1040.00,Credit Card,
T005913,12/06/2026 14:49,B07,M0032,Silver,In-store,Tea,4,90,0.00,360.00,Credit Card,
T005914,2026-06-12 15:27,B04,M0045,Bronze,In-store,Tea,2,75,0.00,150.00,Cash,
T005915,2026-06-12 16:03,B01,M9826,Silver,In-store,Coffee,3,105,0.00,315.00,Credit Card,4
T005916,2026-06-12 16:09,B01,,,App,Coffee,4,105,0.00,420.00,App Wallet,
T005917,2026-06-12 16:13,B01,M0235,Silver,In-store,Coffee,2,80,0.00,160.00,QR PromptPay,4
T005918,2026-06-12 16:16,B06,M0094,Silver,In-store,Coffee,1,65,0.00,65.00,Credit Card,3
T005919,12/06/2026 16:21,B07,M0139,Bronze,App,Coffee,2,65,0.00,130.00,App Wallet,
T005920,12/06/2026 16:28,B07,M0185,Gold,Delivery,Coffee,3,80,0.00,240.00,Credit Card,
T005921,2026-06-12 17:09,B03,M0162,Bronze,In-store,Coffee,1,85,0.00,85.00,Cash,4
T005922,2026-06-12 18:45,B03,,,In-store,Bakery,4,60,0.00,240.00,QR PromptPay,3
T005923,2026-06-12 18:57,B04,M0323,Gold,In-store,Bakery,4,90,54.00,306.00,QR PromptPay,5
T005924,2026-06-12 19:23,B05,M0229,SILVER,In-store,Coffee,2,70,0.00,140.00,Credit Card,4
T005925,2026-06-13 02:34,B02,,,Delivery,Bakery,1,50,0.00,50.00,Credit Card,
T005926,2026-06-13 07:48,B08,M0268,Silver,In-store,Coffee,2,105,0.00,210.00,QR PromptPay,
T005927,2026-06-13 08:15,B03,M0027,Bronze,In-store,Coffee,2,120,0.00,240.00,Cash,
T005928,13/06/2026 08:31,B07,M0186,Platinum,Delivery,Coffee,1,80,12.00,68.00,Credit Card,2
T005929,2026-06-13 08:33,B01,M0186,Platinum,In-store,Coffee,2,90,36.00,144.00,Credit Card,
T005930,2026-06-13 08:35,B02,M0200,Gold,Delivery,Tea,4,50,10.00,190.00,QR PromptPay,5
T005931,2026-06-13 09:09,B08,M0036,Platinum,App,Coffee,2,100,0.00,200.00,Credit Card,
T005932,2026-06-13 09:54,B04,,,in-store,Coffee,2,110,0.00,220.00,QR PromptPay,
T005933,13/06/2026 10:02,B07,,,In-store,Bakery,3,55,0.00,165.00,QR PromptPay,
T005934,2026-06-13 10:51,B08,M0164,Gold,App,Coffee,2,75,30.00,120.00,Credit Card,
T005935,2026-06-13 11:42,B03,M0221,Silver,In-store,Bakery,1,90,0.00,90.00,Credit Card,4
T005936,2026-06-13 11:45,B02,M0053,Bronze,Delivery,Bakery,3,100,0.00,300.00,QR PromptPay,4
T005937,2026-06-13 12:00,B06,M0115,Silver,In-store,Coffee,1,80,4.00,76.00,Credit Card,
T005938,2026-06-13 12:39,B01,,,App,Coffee,3,120,0.00,360.00,Credit Card,
T005939,13/06/2026 12:54,B07,M0100,Bronze,Delivery,Bakery,1,80,0.00,80.00,Cash,
T005940,2026-06-13 12:55,B01,,,In-store,Coffee,1,90,0.00,90.00,Credit Card,
T005941,2026-06-13 13:03,B05,M0059,Bronze,In-store,Coffee,1,120,0.00,120.00,Cash,
T005942,2026-06-13 13:32,B01,,,App,Coffee,1,120,0.00,120.00,App Wallet,
T005943,2026-06-13 13:34,B06,M0207,Gold,Delivery,Coffee,1,110,5.50,104.50,Cash,
T005944,2026-06-13 13:45,B02,M0325,Platinum,In-store,Merchandise,2,625,62.50,1187.50,QR PromptPay,3
T005945,2026-06-13 16:01,B08,M0050,Bronze,In-store,Bakery,2,85,34.00,136.00,Credit Card,3
T005946,2026-06-13 16:11,B04,M0256,Silver,In-store,Bakery,1,110,0.00,110.00,Cash,
T005947,2026-06-13 17:08,B01,M0197,Silver,In-store,Coffee,4,120,0.00,480.00,QR PromptPay,
T005948,2026-06-13 17:13,B03,M0194,Bronze,In-store,Bakery,3,60,0.00,180.00,Cash,
T005949,2026-06-13 18:34,B01,,,In-store,Coffee,3,70,0.00,210.00,Cash,
T005950,2026-06-13 18:35,B01,,,In-store,Merchandise,1,725,0.00,725.00,Credit Card,
T005951,2026-06-14 00:24,B02,,,Delivery,Coffee,1,105,0.00,105.00,Credit Card,5
T005952,2026-06-14 01:17,B02,,,Delivery,Coffee,2,110,0.00,220.00,Credit Card,4
T005953,2026-06-14 08:04,B08,,,In-store,Bakery,1,55,0.00,55.00,Cash,4
T005954,2026-06-14 08:09,B05,,,App,Coffee,1,115,0.00,115.00,Credit Card,
T005955,2026-06-14 08:20,B04,,,App,Coffee,2,55,0.00,110.00,App Wallet,
T005956,14/06/2026 09:21,B07,,,Delivery,Bakery,1,85,0.00,85.00,Credit Card,4
T005957,2026-06-14 10:33,B01,M0102,Bronze,App,Bakery,1,฿80,0.00,80.00,App Wallet,
T005958,2026-06-14 11:09,B03,M0031,Silver,App,Bakery,4,55,0.00,220.00,App Wallet,5
T005959,2026-06-14 12:19,B03,,,In-store,Tea,2,70,0.00,140.00,Credit Card,
T005960,14/06/2026 12:22,B07,,,App,Bakery,1,95,0.00,95.00,Credit Card,
T005961,2026-06-14 12:27,B03,M0108,GOLD,App,Coffee,3,115,0.00,345.00,Credit Card,4
T005962,2026-06-14 13:06,B08,M0223,Bronze,In-store,Coffee,2,60,18.00,102.00,QR PromptPay,
T005963,2026-06-14 13:13,B05,M0178,Silver,In-store,Coffee,3,80,0.00,240.00,Cash,
T005964,2026-06-14 13:19,B05,M0299,Platinum,In-store,Coffee,1,55,0.00,55.00,QR PromptPay,
T005965,2026-06-14 13:38,B02,M0322,Silver,In-store,Coffee,4,75,45.00,255.00,QR PromptPay,
T005966,14/06/2026 14:38,B07,M0086,Gold,Delivery,Coffee,4,115,0.00,460.00,Credit Card,3
T005967,2026-06-14 15:12,B04,M0035,Bronze,In-store,Merchandise,1,330,0.00,330.00,QR PromptPay,
T005968,2026-06-14 15:40,B08,,,App,Coffee,2,85,0.00,170.00,App Wallet,
T005969,2026-06-14 15:46,B01,,,In-store,Coffee,1,85,0.00,85.00,Credit Card,
T005970,2026-06-14 16:06,B03,M0082,Gold,In-store,Tea,2,85,0.00,170.00,QR PromptPay,
T005971,2026-06-14 16:08,B02,M0028,Bronze,App,Bakery,2,50,0.00,100.00,App Wallet,5
T005972,2026-06-14 17:39,B03,,,In-store,Coffee,2,70,0.00,140.00,Credit Card,
T005973,2026-06-14 17:53,B02,,,In-store,Merchandise,2,275,0.00,550.00,Cash,
T005974,2026-06-14 18:37,B02,M0143,BRONZE,Delivery,Tea,1,80,0.00,80.00,QR PromptPay,5
T005975,2026-06-14 18:44,B01,,,App,Coffee,1,70,0.00,160.00,Credit Card,4
T005976,2026-06-14 18:52,B03,M0075,Bronze,In-store,Bakery,1,110,0.00,110.00,Cash,
T005977,2026-06-14 19:21,B03,,,Delivery,Merchandise,1,640,0.00,640.00,QR PromptPay,
T005978,2026-06-15 01:26,B02,,,Delivery,Coffee,1,115,0.00,115.00,QR PromptPay,4
T005979,2026-06-15 02:16,B02,,,Delivery,Merchandise,1,555,0.00,555.00,QR PromptPay,
T005980,2026-06-15 02:24,B02,M0144,Gold,Delivery,Merchandise,1,440,0.00,440.00,QR PromptPay,
T005981,2026-06-15 08:22,B08,M0257,Platinum,In-store,Tea,4,85,51.00,289.00,QR PromptPay,5
T005982,15/06/2026 08:35,B07,M0013,Silver,In-store,Coffee,1,60,0.00,60.00,Credit Card,
T005983,2026-06-15 08:36,B08,M0005,Platinum,In-store,Merchandise,1,655,0.00,655.00,Cash,
T005984,2026-06-15 09:02,B02,,,App,Merchandise,4,580,0.00,2320.00,Credit Card,
T005983,2026-06-15 09:43,B08,M0005,Platinum,In-store,Merchandise,-1,655,-0.00,-655.00,Cash,
T005985,2026-06-15 09:46,B04,M0153,Silver,In-store,Coffee,1,115,11.50,103.50,Credit Card,3
T005986,2026-06-15 10:31,B03,M0312,Silver,In-store,Tea,4,65,0.00,260.00,Credit Card,
T005987,15/06/2026 10:32,B07,,,in-store,Coffee,1,100,0.00,100.00,Cash,
T005988,15/06/2026 11:24,B07,,,In-store,Coffee,3,80,0.00,240.00,QR PromptPay,
T005989,2026-06-15 12:20,B04,,,Delivery,Bakery,2,60,0.00,120.00,Credit Card,5
T005990,2026-06-15 12:58,B01,M0306,Bronze,In-store,Tea,3,95,0.00,285.00,Cash,
T005991,2026-06-15 13:11,B05,,,Deliv.,Coffee,1,80,0.00,80.00,QR PromptPay,
T005992,2026-06-15 14:15,B02,M0118,Gold,App,Coffee,1,85,0.00,85.00,Credit Card,3
T005993,2026-06-15 15:01,B04,M0024,Silver,In-store,Tea,1,80,12.00,68.00,QR PromptPay,1
T005994,2026-06-15 15:07,B03,M0319,Bronze,Delivery,Merchandise,3,320,192.00,768.00,QR PromptPay,
T005995,2026-06-15 15:25,B05,,,In-store,Coffee,1,105,0.00,105.00,Cash,5
T005996,2026-06-15 16:21,B03,M0089,Bronze,App,Coffee,4,115,0.00,460.00,Credit Card,
T005997,2026-06-15 16:54,B05,M0178,Silver,In-store,Tea,2,75,0.00,150.00,Cash,
T005998,2026-06-15 16:55,B04,,,Delivery,Bakery,2,80,0.00,160.00,Cash,
T005999,2026-06-15 17:58,B08,M0016,Bronze,Delivery,Coffee,1,100,0.00,100.00,Cash,3
T006000,2026-06-15 18:47,B03,M0312,Silver,Delivery,Coffee,3,60,0.00,180.00,QR PromptPay,
T006001,15/06/2026 19:14,B07,,,In-store,Coffee,3,55,0.00,165.00,Cash,
T006002,2026-06-16 07:11,B05,,,In-store,Tea,3,60,0.00,180.00,Credit Card,4
T006003,2026-06-16 07:41,B01,M0070,Silver,In-store,Coffee,1,85,0.00,85.00,Cash,4
T006004,2026-06-16 08:03,B02,,,App,Tea,1,55,0.00,55.00,App Wallet,3
T006005,16/06/2026 08:24,B07,M0032,Silver,In-store,Coffee,1,85,0.00,85.00,Credit Card,
T006006,16/06/2026 08:42,B07,,,App,Coffee,1,120,0.00,120.00,App Wallet,
T006007,2026-06-16 08:52,B04,M0206,Silver,In-store,Coffee,3,85,0.00,255.00,QR PromptPay,
T006008,2026-06-16 08:53,B03,M0107,Gold,In-store,Coffee,4,85,51.00,289.00,Credit Card,
T006009,2026-06-16 12:42,B03,M0031,Silver,App,Bakery,1,100,0.00,100.00,Credit Card,5
T006010,16/06/2026 13:07,B07,,,Delivery,Bakery,1,105,0.00,105.00,Cash,
T006011,16/06/2026 13:40,B07,,,App,Coffee,1,100,0.00,100.00,Credit Card,
T006012,2026-06-16 13:57,B03,M0019,Gold,App,Coffee,1,85,12.75,72.25,Credit Card,
T006013,2026-06-16 14:00,B08,M0280,silver,In-store,Coffee,4,55,11.00,209.00,Credit Card,4
T006014,2026-06-16 14:53,B03,M0024,Silver,In-store,Bakery,1,85,4.25,80.75,QR PromptPay,
T006015,2026-06-16 15:06,B02,,,App,Bakery,3,100,0.00,300.00,App Wallet,
T006016,2026-06-16 15:56,B01,M0084,Silver,In-store,Coffee,1,65,3.25,61.75,QR PromptPay,
T006017,2026-06-16 16:01,B08,,,In-store,Merchandise,1,775,0.00,775.00,QR PromptPay,
T006018,2026-06-16 16:03,B02,M0179,Platinum,App,Coffee,2,80,8.00,152.00,App Wallet,
T006019,2026-06-16 16:04,B06,,,In-store,Coffee,2,70,0.00,140.00,Credit Card,
T006020,2026-06-16 17:21,B01,M0186,Platinum,In-store,Bakery,1,80,0.00,80.00,Cash,
T006021,2026-06-16 17:27,B06,,,In-store,Coffee,1,65,0.00,65.00,Cash,4
T006022,16/06/2026 18:02,B07,M0281,Bronze,In-store,Coffee,2,75,0.00,150.00,QR PromptPay,1
T006023,2026-06-16 18:28,B06,,,In-store,Bakery,3,110,0.00,330.00,Cash,5
T006024,2026-06-16 18:51,B03,,,Delivery,Coffee,2,55,0.00,110.00,Credit Card,3
T006025,2026-06-16 19:07,B01,M9217,Platinum,In-store,Bakery,1,75,0.00,75.00,Credit Card,4
T006026,2026-06-16 19:29,B02,M0308,Bronze,In-store,Tea,3,80,36.00,204.00,Cash,
T006027,2026-06-16 22:14,B02,,,Delivery,Coffee,1,115,0.00,115.00,QR PromptPay,4
T006028,2026-06-16 23:20,B02,,,Delivery,Tea,2,85,0.00,170.00,QR PromptPay,3
T006029,2026-06-17 07:21,B01,M0214,Platinum,In-store,Tea,4,90,0.00,360.00,Cash,
T006030,2026-06-17 07:55,B05,M0029,Bronze,In-store,Coffee,1,110,0.00,110.00,Credit Card,5
T006031,2026-06-17 08:11,B03,,,App,Tea,4,55,0.00,220.00,Credit Card,5
T006032,2026-06-17 08:42,B02,M0197,Silver,App,Coffee,4,100,0.00,400.00,Credit Card,
T006033,17/06/2026 08:54,B07,M0253,Silver,App,Coffee,1,65,9.75,-4.75,App Wallet,
T006034,2026-06-17 09:48,B08,M0260,Gold,App,Tea,1,70,7.00,63.00,App Wallet,4
T006035,2026-06-17 09:54,B03,,,In-store,Bakery,1,50,0.00,50.00,Credit Card,
T006036,2026-06-17 09:59,B08,,,App,Bakery,1,70,0.00,70.00,Credit Card,4
T006037,2026-06-17 10:36,B02,M0210,Bronze,In-store,Coffee,4,75,0.00,300.00,QR PromptPay,
T006038,2026-06-17 10:57,B05,M0077,Silver,App,Coffee,1,115,0.00,115.00,App Wallet,
T006039,2026-06-17 11:23,B08,,,App,Coffee,2,120,0.00,240.00,App Wallet,
T006040,2026-06-17 11:47,B03,M0027,Bronze,In-store,Coffee,3,85,38.25,216.75,Cash,
T006041,2026-06-17 12:36,B02,,,In-store,Merchandise,1,295,0.00,295.00,Credit Card,
T006042,2026-06-17 13:03,B01,M0240,Gold,In-store,Bakery,2,95,0.00,190.00,QR PromptPay,3
T006043,17/06/2026 13:04,B07,M0073,Gold,App,Coffee,1,115,11.50,103.50,Credit Card,
T006044,2026-06-17 13:29,B02,,,In-store,Bakery,4,95,0.00,380.00,Cash,4
T006045,2026-06-17 13:31,B02,M0144,Gold,In-store,Bakery,1,80,0.00,80.00,QR PromptPay,3
T006046,2026-06-17 14:11,B08,M0268,Silver,In-store,Coffee,1,80,0.00,80.00,QR PromptPay,
T006047,2026-06-17 14:51,B02,,,In-store,Coffee,1,80,0.00,80.00,QR PromptPay,
T006048,2026-06-17 14:55,B02,M0183,Bronze,In-store,Merchandise,1,785,117.75,667.25,QR PromptPay,
T006049,2026-06-17 15:08,B01,M0230,Bronze,In-store,Coffee,2,100,10.00,190.00,QR PromptPay,
T006050,2026-06-17 16:23,B01,M0197,Silver,In-store,Coffee,1,100,0.00,100.00,Credit Card,
T006051,2026-06-17 16:23,B02,M0033,Bronze,App,Merchandise,1,550,0.00,550.00,App Wallet,
T006052,2026-06-17 16:37,B01,,,App,Coffee,4,110,0.00,440.00,Credit Card,
T006053,2026-06-17 16:40,B01,,,In-store,Coffee,2,70,0.00,140.00,QR PromptPay,
T006054,2026-06-17 16:41,B08,M0162,Bronze,App,Bakery,2,110,0.00,220.00,App Wallet,3
T006055,2026-06-17 16:48,B01,M0183,Bronze,app,Coffee,2,65,19.50,110.50,App Wallet,2
T006056,2026-06-17 16:57,B01,M0060,Bronze,App,Tea,2,60,0.00,120.00,Credit Card,3
T006057,2026-06-17 17:27,B02,,,In-store,Coffee,4,85,0.00,340.00,Credit Card,
T006058,17/06/2026 17:38,B07,M0091,Bronze,Delivery,Coffee,1,120,0.00,120.00,Cash,2
T006059,17/06/2026 17:43,B07,,,Delivery,Coffee,1,115,0.00,115.00,QR PromptPay,1
T006060,2026-06-17 18:43,B08,,,In-store,Coffee,3,75,0.00,225.00,QR PromptPay,
T006061,2026-06-17 19:34,B06,,,In-store,Tea,1,55,0.00,55.00,Cash,5
T006062,2026-06-17 19:38,B05,M0249,Silver,In-store,Coffee,1,105,0.00,105.00,Cash,
T006063,18/06/2026 08:19,B07,M0079,Gold,In-store,Coffee,1,120,6.00,114.00,Credit Card,2
T006064,2026-06-18 08:47,B05,M0051,Bronze,In-store,Bakery,3,105,0.00,315.00,QR PromptPay,5
T006065,2026-06-18 09:12,B06,M0173,Silver,App,Coffee,1,65,0.00,65.00,App Wallet,3
T006066,2026-06-18 10:01,B03,M0042,Gold,Delivery,Coffee,3,65,0.00,195.00,Credit Card,
T006067,2026-06-18 10:30,B08,,,Delivery,Coffee,1,90,0.00,90.00,Credit Card,5
T006068,2026-06-18 10:37,B02,M0286,Gold,App,Coffee,1,60,3.00,57.00,Credit Card,
T006069,2026-06-18 12:22,B08,M0159,Silver,Delivery,Tea,1,50,0.00,50.00,QR PromptPay,4
T006070,2026-06-18 13:08,B02,M0054,Silver,In-store,Bakery,1,75,0.00,75.00,Credit Card,
T006071,2026-06-18 13:43,B03,M0108,gold,In-store,Coffee,3,75,33.75,191.25,Cash,
T006072,2026-06-18 14:09,B03,M0085,Silver,App,Tea,1,75,7.50,67.50,App Wallet,
T006073,2026-06-18 15:37,B02,M0284,Platinum,App,Coffee,2,60,0.00,120.00,App Wallet,3
T006074,2026-06-18 15:45,B01,M0082,Gold,Delivery,Coffee,2,85,17.00,153.00,Credit Card,
T006075,2026-06-18 16:02,B05,M0083,Gold,In-store,Coffee,4,100,60.00,340.00,Cash,
T006076,2026-06-18 16:23,B08,M0205,Silver,Delivery,Tea,2,55,0.00,110.00,QR PromptPay,
T006077,18/06/2026 17:44,B07,M0053,Bronze,App,Bakery,4,95,0.00,380.00,App Wallet,
T006078,2026-06-18 17:45,B02,M0229,SILVER,In-store,Merchandise,3,335,150.75,854.25,QR PromptPay,5
T006079,2026-06-18 18:11,B04,M9632,Gold,Delivery,Coffee,4,120,24.00,456.00,Cash,
T006080,2026-06-18 18:27,B02,M0054,Silver,In-store,Tea,1,70,0.00,70.00,Credit Card,5
T006081,2026-06-19 08:12,B08,,,In-store,Coffee,2,110,0.00,220.00,Credit Card,
T006082,2026-06-19 08:38,B04,M0203,Bronze,In-store,Coffee,3,120,0.00,360.00,QR PromptPay,3
T006083,19/06/2026 08:38,B07,,,In-store,Coffee,1,60,0.00,60.00,Cash,2
T006084,2026-06-19 10:09,B01,,,In-store,Coffee,1,100,0.00,100.00,Credit Card,
T006085,2026-06-19 10:25,B01,,,In-store,Coffee,1,65,0.00,65.00,Cash,5
T006086,2026-06-19 12:01,B04,,,In-store,Merchandise,1,425,0.00,425.00,QR PromptPay,
T006087,2026-06-19 12:05,B02,M0325,Platinum,In-store,Bakery,2,70,0.00,140.00,QR PromptPay,4
T006088,2026-06-19 12:08,B03,M0085,Silver,Delivery,Coffee,1,55,2.75,52.25,Credit Card,
T006089,2026-06-19 12:19,B05,M0031,Silver,In-store,Coffee,3,65,0.00,195.00,QR PromptPay,
T006090,2026-06-19 12:23,B8,M0163,Bronze,App,Merchandise,1,830,0.00,830.00,App Wallet,
T006091,2026-06-19 12:28,B01,M0278,Bronze,In-store,Coffee,1,105,0.00,105.00,Cash,
T006092,2026-06-19 12:33,B04,M0072,Silver,In-store,Coffee,4,85,51.00,289.00,QR PromptPay,
T006093,2026-06-19 12:44,B08,M0155,Platinum,In-store,Coffee,1,60,12.00,48.00,Credit Card,4
T006094,2026-06-19 12:59,B08,M0278,Bronze,in-store,Coffee,1,110,22.00,88.00,QR PromptPay,4
T006095,19/06/2026 13:16,B07,M0120,Gold,In-store,Tea,4,80,0.00,320.00,Credit Card,3
T006088,2026-06-19 13:21,B03,M0085,Silver,delivery,Coffee,-1,55,-2.75,-52.25,Credit Card,
T006096,2026-06-19 13:38,B01,,,In-store,Bakery,4,60,0.00,150.00,QR PromptPay,
T006097,19/06/2026 13:40,B07,M0185,Gold,App,Coffee,1,110,0.00,110.00,App Wallet,
T006098,19/06/2026 14:07,B07,M0201,Bronze,In-store,Bakery,2,฿80.00,0.00,160.00,QR PromptPay,
T006099,2026-06-19 14:33,B04,M0090,Platinum,Delivery,Coffee,1,105,5.25,99.75,Cash,
T006100,2026-06-19 15:01,B01,M0120,Gold,App,Bakery,1,85,12.75,72.25,Credit Card,4
T006101,2026-06-19 15:36,B02,,,App,Coffee,1,80,0.00,80.00,Credit Card,
T006102,2026-06-19 15:37,B03,M0150,Bronze,In-store,Tea,1,95,0.00,95.00,Credit Card,
T006103,2026-06-19 16:10,B06,,,In-store,Tea,1,90,0.00,90.00,Cash,5
T006104,2026-06-19 16:13,B05,M0102,Bronze,App,Coffee,1,70,0.00,70.00,Credit Card,
T006105,2026-06-19 16:45,B06,M0276,Gold,App,Coffee,1,110,5.50,104.50,Credit Card,
T006106,2026-06-19 19:26,B06,M0102,Bronze,In-store,Coffee,1,110,0.00,110.00,QR PromptPay,5
T006107,2026-06-20 07:13,B04,M0024,Silver,In-store,Coffee,2,85,0.00,170.00,QR PromptPay,
T006108,2026-06-20 07:41,B03,M0153,Silver,In-store,Coffee,3,80,0.00,240.00,Cash,
T006109,2026-06-20 08:20,B05,,,In-store,Bakery,1,65,0.00,65.00,QR PromptPay,
T006110,2026-06-20 09:03,B06,M0110,Silver,App,Coffee,1,70,0.00,70.00,Credit Card,
T006111,2026-06-20 10:00,B03,,,In-store,Tea,1,65,0.00,65.00,QR PromptPay,
T006112,2026-06-20 11:11,B04,M0090,Platinum,App,Coffee,2,70,28.00,112.00,App Wallet,5
T006113,2026-06-20 11:18,B06,,,App,Tea,2,80,0.00,160.00,App Wallet,
T006114,2026-06-20 12:09,B03,,,In-store,Bakery,1,60,0.00,60.00,Credit Card,
T006115,2026-06-20 12:17,B02,,,Delivery,Coffee,1,115,0.00,115.00,Cash,
T006116,20/06/2026 12:43,B07,M9254,Bronze,In-store,Coffee,1,60,0.00,60.00,Cash,2
T006117,20/06/2026 13:01,B07,,,In-store,Coffee,2,120,0.00,240.00,Credit Card,
T006118,20/06/2026 13:39,B07,,,App,Coffee,1,85,0.00,85.00,Credit Card,3
T006119,2026-06-20 13:51,B03,,,In-store,Coffee,1,55,0.00,55.00,QR PromptPay,
T006120,2026-06-20 14:21,B03,M0312,Silver,In-store,Coffee,1,95,0.00,95.00,QR PromptPay,
T006121,2026-06-20 14:30,B06,M0196,Silver,App,Coffee,3,60,0.00,180.00,Credit Card,3
T006122,20/06/2026 14:50,B07,M0240,Gold,App,Bakery,1,95,0.00,95.00,App Wallet,
T006123,2026-06-20 15:05,B06,M0196,Silver,In-store,Bakery,3,100,0.00,300.00,QR PromptPay,
T006124,2026-06-20 17:27,B05,M0165,Bronze,In-store,Merchandise,1,355,0.00,355.00,Credit Card,
T006125,2026-06-20 17:41,B01,M0151,Bronze,App,Coffee,1,115,0.00,115.00,Credit Card,
T006126,20/06/2026 18:02,B07,,,In-store,Merchandise,1,640,0.00,640.00,Credit Card,2
T006125,2026-06-20 18:42,B01,M0151,Bronze,App,Coffee,-1,115,-0.00,-115.00,Credit Card,
T006127,2026-06-20 19:00,B06,M0265,Bronze,In-store,Coffee,1,115,0.00,115.00,QR PromptPay,5
T006128,2026-06-20 19:28,B01,M0052,Bronze,In-store,Coffee,1,60,0.00,60.00,Cash,
T006129,2026-06-20 19:35,B03,M0249,Silver,In-store,Coffee,2,85,0.00,170.00,QR PromptPay,
T006130,2026-06-20 22:04,B02,M0254,Bronze,Delivery,Coffee,1,115,0.00,115.00,QR PromptPay,
T006131,2026-06-20 22:14,B02,,,Delivery,Merchandise,2,640,0.00,1280.00,Credit Card,3
T006132,2026-06-21 07:56,B06,M0315,Platinum,In-store,Tea,1,55,0.00,55.00,QR PromptPay,
T006133,2026-06-21 08:28,B05,M0227,bronze,App,Bakery,1,75,0.00,75.00,App Wallet,
T006134,21/06/2026 08:37,B07,M0245,Gold,In-store,Coffee,1,110,11.00,99.00,QR PromptPay,2
T006135,2026-06-21 08:59,B04,M0304,Platinum,App,Coffee,1,95,0.00,95.00,Credit Card,
T006134,21/06/2026 09:15,B07,M0245,Gold,In-store,Coffee,-1,110,-11.00,-99.00,QR PromptPay,
T006136,2026-06-21 10:24,B02,M0284,Platinum,App,Tea,1,70,14.00,56.00,App Wallet,
T006137,2026-06-21 12:03,B03,M0249,Silver,In-store,Coffee,1,120,24.00,96.00,QR PromptPay,
T006138,2026-06-21 12:17,B08,M0223,Bronze,App,Tea,3,80,24.00,216.00,Credit Card,
T006139,2026-06-21 12:36,B04,M0326,Bronze,App,Coffee,2,115,0.00,230.00,Credit Card,4
T006140,2026-06-21 13:06,B04,,,In-store,Coffee,1,115,0.00,115.00,QR PromptPay,
T006141,2026-06-21 13:10,B01,,,In-store,Merchandise,2,410,0.00,820.00,Cash,
T006142,2026-06-21 13:28,B08,M0078,Bronze,In-store,Merchandise,2,520,0.00,1040.00,QR PromptPay,
T006143,2026-06-21 14:22,B02,M0284,Platinum,In-store,Tea,1,75,0.00,75.00,Cash,3
T006144,2026-06-21 18:28,B05,,,In-store,Coffee,1,75,0.00,75.00,Cash,4
T006145,2026-06-21 18:30,B06,M0196,Silver,In-store,Coffee,2,65,0.00,130.00,Cash,
T006146,2026-06-21 18:32,B03,M0221,Silver,In-store,Bakery,1,65,0.00,65.00,Cash,
T006147,2026-06-21 18:33,B03,,,Delivery,Coffee,4,55,0.00,220.00,Cash,
T006148,2026-06-21 19:01,B01,M0015,Bronze,In-store,Coffee,1,60,6.00,54.00,Cash,
T006149,2026-06-21 19:03,B05,,,In-store,Coffee,4,60,0.00,240.00,Credit Card,
T006150,2026-06-21 19:16,B03,M0270,Bronze,In-store,Coffee,3,80,0.00,240.00,QR PromptPay,
T006148,2026-06-21 19:25,B01,M0015,Bronze,In store,Coffee,-1,60,-6.00,-54.00,Cash,
T006151,2026-06-21 19:41,B01,M0070,Silver,App,Tea,1,80,0.00,80.00,App Wallet,
T006152,2026-06-21 19:55,B01,M0284,Platinum,Delivery,Coffee,1,115,0.00,115.00,Cash,4
T006153,2026-06-21 21:35,B02,,,Delivery,Tea,1,50,0.00,50.00,Credit Card,
T006154,2026-06-22 02:26,B02,,,Delivery,Coffee,3,95,0.00,285.00,Credit Card,
T006155,2026-06-22 08:04,B02,M0243,Bronze,In-store,Bakery,3,100,0.00,300.00,QR PromptPay,
T006156,2026-06-22 08:09,B03,,,In-store,Coffee,3,90,0.00,270.00,Credit Card,3
T006157,2026-06-22 08:13,B08,M0187,Silver,App,Coffee,1,110,0.00,110.00,Credit Card,
T006158,2026-06-22 08:29,B03,M0186,Platinum,App,Coffee,2,85,8.50,161.50,Credit Card,
T006159,2026-06-22 08:41,B01,M0145,Silver,App,Tea,2,70,0.00,140.00,Credit Card,
T006160,2026-06-22 08:49,B08,M0200,Gold,In-store,Coffee,1,60,12.00,48.00,Cash,5
T006161,2026-06-22 08:53,B03,,,Delivery,Bakery,2,55,0.00,110.00,Credit Card,4
T006162,2026-06-22 09:33,B05,,,In-store,Tea,1,90,0.00,90.00,Credit Card,
T006163,2026-06-22 10:00,B06,M0276,Gold,In-store,Tea,1,95,19.00,76.00,Credit Card,4
T006164,2026-06-22 10:44,B08,M0245,Gold,Instore,Coffee,2,85,0.00,170.00,QR PromptPay,
T006165,2026-06-22 12:39,B5,M0128,Brz,In-store,Bakery,3,85,38.25,196.75,Credit Card,
T006166,2026-06-22 13:20,B06,,,In-store,Coffee,2,100,0.00,200.00,QR PromptPay,
T006167,2026-06-22 13:46,B05,M0303,Gold,In-store,Coffee,4,70,0.00,280.00,QR PromptPay,5
T006168,22/06/2026 13:51,B07,M0268,Silver,In-store,Coffee,2,75,7.50,142.50,Cash,
T006169,2026-06-22 14:05,B03,M0121,Slvr,Instore,Tea,4,60,48.00,192.00,QR PromptPay,
T006167,2026-06-22 14:46,B05,M0303,Gold,In-store,Coffee,-4,70,-0.00,-280.00,QR PromptPay,
T006170,2026-06-22 15:51,B03,,,in-store,Bakery,2,110,0.00,220.00,QR PromptPay,
T006171,2026-06-22 16:10,B04,M0040,Bronze,App,Bakery,2,60,0.00,120.00,Credit Card,
T006172,2026-06-22 16:30,B04,,,In-store,Merchandise,1,750,0.00,750.00,Cash,
T006173,2026-06-22 17:48,B06,,,App,Merchandise,1,495,0.00,495.00,Credit Card,
T006174,2026-06-23 08:14,B01,M0046,Silver,In-store,Coffee,2,105,0.00,210.00,Cash,
T006175,23/06/2026 08:15,B07,M0079,Gold,App,Bakery,1,110,0.00,110.00,Credit Card,
T006176,2026-06-23 09:55,B03,M0163,Bronze,Delivery,Coffee,4,65,0.00,260.00,QR PromptPay,
T006177,2026-06-23 10:11,B08,M9254,Silver,In-store,Coffee,2,70,7.00,133.00,QR PromptPay,
T006178,2026-06-23 10:19,B03,M0175,Silver,In-store,Coffee,1,55,0.00,55.00,QR PromptPay,
T006179,2026-06-23 10:27,B03,M0249,Silver,In-store,Merchandise,4,465,0.00,1860.00,QR PromptPay,
T006180,2026-06-23 10:33,B03,,,App,Bakery,1,70,0.00,70.00,App Wallet,
T006181,2026-06-23 12:38,B03,M0272,Silver,In-store,Bakery,2,110,0.00,220.00,Cash,4
T006182,2026-06-23 12:58,B01,M0216,Gold,In-store,Bakery,2,50,10.00,90.00,Cash,
T006183,2026-06-23 13:01,B06,M0069,Silver,App,Coffee,1,70,0.00,70.00,App Wallet,
T006184,2026-06-23 13:05,B01,M0029,Bronze,App,Tea,4,60,0.00,240.00,Credit Card,4
T006185,2026-06-23 13:38,B02,M0200,Gold,In-store,Tea,4,50,0.00,200.00,QR PromptPay,4
T006186,2026-06-23 14:08,B01,M0186,Platinum,In-store,Coffee,2,60,18.00,102.00,QR PromptPay,4
T006187,2026-06-23 14:18,B03,M0003,Gold,Delivery,Coffee,1,95,4.75,90.25,Credit Card,
T006188,2026-06-23 14:27,B02,,,In-store,Coffee,4,55,0.00,220.00,Credit Card,5
T006189,23/06/2026 15:18,B07,M0017,Bronze,App,Coffee,2,60,0.00,120.00,Credit Card,2
T006190,2026-06-23 16:05,B01,M0076,Silver,In-store,Coffee,1,120,0.00,120.00,Credit Card,4
T006191,2026-06-23 16:51,B01,M0269,Silver,App,Coffee,4,70,0.00,280.00,App Wallet,
T006192,2026-06-23 17:13,B08,M0278,Bronze,In store,Coffee,3,120,0.00,360.00,QR PromptPay,3
T006193,2026-06-23 17:18,B02,M0023,Bronze,In-store,Tea,1,50,0.00,50.00,Cash,4
T006194,2026-06-23 17:27,B08,M0050,Bronze,App,Tea,1,85,0.00,125.00,App Wallet,
T006195,2026-06-23 17:30,B03,M0085,Silver,In-store,Coffee,1,55,0.00,55.00,Credit Card,
T006196,2026-06-23 18:05,B05,,,App,Coffee,1,110,0.00,110.00,App Wallet,2
T006197,2026-06-23 19:55,B06,M0049,Platinum,Delivery,Bakery,2,75,30.00,120.00,QR PromptPay,
T006198,2026-06-24 07:38,B01,,,In-store,Merchandise,1,765,0.00,765.00,Cash,
T006199,24/06/2026 07:57,B07,,,App,Coffee,1,115,0.00,115.00,Credit Card,3
T006200,2026-06-24 08:31,B02,M0278,Bronze,In-store,Coffee,1,115,0.00,115.00,Credit Card,
T006201,2026-06-24 08:46,B04,,,In-store,Coffee,2,95,0.00,190.00,QR PromptPay,4
T006202,2026-06-24 09:41,B06,M0226,Bronze,Delivery,Coffee,1,115,17.25,97.75,Credit Card,
T006203,2026-06-24 09:45,B03,M0272,Silver,In-store,Coffee,4,80,0.00,320.00,QR PromptPay,
T006204,24/06/2026 11:53,B07,M0270,Bronze,In-store,Coffee,1,70,14.00,56.00,Credit Card,
T006205,2026-06-24 12:01,B02,M0081,Bronze,In-store,Coffee,2,70,0.00,140.00,QR PromptPay,
T006206,2026-06-24 12:03,B08,,,Delivery ,Coffee,2,95,0.00,190.00,Cash,
T006207,2026-06-24 12:18,B01,M0102,Brz,In-store,Coffee,2,60,0.00,120.00,QR PromptPay,4
T006208,2026-06-24 13:30,B05,M0083,Gold,In-store,Bakery,1,110,5.50,104.50,Cash,3
T006209,2026-06-24 13:37,B01,M9826,Platinum,App,Tea,1,85,0.00,85.00,App Wallet,
T006210,2026-06-24 13:42,B04,M0207,Gold,In-store,Coffee,1,75,11.25,63.75,QR PromptPay,
T006211,24/06/2026 13:56,B07,,,In-store,Bakery,1,90,0.00,90.00,Credit Card,
T006212,2026-06-24 14:27,B04,M0228,Bronze,App,Tea,1,50,10.00,40.00,Credit Card,
T006213,2026-06-24 14:35,B04,M0153,Silver,Delivery,Coffee,1,70,14.00,56.00,Credit Card,
T006214,2026-06-24 16:22,B05,M0227,Bronze,In-store,Coffee,3,70,0.00,210.00,QR PromptPay,5
T006215,2026-06-24 16:25,B03,M0312,Silver,In-store,Coffee,3,60,0.00,180.00,Credit Card,3
T006216,24/06/2026 16:39,B07,M0327,Silver,In-store,Tea,4,75,30.00,270.00,Cash,
T006217,2026-06-24 16:55,B01,M0197,Silver,In-store,Bakery,3,60,9.00,171.00,Credit Card,5
T006218,2026-06-24 17:17,B08,M0189,Platinum,Delivery,Coffee,2,70,14.00,126.00,QR PromptPay,
T006219,24/06/2026 17:19,B07,M0315,Platinum,In-store,Merchandise,1,520,78.00,442.00,Cash,3
T006218,2026-06-24 17:26,B08,M0189,Platinum,delivery,Coffee,-2,70,-14.00,-126.00,QR PromptPay,
T006220,2026-06-24 17:31,B03,M0138,Silver,In-store,Merchandise,1,285,0.00,285.00,QR PromptPay,5
T006221,2026-06-24 17:49,B04,M0323,Gold,In-store,Coffee,1,115,11.50,103.50,Cash,
T006222,24/06/2026 19:06,B07,,,Delivery,Coffee,0,75,0.00,0.00,QR PromptPay,1
T006223,2026-06-24 19:10,B01,M0186,Platinum,In-store,Bakery,1,65,9.75,55.25,QR PromptPay,
T006224,2026-06-24 19:36,B5,M9403,Bronze,In-store,Coffee,1,110,0.00,110.00,Cash,
T006225,2026-06-24 21:20,B02,M0254,Bronze,Delivery,Tea,2,95,0.00,190.00,QR PromptPay,4
T006226,2026-06-25 07:12,B02,M0306,Bronze,App,Bakery,2,105,0.00,210.00,App Wallet,3
T006227,2026-06-25 07:56,B01,M0052,Bronze,App,Coffee,1,115,0.00,115.00,App Wallet,3
T006228,25/06/2026 08:06,B07,M0164,Gold,App,Coffee,1,60,0.00,60.00,Credit Card,
T006228,25/06/2026 08:06,B07,M0164,Gold,App,Coffee,1,60,0.00,60.00,Credit Card,
T006229,2026-06-25 08:11,B02,,,In-store,Bakery,4,95,0.00,380.00,Cash,5
T006230,2026-06-25 08:20,B04,,,In-store,Coffee,1,110,0.00,110.00,Credit Card,
T006231,2026-06-25 08:31,B05,M9403,Gold,Delivery,Bakery,1,60,0.00,60.00,QR PromptPay,3
T006232,25/06/2026 09:29,B07,M0066,Silver,Delivery,Tea,1,65,0.00,65.00,Credit Card,
T006233,2026-06-25 09:34,B06,,,APP,Coffee,4,90,0.00,360.00,App Wallet,3
T006234,2026-06-25 10:30,B03,M0305,Silver,In-store,Merchandise,1,320,0.00,320.00,QR PromptPay,
T006235,2026-06-25 10:47,B08,,,App,Merchandise,2,425,0.00,850.00,Credit Card,
T006236,2026-06-25 11:20,B06,,,In-store,Coffee,2,80,0.00,160.00,QR PromptPay,
T006237,2026-06-25 11:34,B02,M0308,bronze,App,Merchandise,1,760,0.00,760.00,Credit Card,
T006238,2026-06-25 12:57,B03,M0150,Brz,App,Coffee,1,120,0.00,120.00,App Wallet,4
T006239,2026-06-25 13:01,B01,M0197,Silver,In-store,Tea,2,70,0.00,140.00,Credit Card,
T006240,25/06/2026 13:03,B07,,,App,Bakery,1,45,0.00,45.00,App Wallet,
T006241,2026-06-25 13:07,B04,M0093,Bronze,In-store,Coffee,2,55,0.00,110.00,QR PromptPay,4
T006242,2026-06-25 13:31,B06,,,In-store,Bakery,3,45,0.00,135.00,Credit Card,
T006243,25/06/2026 14:58,B07,M0128,Bronze,In-store,Coffee,3,90,0.00,270.00,QR PromptPay,2
T006243,25/06/2026 14:58,B07,M0128,Bronze,In-store,Coffee,3,90,0.00,270.00,QR PromptPay,2
T006244,2026-06-25 15:15,B06,,,App,Coffee,3,105,0.00,315.00,Credit Card,
T006245,2026-06-25 15:44,B06,,,App,Coffee,3,110,0.00,330.00,App Wallet,
T006246,2026-06-25 16:19,B06,,,App,Coffee,4,95,0.00,380.00,App Wallet,
T006247,25/06/2026 16:59,B07,M0270,Bronze,App,Bakery,2,80,0.00,160.00,Credit Card,
T006248,25/06/2026 17:49,B07,M0032,silver,App,Bakery,1,105,0.00,105.00,Credit Card,
T006249,2026-06-25 17:50,B05,M0231,Bronze,In-store,Coffee,1,75,0.00,75.00,Credit Card,
T006250,2026-06-25 18:59,B08,M0023,Bronze,In-store,Coffee,1,90,0.00,90.00,Credit Card,4
T006251,2026-06-25 19:07,B06,,,Delivery,Coffee,4,120,0.00,480.00,Credit Card,
T006252,26/06/2026 07:32,B07,,,Delivery,Coffee,1,120,0.00,120.00,Credit Card,
T006253,2026-06-26 08:11,B03,M0329,Bronze,In-store,Tea,2,65,0.00,130.00,Credit Card,
T006254,2026-06-26 08:28,B01,M0302,Bronze,App,Bakery,1,60,0.00,60.00,App Wallet,
T006255,2026-06-26 08:55,B08,,,In-store,Bakery,1,45,0.00,45.00,QR PromptPay,4
T006256,2026-06-26 09:31,B03,,,In-store,Tea,2,90,0.00,180.00,QR PromptPay,
T006257,2026-06-26 10:15,B02,,,App,Merchandise,1,725,0.00,725.00,App Wallet,
T006258,2026-06-26 10:31,B04,M0024,silver,In-store,Coffee,1,65,0.00,65.00,Cash,
T006259,26/06/2026 10:47,B07,M0207,Gold,Delivery,Coffee,2,100,0.00,120.00,QR PromptPay,
T006260,26/06/2026 11:02,B07,M0100,Bronze,In-store,Tea,1,90,0.00,90.00,Cash,2
T006261,2026-06-26 11:34,B08,,,In-store,Coffee,2,105,0.00,210.00,Cash,4
T006262,2026-06-26 11:45,B06,M0171,SILVER,In-store,Bakery,4,55,22.00,198.00,Cash,2
T006263,2026-06-26 11:46,B02,M0274,Gold,App,Bakery,2,80,16.00,144.00,App Wallet,3
T006264,2026-06-26 12:08,B05,M0083,GOLD,In-store,Bakery,3,85,0.00,255.00,Credit Card,
T006265,2026-06-26 13:28,B04,M0281,Bronze,App,Merchandise,1,670,0.00,670.00,Credit Card,
T006266,2026-06-26 13:40,B01,M0251,Bronze,In-store,Tea,1,75,0.00,75.00,Credit Card,
T006267,2026-06-26 16:05,B06,,,In-store,Tea,1,65,0.00,65.00,Cash,4
T006268,26/06/2026 17:10,B07,M0073,Gold,Delivery,Bakery,3,45,0.00,135.00,QR PromptPay,1
T006269,2026-06-26 18:43,B08,M0016,Bronze,In-store,Tea,4,70,0.00,280.00,QR PromptPay,4
T006270,2026-06-26 19:14,B04,M0153,Silver,App,Coffee,2,60,6.00,114.00,App Wallet,4
T006271,26/06/2026 19:21,B07,M0066,Silver,App,Coffee,2,55,0.00,110.00,Credit Card,
T006272,2026-06-26 19:48,B03,M0066,Silver,App,Bakery,2,60,0.00,120.00,App Wallet,3
T006273,2026-06-26 23:09,B02,,,Delivery,Coffee,2,120,0.00,240.00,QR PromptPay,
T006274,2026-06-27 07:56,B04,M0203,Bronze,In-store,Bakery,4,110,0.00,440.00,Cash,4
T006275,2026-06-27 08:00,B02,,,App,Coffee,1,115,0.00,115.00,App Wallet,
T006276,2026-06-27 09:01,B01,M0186,PLATINUM,In-store,Coffee,1,80,12.00,68.00,QR PromptPay,
T006276,2026-06-27 09:01,B01,M0186,PLATINUM,In-store,Coffee,1,80,12.00,68.00,QR PromptPay,
T006277,2026-06-27 09:30,B05,M0091,Bronze,In-store,Bakery,1,50,0.00,50.00,QR PromptPay,
T006278,2026-06-27 09:55,B03,M0102,Bronze,In-store,Tea,1,65,9.75,55.25,Cash,4
T006279,2026-06-27 10:29,B05,,,Delivery,Coffee,4,80,0.00,320.00,Credit Card,3
T006280,2026-06-27 12:21,B02,,,app,Coffee,3,90,0.00,270.00,Credit Card,
T006281,27/06/2026 12:41,B07,M0091,Bronze,In-store,Tea,2,55,0.00,110.00,Credit Card,1
T006282,27/06/2026 12:59,B07,M0120,Gold,in-store,Tea,1,50,2.50,47.50,QR PromptPay,
T006283,2026-06-27 13:36,B03,,,Instore,Coffee,2,70,0.00,140.00,Credit Card,4
T006284,27/06/2026 13:44,B07,,,In-store,Merchandise,1,640,0.00,640.00,QR PromptPay,
T006285,2026-06-27 14:26,B03,M0163,Bronze,In-store,Tea,1,50,0.00,50.00,Cash,3
T006286,2026-06-27 14:31,B04,M0179,Platinum,Delivery,Coffee,3,115,0.00,345.00,QR PromptPay,3
T006287,2026-06-27 16:15,B02,,,App,Coffee,1,120,0.00,120.00,App Wallet,4
T006288,2026-06-27 18:18,B03,M0019,Gold,In-store,Coffee,1,95,0.00,95.00,QR PromptPay,
T006289,2026-06-27 18:39,B01,M0251,Bronze,In-store,Bakery,1,105,0.00,105.00,QR PromptPay,
T006290,2026-06-28 07:45,B04,M0181,Bronze,In-store,Coffee,3,65,0.00,195.00,Credit Card,
T006291,2026-06-28 08:10,B02,M0274,Gold,In-store,Coffee,4,65,39.00,221.00,QR PromptPay,
T006292,2026-06-28 08:15,B08,M0164,Gold,Delivery,Coffee,1,80,8.00,72.00,Cash,
T006293,2026-06-28 08:19,B04,M0207,Gold,Delivery,Merchandise,2,490,0.00,980.00,Cash,5
T006294,2026-06-28 08:30,B08,M0162,Bronze,In-store,Tea,1,65,0.00,65.00,QR PromptPay,
T006295,2026-06-28 09:28,B01,M0084,Silver,In-store,Tea,1,70,0.00,70.00,Cash,
T006296,2026-06-28 10:06,B04,M0179,Platinum,Delivery,Tea,4,65,52.00,208.00,QR PromptPay,
T006297,2026-06-28 10:28,B04,M0254,Bronze,Delivery,Coffee,2,90,0.00,180.00,QR PromptPay,
T006297,2026-06-28 10:28,B04,M0254,Bronze,Delivery,Coffee,2,90,0.00,180.00,QR PromptPay,
T006298,2026-06-28 12:03,B05,M0083,Gold,in-store,Bakery,3,60,0.00,180.00,Cash,
T006299,2026-06-28 12:44,B01,,,In-store,Coffee,1,55,0.00,55.00,Cash,
T006300,2026-06-28 12:58,B02,M0325,Platinum,App,Bakery,2,100,0.00,200.00,Credit Card,
T006301,2026-06-28 13:22,B02,M0325,Platinum,In-store,Coffee,1,85,17.00,68.00,QR PromptPay,
T006302,28/06/2026 13:46,B07,M0053,Bronze,In-store,Coffee,2,55,0.00,110.00,QR PromptPay,
T006303,2026-06-28 13:52,B05,M0083,Gold,In-store,Coffee,1,110,11.00,19.00,Cash,4
T006304,2026-06-28 14:01,B06,,,Delivery,Bakery,1,50,0.00,50.00,Cash,5
T006305,2026-06-28 14:16,B06,M0115,silver,In-store,Coffee,1,105,0.00,105.00,Credit Card,
T006306,2026-06-28 14:35,B02,M0308,Bronze,In-store,Merchandise,1,275,0.00,275.00,Cash,
T006307,2026-06-28 15:54,B03,M0089,Bronze,In-store,Coffee,1,105,21.00,84.00,QR PromptPay,2
T006308,2026-06-28 16:02,B02,M0200,Gld,Delivery,Bakery,1,฿110,11.00,99.00,QR PromptPay,
T006309,2026-06-28 16:18,B5,M0157,Gold,In-store,Tea,3,90,27.00,243.00,QR PromptPay,
T006310,2026-06-28 16:29,B08,M0278,Bronze,In-store,Bakery,1,45,0.00,45.00,Credit Card,
T006311,2026-06-28 16:38,B06,M0042,gold,In-store,Coffee,1,115,0.00,115.00,Cash,
T006312,2026-06-28 16:44,B06,,,In-store,Bakery,1,55,0.00,55.00,QR PromptPay,
T006313,2026-06-28 16:51,B03,M0027,Bronze,In-store,Tea,1,50,5.00,45.00,Cash,
T006314,2026-06-28 18:08,B03,,,App,Bakery,3,85,0.00,255.00,Credit Card,
T006315,2026-06-28 18:22,B06,M0094,Silver,App,Bakery,2,75,0.00,150.00,Credit Card,
T006316,2026-06-28 18:23,B03,M0258,gold,In-store,Coffee,3,90,0.00,270.00,Credit Card,
T006317,2026-06-28 18:44,B05,M0143,Bronze,In-store,Coffee,1,60,0.00,60.00,Cash,4
T006317,2026-06-28 19:59,B05,M0143,Bronze,In-store,Coffee,-1,60,-0.00,-60.00,Cash,
T006318,2026-06-29 07:05,B03,M0249,SILVER,In-store,Bakery,1,105,0.00,105.00,QR PromptPay,3
T006319,2026-06-29 07:53,B06,,,In-store,Coffee,4,60,0.00,240.00,QR PromptPay,
T006320,2026-06-29 08:34,B02,M0274,Gold,App,Tea,2,55,22.00,88.00,App Wallet,
T006321,2026-06-29 08:50,B05,,,Delivery,Coffee,2,95,0.00,190.00,QR PromptPay,2
T006322,2026-06-29 10:27,B04,M0179,Platinum,In-store,Tea,1,95,9.50,85.50,Cash,
T006323,2026-06-29 10:32,B08,M0189,Platinum,App,Bakery,1,60,0.00,60.00,App Wallet,5
T006324,2026-06-29 11:00,B03,M0163,Bronze,Delivery,Coffee,2,90,0.00,180.00,QR PromptPay,
T006325,2026-06-29 11:09,B02,M0308,Bronze,App,Tea,1,55,0.00,55.00,App Wallet,
T006326,2026-06-29 11:26,B08,M0006,Gold,In-store,Coffee,2,90,0.00,180.00,QR PromptPay,
T006327,2026-06-29 12:18,B08,,,In-store,Bakery,1,110,0.00,110.00,QR PromptPay,
T006328,2026-06-29 12:48,B01,M0060,Bronze,App,Coffee,1,110,0.00,110.00,Credit Card,3
T006329,2026-06-29 13:07,B03,M0178,Silver,In-store,Tea,4,70,42.00,238.00,Cash,3
T006330,2026-06-29 13:23,B02,M0274,Gold,Delivery,Coffee,1,100,20.00,80.00,QR PromptPay,
T006331,2026-06-29 13:37,B02,,,App,Coffee,2,90,0.00,180.00,App Wallet,
T006331,2026-06-29 13:37,B02,,,App,Coffee,2,90,0.00,180.00,App Wallet,
T006332,2026-06-29 13:43,B02,,,In-store,Coffee,3,75,0.00,225.00,Credit Card,3
T006333,2026-06-29 15:02,B01,M0235,Silver,In-store,Merchandise,1,415,0.00,415.00,Credit Card,5
T006334,2026-06-29 15:32,B03,M0019,GOLD,In-store,Coffee,2,65,0.00,130.00,Credit Card,4
T006335,2026-06-29 16:09,B01,M0186,Platinum,In-store,Tea,3,95,0.00,285.00,QR PromptPay,
T006336,2026-06-29 16:46,B08,,,In-store,Tea,2,50,0.00,100.00,Credit Card,
T006337,2026-06-29 18:23,B02,M0308,bronze,In-store,Coffee,2,80,0.00,160.00,QR PromptPay,4
T006338,2026-06-29 22:50,B02,,,Delivery,Merchandise,2,640,0.00,1280.00,QR PromptPay,
T006339,2026-06-30 08:45,B05,M0178,Silver,In-store,Coffee,2,60,0.00,120.00,Credit Card,3
T006340,2026-06-30 09:49,B05,M0178,Silver,App,Coffee,2,65,0.00,130.00,App Wallet,3
T006341,2026-06-30 09:51,B06,M0189,Platinum,In-store,Coffee,1,75,15.00,60.00,QR PromptPay,4
T006342,2026-06-30 11:29,B08,M0278,Bronze,In-store,Merchandise,1,790,118.50,671.50,Credit Card,
T006343,2026-06-30 12:01,B03,,,Instore,Coffee,3,120,0.00,360.00,Credit Card,
T006344,2026-06-30 12:06,B08,M0268,Silver,In-store,Bakery,3,105,0.00,315.00,QR PromptPay,
T006345,30/06/2026 12:32,B07,M0079,Gold,In-store,Merchandise,1,780,78.00,702.00,Credit Card,
T006346,2026-06-30 12:33,B01,M0168,Silver,In-store,Tea,1,80,16.00,64.00,Credit Card,
T006347,2026-06-30 12:57,B01,M0071,Silver,Delivery,Coffee,3,115,0.00,345.00,Cash,
T006348,2026-06-30 13:10,B03,M0085,Silver,App,Coffee,2,70,0.00,140.00,App Wallet,5
T006349,2026-06-30 13:12,B02,M0134,Platinum,App,Coffee,3,120,54.00,306.00,App Wallet,4
T006350,2026-06-30 13:28,B04,M0315,Platinum,In-store,Bakery,1,110,0.00,110.00,QR PromptPay,
T006351,2026-06-30 13:31,B08,M0006,Gold,In-store,Tea,1,55,5.50,49.50,QR PromptPay,4
T006352,2026-06-30 14:19,B03,M9862,Silver,In-store,Tea,1,60,6.00,54.00,Credit Card,
T006353,2026-06-30 15:43,B01,M0137,bronze,In-store,Coffee,1,115,11.50,103.50,QR PromptPay,
T006354,30/06/2026 15:47,B07,M0257,Platinum,App,Bakery,1,80,0.00,80.00,App Wallet,
T006355,30/06/2026 16:10,B07,M0100,Bronze,App,Coffee,1,75,0.00,75.00,App Wallet,
T006356,2026-06-30 17:03,B08,M0159,Silver,In-store,Bakery,2,110,33.00,187.00,Cash,5
T006357,2026-06-30 17:26,B04,,,In-store,Coffee,1,100,0.00,100.00,Credit Card,
T006358,2026-06-30 17:35,B01,M0186,Platinum,In-store,Coffee,4,95,19.00,361.00,Cash,3
T006359,2026-06-30 17:42,B04,M0323,Gold,In-store,Coffee,1,105,15.75,89.25,QR PromptPay,
T006360,2026-06-30 17:48,B02,M0140,Bronze,App,Coffee,1,70,0.00,70.00,Credit Card,
T006361,2026-06-30 18:29,B03,M0108,gold,Delivery,Coffee,3,95,0.00,285.00,Cash,
T006362,2026-06-30 19:36,B02,M0031,Silver,In-store,Coffee,1,95,0.00,95.00,Cash,
T006363,2026-06-30 19:51,B03,M0153,Silver,In-store,Coffee,1,120,18.00,102.00,Cash,
T006364,2026-06-30 19:56,B01,M0076,Silver,In-store,Merchandise,2,275,0.00,550.00,QR PromptPay,5
T006365,2026-06-30 19:57,B5,,,In-store,Tea,1,50,0.00,50.00,Credit Card,
T006366,2026-06-30 21:58,B02,,,Delivery,Merchandise,1,625,0.00,625.00,QR PromptPay,
T006367,2026-07-01 08:10,B03,M0181,Bronze,Delivery,Bakery,3,80,0.00,240.00,Cash,
T006368,2026-07-01 09:30,B02,M0229,Silver,App,Coffee,2,85,0.00,170.00,Credit Card,
T006369,2026-07-01 09:32,B02,,,Delivery,Coffee,97,75,0.00,7275.00,Credit Card,4
T006370,2026-07-01 10:17,B05,M0077,Silver,In-store,Merchandise,4,710,568.00,2272.00,QR PromptPay,
T006371,2026-07-01 12:07,B03,M0110,Silver,In-store,Coffee,1,70,0.00,70.00,Credit Card,3
T006372,2026-07-01 12:53,B03,M0035,Bronze,In-store,Tea,2,90,18.00,162.00,QR PromptPay,
T006373,2026-07-01 12:58,B04,M0264,Platinum,Delivery,Coffee,2,60,12.00,108.00,Cash,3
T006374,2026-07-01 13:50,B08,,,In-store,Coffee,1,80,0.00,80.00,Cash,3
T006375,2026-07-01 14:47,B05,M0082,Gold,In-store,Tea,3,50,0.00,150.00,Credit Card,5
T006376,2026-07-01 14:51,B08,,,In-store,Bakery,3,80,0.00,240.00,Cash,
T006377,2026-07-01 15:36,B03,M0280,Silver,App,Coffee,1,65,0.00,65.00,App Wallet,3
T006378,2026-07-01 18:38,B06,M0093,Bronze,App,Coffee,3,80,0.00,240.00,Credit Card,5
T006379,01/07/2026 19:15,B07,M0327,Silver,Delivery ,Coffee,2,90,0.00,180.00,Cash,
T006380,02/07/2026 07:08,B07,M0017,Bronze,In-store,Coffee,1,80,0.00,80.00,QR PromptPay,
T006381,2026-07-02 07:44,B01,,,In-store,Bakery,1,85,0.00,85.00,Cash,4
T006382,2026-07-02 08:09,B02,,,App,Coffee,2,75,0.00,150.00,Credit Card,
T006383,2026-07-02 08:47,B03,,,Delivery,Tea,1,70,0.00,70.00,Cash,4
T006384,2026-07-02 09:25,B04,M0326,Bronze,In-store,Coffee,1,115,0.00,115.00,Credit Card,
T006385,2026-07-02 11:42,B01,M0086,Gld,In-store,Coffee,1,105,0.00,105.00,QR PromptPay,
T006386,2026-07-02 12:29,B08,,,In-store,Coffee,2,110,0.00,220.00,Credit Card,4
T006387,02/07/2026 12:42,B07,M0079,Gold,In-store,Coffee,1,55,0.00,55.00,Credit Card,
T006388,2026-07-02 12:50,B03,M0019,Gold,Delivery,Tea,1,80,4.00,76.00,Cash,5
T006389,2026-07-02 12:58,B02,M0176,Bronze,App,Coffee,1,65,0.00,65.00,Credit Card,
T006390,02/07/2026 13:09,B07,M0209,Bronze,In-store,Bakery,4,70,0.00,280.00,QR PromptPay,
T006391,2026-07-02 13:19,B06,M0313,Bronze,Delivery,Coffee,4,75,0.00,300.00,QR PromptPay,5
T006392,2026-07-02 13:46,B08,,,In-store,Coffee,1,120,0.00,120.00,Cash,
T006393,2026-07-02 14:00,B05,M0178,Silver,Delivery,Coffee,1,85,0.00,85.00,QR PromptPay,
T006394,2026-07-02 14:47,B04,M0291,Bronze,Delivery,Coffee,1,90,0.00,90.00,Cash,
T006395,2026-07-02 15:06,B08,,,App,Tea,2,90,0.00,180.00,App Wallet,
T006396,02/07/2026 15:18,B07,M0065,Platinum,In-store,Bakery,1,65,6.50,58.50,Credit Card,
T006397,2026-07-02 15:28,B01,M0186,Platinum,App,Bakery,3,55,16.50,148.50,App Wallet,
T006398,2026-07-02 16:02,B08,M0187,Silver,In-store,Bakery,2,55,0.00,110.00,Cash,
T006399,2026-07-02 16:25,B04,M0291,Bronze,App,Coffee,1,90,0.00,90.00,Credit Card,4
T006400,2026-07-02 16:40,B04,M0018,Bronze,In-store,Coffee,2,90,0.00,180.00,Cash,4
T006401,02/07/2026 18:05,B07,M0073,Gold,Delivery,Coffee,4,55,0.00,220.00,Cash,
T006402,2026-07-02 18:32,B04,M0006,Gold,App,Bakery,4,60,0.00,240.00,App Wallet,
T006403,2026-07-02 19:10,B08,M0306,Bronze,In-store,Tea,3,70,0.00,210.00,QR PromptPay,3
T006404,2026-07-02 19:29,B01,M0186,Platinum,In-store,Coffee,1,60,3.00,57.00,Credit Card,
T006405,2026-07-02 21:28,B02,M0283,Silver,Delivery,Tea,3,95,0.00,285.00,QR PromptPay,4
T006406,2026-07-02 23:20,B02,,,Delivery,Coffee,2,85,0.00,170.00,QR PromptPay,
T006407,2026-07-03 07:01,B03,M0272,Silver,In-store,Tea,3,80,12.00,228.00,Credit Card,3
T006408,2026-07-03 08:45,B08,M0273,Gold,App,Coffee,3,70,0.00,210.00,App Wallet,
T006409,2026-07-03 08:47,B02,M0210,Bronze,Delivery,Coffee,1,105,5.25,99.75,QR PromptPay,
T006410,2026-07-03 08:52,B05,M0059,Bronze,In-store,Bakery,2,45,0.00,90.00,Cash,
T006411,2026-07-03 09:43,B03,,,Delivery,Coffee,1,90,0.00,90.00,QR PromptPay,4
T006412,2026-07-03 09:46,B01,M0214,Platinum,In-store,Bakery,1,55,0.00,55.00,Cash,
T006413,03/07/2026 09:46,B07,M0065,Platinum,App,Coffee,1,100,5.00,95.00,App Wallet,
T006414,2026-07-03 09:48,B03,,,In-store,Coffee,1,110,0.00,110.00,Cash,
T006415,2026-07-03 11:25,B08,M0006,Gold,In-store,Merchandise,1,305,0.00,305.00,QR PromptPay,
T006416,2026-07-03 11:41,B04,,,In-store,Bakery,1,60,0.00,60.00,Credit Card,
T006417,2026-07-03 11:59,B01,M0197,Silver,In-store,Coffee,1,115,0.00,115.00,Cash,
T006418,2026-07-03 12:08,B04,M0078,Bronze,In-store,Bakery,4,105,0.00,420.00,QR PromptPay,3
T006419,2026-07-03 13:04,B08,M0278,Bronze,App,Bakery,4,105,0.00,420.00,App Wallet,
T006420,2026-07-03 13:13,B02,,,Delivery,Tea,1,60,0.00,60.00,Credit Card,
T006421,03/07/2026 13:26,B07,,,In-store,Tea,1,60,0.00,60.00,Cash,
T006422,2026-07-03 13:37,B06,M0049,Platinum,In-store,Coffee,2,90,0.00,180.00,QR PromptPay,
T006423,2026-07-03 13:59,B01,M0186,Platinum,APP,Coffee,3,65,9.75,185.25,Credit Card,
T006424,2026-07-03 15:11,B03,M0163,Bronze,In-store,Coffee,1,65,13.00,52.00,Credit Card,
T006425,2026-07-03 16:11,B05,,,In-store,Coffee,1,115,0.00,115.00,QR PromptPay,3
T006426,03/07/2026 16:15,B07,M0068,Bronze,App,Coffee,1,100,0.00,100.00,Credit Card,
T006427,2026-07-03 16:56,B03,M0249,Silver,App,Tea,1,85,0.00,85.00,App Wallet,3
T006428,03/07/2026 17:35,B07,M0013,Silver,In-store,Bakery,1,105,0.00,105.00,Credit Card,3
T006429,2026-07-03 17:50,B06,M0091,Bronze,Deliv.,Tea,2,65,0.00,130.00,Credit Card,
T006430,2026-07-03 18:37,B04,M0045,Bronze,App,Coffee,1,95,0.00,95.00,Credit Card,
T006431,03/07/2026 19:19,B07,,,App,Bakery,1,55,0.00,55.00,App Wallet,
T006432,2026-07-03 22:41,B02,,,Delivery,Bakery,3,100,0.00,300.00,QR PromptPay,
T006433,2026-07-04 07:01,B08,,,App,Merchandise,1,330,0.00,330.00,Credit Card,
T006434,2026-07-04 07:10,B06,,,Delivery,Coffee,4,85,0.00,340.00,Credit Card,4
T006435,2026-07-04 07:49,B06,M0121,Silver,In-store,Coffee,1,75,7.50,67.50,Credit Card,
T006436,2026-07-04 08:19,B06,M0012,Bronze,In-store,Coffee,1,75,0.00,75.00,QR PromptPay,4
T006437,2026-07-04 08:38,B02,,,In-store,Bakery,1,50,0.00,50.00,QR PromptPay,
T006438,2026-07-04 09:11,B03,,,App,Bakery,1,95,0.00,95.00,Credit Card,
T006439,2026-07-04 10:48,B06,M0232,Bronze,In-store,Coffee,1,60,0.00,60.00,Credit Card,
T006440,2026-07-04 12:04,B03,M0254,Bronze,In-store,Coffee,1,55,0.00,55.00,Credit Card,
T006441,2026-07-04 12:04,B06,M0228,Bronze,Delivery,Bakery,3,45,0.00,135.00,Credit Card,3
T006442,2026-07-04 12:31,B06,M0071,Silver,App,Coffee,1,120,12.00,108.00,Credit Card,
T006443,2026-07-04 12:34,B04,M0228,Bronze,App,Coffee,1,95,0.00,95.00,App Wallet,
T006444,2026-07-04 13:04,B08,,,In store,Coffee,4,80,0.00,320.00,Cash,
T006445,2026-07-04 13:17,B03,,,In-store,Merchandise,3,330,0.00,990.00,QR PromptPay,
T006446,2026-07-04 13:21,B02,M0210,Bronze,App,Bakery,1,80,0.00,80.00,Credit Card,
T006447,2026-07-04 13:39,B01,M0082,Gold,In-store,Tea,2,60,0.00,120.00,Cash,4
T006448,2026-07-04 14:10,B04,M0320,Silver,In-store,Tea,1,65,6.50,-31.50,Cash,
T006449,2026-07-04 14:16,B02,,,App,Coffee,1,120,0.00,120.00,App Wallet,
T006450,2026-07-04 14:49,B06,M0042,Gold,In-store,Coffee,1,80,12.00,68.00,Cash,
T006451,2026-07-04 15:10,B06,,,In-store,Coffee,4,70,0.00,280.00,Credit Card,
T006452,2026-07-04 16:25,B08,,,In-store,Bakery,2,60,0.00,120.00,QR PromptPay,3
T006453,04/07/2026 16:50,B07,M0270,Bronze,In-store,Bakery,4,105,0.00,420.00,Credit Card,1
T006454,04/07/2026 18:11,B07,M0186,Platinum,In-store,Coffee,2,85,0.00,170.00,Credit Card,
T006455,2026-07-04 19:55,B04,M0311,Bronze,In-store,Bakery,1,95,0.00,95.00,QR PromptPay,
T006456,2026-07-05 07:01,B05,M0059,Bronze,In-store,Coffee,1,115,0.00,115.00,Credit Card,
T006457,2026-07-05 08:42,B01,M0102,bronze,In-store,Bakery,2,85,0.00,170.00,Cash,
T006458,2026-07-05 08:53,B04,M0315,Platinum,In-store,Coffee,2,100,0.00,200.00,Cash,
T006459,2026-07-05 11:39,B05,,,App,Bakery,3,60,0.00,180.00,App Wallet,
T006460,2026-07-05 12:06,B05,,,In-store,Bakery,2,90,0.00,180.00,Cash,
T006461,2026-07-05 12:33,B05,M0088,Silver,App,Coffee,1,75,0.00,75.00,App Wallet,
T006462,2026-07-05 12:55,B03,,,Delivery,Merchandise,1,510,0.00,510.00,Cash,3
T006463,2026-07-05 13:00,B03,,,In-store,Bakery,1,55,0.00,55.00,Credit Card,
T006464,2026-07-05 13:07,B03,M0031,Silver,App,Coffee,1,105,0.00,105.00,Credit Card,5
T006465,2026-07-05 13:10,B08,M0268,Silver,Delivery,Coffee,3,80,12.00,228.00,QR PromptPay,
T006465,2026-07-05 13:10,B08,M0268,Silver,Delivery,Coffee,3,80,12.00,228.00,QR PromptPay,
T006466,05/07/2026 13:11,B07,M0115,Silver,In-store,Coffee,1,100,0.00,20.00,Cash,
T006467,2026-07-05 13:48,B08,M0253,Silver,In-store,Coffee,1,60,0.00,60.00,QR PromptPay,
T006468,2026-07-05 13:52,B03,M0254,Bronze,In-store,Coffee,1,95,4.75,90.25,QR PromptPay,5
T006469,05/07/2026 13:53,B07,,,Instore,Coffee,1,80,0.00,80.00,Cash,
T006470,2026-07-05 13:54,B06,M0049,Platinum,App,Coffee,3,105,0.00,315.00,App Wallet,4
T006471,2026-07-05 14:06,B05,M0091,Bronze,In-store,Tea,1,55,0.00,55.00,QR PromptPay,4
T006472,2026-07-05 14:29,B02,M0176,Bronze,In-store,Coffee,1,120,0.00,120.00,QR PromptPay,
T006465,2026-07-05 14:39,B08,M0268,Silver,Delivery,Coffee,-3,80,-12.00,-228.00,QR PromptPay,
T006473,2026-07-05 16:06,B04,M0207,Gold,App,Coffee,1,55,0.00,55.00,App Wallet,
T006474,2026-07-05 16:10,B02,M0069,Silver,Instore,Tea,1,95,9.50,85.50,Cash,
T006475,2026-07-05 16:14,B04,M0018,Bronze,Delivery,Coffee,2,55,0.00,110.00,Credit Card,
T006476,2026-07-05 16:25,B02,,,App,Bakery,2,65,0.00,130.00,Credit Card,5
T006477,2026-07-05 16:36,B03,M0115,Silver,In store,Tea,1,50,5.00,45.00,Cash,
T006478,2026-07-05 17:08,B04,M0040,Bronze,In-store,Coffee,1,115,0.00,115.00,Credit Card,
T006479,2026-07-05 17:30,B01,M0268,Silver,App,Coffee,3,105,0.00,315.00,Credit Card,2
T006480,2026-07-05 18:54,B02,M0081,Bronze,In-store,Coffee,1,120,0.00,120.00,QR PromptPay,
T006481,2026-07-05 19:11,B01,M0069,Silver,Delivery,Coffee,1,100,15.00,85.00,QR PromptPay,3
T006482,2026-07-05 23:07,B02,,,Delivery,Coffee,1,85,0.00,85.00,QR PromptPay,
T006483,2026-07-06 07:58,B04,,,App,Tea,1,55,0.00,55.00,Credit Card,3
T006484,2026-07-06 08:09,B02,M0325,Platinum,APP,Coffee,3,115,0.00,345.00,Credit Card,
T006485,2026-07-06 08:11,B04,M0203,Bronze,App,Coffee,2,80,0.00,160.00,App Wallet,2
T006486,2026-07-06 08:15,B03,,,In-store,Coffee,1,80,0.00,80.00,Cash,4
T006487,2026-07-06 08:19,B03,M0177,Bronze,In-store,Coffee,1,120,0.00,120.00,Cash,5
T006488,2026-07-06 08:37,B02,M0325,Platinum,Delivery,Bakery,2,105,21.00,189.00,Cash,3
T006489,2026-07-06 09:21,B08,,,In-store,Tea,2,95,0.00,190.00,Credit Card,
T006490,2026-07-06 10:29,B08,,,In-store,Coffee,1,120,0.00,120.00,QR PromptPay,5
T006491,2026-07-06 10:31,B04,,,In-store,Merchandise,1,485,0.00,485.00,QR PromptPay,3
T006492,2026-07-06 10:32,B06,M0280,Silver,App,Coffee,1,120,12.00,108.00,Credit Card,
T006493,2026-07-06 12:10,B02,M0023,Bronze,In-store,Bakery,1,65,0.00,65.00,Credit Card,
T006494,2026-07-06 12:11,B02,M0144,Gold,App,Coffee,1,65,0.00,65.00,Credit Card,
T006495,2026-07-06 12:22,B02,M0229,Silver,In-store,Merchandise,4,555,0.00,2220.00,Cash,4
T006496,2026-07-06 12:29,B06,,,In-store,Coffee,1,120,0.00,120.00,Cash,3
T006497,2026-07-06 12:41,B04,M0024,Silver,In-store,Bakery,1,110,22.00,88.00,Credit Card,
T006498,06/07/2026 12:42,B07,M0201,Bronze,App,Merchandise,4,395,0.00,1580.00,Credit Card,
T006499,2026-07-06 12:43,B06,,,App,Coffee,1,85,0.00,85.00,Credit Card,
T006500,2026-07-06 13:38,B01,,,Delivery,Tea,1,80,0.00,80.00,QR PromptPay,
T006501,2026-07-06 14:38, B08,,,App,Coffee,1,90,0.00,90.00,App Wallet,
T006502,06/07/2026 15:22,B07,M0161,Bronze,App,Coffee,1,115,11.50,103.50,Credit Card,1
T006503,06/07/2026 16:05,B07,M0066,Silver,In-store,Tea,1,85,0.00,85.00,QR PromptPay,
T006504,2026-07-06 16:06,B06,,,Delivery,Coffee,1,85,0.00,85.00,Credit Card,4
T006505,2026-07-06 16:18,B03,M0150,Bronze,App,Coffee,1,90,0.00,90.00,App Wallet,
T006506,2026-07-06 16:30,B05,M0088,Silver,In-store,Tea,2,60,0.00,120.00,QR PromptPay,
T006507,2026-07-06 17:06,B05,M0091,Bronze,In-store,Tea,1,85,0.00,85.00,QR PromptPay,3
T006508,2026-07-06 17:06,B08,,,In-store,Bakery,2,95,0.00,190.00,QR PromptPay,5
T006509,2026-07-06 17:21,B05,M0148,Silver,In-store,Coffee,1,65,0.00,65.00,Cash,
T006510,06/07/2026 17:32,B07,M0201,Bronze,In-store,Bakery,1,70,0.00,70.00,Credit Card,
T006511,2026-07-06 17:43,B04,M0222,Bronze,App,Coffee,1,120,0.00,120.00,App Wallet,
T006512,2026-07-06 18:26,B03,M0272,Silver,In-store,Bakery,1,70,7.00,63.00,Credit Card,
T006513,2026-07-07 07:52,B03,M0115,Silver,App,Merchandise,2,335,0.00,670.00,Credit Card,
T006514,2026-07-07 08:09,B05,,,App,Tea,2,85,0.00,170.00,Credit Card,
T006515,2026-07-07 08:19,B04,M0018,Bronze,In-store,Coffee,1,80,0.00,80.00,Credit Card,
T006516,2026-07-07 09:17,B02,M0020,Bronze,Delivery,Tea,2,85,0.00,170.00,QR PromptPay,
T006517,2026-07-07 09:41,B08,M0223,Bronze,In-store,Bakery,2,100,10.00,190.00,Cash,
T006518,2026-07-07 12:08,B04,,,In-store,Coffee,1,110,0.00,110.00,QR PromptPay,
T006519,2026-07-07 13:04,B01,,,App,Merchandise,4,330,0.00,1320.00,App Wallet,
T006520,2026-07-07 13:05,B04,,,App,Coffee,1,55,0.00,55.00,Credit Card,4
T006521,07/07/2026 13:31,B07,,,App,Coffee,1,115,0.00,115.00,App Wallet,2
T006522,2026-07-07 14:15,B08,M0006,Gold,In-store,Tea,4,50,0.00,200.00,Cash,
T006523,2026-07-07 14:19,B08,M0194,Bronze,In-store,Coffee,1,85,0.00,85.00,Credit Card,
T006524,2026-07-07 15:35,B04,M0291,Bronze,App,Coffee,1,100,0.00,100.00,App Wallet,4
T006525,2026-07-07 16:13,B04,,,App,Coffee,1,95,0.00,95.00,App Wallet,3
T006526,2026-07-07 16:25,B02,M0274,Gold,In-store,Coffee,1,85,4.25,80.75,QR PromptPay,
T006527,07/07/2026 16:28,B07,M0013,Silver,App,Coffee,1,55,0.00,55.00,Credit Card,
T006528,2026-07-07 16:57,B03,,,App,Coffee,1,115,0.00,115.00,Credit Card,
T006529,2026-07-07 17:53,B03,M0121,Silver,App,Coffee,2,100,40.00,160.00,App Wallet,
T006530,2026-07-07 18:13,b01,M0137,Bronze,In-store,Tea,2,65,0.00,130.00,Cash,
T006531,2026-07-07 19:01,B03,,,Delivery,Coffee,2,95,0.00,190.00,QR PromptPay,
T006532,2026-07-07 19:05,B06,M0100,Bronze,App,Coffee,1,115,0.00,115.00,Credit Card,
T006533,2026-07-07 19:09,B04,,,In-store,Coffee,1,85,0.00,85.00,Credit Card,5
T006534,2026-07-08 07:25,B01,M0215,Bronze,In-store,Coffee,1,60,0.00,60.00,Credit Card,
T006535,2026-07-08 07:51,B05,M0083,Gold,App,Coffee,4,75,30.00,270.00,App Wallet,
T006536,2026-07-08 08:16,B08,M0278,Bronze,In-store,Bakery,3,85,0.00,255.00,Credit Card,4
T006537,2026-07-08 08:36,B05,,,In-store,Tea,1,60,0.00,60.00,Credit Card,
T006538,2026-07-08 09:17,B01,M0137,Bronze,In-store,Coffee,1,65,0.00,65.00,Credit Card,
T006539,2026-07-08 09:39,B05,M0278,Bronze,In-store,Coffee,1,85,0.00,85.00,Cash,2
T006540,2026-07-08 09:51,B08,M0302,Bronze,In-store,Coffee,1,55,0.00,55.00,Cash,4
T006541,2026-07-08 09:55,B04,,,Delivery,Coffee,1,75,0.00,75.00,QR PromptPay,
T006542,2026-07-08 10:53,B01,M0102,Bronze,In-store,Tea,2,80,0.00,160.00,Cash,
T006543,2026-07-08 11:13,B03,M0315,Platinum,In-store,Tea,1,75,0.00,75.00,Credit Card,
T006544,2026-07-08 11:15,B01,M0052,Bronze,In-store,Coffee,3,55,0.00,165.00,Credit Card,4
T006545,2026-07-08 12:06,B05,M0308,Bronze,In-store,Tea,4,90,0.00,360.00,Credit Card,
T006546,2026-07-08 12:30,B04,M0045,Bronze,In-store,Merchandise,1,800,0.00,800.00,QR PromptPay,
T006547,2026-07-08 12:36,B03,,,In-store,Tea,2,85,0.00,170.00,Credit Card,
T006548,08/07/2026 12:42,B07,,,In-store,Tea,4,55,0.00,220.00,QR PromptPay,3
T006549,2026-07-08 12:46,B05,,,In-store,Coffee,4,110,0.00,440.00,Credit Card,
T006550,2026-07-08 12:49,B02,M0155,Platinum,In-store,Coffee,2,105,0.00,210.00,Cash,
T006551,2026-07-08 13:06,B08,M0189,Platinum,App,Coffee,1,75,0.00,55.00,Credit Card,
T006552,2026-07-08 14:35,B05,M0299,Platinum,Delivery,Tea,1,70,7.00,63.00,Credit Card,
T006553,2026-07-08 14:45,B03,M0234,Silver,In-store,Coffee,1,100,5.00,95.00,QR PromptPay,
T006554,08/07/2026 15:00,B07,,,App,Merchandise,4,555,0.00,2220.00,App Wallet,
T006555,2026-07-08 17:44,B05,,,In-store,Tea,1,60,0.00,60.00,QR PromptPay,4
T006556,08/07/2026 18:17,B07,,,App,Coffee,2,80,0.00,160.00,App Wallet,
T006557,2026-07-08 19:15,B03,M0049,Platinum,In-store,Bakery,1,65,0.00,65.00,Credit Card,
T006558,2026-07-08 19:17,B03,,,In-store,Merchandise,2,315,0.00,630.00,Credit Card,5
T006559,2026-07-09 07:02,B02,M0315,Platinum,In-store,Coffee,1,90,4.50,85.50,Cash,4
T006560,09/07/2026 08:04,B07,,,In-store,Coffee,1,115,0.00,115.00,QR PromptPay,3
T006561,2026-07-09 08:21,B02,M0302,Brz,In-store,Coffee,2,105,0.00,210.00,Credit Card,5
T006562,2026-07-09 10:04,B06,M0165,Bronze,App,Tea,2,65,0.00,130.00,App Wallet,3
T006563,2026-07-09 10:35,B04,M0088,Silver,In-store,Coffee,1,110,11.00,99.00,QR PromptPay,
T006564,2026-07-09 12:28,B06,M0049,Platinum,Delivery,Coffee,1,115,23.00,92.00,Cash,4
T006565,2026-07-09 12:31,B06,M9823,Bronze,Delivery,Bakery,1,65,0.00,65.00,Cash,5
T006566,2026-07-09 12:32,B04,M0093,Bronze,In-store,Merchandise,1,390,0.00,390.00,Cash,2
T006567,09/07/2026 13:14,B07,M0274,Gold,In-store,Coffee,1,70,0.00,70.00,Credit Card,
T006568,09/07/2026 13:28,B07,,,In-store,Bakery,2,100,0.00,200.00,Credit Card,
T006569,2026-07-09 13:48,B05,M0038,Bronze,In-store,Coffee,2,55,0.00,110.00,QR PromptPay,
T006570,2026-07-09 15:17,B01,M0183,Bronze,In-store,Bakery,2,100,0.00,200.00,Cash,
T006571,2026-07-09 16:00,B06,M0082,Gold,delivery,Coffee,1,90,0.00,90.00,QR PromptPay,
T006572,2026-07-09 16:02,B02,,,In-store,Coffee,1,90,0.00,90.00,QR PromptPay,5
T006573,2026-07-09 16:57,B06,M0226,Bronze,In-store,Coffee,1,85,0.00,85.00,Cash,
T006574,2026-07-09 16:57,B04,M0217,Silver,In-store,Bakery,1,45,0.00,45.00,Cash,5
T006575,09/07/2026 17:41,B07,M0216,Gold,In-store,Coffee,2,60,0.00,120.00,QR PromptPay,
T006576,2026-07-09 18:53,B04,M0207,Gold,App,Tea,1,65,0.00,65.00,App Wallet,
T006577,2026-07-09 19:42,B05,M0077,Silver,App,Merchandise,1,800,40.00,760.00,App Wallet,2
T006578,2026-07-09 19:53,B02,,,In-store,Bakery,2,95,0.00,190.00,QR PromptPay,
T006579,2026-07-09 22:54,B02,M0055,Bronze,Delivery,Merchandise,2,475,0.00,950.00,Credit Card,
T006580,2026-07-09 22:59,B02,M0234,Silver,Delivery,Tea,2,95,0.00,190.00,Credit Card,
T006581,2026-07-10 08:10,B01,M0266,PLATINUM,In-store,Bakery,2,70,14.00,126.00,Credit Card,
T006582,10/07/2026 08:14,B07,,,In-store,Tea,1,80,0.00,80.00,QR PromptPay,2
T006583,2026-07-10 08:19,B02,M0144,Gold,App,Coffee,1,55,0.00,55.00,Credit Card,
T006584,2026-07-10 08:23,B01,M0186,Platinum,In-store,Merchandise,1,320,0.00,320.00,Cash,5
T006585,2026-07-10 08:48,B02,M0322,Silver,In-store,Coffee,1,55,0.00,55.00,QR PromptPay,
T006586,2026-07-10 09:52,B04,M0315,Platinum,In-store,Tea,3,60,0.00,180.00,QR PromptPay,
T006587,2026-07-10 11:11,B04,M0217,Silver,In-store,Coffee,4,120,0.00,480.00,Credit Card,
T006588,2026-07-10 11:19,B02,M0210,Bronze,In-store,Coffee,4,55,0.00,220.00,QR PromptPay,5
T006587,2026-07-10 11:44,B04,M0217,Silver,In-store,Coffee,-4,120,-0.00,-480.00,Credit Card,
T006589,2026-07-10 13:03,B06,M0221,Silver,In-store,Merchandise,1,295,0.00,295.00,Credit Card,
T006590,2026-07-10 13:15,B05,,,Delivery,Bakery,2,105,0.00,210.00,QR PromptPay,
T006591,2026-07-10 13:31,B04,M0224,Bronze,In-store,Merchandise,1,690,0.00,690.00,Credit Card,3
T006592,2026-07-10 14:06,B08,M0006,Gold,In-store,Coffee,4,90,0.00,360.00,QR PromptPay,
T006593,2026-07-10 15:14,B02,M0018,Bronze,In-store,Coffee,1,60,0.00,60.00,QR PromptPay,
T006594,2026-07-10 15:55,B08,M0066,Silver,In-store,Bakery,1,50,0.00,50.00,QR PromptPay,3
T006595,10/07/2026 16:11,B07,M0209,Bronze,In-store,Coffee,3,110,0.00,330.00,Credit Card,
T006596,2026-07-10 16:23,B08,M0204,Gold,In-store,Coffee,4,75,45.00,255.00,QR PromptPay,
T006597,2026-07-10 16:29,B05,M0091,Bronze,App,Coffee,1,80,0.00,80.00,App Wallet,
T006598,2026-07-10 17:08,B01,M0227,Bronze,In-store,Bakery,2,100,0.00,200.00,QR PromptPay,
T006599,2026-07-10 18:12,B04,,,In-store,Bakery,1,80,0.00,80.00,Credit Card,
T006600,2026-07-10 19:04,B05,M0077,Silver,In-store,Coffee,1,115,5.75,109.25,QR PromptPay,3
T006601,2026-07-11 08:08,B03,M0266,Platinum,Delivery,Coffee,4,65,0.00,260.00,Cash,
T006602,2026-07-11 08:22,B08,M0049,Platinum,In-store,Bakery,1,50,10.00,40.00,QR PromptPay,
T006603,2026-07-11 08:47,B08,,,In-store,Bakery,1,45,0.00,45.00,QR PromptPay,4
T006604,2026-07-11 08:51,B02,,,In-store,Coffee,2,115,0.00,230.00,Credit Card,3
T006605,11/07/2026 09:00,B07,,,In-store,Coffee,1,85,0.00,85.00,Cash,
T006606,2026-07-11 10:05,B01,M0186,Platinum,In-store,Coffee,1,105,5.25,99.75,QR PromptPay,
T006607,2026-07-11 10:39,B02,,,In-store,Coffee,2,65,0.00,130.00,Cash,
T006608,2026-07-11 11:46,B05,,,App,Coffee,2,60,0.00,120.00,Credit Card,
T006609,2026-07-11 12:16,B08,M0104,Gold,App,Coffee,1,120,0.00,120.00,App Wallet,5
T006610,2026-07-11 12:18,B01,M0069,Silver,App,Bakery,2,85,0.00,170.00,Credit Card,
T006611,2026-07-11 12:22,B03,M0035,Bronze,Delivery,Bakery,1,70,3.50,66.50,Credit Card,
T006612,2026-07-11 12:26,B03,,,App,Bakery,1,105,0.00,105.00,Credit Card,4
T006613,11/07/2026 12:32,B07,M0128,Silver,In-store,Coffee,2,75,0.00,150.00,Credit Card,1
T006614,2026-07-11 12:33,B03,,,App,Coffee,3,60,0.00,180.00,Credit Card,
T006615,2026-07-11 12:51,B06,M0134,Platinum,In-store,Coffee,3,95,0.00,285.00,Credit Card,
T006616,2026-07-11 12:57,B02,,,Delivery,Tea,1,85,0.00,85.00,QR PromptPay,
T006609,2026-07-11 13:07,B08,M0104,Gold,App,Coffee,-1,120,-0.00,-120.00,App Wallet,
T006617,2026-07-11 13:11,B01,M9108,Bronze,In-store,Coffee,2,100,0.00,200.00,Cash,
T006618,2026-07-11 13:41,B04,M0153,SILVER,App,Coffee,2,105,0.00,210.00,App Wallet,
T006619,11/07/2026 13:46,B07,M9862,gold,In-store,Coffee,2,70,14.00,126.00,Cash,1
T006620,11/07/2026 14:03,B07,M0244,Gold,Delivery,Tea,1,65,13.00,52.00,Cash,
T006621,2026-07-11 14:43,B04,,,In-store,Coffee,1,95,0.00,95.00,Credit Card,
T006622,2026-07-11 14:51,B04,M0206,Silver,In-store,Coffee,2,65,13.00,117.00,QR PromptPay,
T006623,11/07/2026 16:08,B07,M0034,Gold,Delivery,Bakery,2,80,8.00,152.00,QR PromptPay,
T006624,2026-07-11 16:09,B02,,,Delivery,Coffee,3,65,0.00,195.00,QR PromptPay,
T006625,2026-07-11 16:17,B04,M0304,Platinum,Delivery,Coffee,1,55,0.00,55.00,Credit Card,
T006626,2026-07-11 16:32,B08,M0159,Silver,App,Coffee,1,90,0.00,90.00,Credit Card,
T006627,2026-07-11 16:45,B06,M0251,Bronze,In-store,Merchandise,1,795,0.00,795.00,Credit Card,
T006628,2026-07-11 16:47,B02,,,In-store,Bakery,3,45,0.00,135.00,QR PromptPay,
T006629,2026-07-11 16:53,B03,,,In-store,Coffee,2,60,0.00,120.00,Cash,
T006630,2026-07-11 16:54,B06,,,In-store,Coffee,1,110,0.00,110.00,QR PromptPay,
T006631,2026-07-11 16:55,B01,M0197,Silver,In-store,Coffee,1,65,0.00,65.00,Credit Card,
T006632,2026-07-11 17:15,B03,M0175,Silver,In-store,Bakery,4,45,0.00,180.00,QR PromptPay,
T006633,2026-07-11 17:16,B04,M0179,Platinum,In-store,Coffee,1,70,14.00,56.00,Cash,
T006634,11/07/2026 18:56,B07,M0079,Gold,In-store,Bakery,3,60,27.00,153.00,QR PromptPay,2
T006635,2026-07-12 01:04,B02,,,Delivery,Coffee,1,90,0.00,90.00,QR PromptPay,
T006636,2026-07-12 07:37,B04,M0249,Silver,In-store,Coffee,1,90,13.50,76.50,QR PromptPay,
T006637,12/07/2026 08:04,B07,M0139,Bronze,Delivery,Merchandise,1,395,0.00,395.00,QR PromptPay,
T006638,2026-07-12 08:57,B02,,,Delivery,Coffee,1,65,0.00,65.00,Credit Card,4
T006637,12/07/2026 09:12,B07,M0139,Bronze,Delivery,Merchandise,-1,395,-0.00,-395.00,QR PromptPay,
T006639,12/07/2026 09:13,B07,,,In-store,Coffee,2,70,0.00,140.00,Cash,
T006640,2026-07-12 10:03,B03,M0138,Silver,In-store,Coffee,3,65,0.00,195.00,QR PromptPay,
T006641,12/07/2026 11:50,B07,M0053,Bronze,In-store,Bakery,1,95,0.00,95.00,Credit Card,
T006642,2026-07-12 12:25,B04,M0090,Platinum,In-store,Coffee,2,65,26.00,104.00,Credit Card,
T006643,2026-07-12 12:46,B08,M0164,Gold,App,Coffee,2,115,34.50,195.50,Credit Card,
T006644,2026-07-12 12:59,B03,M0117,Silver,In-store,Coffee,3,60,18.00,162.00,Cash,
T006645,2026-07-12 13:26,B08,M0189,Platinum,App,Bakery,4,110,22.00,418.00,App Wallet,
T006646,2026-07-12 13:44,B03,,,App,Coffee,2,65,0.00,130.00,App Wallet,
T006647,12/07/2026 13:44,B07,M0235,Silver,In-store,Bakery,2,100,0.00,200.00,Credit Card,
T006648,2026-07-12 13:46,B05,M0077,Silver,In-store,Tea,3,70,10.50,199.50,Credit Card,
T006649,2026-07-12 15:37,B03,M0312,Silver,App,Tea,3,65,19.50,175.50,App Wallet,5
T006650,2026-07-12 15:42,B08,M0189,Platinum,In-store,Tea,2,80,0.00,160.00,QR PromptPay,4
T006651,12/07/2026 15:49,B07,M0201,Bronze,In-store,Tea,1,65,0.00,65.00,Credit Card,
T006652,2026-07-12 15:54,B02,M0144,Gold,In-store,Coffee,1,55,0.00,55.00,Credit Card,
T006653,2026-07-12 16:02,B06,,,In-store,Coffee,1,90,0.00,90.00,QR PromptPay,3
T006654,2026-07-12 16:03,B05,M0227,Bronze,App,Coffee,1,110,0.00,110.00,Credit Card,4
T006655,2026-07-12 16:25,B03,,,In-store,Bakery,1,60,0.00,-10.00,QR PromptPay,
T006656,2026-07-12 16:31,B01,M0137,BRONZE,App,Coffee,3,75,0.00,225.00,Credit Card,
T006657,12/07/2026 18:58,B07,M0079,Gold,In-store,Tea,1,85,0.00,85.00,Credit Card,
T006658,2026-07-12 19:27,B01,M0029,Bronze,Delivery,Coffee,1,100,0.00,100.00,QR PromptPay,3
T006659,2026-07-12 22:02,B02,,,Deliv.,Bakery,2,65,0.00,130.00,Credit Card,
T006660,2026-07-13 07:54,B08,M0039,Silver,In-store,Tea,2,85,17.00,153.00,Credit Card,
T006661,2026-07-13 08:14,B04,,,App,Coffee,1,65,0.00,65.00,Credit Card,
T006662,2026-07-13 08:39,B02,M0152,Bronze,In-store,Bakery,1,85,0.00,85.00,QR PromptPay,5
T006663,13/07/2026 10:16,B07,M0128,Silver,In-store,Coffee,1,75,0.00,75.00,Credit Card,
T006664,2026-07-13 10:35,B01,M0102,Bronze,In-store,Bakery,1,45,0.00,45.00,QR PromptPay,5
T006665,2026-07-13 11:18,B04,M0041,Silver,In-store,Coffee,1,65,0.00,65.00,Cash,
T006666,13/07/2026 11:24,B07,M0106,Bronze,In-store,Coffee,1,80,0.00,80.00,Cash,4
T006667,2026-07-13 11:48,B04,M0169,Silver,In-store,Bakery,1,50,0.00,50.00,QR PromptPay,
T006668,2026-07-13 12:22,B04,M0018,Bronze,In-store,Tea,1,85,0.00,85.00,Cash,3
T006669,2026-07-13 12:28,B03,M0280,Silver,Delivery,Merchandise,2,715,0.00,1430.00,Cash,
T006670,2026-07-13 12:39,B04,M0291,Bronze,In-store,Tea,2,50,0.00,100.00,QR PromptPay,4
T006671,2026-07-13 12:55,B08,M0189,Platinum,In-store,Bakery,1,85,4.25,80.75,Credit Card,
T006672,13/07/2026 12:59,B07,M0073,Gold,In-store,Coffee,2,120,0.00,240.00,Credit Card,
T006673,2026-07-13 13:03,B08,M0142,Bronze,In-store,Bakery,1,55,0.00,55.00,QR PromptPay,
T006674,2026-07-13 13:27,B08,M0189,Platinum,App,Merchandise,4,670,0.00,2680.00,App Wallet,4
T006675,2026-07-13 13:48,B02,M0155,Platinum,In-store,Tea,2,65,19.50,110.50,Cash,
T006676,2026-07-13 14:20,B03,M0324,Gold,App,Merchandise,4,325,130.00,1170.00,App Wallet,
T006677,2026-07-13 14:29,B08,M0266,Platinum,App,Tea,3,95,0.00,285.00,Credit Card,
T006678,2026-07-13 15:12,B06,M0049,Platinum,In-store,Coffee,2,65,6.50,123.50,QR PromptPay,
T006679,2026-07-13 15:34,B06,M0173,Silver,In-store,Merchandise,4,860,0.00,3440.00,QR PromptPay,
T006680,2026-07-13 15:50,B02,M0325,Platinum,In-store,Coffee,4,70,0.00,280.00,Cash,
T006681,2026-07-13 16:41,B02,M0140,Bronze,In-store,Coffee,1,75,0.00,75.00,Cash,
T006682,2026-07-13 16:42,B05,M0078,Bronze,Delivery,Tea,1,75,0.00,75.00,Credit Card,
T006683,2026-07-13 17:15,B06,M0197,Silver,Delivery,Coffee,1,110,0.00,110.00,QR PromptPay,
T006683,2026-07-13 17:34,B06,M0197,Silver,Delivery,Coffee,-1,110,-0.00,-110.00,QR PromptPay,
T006684,2026-07-13 18:17,B04,,,Delivery,Bakery,1,50,0.00,50.00,Credit Card,
T006685,13/07/2026 18:40,B07,M0270,Bronze,In-store,Coffee,4,115,0.00,460.00,Cash,
T006686,2026-07-13 19:23,B01,M0082,gold,In-store,Tea,1,60,0.00,60.00,Credit Card,
T006687,2026-07-13 21:48,B02,,,Delivery,Coffee,1,115,0.00,115.00,Credit Card,
T006688,2026-07-13 22:25,B02,,,Delivery,Coffee,1,80,0.00,80.00,QR PromptPay,
T006689,2026-07-14 07:46,B08,M0051,Bronze,App,Coffee,3,85,0.00,255.00,App Wallet,5
T006690,2026-07-14 08:34,B05,,,App,Coffee,3,60,0.00,180.00,App Wallet,
T006691,2026-07-14 10:06,B08,,,In-store,Tea,2,85,0.00,170.00,Credit Card,
T006692,14/07/2026 10:07,B07,M0052,Bronze,In-store,Coffee,2,120,0.00,240.00,QR PromptPay,2
T006693,2026-07-14 10:18,b02,M0118,Gold,In-store,Tea,1,65,0.00,65.00,QR PromptPay,
T006694,2026-07-14 10:40,B02,,,App,Coffee,1,100,0.00,100.00,App Wallet,4
T006695,14/07/2026 10:56,B07,,,App,Tea,1,60,0.00,60.00,Credit Card,5
T006696,2026-07-14 12:32,B08,M0104,Gold,App,Bakery,4,55,0.00,220.00,Credit Card,
T006697,2026-07-14 12:54,B4,M0024,Silver,Delivery,Coffee,4,65,0.00,260.00,Cash,3
T006698,2026-07-14 13:56,B05,M0157,Gold,In-store,Coffee,1,70,14.00,56.00,Credit Card,3
T006699,2026-07-14 14:00,B02,M0143,Bronze,In-store,Coffee,4,120,0.00,480.00,Cash,
T006700,2026-07-14 14:34,B03,,,In-store,Coffee,1,90,0.00,90.00,Cash,
T006701,14/07/2026 14:41,b07,,,In-store,Coffee,1,80,0.00,80.00,Credit Card,
T006702,2026-07-14 15:04,B02,M0144,Gold,Delivery,Coffee,4,70,0.00,280.00,QR PromptPay,4
T006703,2026-07-14 17:00,B04,,,In-store,Coffee,1,70,0.00,70.00,Credit Card,
T006704,2026-07-14 17:54,B04,M0104,Gold,In-store,Coffee,4,65,0.00,260.00,QR PromptPay,4
T006705,2026-07-14 18:27,B04,M0311,Bronze,In-store,Coffee,2,120,0.00,240.00,Cash,4
T006706,2026-07-14 19:22,B02,M0278,Bronze,In-store,Coffee,1,65,0.00,65.00,Cash,
T006707,2026-07-14 19:24,b04,M0304,Platinum,Delivery,Coffee,2,60,0.00,120.00,QR PromptPay,
T006708,2026-07-14 19:35,B01,M0194,Bronze,In-store,Coffee,1,85,0.00,85.00,Credit Card,
T006709,2026-07-15 02:12,B02,M0047,Bronze,Delivery,Coffee,1,95,0.00,95.00,QR PromptPay,
T006710,2026-07-15 07:22,B04,,,App,Coffee,2,70,0.00,140.00,App Wallet,
T006711,2026-07-15 07:27,B08,M0164,Gold,In-store,Coffee,1,115,0.00,115.00,QR PromptPay,
T006712,2026-07-15 07:46,B01,M0317,Silver,App,Coffee,1,60,0.00,60.00,Credit Card,
T006713,2026-07-15 07:56,B01,M0145,Silver,App,Coffee,1,75,0.00,75.00,Credit Card,
T006714,2026-07-15 08:26,B06,M0149,Silver,In-store,Merchandise,2,610,0.00,1140.00,QR PromptPay,3
T006715,15/07/2026 08:33,B07,M0091,Bronze,In-store,Merchandise,1,510,0.00,510.00,QR PromptPay,
T006716,2026-07-15 08:34,B01,,,App,Coffee,1,105,0.00,105.00,App Wallet,
T006717,2026-07-15 08:50,B01,M0069,Silver,In-store,Coffee,2,95,0.00,190.00,Credit Card,3
T006718,2026-07-15 09:08,B08,M0206,Silver,In-store,Merchandise,2,520,0.00,1040.00,Credit Card,
T006719,2026-07-15 09:44,B03,M0221,Silver,In-store,Bakery,1,55,0.00,55.00,QR PromptPay,
T006720,2026-07-15 09:49,B08,M0204,Gold,In-store,Coffee,4,80,48.00,272.00,QR PromptPay,4
T006721,2026-07-15 09:59,B06,M0201,Bronze,App,Coffee,1,120,0.00,120.00,App Wallet,
T006722,2026-07-15 10:35,B05,M0083,Gold,In-store,Coffee,2,80,0.00,160.00,Credit Card,3
T006723,2026-07-15 10:49,B01,M0069,Silver,Delivery,Tea,4,60,24.00,216.00,Cash,
T006724,2026-07-15 10:50,B01,M0197,Silver,In-store,Tea,1,60,0.00,60.00,Credit Card,3
T006725,2026-07-15 11:31,B06,M0148,Silver,In-store,Coffee,1,95,0.00,95.00,QR PromptPay,4
T006726,2026-07-15 11:44,B08,,,In-store,Coffee,2,115,0.00,230.00,Credit Card,
T006727,2026-07-15 12:05,B06,,,App,Coffee,4,110,0.00,440.00,Credit Card,4
T006728,2026-07-15 12:20,B03,M0058,Bronze,In-store,Bakery,1,50,0.00,50.00,QR PromptPay,
T006729,15/07/2026 12:23,B07,M0270,Bronze,Delivery,Tea,1,50,0.00,50.00,QR PromptPay,
T006730,2026-07-15 12:52,B04,,,In-store,Bakery,1,50,0.00,50.00,QR PromptPay,
T006731,2026-07-15 13:31,B04,M0020,Bronze,App,Coffee,3,85,0.00,255.00,App Wallet,4
T006732,2026-07-15 13:42,B06,,,App,Coffee,1,115,0.00,115.00,Credit Card,5
T006733,2026-07-15 14:37,B08,,,In-store,Coffee,3,120,0.00,360.00,Credit Card,
T006734,2026-07-15 14:40,B01,,,In-store,Coffee,2,65,0.00,130.00,Cash,
T006735,15/07/2026 14:57,B7,,,in-store,Coffee,4,95,0.00,380.00,Credit Card,
T006736,15/07/2026 15:46,b07,,,In-store,Bakery,4,85,0.00,340.00,QR PromptPay,
T006737,2026-07-15 16:01,B06,M0049,Platinum,Delivery,Bakery,1,65,9.75,55.25,Cash,
T006738,2026-07-15 16:46,B08,,,Delivery,Coffee,1,120,0.00,120.00,Credit Card,3
T006739,2026-07-15 17:21,B04,M0197,silver,App,Bakery,1,70,0.00,70.00,App Wallet,
T006740,2026-07-15 17:50,B02,M0325,Platinum,App,Bakery,2,80,0.00,160.00,Credit Card,5
T006740,2026-07-15 17:50,B02,M0325,Platinum,App,Bakery,2,80,0.00,160.00,Credit Card,5
T006741,2026-07-15 17:57,B08,,,In-store,Coffee,2,55,0.00,110.00,Cash,
T006742,2026-07-16 01:57,B02,,,Delivery,Bakery,1,75,0.00,75.00,QR PromptPay,
T006743,2026-07-16 07:05,B06,M0226,Bronze,App,Coffee,4,70,42.00,238.00,App Wallet,
T006744,2026-07-16 08:40,B06,,,In-store,Coffee,1,115,0.00,115.00,Cash,4
T006745,2026-07-16 10:33,B04,M0264,Platinum,App,Coffee,2,75,30.00,120.00,App Wallet,
T006746,2026-07-16 10:53,B02,,,App,Bakery,2,85,0.00,170.00,Credit Card,
T006747,2026-07-16 12:24,B01,,,Delivery,Coffee,1,70,0.00,70.00,Cash,
T006748,2026-07-16 13:38,B02,,,In-store,Coffee,1,75,0.00,75.00,QR PromptPay,
T006749,2026-07-16 14:36,B01,M0137,Bronze,In-store,Coffee,4,90,0.00,360.00,Cash,
T006750,2026-07-16 15:08,B01,M0194,Bronze,In-store,Bakery,3,105,0.00,315.00,Cash,5
T006751,2026-07-16 15:34,B06,,,App,Merchandise,2,705,0.00,1410.00,Credit Card,3
T006752,2026-07-16 15:43,B05,M0178,Silver,App,Coffee,2,70,28.00,112.00,App Wallet,
T006753,2026-07-16 16:03,B03,M0121,Silver,In-store,Bakery,3,50,0.00,150.00,QR PromptPay,3
T006754,2026-07-16 16:09,B03,,,App,Tea,4,90,0.00,360.00,Credit Card,
T006755,2026-07-16 16:27,B06,,,In-store,Merchandise,2,675,0.00,1350.00,Cash,
T006756,2026-07-16 16:44,B06,M0226,Bronze,Instore,Coffee,2,65,0.00,130.00,Cash,3
T006757,2026-07-16 18:00,B01,M0052,Bronze,Mobile App,Tea,3,75,0.00,225.00,App Wallet,4
T006758,16/07/2026 18:11,B07,M0181,Silver,In-store,Tea,1,65,0.00,65.00,QR PromptPay,
T006759,2026-07-16 18:48,B06,,,In-store,Coffee,4,85,0.00,340.00,Credit Card,5
T006760,2026-07-17 08:15,B01,M0069,Silver,Delivery,Bakery,1,70,0.00,70.00,Credit Card,
T006760,2026-07-17 08:15,B01,M0069,Silver,Delivery,Bakery,1,70,0.00,70.00,Credit Card,
T006761,2026-07-17 10:13,B04,M0315,Platinum,In-store,Coffee,4,105,21.00,389.00,Credit Card,
T006762,2026-07-17 10:38,B05,M0088,Silver,In-store,Coffee,1,120,12.00,108.00,Cash,
T006763,2026-07-17 12:33,B05,M9823,Silver,In-store,Coffee,2,115,11.50,218.50,QR PromptPay,
T006764,2026-07-17 12:37,B01,M0070,Silver,In-store,Coffee,1,110,0.00,110.00,Cash,4
T006765,2026-07-17 13:15,B03,M0175,Silver,In-store,Coffee,2,120,24.00,216.00,Credit Card,4
T006766,17/07/2026 13:38,B07,M0045,Bronze,Delivery,Coffee,2,75,0.00,150.00,Credit Card,
T006767,2026-07-17 13:57,B08,,,In-store,Coffee,1,115,0.00,115.00,Credit Card,
T006768,2026-07-17 14:04,B03,,,App,Tea,1,55,0.00,55.00,Credit Card,3
T006769,17/07/2026 14:09,B07,,,In-store,Merchandise,4,325,0.00,1300.00,QR PromptPay,3
T006770,2026-07-17 14:27,B04,M0312,Silver,In store,Bakery,2,90,0.00,180.00,Cash,
T006771,2026-07-17 14:31,B01,M0304,Platinum,App,Coffee,2,110,0.00,220.00,App Wallet,4
T006772,2026-07-17 15:21,B01,M0317,Silver,In-store,Coffee,4,115,0.00,460.00,Cash,
T006773,17/07/2026 15:25,B07,,,In-store,Bakery,3,50,0.00,150.00,Cash,
T006774,2026-07-17 15:47,B08,,,App,Coffee,2,85,0.00,170.00,App Wallet,3
T006775,2026-07-17 16:11,B03,M0192,Bronze,In-store,Coffee,1,120,0.00,120.00,Cash,
T006776,2026-07-17 16:19,B05,,,In-store,Merchandise,2,255,0.00,510.00,QR PromptPay,3
T006777,17/07/2026 16:35,B07,,,In-store,Coffee,1,115,0.00,115.00,Credit Card,
T006778,2026-07-17 18:58,B03,,,In-store,Coffee,2,120,0.00,240.00,QR PromptPay,
T006779,2026-07-17 19:16,B04,M0181,Silver,In-store,Coffee,1,75,0.00,75.00,Cash,
T006780,2026-07-17 23:49,B02,,,Delivery,Tea,1,90,0.00,90.00,QR PromptPay,
T006781,2026-07-18 01:37,B02,,,Delivery,Coffee,1,105,0.00,105.00,Credit Card,
T006782,2026-07-18 07:09,B03,M0175,Silver,In-store,Bakery,1,50,0.00,50.00,Cash,
T006783,2026-07-18 08:25,B01,M0082,Gold,In store,Coffee,2,115,23.00,207.00,QR PromptPay,
T006784,18/07/2026 08:56,B07,M0065,Platinum,In-store,Coffee,1,75,0.00,75.00,QR PromptPay,
T006785,2026-07-18 09:41,B03,M0266,Platinum,In-store,Tea,1,65,0.00,65.00,Credit Card,5
T006786,2026-07-18 09:56,B02,M0209,Bronze,In-store,Bakery,2,80,0.00,160.00,Credit Card,
T006787,2026-07-18 10:58,B06,M0050,Bronze,App,Coffee,1,60,0.00,50.00,Credit Card,
T006788,2026-07-18 11:43,B01,M0186,Platinum,In-store,Coffee,3,75,0.00,225.00,Cash,
T006789,2026-07-18 12:12,B06,,,App,Coffee,1,110,0.00,110.00,App Wallet,4
T006790,2026-07-18 12:40,B06,,,In-store,Coffee,1,115,0.00,115.00,Credit Card,4
T006791,2026-07-18 13:32,B01,M0325,Platinum,In-store,Bakery,1,110,16.50,93.50,Credit Card,
T006792,2026-07-18 13:44,B03,,,In-store,Coffee,1,80,0.00,80.00,QR PromptPay,3
T006793,2026-07-18 14:33,B06,M0324,Gold,Delivery,Tea,2,70,0.00,140.00,Credit Card,2
T006794,18/07/2026 15:32,B07,M0283,Silver,App,Bakery,2,75,22.50,127.50,Credit Card,1
T006795,2026-07-18 15:52,B08,M0189,Platinum,App,Bakery,3,50,22.50,127.50,Credit Card,5
T006796,2026-07-18 16:46,B04,M0235,Silver,Delivery,Coffee,2,95,0.00,190.00,Cash,2
T006797,2026-07-18 16:50,B03,,,App,Merchandise,4,820,0.00,3280.00,App Wallet,4
T006798,2026-07-18 18:02,B08,M0181,Silver,In-store,Coffee,1,95,9.50,85.50,Credit Card,
T006799,2026-07-18 19:58,B03,,,Delivery,Coffee,1,80,0.00,80.00,Cash,3
T006800,2026-07-19 07:24,B04,M0206,Silver,In-store,Merchandise,3,875,0.00,2625.00,QR PromptPay,
T006801,2026-07-19 08:13,B01,M0251,Bronze,App,Coffee,1,120,0.00,120.00,Credit Card,
T006802,2026-07-19 08:17,B08,M0305,Silver,In-store,Coffee,1,115,0.00,115.00,Cash,4
T006803,2026-07-19 08:25,B08,M0324,Gold,In-store,Bakery,1,95,9.50,85.50,Cash,4
T006804,2026-07-19 08:26,B04,,,In-store,Bakery,3,60,0.00,180.00,QR PromptPay,3
T006805,2026-07-19 08:29,B02,M0011,Gold,In-store,Coffee,2,85,0.00,170.00,Credit Card,
T006806,2026-07-19 08:48,B01,M0052,Bronze,In-store,Coffee,1,55,2.75,52.25,QR PromptPay,
T006807,19/07/2026 08:53,B07,,,In-store,Coffee,1,55,0.00,55.00,Credit Card,
T006808,19/07/2026 09:02,B07,M0062,Gold,App,Coffee,4,105,42.00,378.00,Credit Card,
T006809,2026-07-19 11:15,B05,,,In-store,Coffee,1,80,0.00,80.00,Credit Card,
T006810,2026-07-19 11:50,B08,M0187,Silver,Delivery ,Bakery,1,70,0.00,70.00,Credit Card,4
T006811,2026-07-19 12:26,B05,M0091,Bronze,In-store,Tea,1,50,0.00,50.00,QR PromptPay,3
T006812,2026-07-19 13:47,B06,,,Deliv.,Merchandise,2,610,0.00,1220.00,QR PromptPay,3
T006813,2026-07-19 13:47,B03,M0266,Platinum,Delivery,Coffee,2,70,7.00,133.00,Credit Card,
T006814,2026-07-19 14:31,B03,M0031,Silver,In-store,Bakery,2,55,0.00,110.00,Credit Card,4
T006815,2026-07-19 16:51,B05,,,Delivery,Coffee,3,115,0.00,345.00,Cash,3
T006816,2026-07-19 17:37,B01,M0145,Silver,App,Coffee,2,75,0.00,150.00,Credit Card,
T006817,2026-07-19 18:07,B04,,,In-store,Coffee,2,60,0.00,120.00,Cash,
T006818,2026-07-19 18:07,B06,M0232,Bronze,In-store,Bakery,1,80,0.00,0.00,Credit Card,
T006819,2026-07-19 18:59,B04,M0024,Silver,In-store,Coffee,1,90,0.00,90.00,QR PromptPay,
T006820,2026-07-19 19:06,B04,M0315,Platinum,In-store,Coffee,1,105,10.50,94.50,QR PromptPay,
T006821,2026-07-19 19:20,B04,,,In-store,Bakery,2,65,0.00,130.00,Credit Card,
T006822,2026-07-19 19:39,B08,M0257,Platinum,In-store,Coffee,1,55,0.00,55.00,QR PromptPay,5
T006823,2026-07-19 21:56,B02,,,Delivery,Coffee,3,65,0.00,195.00,QR PromptPay,
T006824,2026-07-20 07:40,B02,,,In-store,Coffee,1,60,0.00,60.00,Cash,
T006825,2026-07-20 08:14,B01,M0046,Silver,In store,Coffee,1,80,0.00,80.00,Credit Card,
T006826,2026-07-20 08:58,B06,,,Delivery,Tea,1,65,0.00,65.00,Cash,5
T006827,2026-07-20 09:32,B04,M0264,Platinum,In-store,Tea,1,90,0.00,90.00,Cash,
T006828,20/07/2026 11:23,B07,M0028,Bronze,In-store,Tea,4,75,0.00,300.00,Cash,
T006829,2026-07-20 12:13,B01,M0062,Gold,App,Bakery,4,50,0.00,200.00,App Wallet,
T006830,2026-07-20 13:31,B02,,,Delivery,Merchandise,1,435,0.00,435.00,Cash,4
T006831,2026-07-20 13:33,B02,M0325,Platinum,In-store,Tea,1,95,9.50,85.50,QR PromptPay,4
T006832,2026-07-20 13:35,B04,,,In-store,Bakery,1,60,0.00,60.00,QR PromptPay,4
T006833,2026-07-20 14:40,B08,M0268,Silver,Delivery,Coffee,1,95,0.00,95.00,Cash,
T006834,2026-07-20 15:20,B05,,,In-store,Coffee,2,105,0.00,210.00,QR PromptPay,
T006835,2026-07-20 15:28,B08,M0090,Platinum,In-store,Coffee,4,75,0.00,300.00,Credit Card,4
T006836,20/07/2026 15:32,B07,M0270,Bronze,Delivery,Tea,2,60,24.00,96.00,Credit Card,
T006835,2026-07-20 15:59,B08,M0090,Platinum,In-store,Coffee,-4,75,-0.00,-300.00,Credit Card,
T006837,20/07/2026 16:04,B07,,,In-store,Coffee,2,90 THB,0.00,180.00,QR PromptPay,2
T006838,2026-07-20 16:20,B08,M0085,Silver,In-store,Coffee,1,105,0.00,105.00,QR PromptPay,
T006839,2026-07-20 16:27,B01,M0244,Gold,In-store,Tea,4,฿50,0.00,200.00,QR PromptPay,
T006840,2026-07-20 17:33,B04,M0176,Bronze,app,Bakery,2,100,0.00,200.00,App Wallet,5
T006841,2026-07-20 18:26,B02,M0274,Gold,In-store,Coffee,3,115,0.00,345.00,Cash,
T006842,2026-07-20 19:28,B03,M0138,Silver,In-store,Coffee,1,60,9.00,51.00,Cash,
T006843,2026-07-20 19:44,B01,M0052,Brz,In-store,Coffee,1,55,0.00,55.00,QR PromptPay,
T006844,2026-07-20 19:57,B01,,,App,Tea,2,55,0.00,110.00,App Wallet,4
T006845,2026-07-21 07:45,B03,M0221,Silver,App,Coffee,1,70,0.00,70.00,Credit Card,5
T006846,2026-07-21 08:35,B06,,,App,Bakery,3,90,0.00,270.00,App Wallet,
T006847,21/07/2026 09:28,B07,,,In-store,Merchandise,1,730,0.00,730.00,QR PromptPay,3
T006848,2026-07-21 11:13,B02,M0251,BRONZE,App,Bakery,1,90,0.00,90.00,Credit Card,
T006849,2026-07-21 14:26,B03,,,App,Coffee,3,80,0.00,240.00,Credit Card,3
T006850,2026-07-21 14:59,B03,M0121,Silver,In-store,Coffee,2,100,40.00,160.00,Credit Card,2
T006851,2026-07-21 16:00,B03,M0075,Bronze,In-store,Coffee,1,55,0.00,55.00,Cash,
T006852,2026-07-21 16:48,B02,,,In-store,Coffee,2,100,0.00,200.00,QR PromptPay,3
T006853,21/07/2026 16:55,B07,M0065,Platinum,App,Coffee,2,70,14.00,126.00,App Wallet,3
T006854,2026-07-21 17:02,B06,M0008,Bronze,In-store,Coffee,1,60,0.00,60.00,QR PromptPay,
T006855,2026-07-21 17:54,B01,,,Delivery,Coffee,2,115 THB,0.00,230.00,Credit Card,
T006856,2026-07-21 18:08,B05,,,App,Tea,2,50,0.00,100.00,App Wallet,
T006857,2026-07-21 18:26,B08,M0283,Silver,App,Bakery,3,95,0.00,285.00,Credit Card,
T006858,2026-07-21 18:29,B06,M0042,Gold,In-store,Coffee,4,90,0.00,360.00,QR PromptPay,
T006859,2026-07-21 18:43,B01,M0082,Gold,In-store,Coffee,2,60,6.00,114.00,Cash,
T006860,2026-07-22 07:48,B06,M0324,Gold,Delivery,Coffee,2,70,21.00,119.00,QR PromptPay,
T006861,2026-07-22 07:53,B04,M0040,Bronze,In-store,Coffee,3,105,0.00,315.00,Cash,5
T006862,2026-07-22 08:24,B04,M0209,Bronze,App,Coffee,1,85,0.00,85.00,App Wallet,5
T006862,2026-07-22 08:42,B04,M0209,Bronze,App,Coffee,-1,85,-0.00,-85.00,App Wallet,
T006863,2026-07-22 08:48,B01,M0031,Silver,Delivery,Coffee,4,110,0.00,440.00,Cash,
T006864,2026-07-22 09:11,B06,M0049,Platinum,In-store,Bakery,3,50,15.00,135.00,Cash,
T006865,2026-07-22 10:52,B08,M0280,silver,In-store,Coffee,1,95,0.00,95.00,Credit Card,3
T006866,2026-07-22 11:09,B03,M0175,Silver,In-store,Tea,2,90,0.00,180.00,QR PromptPay,
T006867,2026-07-22 11:30,B01,,,In-store,Coffee,4,55,0.00,220.00,QR PromptPay,
T006868,2026-07-22 12:11,B02,M0140,Bronze,In-store,Tea,3,90,0.00,270.00,Cash,
T006869,2026-07-22 12:11,B01,M0060,Bronze,In-store,Coffee,1,120,0.00,120.00,QR PromptPay,
T006870,2026-07-22 12:23,B05,M0088,Silver,In-store,Coffee,1,115,0.00,115.00,Credit Card,
T006871,2026-07-22 12:46,B03,M0121,Silver,Delivery,Coffee,4,55,0.00,220.00,QR PromptPay,
T006872,2026-07-22 13:26,B03,M0089,Bronze,In-store,Tea,1,70,0.00,70.00,Credit Card,
T006873,22/07/2026 14:52,B07,M0270,Bronze,In-store,Bakery,1,100,0.00,100.00,Credit Card,
T006874,2026-07-22 15:02,B02,,,In-store,Coffee,3,90,0.00,270.00,QR PromptPay,5
T006875,2026-07-22 15:23,B06,,,App,Coffee,3,85 THB,0.00,255.00,App Wallet,3
T006876,2026-07-22 15:42,B01,,,In-store,Coffee,4,80,0.00,320.00,QR PromptPay,4
T006877,2026-07-22 16:14,B05,M0178,Silver,App,Bakery,4,65,0.00,260.00,App Wallet,
T006878,2026-07-22 16:43,B02,M0093,Bronze,In-store,Bakery,2,45,0.00,90.00,Cash,
T006879,2026-07-22 17:19,B01,M0186,Platinum,In-store,Bakery,1,90,13.50,76.50,Credit Card,
T006880,22/07/2026 18:36,B07,M0079,Gold,In-store,Tea,2,60,24.00,96.00,QR PromptPay,2
T006881,2026-07-22 18:41,B06,,,In-store,Coffee,1,120,0.00,120.00,QR PromptPay,
T006882,2026-07-22 18:52,B05,,,In-store,Coffee,1,80,0.00,80.00,Cash,4
T006883,2026-07-22 19:11,B01,M0194,Bronze,Delivery,Coffee,2,105,21.00,189.00,Cash,
T006884,2026-07-22 19:30,B06,,,App,Bakery,2,65,0.00,130.00,Credit Card,4
T006885,2026-07-22 19:36,B08,,,In-store,Coffee,4,65,0.00,260.00,Credit Card,
T006886,2026-07-23 07:16,B01,M0102,Bronze,In-store,Bakery,4,110,0.00,440.00,Credit Card,5
T006887,2026-07-23 08:03,B02,M0308,Bronze,In-store,Coffee,1,85,0.00,85.00,Credit Card,5
T006888,23/07/2026 08:18,B07,,,Instore,Coffee,2,120,0.00,240.00,QR PromptPay,
T006889,2026-07-23 08:41,B02,M0030,Bronze,In-store,Coffee,2,80,0.00,160.00,QR PromptPay,
T006890,23/07/2026 09:43,B07,M0327,Slvr,In-store,Coffee,2,75,0.00,150.00,QR PromptPay,1
T006891,23/07/2026 11:08,B07,,,In-store,Bakery,3,90,0.00,270.00,QR PromptPay,
T006892,2026-07-23 12:07,B01,M0302,Bronze,App,Tea,1,90,0.00,90.00,App Wallet,4
T006893,2026-07-23 12:19,B02,,,in-store,Bakery,1,45,0.00,45.00,Cash,
T006894,2026-07-23 12:31,B01,M0244,Gold,In-store,Coffee,4,110,44.00,396.00,Cash,3
T006895,2026-07-23 13:36,B05,M0281,Bronze,App,Coffee,1,60,0.00,60.00,Credit Card,
T006896,2026-07-23 13:44,B03,M0129,Silver,Delivery,Bakery,2,75,0.00,150.00,Credit Card,4
T006897,2026-07-23 13:46,B01,M0052,Bronze,App,Coffee,1,100,0.00,100.00,Credit Card,
T006898,2026-07-23 13:49,B05,M0115,Silver,In-store,Bakery,4,85,0.00,340.00,Cash,5
T006899,2026-07-23 15:44,B06,,,In-store,Bakery,2,85,0.00,170.00,QR PromptPay,4
T006900,2026-07-23 16:00,B01,M0046,Silver,In-store,Coffee,4,100,40.00,360.00,Cash,
T006901,2026-07-23 16:04,B04,M0302,Bronze,App,Merchandise,4,875,0.00,3500.00,App Wallet,
T006902,2026-07-23 16:06,B01,,,In-store,Coffee,2,70,0.00,140.00,Credit Card,
T006903,2026-07-23 16:21,B08,M0159,silver,In-store,Coffee,1,70,10.50,59.50,QR PromptPay,
T006904,2026-07-23 16:25,B01,M0197,Silver,In-store,Coffee,1,90,0.00,90.00,Cash,3
T006905,2026-07-23 16:49,B01,M0253,Silver,App,Bakery,2,105,0.00,210.00,Credit Card,
T006906,2026-07-23 16:58,B04,M0238,Silver,In-store,Bakery,2,80,0.00,160.00,Credit Card,
T006907,2026-07-23 16:59,B04,,,In-store,Bakery,3,45,0.00,135.00,Cash,5
T006908,2026-07-23 16:59,B03,M0272,Silver,In-store,Merchandise,2,495,99.00,891.00,QR PromptPay,
T006909,2026-07-23 17:05,B01,,,In-store,Coffee,1,80,0.00,80.00,QR PromptPay,4
T006910,2026-07-23 23:04,B02,,,Delivery,Merchandise,2,340,0.00,680.00,Credit Card,
T006911,2026-07-24 01:27,B02,,,Delivery,Coffee,3,80,0.00,240.00,Credit Card,
T006912,2026-07-24 07:52,B08,M0189,Platinum,App,Merchandise,1,610,91.50,518.50,App Wallet,
T006913,2026-07-24 08:02,B06,M0049,Platinum,In-store,Coffee,1,80,4.00,76.00,Credit Card,
T006914,2026-07-24 08:23, B01,M0210,bronze,App,Merchandise,2,370,0.00,740.00,App Wallet,4
T006915,24/07/2026 08:54,B07,M0197,Silver,In-store,Coffee,2,60,0.00,120.00,Credit Card,4
T006916,2026-07-24 08:59,B05,M0165,Bronze,In-store,Coffee,3,95,28.50,256.50,Credit Card,
T006917,2026-07-24 09:55,B01,M0186,Platinum,Delivery,Coffee,3,110,16.50,313.50,Cash,
T006918,2026-07-24 12:17,B03,M0075,Bronze,App,Coffee,3,80,0.00,240.00,Credit Card,
T006919,2026-07-24 12:18,B08,M0189,Platinum,In-store,Coffee,2,110,0.00,220.00,Credit Card,4
T006920,2026-07-24 13:00,B06,M0276,Gold,In-store,Coffee,3,100,45.00,255.00,Cash,
T006921,2026-07-24 13:06,B03,M0249,Silver,App,Bakery,2,65,0.00,130.00,Credit Card,
T006922,2026-07-24 14:11,B06,,,In-store,Coffee,1,120,0.00,120.00,QR PromptPay,
T006923,24/07/2026 15:12,B07,M0030,Bronze,App,Coffee,1,120,0.00,120.00,Credit Card,3
T006924,2026-07-24 15:49,B06,,,Delivery,Bakery,2,45,0.00,90.00,Cash,
T006925,2026-07-24 16:28,B01,M0060,Bronze,App,Coffee,1,80,0.00,80.00,App Wallet,5
T006926,2026-07-24 16:40,B03,M0266,Plat.,App,Coffee,2,75,15.00,135.00,App Wallet,
T006927,2026-07-24 19:48,B03,M0031,Silver,In-store,Tea,3,70,0.00,210.00,Cash,5
T006928,2026-07-24 21:29,B02,,,Delivery,Bakery,2,100,0.00,200.00,QR PromptPay,
T006929,2026-07-25 07:18,B04,,,App,Coffee,1,105,0.00,105.00,App Wallet,4
T006930,2026-07-25 08:07,B02,,,In-store,Coffee,2,90,0.00,180.00,Cash,4
T006931,25/07/2026 08:08,B07,M0270,Bronze,In-store,Merchandise,2,675,67.50,1282.50,QR PromptPay,
T006932,2026-07-25 08:22,B01,M0197,Silver,In-store,Coffee,4,120,0.00,480.00,Cash,3
T006931,25/07/2026 08:26,B07,M0270,Bronze,In-store,Merchandise,-2,675,-67.50,-1282.50,QR PromptPay,
T006933,2026-07-25 08:34,B08,M0050,Bronze,Delivery ,Coffee,3,80,0.00,240.00,QR PromptPay,
T006934,2026-07-25 08:45,B06,M0028,Bronze,In-store,Coffee,1,65,3.25,61.75,Cash,4
T006935,25/07/2026 08:50,B07,M0120,Gold,In-store,Merchandise,1,355,0.00,355.00,QR PromptPay,
T006936,2026-07-25 08:52,B04,,,Delivery,Coffee,1,70,0.00,70.00,QR PromptPay,5
T006937,2026-07-25 08:57,B02,M0054,Silver,App,Merchandise,1,495,24.75,470.25,App Wallet,
T006938,2026-07-25 09:53,B04,,,In-store,Bakery,1,100,0.00,100.00,QR PromptPay,
T006939,2026-07-25 10:43,B08,,,App,Coffee,3,75,0.00,225.00,App Wallet,
T006940,2026-07-25 10:58,B02,M9799,Bronze,In-store,Tea,3,70,21.00,189.00,Credit Card,
T006941,2026-07-25 11:53,B04,M0085,Silver,In-store,Bakery,2,100,30.00,170.00,Credit Card,
T006942,2026-07-25 12:08,B04,M0323,Gold,In-store,Coffee,1,100,20.00,80.00,QR PromptPay,
T006943,2026-07-25 12:09,B02,M0229,Silver,In-store,Coffee,2,90,27.00,153.00,Credit Card,5
T006943,2026-07-25 12:09,B02,M0229,Silver,In-store,Coffee,2,90,27.00,153.00,Credit Card,5
T006944,2026-07-25 12:17,B08,M0283,Silver,Delivery,Bakery,2,60,18.00,102.00,Cash,
T006945,2026-07-25 12:25,B06,M0201,Bronze,In-store,Coffee,1,55,0.00,55.00,QR PromptPay,
T006946,2026-07-25 12:45,B01,M0197,Silver,In-store,Bakery,1,65,0.00,65.00,QR PromptPay,
T006947,2026-07-25 12:59,B01,M0251,Bronze,In-store,Merchandise,4,395,158.00,1422.00,QR PromptPay,4
T006948,2026-07-25 13:01,B4,M0311,Bronze,In-store,Merchandise,4,865,0.00,3460.00,Cash,
T006949,2026-07-25 13:54,B03,,,In-store,Bakery,4,65,0.00,260.00,QR PromptPay,
T006950,2026-07-25 15:33,B08,,,In-store,Coffee,4,100,0.00,400.00,Credit Card,
T006951,25/07/2026 16:01,B07,,,Delivery,Merchandise,2,685,0.00,1370.00,Credit Card,
T006952,2026-07-25 16:18,B05,M0136,Bronze,App,Coffee,1,115,0.00,115.00,Credit Card,
T006953,2026-07-25 16:51, B04,M0153,Silver,In-store,Tea,4,75,0.00,300.00,QR PromptPay,3
T006954,2026-07-25 19:12,B01,M0302,Bronze,In-store,Tea,2,85,0.00,170.00,QR PromptPay,
T006955,2026-07-25 19:19,B03,M0272,Silver,In-store,Bakery,1,45,9.00,36.00,QR PromptPay,
T006956,2026-07-25 19:21,B01,M0062,Gold,App,Bakery,2,110,22.00,198.00,App Wallet,
T006957,25/07/2026 19:42,B07,M0030,Bronze,App,Coffee,1,95,0.00,95.00,Credit Card,
T006958,2026-07-25 19:59,B06,M0324,Gold,In-store,Coffee,1,90,0.00,90.00,QR PromptPay,5
T006959,2026-07-26 07:11,B05,M0059,Bronze,In store,Coffee,1,105,0.00,105.00,Credit Card,
T006960,2026-07-26 08:03,B06,M0134,Platinum,Delivery,Coffee,2,55,11.00,99.00,QR PromptPay,4
T006961,26/07/2026 08:13,B07,,,In-store,Coffee,1,75,0.00,75.00,QR PromptPay,
T006962,2026-07-26 08:55,B05,M0082,Gold,Delivery,Bakery,2,100,0.00,200.00,QR PromptPay,
T006962,2026-07-26 08:55,B05,M0082,Gold,Delivery,Bakery,2,100,0.00,200.00,QR PromptPay,
T006963,2026-07-26 09:13,B01,M0186,Platinum,In-store,Coffee,1,85,0.00,85.00,Credit Card,3
T006964,2026-07-26 10:10,B05,M0207,Gold,In-store,Tea,1,50,0.00,50.00,Credit Card,
T006965,2026-07-26 10:13,B06,M0218,Bronze,App,Coffee,3,95,0.00,285.00,App Wallet,5
T006966,2026-07-26 10:28,B06,M0215,Bronze,In-store,Coffee,1,100,0.00,100.00,Credit Card,4
T006967,2026-07-26 11:17,B01,,,In-store,Bakery,1,85,0.00,85.00,QR PromptPay,
T006968,26/07/2026 11:24,B07,M0185,Gold,In-store,Coffee,2,120,0.00,240.00,QR PromptPay,
T006969,26/07/2026 12:21,B07,,,In-store,Coffee,1,115,0.00,115.00,Credit Card,
T006970,26/07/2026 13:27,B07,M0079,Gold,App,Coffee,1,105,0.00,105.00,App Wallet,2
T006971,26/07/2026 14:16,B07,M0327,Silver,In-store,Bakery,3,100,0.00,300.00,Credit Card,2
T006972,2026-07-26 14:43,B04,M0264,Platinum,App,Coffee,4,70,14.00,266.00,App Wallet,4
T006973,2026-07-26 14:52,B05,M0091,Bronze,In-store,Coffee,2,115,23.00,207.00,Credit Card,4
T006974,2026-07-26 15:39,B04,M0224,Bronze,In-store,Coffee,1,105,0.00,105.00,Credit Card,
T006975,2026-07-26 16:13,B01,M0052,Bronze,In-store,Coffee,1,65,0.00,65.00,QR PromptPay,
T006976,26/07/2026 16:28,B07,M0119,Gold,App,Bakery,4,60,0.00,240.00,Credit Card,
T006977,2026-07-26 18:16,B03,M0329,Bronze,In-store,Merchandise,2,780,0.00,1560.00,QR PromptPay,
T006978,2026-07-26 18:35,B04,,,In-store,Coffee,4,65,0.00,260.00,Cash,
T006979,2026-07-27 00:24,B02,,,Delivery,Coffee,1,55,0.00,55.00,Credit Card,
T006980,2026-07-27 07:21,B01,M0302,Bronze,In-store,Coffee,1,95,0.00,95.00,QR PromptPay,
T006981,2026-07-27 07:39,B05,M0165,Bronze,In-store,Bakery,1,90,0.00,90.00,Cash,3
T006982,2026-07-27 08:39,B01,M0197,Silver,Delivery,Bakery,1,60,12.00,48.00,Cash,
T006982,2026-07-27 09:00,B01,M0197,Silver,Delivery,Bakery,-1,60,-12.00,-48.00,Cash,
T006983,2026-07-27 09:21,B02,M0026,Bronze,App,Coffee,1,60,0.00,60.00,Credit Card,
T006984,2026-07-27 09:22,B02,M0286,Gold,In-store,Coffee,1,70,0.00,70.00,Credit Card,3
T006985,2026-07-27 09:26,B05,,,App,Coffee,1,105,0.00,105.00,Credit Card,
T006986,2026-07-27 10:25,B05,M0091,Bronze,In-store,Bakery,4,75,0.00,300.00,QR PromptPay,5
T006987,2026-07-27 10:29,B02,,,In-store,Coffee,3,65,0.00,195.00,QR PromptPay,
T006988,2026-07-27 10:59,B03,,,In-store,Coffee,1,85,0.00,85.00,QR PromptPay,3
T006989,2026-07-27 11:34,B04,M0323,Gold,In-store,Coffee,1,70,3.50,66.50,QR PromptPay,5
T006990,2026-07-27 11:35,B05,,,In-store,Coffee,4,70,0.00,280.00,Credit Card,
T006991,2026-07-27 11:41,B01,M0086,Gold,App,Coffee,1,65,0.00,65.00,App Wallet,
T006992,2026-07-27 12:23,B05,M9254,Bronze,In-store,Coffee,2,60,0.00,120.00,Credit Card,
T006993,2026-07-27 12:47,B02,M0228,Bronze,App,Coffee,1,65,0.00,65.00,App Wallet,4
T006994,2026-07-27 13:00,B05,M0178,Silver,In-store,Coffee,1,90,0.00,90.00,Cash,3
T006995,2026-07-27 13:24,B03,,,In-store,Coffee,1,100,0.00,100.00,Credit Card,4
T006996,2026-07-27 13:28,B02,M0284,Platinum,In-store,Coffee,2,85,0.00,170.00,Credit Card,3
T006997,2026-07-27 15:30,B01,M0059,Bronze,In-store,Bakery,1,55,69.87,-14.87,QR PromptPay,
T006998,2026-07-27 15:35,B02,,,App,Tea,2,90,0.00,180.00,Credit Card,5
T006999,2026-07-27 15:46,B02,,,In-store,Coffee,2,110,0.00,220.00,Cash,
T007000,27/07/2026 16:04,B07,M0120,Gold,In-store,Coffee,1,65,0.00,65.00,Cash,1
T007001,2026-07-27 16:10,B04,M0320,Silver,In-store,Coffee,3,85,25.50,229.50,QR PromptPay,4
T007002,2026-07-27 16:25,B01,M0253,Silver,In-store,Bakery,1,50,0.00,50.00,QR PromptPay,
T007003,27/07/2026 16:27,B07,M0079,Gold,App,Coffee,3,90,13.50,256.50,App Wallet,
T007003,27/07/2026 16:27,B07,M0079,Gold,App,Coffee,3,90,13.50,256.50,App Wallet,
T007004,2026-07-27 19:25,B05,M0089,Bronze,In store,Tea,1,85,0.00,85.00,Credit Card,
T007005,27/07/2026 19:35,B07,M0139,Bronze,In-store,Coffee,1,100,0.00,100.00,Cash,1
T007006,2026-07-27 19:56,B02,M0283,Silver,In-store,Coffee,2,110,0.00,220.00,Cash,
T007007,2026-07-27 22:40,B02,,,Delivery,Merchandise,3,590,0.00,1770.00,Credit Card,4
T007008,2026-07-28 07:00,B01,,,In-store,Tea,4,70,0.00,280.00,QR PromptPay,
T007009,28/07/2026 07:20,B07,M0106,Bronze,In-store,Merchandise,1,635,127.00,508.00,Cash,3
T007010,2026-07-28 07:25,B06,,,In-store,Merchandise,2,500,0.00,1000.00,Cash,5
T007011,28/07/2026 08:46,B07,M0314,Gold,Instore,Coffee,1,80,0.00,80.00,Cash,
T007012,2026-07-28 08:55,B05,M0207,Gold,App,Merchandise,1,690,0.00,690.00,Credit Card,
T007013,2026-07-28 10:48,B02,M0217,Silver,In-store,Bakery,2,60,18.00,102.00,Credit Card,
T007014,2026-07-28 11:06,B08,,,In-store,Merchandise,1,855,0.00,915.00,Cash,5
T007015,2026-07-28 12:16,B05,M0007,Silver,In-store,Coffee,1,60,0.00,60.00,QR PromptPay,4
T007016,2026-07-28 12:26,B03,,,App,Bakery,1,70,0.00,70.00,App Wallet,
T007017,2026-07-28 12:30,B01,M0186,Platinum,In-store,Coffee,1,85,0.00,85.00,QR PromptPay,5
T007018,2026-07-28 12:44,B03,,,App,Coffee,1,85,0.00,85.00,App Wallet,
T007019,2026-07-28 12:54,B05,,,In-store,Bakery,2,105,0.00,210.00,Cash,
T007020,2026-07-28 12:58,B06,,,App,Coffee,2,120,0.00,240.00,Credit Card,
T007021,28/07/2026 15:14,B07,,,App,Coffee,2,70,0.00,140.00,App Wallet,
T007022,28/07/2026 15:41,B07,M0153,Silver,App,Coffee,2,70,28.00,112.00,App Wallet,
T007023,2026-07-28 15:55,B01,,,Delivery,Coffee,2,115,0.00,230.00,Credit Card,
T007024,2026-07-28 15:59,B03,M0177,Bronze,App,Bakery,4,60,12.00,228.00,App Wallet,
T007025,2026-07-28 16:10,B04,,,App,Bakery,1,50,0.00,50.00,App Wallet,
T007026,2026-07-28 16:15,B05,M0136,Bronze,In-store,Bakery,4,70,0.00,280.00,QR PromptPay,3
T007027,2026-07-28 16:23,B05,M0233,Silver,App,Coffee,1,65,0.00,65.00,App Wallet,
T007028,2026-07-28 16:24,B08,M0036,Platinum,Delivery,Coffee,1,85,0.00,85.00,Credit Card,
T007029,28/07/2026 16:33,B07,M0066,Silver,Instore,Coffee,1,90,9.00,81.00,Credit Card,
T007030,2026-07-28 16:51,B08,,,App,Merchandise,2,390,0.00,780.00,App Wallet,
T007031,2026-07-28 16:52,B03,,,In-store,Merchandise,3,390,0.00,1170.00,QR PromptPay,4
T007032,2026-07-28 17:36,B02,M0325,Platinum,In-store,Coffee,2,105,0.00,210.00,QR PromptPay,
T007033,2026-07-28 18:00,B06,M0032,Silver,Delivery,Tea,3,70,0.00,210.00,QR PromptPay,
T007034,2026-07-28 18:46,B01,M0235,Silver,In-store,Coffee,1,105,0.00,105.00,Cash,4
T007035,2026-07-29 07:03,B02,,,App,Coffee,1,120,0.00,120.00,App Wallet,4
T007036,2026-07-29 07:22,B04,M0268,Silver,In-store,Coffee,1,70,14.00,56.00,QR PromptPay,
T007037,2026-07-29 07:46,B04,,,App,Coffee,2,105,0.00,210.00,Credit Card,5
T007038,29/07/2026 08:04,B07,M0273,Gold,In-store,Coffee,1,85,0.00,85.00,Cash,2
T007039,2026-07-29 08:15,B04,M0181,Silver,In-store,Bakery,3,50,0.00,150.00,Credit Card,5
T007040,2026-07-29 08:42,B02,M0311,Bronze,In-store,Tea,1,55,0.00,55.00,Cash,
T007041,2026-07-29 09:17,B06,,,In-store,Coffee,2,100,0.00,200.00,Credit Card,4
T007042,2026-07-29 09:27,B1,M0151,Brz,In-store,Coffee,2,80,0.00,160.00,Credit Card,
T007043,2026-07-29 09:45,B04,M0323,Gold,Delivery,Coffee,2,105,0.00,210.00,Credit Card,5
T007044,2026-07-29 09:57,B02,M0249,Silver,In store,Bakery,1,70,0.00,70.00,QR PromptPay,
T007045,2026-07-29 10:15,B01,M0302,Bronze,In-store,Tea,1,80,0.00,80.00,Credit Card,
T007046,2026-07-29 10:27,B05,M0216,GOLD,In-store,Bakery,3,90,0.00,270.00,Cash,
T007047,2026-07-29 11:16,B05,M0020,Bronze,App,Coffee,4,90,0.00,360.00,App Wallet,
T007048,2026-07-29 11:49,B06,M0242,Bronze,In-store,Coffee,1,100,0.00,100.00,Credit Card,
T007048,2026-07-29 11:56,B06,M0242,Bronze,In-store,Coffee,-1,100,-0.00,-100.00,Credit Card,
T007049,2026-07-29 12:06,B04,M0090,Platinum,App,Coffee,1,80,0.00,80.00,App Wallet,
T007050,2026-07-29 12:17,B05,M0330,Gold,In-store,Coffee,3,65,0.00,195.00,QR PromptPay,
T007051,2026-07-29 12:27,B06,M0088,Silver,App,Coffee,2,95,0.00,190.00,App Wallet,
T007052,2026-07-29 12:39,B04,M0323,Gold,App,Tea,1,90,0.00,90.00,App Wallet,
T007053,2026-07-29 12:45,B08,M0278,Bronze,In-store,Tea,1,55,8.25,46.75,QR PromptPay,
T007054,2026-07-29 12:50,B05,,,In-store,Coffee,1,80,0.00,80.00,Credit Card,5
T007053,2026-07-29 13:23,B08,M0278,BRONZE,In-store,Tea,-1,55,-8.25,-46.75,QR PromptPay,
T007055,2026-07-29 13:30,B05,M0273,Gold,App,Bakery,2,85,0.00,170.00,App Wallet,
T007056,2026-07-29 13:40,B08,,,In-store,Coffee,1,95,0.00,95.00,Cash,
T007057,2026-07-29 13:56,B02,M0308,Bronze,Delivery,Coffee,3,55,33.00,132.00,QR PromptPay,
T007058,2026-07-29 14:08,B08,M0278,Bronze,In-store,Tea,1,85,0.00,85.00,QR PromptPay,3
T007059,2026-07-29 14:54,B04,M0207,Gold,In-store,Coffee,1,80,0.00,80.00,Cash,
T007060,2026-07-29 15:02,B05,,,app,Merchandise,1,585,0.00,585.00,App Wallet,
T007061,2026-07-29 16:01,B04,M0260,Gold,App,Coffee,3,90,13.50,256.50,Credit Card,
T007062,2026-07-29 16:55,B03,M0079,Gold,In-store,Coffee,4,75,0.00,300.00,QR PromptPay,3
T007063,2026-07-29 17:23,B01,M0021,Gld,In-store,Coffee,1,80,4.00,76.00,QR PromptPay,4
T007064,2026-07-29 17:58,B01,M0084,Silver,In-store,Coffee,1,70,0.00,70.00,QR PromptPay,4
T007065,29/07/2026 19:45,B07,,,App,Tea,4,60,0.00,240.00,App Wallet,
T007066,2026-07-30 01:34,B02,,,Delivery,Coffee,1,105,0.00,105.00,Credit Card,
T007067,2026-07-30 07:39,B03,M0251,Bronze,Mobile App,Tea,4,75,0.00,300.00,App Wallet,4
T007068,2026-07-30 08:03,B03,,,In-store,Coffee,2,105,0.00,210.00,Credit Card,
T007069,2026-07-30 08:16,B02,M9357,Gold,App,Tea,1,50,0.00,50.00,Credit Card,
T007070,2026-07-30 08:23,B01,,,In-store,Tea,3,90,0.00,270.00,Credit Card,
T007071,2026-07-30 08:29,B04,,,In-store,Coffee,2,100,0.00,200.00,Credit Card,
T007072,2026-07-30 08:42,B02,M0286,Gold,APP,Coffee,2,75,0.00,150.00,App Wallet,
T007073,2026-07-30 12:05,B01,M0082,Gold,App,Coffee,2,55,0.00,110.00,App Wallet,
T007074,2026-07-30 12:21,B02,M0143,Bronze,In-store,Tea,1,80,8.00,72.00,QR PromptPay,5
T007075,2026-07-30 13:21,B08,M0039,Silver,In-store,Bakery,1,70,0.00,70.00,QR PromptPay,
T007076,30/07/2026 14:36,B07,,,In-store,Tea,1,60,0.00,60.00,Cash,
T007077,2026-07-30 14:48,B01,M0069,Silver,In-store,Tea,1,90,0.00,90.00,QR PromptPay,
T007078,2026-07-30 15:33,B04,,,App,Tea,2,50,0.00,100.00,App Wallet,3
T007079,2026-07-30 15:53,B05,M0020,Bronze,In-store,Coffee,4,70,0.00,280.00,Cash,
T007080,2026-07-30 16:07,B04,M0244,Gold,In-store,Bakery,2,45,9.00,81.00,QR PromptPay,
T007080,2026-07-30 16:07,B04,M0244,Gold,In-store,Bakery,2,45,9.00,81.00,QR PromptPay,
T007081,2026-07-30 16:17,B06,M0232,Bronze,In-store,Coffee,4,65,0.00,260.00,QR PromptPay,4
T007082,2026-07-30 16:25,B03,M0249,Silver,In-store,Coffee,1,70,0.00,70.00,QR PromptPay,
T007083,2026-07-30 16:38,B03,M0108,Gold,In-store,Coffee,3,85,0.00,255.00,QR PromptPay,
T007084,2026-07-30 16:42,B04,,,In-store,Coffee,4,115,0.00,460.00,Credit Card,4
T007085,2026-07-30 17:03,B05,M0079,Gold,In store,Merchandise,4,585,234.00,2106.00,QR PromptPay,
T007086,2026-07-30 17:32,B03,M0329,Bronze,In-store,Bakery,1,45,0.00,45.00,Credit Card,
T007087,2026-07-30 18:01,B02,,,In-store,Bakery,1,70,0.00,70.00,Cash,5
T007088,2026-07-30 18:09,B01,M0054,Silver,In-store,Coffee,1,95 THB,9.50,85.50,Credit Card,
T007089,2026-07-30 19:31,B05,M0083,Gold,In-store,Merchandise,2,655,0.00,1310.00,Cash,
T007090,2026-07-30 19:58,B01,M0312,Silver,In-store,Coffee,2,105,0.00,210.00,QR PromptPay,
T007091,30/07/2026 19:58,B07,M0201,Bronze,In-store,Tea,2,75,22.50,127.50,Credit Card,2
T007092,2026-07-31 01:37,B02,,,Delivery,Tea,1,95,0.00,95.00,Credit Card,
T007093,31/07/2026 07:04,B07,M0327,Silver,In-store,Coffee,1,60,0.00,60.00,QR PromptPay,
T007094,2026-07-31 07:19,B3,M0175,Silver,In-store,Coffee,1,85,4.25,80.75,QR PromptPay,
T007095,2026-07-31 07:37,B01,M0084,Silver,In-store,Coffee,1,70,14.00,56.00,Credit Card,
T007096,2026-07-31 07:41,B03,M0177,Bronze,App,Tea,4,85,0.00,340.00,App Wallet,
T007097,2026-07-31 07:48,B08,M0204,Gold,In-store,Coffee,3,65,0.00,195.00,Cash,3
T007098,2026-07-31 08:27,B08,,,In-store,Coffee,1,110,0.00,110.00,QR PromptPay,
T007099,2026-07-31 08:28,B06,M0083,Gold,In-store,Bakery,1,75,0.00,75.00,QR PromptPay,
T007100,31/07/2026 08:32,B07,M0065,Platinum,In-store,Coffee,4,115,0.00,460.00,Cash,
T007094,2026-07-31 08:43,B03,M0175,Silver,In-store,Coffee,-1,85,-4.25,-80.75,QR PromptPay,
T007101,2026-07-31 08:57,B03,M0189,Platinum,Delivery,Coffee,1,80,0.00,80.00,Cash,
T007102,2026-07-31 09:27,B01,M0084,Silver,Delivery,Coffee,1,95,0.00,95.00,Credit Card,
T007103,2026-07-31 09:30,B05,M0178,Silver,In-store,Coffee,2,80,0.00,160.00,Credit Card,
T007104,2026-07-31 10:04,B01,M0052,Bronze,Delivery,Tea,1,55,0.00,55.00,Cash,
T007105,2026-07-31 10:25,B06,M0094,Silver,Delivery,Coffee,1,70,10.50,59.50,Cash,
T007106,2026-07-31 10:48,B01,M0052,Bronze,App,Tea,4,65,0.00,260.00,App Wallet,2
T007107,2026-07-31 11:28,B06,M0232,Bronze,Instore,Bakery,2,65,0.00,130.00,QR PromptPay,4
T007108,2026-07-31 12:16,B02,M0005,Platinum,Delivery,Coffee,2,70,7.00,133.00,Cash,
T007109,2026-07-31 13:00,B02,M0083,Gold,In-store,Coffee,2,65,0.00,130.00,Cash,
T007110,2026-07-31 13:17,B02,M0144,Gold,In-store,Coffee,4,70,0.00,280.00,QR PromptPay,
T007111,2026-07-31 13:46,B06,,,App,Coffee,3,105,0.00,315.00,App Wallet,
T007112,2026-07-31 14:38,B08,,,In-store,Coffee,1,120,0.00,120.00,QR PromptPay,3
T007113,2026-07-31 15:40,B08,,,In-store,Tea,3,60,0.00,180.00,Credit Card,
T007114,2026-07-31 16:06,B04,M0304,Platinum,In-store,Coffee,1,75,7.50,67.50,QR PromptPay,
T007115,2026-07-31 16:52,B04,M0320,Silver,In-store,Bakery,1,45,0.00,45.00,Credit Card,4
T007116,2026-07-31 17:13,B05,,,Delivery,Coffee,3,75,0.00,225.00,Credit Card,
T007117,2026-07-31 17:19,B01,M0230,Bronze,In-store,Tea,4,70,0.00,280.00,Credit Card,
T007118,2026-07-31 17:57,B02,,,Delivery,Coffee,2,110,0.00,220.00,QR PromptPay,
T007119,2026-07-31 18:01,B04,M0304,Platinum,App,Coffee,1,120,0.00,120.00,Credit Card,
T007120,2026-07-31 18:41,B06,M0094,Silver,In-store,Merchandise,3,735,0.00,2205.00,Credit Card,
T007121,2026-07-31 19:06,B01,M0084,Silver,In-store,Coffee,1,65,0.00,65.00,QR PromptPay,4
T007122,31/07/2026 19:42,B07,M0327,Silver,App,Bakery,3,100,0.00,300.00,App Wallet,
T007123,2026-07-31 19:43, B02,,,App,Coffee,1,115,0.00,115.00,Credit Card,
T007124,2026-08-01 07:32,B03,,,In-store,Merchandise,2,855,0.00,1710.00,Credit Card,
T007125,2026-08-01 07:56,B05,M0251,Bronze,In-store,Coffee,1,65,0.00,65.00,QR PromptPay,
T007126,2026-08-01 08:20,B05,,,Delivery,Merchandise,3,760,0.00,2280.00,Credit Card,
T007127,2026-08-01 08:41,B01,,,App,Coffee,4,100,0.00,400.00,App Wallet,
T007128,2026-08-01 09:20,B04,,,In-store,Bakery,2,110,0.00,220.00,QR PromptPay,
T007129,2026-08-01 10:06,B05,,,In-store,Coffee,1,120,0.00,120.00,Cash,
T007129,2026-08-01 10:06,B05,,,In-store,Coffee,1,120,0.00,120.00,Cash,
T007130,2026-08-01 10:26,B08,M0268,Silver,In-store,Coffee,1,55,8.25,46.75,Cash,
T007131,2026-08-01 11:13,B01,M0302,Bronze,In-store,Bakery,1,85,4.25,80.75,Credit Card,
T007132,2026-08-01 11:54,B01,M0186,Platinum,Delivery,Coffee,2,60,0.00,120.00,QR PromptPay,
T007133,2026-08-01 13:37,B04,M0238,Silver,In-store,Coffee,4,75,60.00,240.00,Credit Card,5
T007134,01/08/2026 14:07,B07,M0106,Bronze,In-store,Coffee,1,65,0.00,65.00,Cash,3
T007135,2026-08-01 14:12,B04,M0090,Platinum,In-store,Coffee,2,90,0.00,180.00,Credit Card,
T007136,2026-08-01 15:21,B05,M0088,Silver,App,Bakery,2,60,0.00,120.00,App Wallet,5
T007137,2026-08-01 16:01,B06,M0232,Bronze,In-store,Coffee,4,110,0.00,440.00,Credit Card,3
T007138,01/08/2026 16:12,B07,M0249,Silver,Delivery,Coffee,2,90,0.00,180.00,Cash,1
T007139,2026-08-01 16:53,B08,M0111,bronze,In-store,Coffee,1,95,0.00,95.00,Credit Card,4
T007140,2026-08-01 16:55,B01,M0194,Bronze,In-store,Tea,1,65,0.00,65.00,QR PromptPay,
T007141,2026-08-01 17:34,B08,M0204,Gold,Delivery,Coffee,1,60,0.00,60.00,Cash,
T007142,2026-08-01 17:44,B08,M0110,Silver,In-store,Coffee,2,85,0.00,170.00,QR PromptPay,
T007143,01/08/2026 19:02,B07,M0201,Bronze,Delivery,Bakery,2,95,0.00,190.00,QR PromptPay,2
T007144,2026-08-01 19:27,B05,M0031,Silver,In-store,Coffee,1,115,0.00,115.00,Cash,4
T007145,2026-08-01 19:50,B01,M0319,Bronze,In-store,Merchandise,4,280,0.00,1120.00,Credit Card,
T007146,2026-08-02 07:08,B06,,,Delivery,Coffee,4,110,0.00,440.00,QR PromptPay,3
T007147,2026-08-02 08:00,B01,M0251,Bronze,In-store,Bakery,1,100,0.00,100.00,Credit Card,4
T007148,2026-08-02 08:19,B01,M0052,Bronze,Delivery,Coffee,1,70,0.00,70.00,QR PromptPay,
T007149,2026-08-02 08:59,B03,M0272,Silver,Delivery,Coffee,2,65,0.00,130.00,Cash,
T007150,2026-08-02 12:33,B01,,,In-store,Bakery,1,100,0.00,100.00,QR PromptPay,
T007151,2026-08-02 12:48,B04,M0153,Silver,App,Coffee,1,60,0.00,60.00,Credit Card,
T007152,2026-08-02 13:06,B04,M0018,Bronze,In-store,Coffee,1,115,0.00,115.00,QR PromptPay,2
T007153,2026-08-02 13:35,B05,M0083,Gold,App,Coffee,3,115,0.00,345.00,App Wallet,4
T007154,2026-08-02 13:54,B05,M0105,Bronze,App,Coffee,3,110,0.00,330.00,Credit Card,4
T007155,2026-08-02 13:58,B05,M0065,Platinum,In-store,Bakery,3,85,51.00,204.00,QR PromptPay,
T007156,2026-08-02 16:16,B04,M9823,Platinum,In-store,Merchandise,2,385,77.00,693.00,QR PromptPay,
T007157,2026-08-02 16:44,B01,M0197,Silver,In-store,Coffee,3,95,0.00,285.00,Cash,
T007158,2026-08-02 16:49,B08,M0009,Silver,In-store,Coffee,1,70,0.00,70.00,Credit Card,3
T007159,2026-08-02 17:57,B01,M0069,Silver,App,Coffee,1,75,3.75,71.25,App Wallet,3
T007160,2026-08-02 18:43,B04,M0291,Bronze,App,Coffee,4,110,0.00,440.00,Credit Card,3
T007161,2026-08-02 19:44,B02,M0325,Platinum,In-store,Coffee,1,110,0.00,110.00,QR PromptPay,
T007162,2026-08-02 23:36,B02,,,Delivery,Coffee,4,105,0.00,420.00,Credit Card,
T007163,2026-08-03 00:12,B02,,,Delivery,Bakery,2,70,0.00,140.00,QR PromptPay,
T007164,03/08/2026 07:02,B07,M0007,Slvr,App,Bakery,3,50,0.00,150.00,App Wallet,
T007165,2026-08-03 07:11,B05,,,App,Coffee,2,75,0.00,200.00,App Wallet,4
T007166,2026-08-03 07:57,B01,M0145,Silver,App,Merchandise,4,355,0.00,1420.00,Credit Card,
T007167,2026-08-03 08:33,B05,,,App,Coffee,2,75,0.00,150.00,App Wallet,
T007168,2026-08-03 09:30,B06,,,App,Coffee,3,110,0.00,330.00,App Wallet,
T007169,2026-08-03 09:55,B03,M0031,Silver,Delivery,Coffee,1,70,0.00,70.00,Cash,
T007170,03/08/2026 10:28,B07,M0005,Platinum,In-store,Coffee,2,60,12.00,108.00,QR PromptPay,1
T007171,2026-08-03 12:19,B02,M0144,Gold,In-store,Coffee,1,115,17.25,97.75,Cash,
T007172,2026-08-03 13:04,B06,M0232,Bronze,In-store,Bakery,4,50,0.00,200.00,Cash,
T007173,2026-08-03 13:20,B04,M0179,Platinum,Delivery,Coffee,2,70,7.00,133.00,QR PromptPay,
T007174,2026-08-03 13:45,B02,M0315,platinum,delivery,Coffee,3,60,0.00,180.00,QR PromptPay,
T007175,2026-08-03 13:51,B05,M0091,Bronze,In-store,Merchandise,1,310,0.00,310.00,Credit Card,
T007176,03/08/2026 15:20,B07,M9108,bronze,In-store,Tea,1,80,0.00,80.00,QR PromptPay,
T007177,03/08/2026 16:13,B07,,,In-store,Coffee,1,65,0.00,65.00,QR PromptPay,
T007178,03/08/2026 16:45,B07,M0289,Bronze,In-store,Merchandise,1,420,0.00,420.00,QR PromptPay,2
T007179,2026-08-03 18:47,B08,M0223,Bronze,Delivery,Coffee,1,85,12.75,72.25,Credit Card,
T007180,2026-08-03 19:01,B04,,,Delivery,Coffee,2,120,0.00,240.00,Credit Card,3
T007181,2026-08-03 19:18,B04,M0181,Silver,In-store,Coffee,3,75,0.00,225.00,QR PromptPay,5
T007182,2026-08-03 19:19,B08,M0189,Platinum,In-store,Bakery,1,75,11.25,63.75,Credit Card,3
T007183,2026-08-03 19:23,B02,M0325,Platinum,App,Tea,2,80,0.00,160.00,App Wallet,4
T007184,2026-08-03 19:46,B06,M0129,Silver,In-store,Coffee,4,75,45.00,255.00,QR PromptPay,
T007185,2026-08-03 19:50,B08,M0286,gold,App,Coffee,1,60,0.00,60.00,App Wallet,4
T007186,2026-08-04 01:38,B02,,,Delivery,Coffee,1,120,0.00,120.00,QR PromptPay,
T007187,2026-08-04 07:38,B01,M0111,Bronze,In-store,Tea,4,70,0.00,280.00,Cash,
T007188,2026-08-04 08:11,B01,M9799,Silver,In-store,Bakery,1,110,11.00,99.00,QR PromptPay,
T007189,2026-08-04 08:21,B01,M0302,Bronze,In-store,Coffee,1,60,0.00,60.00,QR PromptPay,
T007190,2026-08-04 09:24,B04,M0007,Silver,In-store,Bakery,1,80,0.00,80.00,Credit Card,
T007191,2026-08-04 11:18,B06,,,In-store,Bakery,1,80,0.00,80.00,QR PromptPay,
T007192,2026-08-04 11:39,B03,,,In-store,Coffee,1,105,0.00,105.00,QR PromptPay,5
T007193,2026-08-04 11:55,B03,M0075,Bronze,App,Coffee,1,110,22.00,88.00,App Wallet,4
T007194,2026-08-04 12:03,B04,,,In-store,Coffee,3,80,0.00,240.00,QR PromptPay,
T007195,2026-08-04 12:49, B01,M0069,Silver,App,Coffee,1,90,0.00,90.00,App Wallet,
T007196,2026-08-04 12:59,B04,M0238,Silver,Delivery,Bakery,1,80,4.00,76.00,QR PromptPay,
T007197,2026-08-04 13:46,B08,M0257,Platinum,In-store,Bakery,3,95,0.00,285.00,Cash,3
T007198,2026-08-04 13:52,B02,M0073,Gold,In-store,Merchandise,3,510,76.50,1453.50,Credit Card,
T007199,2026-08-04 13:57,B05,M0136,Bronze,In-store,Coffee,1,115,0.00,115.00,QR PromptPay,
T007200,2026-08-04 15:19,B02,,,In-store,Coffee,2,90,0.00,180.00,Cash,
T007201,2026-08-04 15:47,B01,M0193,Silver,In-store,Bakery,1,85,0.00,85.00,Credit Card,
T007202,2026-08-04 16:00,B03,M0146,Silver,In-store,Coffee,1,75,0.00,75.00,Cash,
T007203,2026-08-04 16:06,B02,M0081,Bronze,In-store,Coffee,1,80,0.00,80.00,Credit Card,
T007204,2026-08-04 16:33,B04,M0153,Silver,In-store,Bakery,1,85,12.75,72.25,Credit Card,
T007205,2026-08-04 16:41,B06,M9403,Bronze,app,Coffee,1,115,0.00,115.00,App Wallet,
T007206,2026-08-04 16:41,B08,M0223,Bronze,In-store,Bakery,3,105,0.00,315.00,Cash,
T007207,2026-08-04 16:49,B02,M0229,Silver,In-store,Bakery,1,100,0.00,100.00,Credit Card,
T007208,2026-08-04 17:07,B08,M0006,Gold,In-store,Bakery,2,100,20.00,180.00,QR PromptPay,
T007209,2026-08-04 17:26,B05,,,In store,Coffee,1,80,0.00,80.00,Credit Card,
T007210,2026-08-04 17:52,B08,M0189,Platinum,App,Bakery,3,55,0.00,165.00,App Wallet,
T007211,2026-08-04 18:37,B02,,,In-store,Coffee,3,100,0.00,300.00,QR PromptPay,
T007212,2026-08-04 19:28,B06,M0008,Bronze,In-store,Coffee,2,115,0.00,230.00,QR PromptPay,
T007213,2026-08-05 07:35,B08,,,Delivery,Coffee,1,70,0.00,70.00,Credit Card,4
T007214,2026-08-05 08:00,B02,M0168,Silver,Delivery,Coffee,2,105,0.00,210.00,Cash,4
T007215,05/08/2026 09:00,B07,,,In-store,Coffee,3,70,0.00,210.00,Credit Card,
T007216,2026-08-05 09:18,B01,M0137,Bronze,In-store,Tea,3,85,0.00,255.00,QR PromptPay,
T007217,2026-08-05 09:39,B02,M0011,Gold,In-store,Coffee,1,70,10.50,59.50,QR PromptPay,
T007218,05/08/2026 11:44,B07,,,In-store,Tea,1,80,0.00,80.00,QR PromptPay,2
T007219,2026-08-05 12:17,B04,M0140,Bronze,In-store,Bakery,4,85,0.00,340.00,Cash,
T007220,2026-08-05 12:31,B06,M0181,Silver,In-store,Tea,1,50,10.00,40.00,QR PromptPay,5
T007221,2026-08-05 13:44,B03,M0164,Gold,In-store,Tea,2,55,0.00,110.00,Cash,
T007222,2026-08-05 13:45,B01,M0070,Silver,Delivery,Coffee,1,90,0.00,90.00,QR PromptPay,4
T007223,2026-08-05 13:55,B03,M0110,Silver,In-store,Coffee,3,80,0.00,240.00,QR PromptPay,
T007224,2026-08-05 14:52,B06,,,In-store,Bakery,2,95,0.00,190.00,Credit Card,
T007225,2026-08-05 15:37,B02,M0143,Bronze,In-store,Coffee,2,120,0.00,240.00,Credit Card,
T007226,2026-08-05 16:39,B04,,,App,Coffee,1,95,0.00,95.00,App Wallet,
T007226,2026-08-05 16:39,B04,,,App,Coffee,1,95,0.00,95.00,App Wallet,
T007227,2026-08-05 16:49,B02,M0325,Platinum,App,Merchandise,4,545,327.00,1853.00,Credit Card,
T007228,2026-08-05 17:23,B01,M0197,Silver,In-store,Coffee,1,80,0.00,80.00,Cash,
T007229,2026-08-05 17:25,B01,,,In-store,Bakery,1,80,0.00,80.00,Credit Card,4
T007230,2026-08-05 18:04,B03,M0184,Silver,In-store,Coffee,2,110,11.00,209.00,Cash,
T007231,2026-08-05 19:20,B01,,,In-store,Bakery,3,50,0.00,150.00,Cash,
T007232,2026-08-05 19:58,B08,M0258,Gold,App,Coffee,0,110,0.00,0.00,App Wallet,4
T007233,2026-08-06 08:23,B08,,,In-store,Coffee,1,120,0.00,120.00,QR PromptPay,
T007234,2026-08-06 08:55,B01,M0193,Silver,In-store,Coffee,1,115,0.00,115.00,QR PromptPay,
T007235,2026-08-06 08:59,B02,M0033,Bronze,In-store,Coffee,1,90,0.00,90.00,Cash,2
T007236,2026-08-06 09:00,B04,M0181,Silver,Delivery,Coffee,3,100,0.00,300.00,Credit Card,
T007237,06/08/2026 09:09,B07,M0151,Bronze,In-store,Coffee,2,80,0.00,160.00,Credit Card,
T007238,2026-08-06 11:06,B01,M0310,Silver,Delivery,Merchandise,1,645,0.00,645.00,Cash,4
T007239,2026-08-06 11:19,B03,,,In-store,Coffee,1,105,0.00,105.00,QR PromptPay,3
T007240,2026-08-06 12:03,B03,M0035,Bronze,In-store,Tea,3,85,12.75,242.25,QR PromptPay,3
T007241,2026-08-06 12:07,B04,,,In-store,Coffee,3,75,0.00,225.00,Credit Card,
T007242,2026-08-06 12:44,B08,,,App,Bakery,4,70,0.00,280.00,App Wallet,
T007243,2026-08-06 13:03,B04,M0252,Gold,Delivery,Tea,1,80,0.00,80.00,Cash,
T007244,2026-08-06 13:09,B01,M0244,Gold,Delivery,Bakery,1,95,0.00,95.00,Cash,
T007245,2026-08-06 13:31,B05,M0233,Silver,In-store,Tea,2,55,11.00,99.00,QR PromptPay,4
T007246,2026-08-06 13:43,B05,,,Delivery,Tea,1,55,0.00,55.00,QR PromptPay,
T007247,2026-08-06 13:51,B01,M0266,Platinum,App,Coffee,2,110,0.00,220.00,Credit Card,
T007248,2026-08-06 14:01,B01,M0032,Silver,In store,Tea,1,50,0.00,50.00,Cash,
T007249,2026-08-06 14:47,B04,M0206,Silver,In-store,Tea,2,95,0.00,190.00,QR PromptPay,
T007250,2026-08-06 16:02,B03,,,App,Coffee,2,115,0.00,230.00,App Wallet,
T007251,2026-08-06 16:43,B06,,,App,Coffee,1,90,0.00,90.00,Credit Card,
T007252,2026-08-06 18:06,B03,M0266,Platinum,In-store,Coffee,2,90,27.00,153.00,QR PromptPay,
T007253,2026-08-06 18:21,B04,M0181,Silver,In-store,Coffee,3,120,0.00,360.00,Cash,
T007254,2026-08-06 19:12,B01,M0251,Bronze,App,Bakery,3,50,0.00,150.00,Credit Card,
T007255,2026-08-07 00:07,B02,,,Delivery,Tea,3,95,0.00,285.00,QR PromptPay,
T007256,2026-08-07 00:09,B02,,,Delivery ,Tea,1,55,0.00,55.00,QR PromptPay,
T007257,07/08/2026 07:08,B07,M0091,Bronze,In-store,Bakery,1,65,0.00,65.00,QR PromptPay,2
T007258,2026-08-07 08:06,B05,,,Delivery,Coffee,1,80,0.00,80.00,QR PromptPay,
T007259,2026-08-07 08:19,B06,M0313,Bronze,Delivery,Merchandise,1,285,0.00,285.00,Credit Card,
T007260,2026-08-07 08:20,B03,,,App,Tea,4,50,0.00,120.00,Credit Card,
T007261,07/08/2026 08:34,b07,M0079,Gold,In-store,Bakery,2,95,0.00,190.00,Cash,
T007262,07/08/2026 08:48,B07,M0155,platinum,In-store,Coffee,2,80,0.00,160.00,Cash,
T007263,2026-08-07 10:37,B01,,,App,Bakery,4,95,0.00,380.00,Credit Card,
T007264,2026-08-07 11:16,B08,M0104,Gold,Delivery,Bakery,1,฿60.00,0.00,60.00,Credit Card,
T007265,2026-08-07 11:32,B04,M0207,Gold,In-store,Coffee,1,105,0.00,105.00,Credit Card,
T007266,2026-08-07 12:09,B03,M0138,Silver,In-store,Coffee,4,60,0.00,240.00,Credit Card,5
T007267,2026-08-07 12:42,B05,M0162,Bronze,In-store,Merchandise,1,260,0.00,260.00,Credit Card,
T007268,2026-08-07 13:08,B05,M0083,gold,App,Coffee,2,90,18.00,162.00,App Wallet,4
T007269,2026-08-07 13:21,B01,M9862,Silver,Delivery,Coffee,3,70,0.00,210.00,Cash,
T007270,07/08/2026 14:10,B07,,,App,Coffee,1,55,0.00,55.00,Credit Card,
T007271,2026-08-07 15:05,B03,,,In-store,Bakery,1,75,0.00,75.00,Cash,
T007272,07/08/2026 15:29,B07,M0034,Gold,In-store,Tea,2,80,0.00,160.00,Cash,
T007273,2026-08-07 15:30,B03,M0266,Platinum,App,Bakery,1,65,3.25,61.75,App Wallet,
T007274,2026-08-07 16:43,B01,M0071,Silver,In-store,Merchandise,1,330,33.00,297.00,Credit Card,3
T007275,2026-08-07 16:43,B03,M0329,Bronze,In-store,Merchandise,1,695,0.00,695.00,QR PromptPay,
T007276,2026-08-07 17:24,B04,,,In-store,Tea,3,95,0.00,285.00,QR PromptPay,
T007277,2026-08-07 17:24,B02,M0197,Silver,In-store,Coffee,1,60,0.00,60.00,Credit Card,
T007278,2026-08-07 17:27,B01,,,In-store,Bakery,1,90,0.00,90.00,QR PromptPay,5
T007279,2026-08-07 18:06,B03,,,In-store,Tea,1,70,0.00,70.00,QR PromptPay,2
T007280,2026-08-08 07:07,B01,M0084,Silver,In-store,Coffee,2,85,0.00,170.00,QR PromptPay,
T007281,2026-08-08 08:34,B03,M0019,Gold,In-store,Bakery,3,105,0.00,315.00,Credit Card,3
T007282,2026-08-08 08:53,B01,,,Delivery,Coffee,4,105,0.00,420.00,QR PromptPay,5
T007283,2026-08-08 09:20,B04,M0207,Gold,In-store,Merchandise,1,450,0.00,450.00,Cash,
T007284,2026-08-08 10:04,B01,M0082,Gold,In-store,Coffee,1,70,0.00,70.00,Credit Card,
T007285,2026-08-08 10:07,B06,M0191,Bronze,In-store,Coffee,1,85,0.00,85.00,QR PromptPay,4
T007286,2026-08-08 10:56,B02,M0305,Silver,In-store,Bakery,2,65,6.50,123.50,QR PromptPay,
T007287,2026-08-08 11:29,B01,M0304,Platinum,Delivery,Coffee,1,80,0.00,80.00,Credit Card,
T007288,2026-08-08 11:36,B05,M0281,Bronze,In-store,Coffee,2,55,0.00,110.00,Credit Card,
T007289,08/08/2026 12:08,B07,,,In-store,Bakery,1,75,0.00,75.00,QR PromptPay,2
T007290,2026-08-08 13:42,B08,M0171,Silver,In-store,Coffee,4,75,0.00,300.00,QR PromptPay,
T007291,2026-08-08 13:46,B06,,,Delivery,Bakery,1,80,0.00,80.00,Credit Card,
T007292,2026-08-08 13:55,B01,M0197,Silver,In-store,Coffee,1,75,0.00,75.00,Credit Card,
T007293,2026-08-08 14:35,B03,M0110,Silver,Delivery,Bakery,3,65,0.00,195.00,Cash,
T007294,2026-08-08 16:15,B03,M0107,Gold,In-store,Coffee,1,70,0.00,70.00,Cash,5
T007295,2026-08-08 16:38,B08,,,App,Coffee,1,80,0.00,80.00,Credit Card,3
T007296,2026-08-08 16:45,B02,M0054,Silver,In-store,Bakery,1,95,4.75,90.25,QR PromptPay,
T007297,2026-08-08 17:32,B06,M0281,Bronze,Delivery,Tea,1,85,12.75,72.25,Cash,
T007298,2026-08-08 17:46,B02,,,In store,Coffee,2,105,0.00,210.00,Cash,
T007299,2026-08-08 17:58,B01,M0315,platinum,Delivery,Bakery,1,80,12.00,68.00,Cash,
T007300,2026-08-08 19:14,B05,M0153,Silver,In-store,Coffee,2,70,7.00,133.00,Credit Card,2
T007301,2026-08-08 19:34,B03,M0327,Silver,In-store,Coffee,1,85,0.00,85.00,QR PromptPay,
T007302,2026-08-08 19:37,B01,,,App,Merchandise,2,530,0.00,1060.00,Credit Card,3
T007303,2026-08-08 19:39,B04,M0203,Bronze,In-store,Tea,3,80,0.00,240.00,Credit Card,4
T007304,2026-08-09 08:22,B03,,,In-store,Bakery,4,85,0.00,340.00,Cash,
T007305,2026-08-09 08:35,B01,,,In-store,Coffee,4,115,0.00,460.00,Credit Card,2
T007306,2026-08-09 09:27,B04,,,App,Coffee,2,105,0.00,210.00,App Wallet,
T007307,2026-08-09 09:31,B08,M9217,Bronze,Delivery,Bakery,1,50,0.00,50.00,QR PromptPay,4
T007308,2026-08-09 09:44,B04,M0207,Gold,In-store,Coffee,2,120,0.00,240.00,QR PromptPay,
T007309,2026-08-09 10:25,B06,M0120,Gold,App,Coffee,1,85,4.25,80.75,Credit Card,
T007310,2026-08-09 10:36,B06,M0026,Bronze,App,Merchandise,1,465,0.00,465.00,App Wallet,
T007311,2026-08-09 10:40,B03,M0254,Bronze,In-store,Coffee,3,120,0.00,360.00,Credit Card,
T007312,2026-08-09 11:04,B03,M0027,Bronze,Delivery,Coffee,4,85,0.00,340.00,QR PromptPay,
T007313,2026-08-09 12:11,B01,M0244,Gold,In-store,Coffee,1,55,5.50,49.50,QR PromptPay,4
T007314,2026-08-09 12:13,B03,M0221,Silver,Delivery,Tea,1,75,0.00,75.00,QR PromptPay,
T007315,2026-08-09 13:27,B03,M0107,Gold,In-store,Coffee,1,75,15.00,60.00,Cash,
T007316,2026-08-09 13:45,B05,M9632,Bronze,In-store,Merchandise,4,790,316.00,2844.00,QR PromptPay,
T007317,2026-08-09 13:51,B03,,,In-store,Coffee,1,85,0.00,85.00,QR PromptPay,
T007318,2026-08-09 14:01,B08,M0050,Bronze,In-store,Bakery,1,50,0.00,50.00,Cash,
T007319,2026-08-09 15:12,B06,M0257,Platinum,Delivery,Bakery,4,80,16.00,304.00,QR PromptPay,
T007320,2026-08-09 15:27,B02,,,App,Coffee,1,80,0.00,80.00,App Wallet,4
T007321,2026-08-09 15:34,B08,,,In-store,Coffee,2,115,0.00,230.00,QR PromptPay,3
T007322,2026-08-09 17:19,B01,,,In-store,Coffee,3,110,0.00,330.00,Cash,4
T007323,2026-08-09 17:35,B06,M0084,Silver,App,Merchandise,4,275,0.00,1100.00,App Wallet,
T007324,2026-08-09 17:39,B04,M0177,Bronze,Delivery,Coffee,1,85,0.00,85.00,QR PromptPay,
T007325,2026-08-09 18:19,B02,,,In-store,Tea,4,65,0.00,260.00,QR PromptPay,
T007326,09/08/2026 19:33,B07,M0053,Bronze,In-store,Coffee,1,120,12.00,108.00,Cash,
T007327,2026-08-10 08:03,B04,M0181,Silver,App,Coffee,1,110,0.00,110.00,App Wallet,
T007328,10/08/2026 09:39,B07,M0110,Silver,In-store,Coffee,2,55,0.00,110.00,Credit Card,
T007329,10/08/2026 12:37,B07,M0223,Bronze,App,Coffee,1,65,0.00,65.00,App Wallet,
T007330,10/08/2026 13:06,B07,M9862,Bronze,Delivery,Coffee,2,65,0.00,130.00,Credit Card,
T007331,2026-08-10 13:37,B04,M0181,Silver,App,Coffee,1,55,0.00,55.00,App Wallet,5
T007332,2026-08-10 14:44,B01,M0138,Silver,In-store,Merchandise,1,340,0.00,340.00,Cash,4
T007333,2026-08-10 15:01,B04,M0045,bronze,Delivery,Coffee,1,85,4.25,80.75,QR PromptPay,3
T007334,2026-08-10 16:22,B01,M0186,Platinum,Mobile App,Merchandise,3,695,0.00,2085.00,Credit Card,4
T007335,2026-08-10 16:35,B04,,,App,Bakery,1,95,0.00,95.00,App Wallet,3
T007336,10/08/2026 16:37,B07,M0030,Bronze,In-store,Coffee,1,115,0.00,115.00,Cash,
T007337,10/08/2026 16:38,B07,,,App,Coffee,3,120,0.00,360.00,App Wallet,
T007338,2026-08-10 16:41,B05,M0314,Gold,In-store,Coffee,1,55,0.00,55.00,Cash,
T007339,2026-08-10 16:42,B01,M0320,Silver,In-store,Coffee,1,65,6.50,58.50,QR PromptPay,3
T007340,2026-08-10 18:19,B04,M0111,Bronze,In-store,Tea,4,85,17.00,323.00,Credit Card,
T007341,2026-08-10 18:57,B03,M0329,Bronze,App,Coffee,2,120,0.00,240.00,App Wallet,
T007342,2026-08-10 19:37,B04,M0083,Gold,App,Merchandise,1,670,0.00,670.00,Credit Card,
T007343,11/08/2026 07:07, B07,,,In-store,Coffee,1,120,0.00,120.00,QR PromptPay,
T007344,2026-08-11 07:42,B04,M0207,Gold,In-store,Bakery,2,45,4.50,85.50,Cash,3
T007345,2026-08-11 07:45,B03,M0085,Silver,Delivery,Tea,2,80,0.00,160.00,QR PromptPay,
T007346,2026-08-11 08:04,B02,M0284,Platinum,In-store,Coffee,4,100,60.00,340.00,QR PromptPay,
T007347,2026-08-11 08:25,B01,M0084,Silver,In-store,Coffee,1,55,0.00,55.00,Cash,
T007348,2026-08-11 08:40,B03,,,Delivery,Bakery,1,70,0.00,70.00,Cash,
T007349,11/08/2026 08:55,B07,,,In-store,Merchandise,2,755,0.00,1510.00,QR PromptPay,
T007350,2026-08-11 10:06,B06,,,In-store,Coffee,1,105,0.00,105.00,Credit Card,
T007351,2026-08-11 10:29,B01,M0033,Bronze,App,Coffee,2,70,7.00,133.00,Credit Card,
T007352,2026-08-11 11:33,B04,M0217,Silver,Deliv.,Bakery,1,45,0.00,45.00,Cash,
T007353,2026-08-11 11:33,B06,M0302,Bronze,Delivery,Bakery,3,70,0.00,210.00,Credit Card,
T007354,2026-08-11 12:15,B01,M0302,Bronze,Delivery,Bakery,1,95,4.75,90.25,Cash,4
T007355,2026-08-11 12:57,B06,,,App,Tea,1,65,0.00,65.00,App Wallet,
T007356,11/08/2026 13:16,B07,M0073,Gold,In-store,Coffee,1,100,10.00,90.00,Cash,
T007357,2026-08-11 13:53,B08,,,In-store,Merchandise,2,845,0.00,1690.00,Cash,
T007358,2026-08-11 14:40,B04,M0045,Bronze,In store,Coffee,1,65,6.50,58.50,Cash,
T007359,2026-08-11 14:59,B08,M0006,Gold,Delivery,Tea,2,70,7.00,133.00,Cash,
T007360,2026-08-11 15:00,B03,M0266,Platinum,App,Merchandise,1,580,0.00,580.00,App Wallet,4
T007361,2026-08-11 15:48,B01,,,Delivery,Tea,3,65,0.00,195.00,Credit Card,4
T007362,2026-08-11 16:00,B05,M0115,Silver,Delivery,Coffee,2,90,0.00,180.00,QR PromptPay,
T007363,2026-08-11 16:06,B03,,,In-store,Coffee,2,75,0.00,150.00,Cash,3
T007364,2026-08-11 16:06,B08,,,In-store,Coffee,2,80,0.00,160.00,Cash,
T007365,2026-08-11 16:08,B01,M0046,Silver,In-store,Coffee,1,65,0.00,65.00,Credit Card,
T007366,2026-08-11 16:12,B08,M0110,Silver,Delivery,Coffee,2,70,28.00,112.00,Cash,
T007367,2026-08-11 16:17,B06,,,In-store,Coffee,2,65,0.00,130.00,Credit Card,3
T007368,2026-08-11 16:23,B05,,,In-store,Coffee,2,90,0.00,180.00,QR PromptPay,4
T007369,2026-08-11 16:33,B06,,,App,Coffee,1,65,0.00,65.00,Credit Card,
T007370,2026-08-11 17:16,B04,,,App,Bakery,4,95,0.00,460.00,Credit Card,
T007371,2026-08-11 17:24,B05,,,App,Bakery,2,85,0.00,170.00,App Wallet,
T007372,2026-08-11 18:17,B08,,,In-store,Coffee,2,120,0.00,240.00,QR PromptPay,4
T007373,2026-08-11 19:02,B01,,,In-store,Coffee,1,90,0.00,90.00,Cash,5
T007374,2026-08-12 01:42,B02,M0149,Silver,Delivery,Coffee,2,90,0.00,180.00,Credit Card,4
T007375,12/08/2026 07:32,B07,M0128,Silver,In-store,Coffee,4,85,0.00,340.00,Credit Card,
T007376,2026-08-12 07:45,B08,M0280,Slvr,Delivery,Coffee,1,90,0.00,90.00,Cash,
T007377,2026-08-12 08:46,B02,,,In-store,Bakery,1,100,0.00,100.00,Credit Card,
T007378,2026-08-12 08:59,B01,M0046,Silver,In-store,Tea,1,50,0.00,50.00,Cash,
T007378,2026-08-12 10:23,B01,M0046,Silver,In-store,Tea,-1,50,-0.00,-50.00,Cash,
T007379,2026-08-12 11:11,B05,M0203,Bronze,App,Bakery,3,100,0.00,300.00,Credit Card,4
T007380,2026-08-12 12:20,B03,M0011,Gold,In-store,Coffee,2,105,42.00,168.00,QR PromptPay,
T007381,2026-08-12 12:38,B04,,,In-store,Coffee,3,55,0.00,165.00,Credit Card,5
T007382,2026-08-12 12:41,B05,,,In-store,Merchandise,1,380,0.00,380.00,Credit Card,
T007383,2026-08-12 12:48,B08,,,App,Coffee,1,115,0.00,115.00,Credit Card,3
T007384,2026-08-12 12:50,B08,,,In-store,Coffee,1,90,0.00,90.00,Credit Card,
T007385,2026-08-12 13:00,b01,M0193,Silver,In-store,Tea,4,95,0.00,380.00,Credit Card,
T007386,2026-08-12 13:02,B02,M0273,Gold,In-store,Tea,4,60,0.00,240.00,QR PromptPay,
T007387,2026-08-12 13:51,B03,M0019,Gold,In-store,Merchandise,1,690,0.00,690.00,QR PromptPay,
T007388,2026-08-12 13:54,B05,M0091,Bronze,App,Bakery,3,110,0.00,330.00,App Wallet,
T007389,2026-08-12 14:07,B08,M0193,silver,Mobile App,Bakery,1,80,4.00,76.00,App Wallet,
T007390,2026-08-12 14:28, B08,M0270,Bronze,In-store,Bakery,2,110,0.00,220.00,QR PromptPay,
T007391,2026-08-12 14:30,B01,M0084,Silver,In-store,Coffee,2,85,0.00,170.00,Cash,
T007392,2026-08-12 14:31,B06,M0276,Gold,In-store,Tea,1,85,0.00,85.00,Cash,
T007393,2026-08-12 14:33,B06,,,App,Tea,4,85,0.00,340.00,App Wallet,
T007394,2026-08-12 15:34,B05,M0059,Bronze,In-store,Bakery,3,95,14.25,270.75,QR PromptPay,2
T007395,2026-08-12 15:36,B02,M0243,Bronze,App,Coffee,3,90,0.00,270.00,App Wallet,
T007396,2026-08-12 15:58,B06,M0207,Gold,In-store,Coffee,1,110,0.00,110.00,Cash,5
T007396,2026-08-12 15:58,B06,M0207,Gold,In-store,Coffee,1,110,0.00,110.00,Cash,5
T007397,2026-08-12 16:00,B02,,,In-store,Merchandise,1,715,0.00,715.00,Cash,
T007398,2026-08-12 16:08,B01,M0193,Silver,In-store,Merchandise,1,635,0.00,635.00,QR PromptPay,
T007399,2026-08-12 16:12,B08,M0189,Platinum,Delivery,Bakery,4,110,0.00,440.00,QR PromptPay,
T007400,2026-08-12 16:52,B05,,,In-store,Coffee,1,75,0.00,75.00,QR PromptPay,
T007401,2026-08-12 17:13,B02,M0200,Gold,In-store,Bakery,1,105,21.00,84.00,Credit Card,
T007402,2026-08-12 18:36,B04,M0256,Silver,App,Coffee,3,120,0.00,360.00,App Wallet,
T007403,2026-08-12 19:29,B03,,,App,Coffee,3,100,0.00,300.00,Credit Card,4
T007404,2026-08-12 19:50,B01,M0244,Gold,In-store,Merchandise,4,685,548.00,2192.00,Cash,
T007405,2026-08-13 02:02,B02,,,Delivery,Coffee,1,100,0.00,100.00,Credit Card,
T007406,2026-08-13 12:08,B02,M0210,Bronze,Delivery,Coffee,1,85,0.00,5.00,Credit Card,
T007407,2026-08-13 12:36,B03,M0245,Gold,Delivery,Coffee,1,65,6.50,58.50,Cash,
T007408,2026-08-13 13:17,B03,,,App,Tea,1,70,0.00,70.00,Credit Card,
T007409,2026-08-13 13:25,B08,M0050,Bronze,In-store,Bakery,2,80,0.00,160.00,Cash,4
T007410,2026-08-13 13:30,B03,M0006,Gold,In-store,Bakery,2,80,0.00,160.00,QR PromptPay,2
T007411,2026-08-13 13:45,B03,M0266,Platinum,In-store,Tea,2,60,24.00,96.00,QR PromptPay,
T007412,2026-08-13 13:47,B02,,,In-store,Coffee,1,55,0.00,55.00,QR PromptPay,
T007413,2026-08-13 14:11,B05,,,In-store,Coffee,3,90,0.00,270.00,QR PromptPay,4
T007413,2026-08-13 14:11,B05,,,In-store,Coffee,3,90,0.00,270.00,QR PromptPay,4
T007414,2026-08-13 15:30,B05,,,In-store,Coffee,2,65,0.00,130.00,Cash,5
T007415,2026-08-13 15:52,B01,M0046,Silver,Delivery,Coffee,2,65,0.00,130.00,Credit Card,5
T007416,2026-08-13 16:01,B05,M0088,Silver,In-store,Coffee,1,55,0.00,55.00,Cash,
T007417,2026-08-13 16:06,B01,M0145,Silver,App,Coffee,2,105,0.00,210.00,App Wallet,4
T007418,2026-08-13 16:45,B03,M0089,Bronze,Delivery,Coffee,4,70,0.00,280.00,Credit Card,4
T007419,13/08/2026 17:50,B07,,,In-store,Coffee,4,75,0.00,300.00,Cash,
T007420,13/08/2026 17:53,B07,,,app,Coffee,3,80,0.00,240.00,App Wallet,3
T007421,2026-08-13 18:05,B05,,,App,Bakery,1,45,0.00,45.00,Credit Card,
T007422,2026-08-13 18:40,B04,M0252,Gold,In-store,Coffee,2,95,0.00,190.00,Credit Card,
T007423,2026-08-13 18:58,B03,M0312,Silver,In-store,Merchandise,2,800,160.00,1440.00,Cash,3
T007424,2026-08-13 19:34,B05,M0240,Gold,App,Bakery,1,70,0.00,70.00,Credit Card,
T007425,2026-08-14 07:28,B03,M0197,Silver,App,Merchandise,4,745,149.00,2831.00,Credit Card,3
T007426,2026-08-14 07:51,B05,,,App,Tea,4,90,0.00,360.00,Credit Card,
T007427,2026-08-14 08:01,B01,M0186,Platinum,In-store,Tea,2,55,5.50,104.50,QR PromptPay,
T007428,2026-08-14 08:04,B03,M0266,Platinum,Delivery,Coffee,1,80,8.00,72.00,Cash,4
T007429,2026-08-14 08:05,B01,,,Delivery,Coffee,1,115,0.00,115.00,QR PromptPay,3
T007430,14/08/2026 08:10,B07,,,In-store,Coffee,1,120,0.00,120.00,Cash,3
T007431,2026-08-14 08:11,B2,M0210,Bronze,Delivery,Tea,2,95,0.00,190.00,Credit Card,5
T007432,2026-08-14 08:33,B08,,,Instore,Coffee,1,85,0.00,85.00,QR PromptPay,
T007433,2026-08-14 08:46,B02,,,In-store,Merchandise,4,585,0.00,2340.00,Cash,
T007434,2026-08-14 08:52,B03,M0221,Silver,App,Bakery,1,75,0.00,75.00,App Wallet,4
T007435,2026-08-14 09:00,B05,M0330,Gold,In-store,Tea,2,80,0.00,160.00,Credit Card,4
T007436,14/08/2026 09:07,B07,M0324,Gold,In-store,Bakery,2,65,0.00,130.00,QR PromptPay,2
T007437,14/08/2026 10:10,B07,M9403,Gold,in-store,Coffee,1,85,0.00,85.00,Credit Card,
T007438,2026-08-14 10:13,B06,,,In-store,Coffee,3,80,0.00,240.00,Credit Card,
T007439,2026-08-14 10:59,B03,,,App,Bakery,1,105,0.00,105.00,Credit Card,
T007440,2026-08-14 12:27,B05,M0178,Silver,In-store,Merchandise,1,430,0.00,430.00,QR PromptPay,
T007441,2026-08-14 12:33,B04,M0159,Silver,In-store,Bakery,2,70,21.00,119.00,Credit Card,
T007442,14/08/2026 12:46,B07,,,Delivery,Bakery,4,85,0.00,340.00,QR PromptPay,
T007443,2026-08-14 12:46,B01,M0024,Silver,Delivery,Coffee,2,105,21.00,189.00,Cash,4
T007444,2026-08-14 13:17,B06,,,In-store,Coffee,2,75,0.00,150.00,Cash,
T007445,2026-08-14 13:25,B01,,,App,Coffee,1,85,0.00,85.00,App Wallet,4
T007446,2026-08-14 14:34,B05,M0091,BRONZE,In-store,Bakery,2,70,0.00,140.00,QR PromptPay,
T007447,2026-08-14 15:01,B08,,,App,Coffee,2,75,0.00,150.00,App Wallet,4
T007448,2026-08-14 15:04,B02,,,In-store,Coffee,4,80,0.00,320.00,Cash,4
T007449,2026-08-14 15:15,B06,M0276,Gold,In-store,Coffee,1,90,0.00,90.00,QR PromptPay,4
T007450,2026-08-14 15:17,B08,M0164,Gold,In-store,Merchandise,1,750,0.00,750.00,QR PromptPay,
T007451,2026-08-14 16:03,B08,M9108,Bronze,In-store,Coffee,2,75,0.00,150.00,QR PromptPay,
T007452,2026-08-14 16:12,B03,M0272,Silver,In-store,Tea,1,60,0.00,60.00,Credit Card,
T007453,2026-08-14 16:40,B01,M0253,Silver,In-store,Bakery,1,105,10.50,94.50,Credit Card,4
T007454,2026-08-14 16:44,B04,,,In-store,Coffee,1,75,0.00,75.00,Credit Card,5
T007455,14/08/2026 16:55,B07,,,Delivery,Coffee,2,115,0.00,230.00,Cash,
T007456,14/08/2026 18:03,B07,M0245,Gold,In-store,Bakery,1,80,0.00,80.00,Credit Card,
T007457,2026-08-14 19:30,B04,M0238,Silver,In-store,Coffee,1,60,0.00,60.00,Credit Card,
T007458,2026-08-15 00:18,B02,,,Delivery,Coffee,3,90,0.00,270.00,Credit Card,
T007459,2026-08-15 08:10,B02,M0023,Bronze,App,Coffee,2,100,0.00,200.00,Credit Card,5
T007460,2026-08-15 08:29,B05,M0149,Silver,In-store,Merchandise,1,350,17.50,332.50,Cash,
T007461,2026-08-15 08:42,B05,M0094,Silver,In-store,Coffee,1,115,0.00,115.00,Cash,
T007459,2026-08-15 09:38,B02,M0023,Bronze,App,Coffee,-2,100,-0.00,-200.00,Credit Card,
T007462,2026-08-15 10:15,B03,M0307,Silver,In-store,Bakery,2,70,0.00,140.00,Credit Card,4
T007463,2026-08-15 10:34,B06,M0003,Gold,In-store,Bakery,4,110,66.00,374.00,Cash,
T007464,2026-08-15 11:06,B06,,,In-store,Tea,3,75,0.00,225.00,QR PromptPay,
T007465,2026-08-15 12:07,B06,,,App,Coffee,1,70,0.00,70.00,Credit Card,
T007466,2026-08-15 12:37,B02,M0233,Silver,App,Coffee,4,115,0.00,460.00,Credit Card,
T007467,2026-08-15 13:07,B08,,,In-store,Bakery,1,90,0.00,90.00,Credit Card,
T007468,2026-08-15 13:14,B02,M0007,Silver,In-store,Coffee,1,65,6.50,58.50,QR PromptPay,4
T007469,2026-08-15 13:32,B08,,,Delivery,Tea,2,80,0.00,160.00,QR PromptPay,
T007470,2026-08-15 13:40,B05,M0059,Bronze,In-store,Bakery,1,80,0.00,80.00,QR PromptPay,
T007471,2026-08-15 14:36,B04,,,App,Tea,1,85,0.00,85.00,App Wallet,
T007472,2026-08-15 15:19,B06,,,Deliv.,Coffee,3,105,0.00,315.00,Credit Card,
T007473,2026-08-15 16:25,B04,M9403,Platinum,App,Tea,2,75,0.00,150.00,Credit Card,5
T007474,2026-08-15 16:25,B05,M0314,Gold,Delivery,Bakery,1,95,19.00,76.00,QR PromptPay,
T007475,2026-08-15 16:26,B05,,,In-store,Coffee,4,105,0.00,420.00,QR PromptPay,4
T007475,2026-08-15 16:26,B05,,,In-store,Coffee,4,105,0.00,420.00,QR PromptPay,4
T007476,2026-08-15 16:31,B04,M0090,Platinum,In-store,Coffee,1,85,0.00,85.00,Cash,5
T007477,15/08/2026 16:39,B07,M0066,Silver,In-store,Merchandise,4,455,0.00,1820.00,QR PromptPay,
T007478,15/08/2026 16:40,B07,M0028,Bronze,In-store,Coffee,1,105,5.25,99.75,Credit Card,
T007479,2026-08-15 16:54,B05,M0090,Platinum,App,Bakery,1,65,0.00,65.00,App Wallet,5
T007480,15/08/2026 17:20,B07,,,App,Coffee,2,105,0.00,210.00,App Wallet,
T007481,2026-08-15 17:38,B04,M0207,Gold,APP,Bakery,1,60,0.00,60.00,Credit Card,
T007482,2026-08-15 18:01,B01,M0302,Bronze,App,Bakery,4,70,0.00,280.00,App Wallet,
T007483,2026-08-15 18:02,B08,,,In-store,Tea,4,80,0.00,320.00,Cash,5
T007484,2026-08-16 07:47,B04,,,App,Coffee,2,90,0.00,180.00,Credit Card,3
T007485,2026-08-16 08:15,B01,M0186,Platinum,App,Bakery,1,110,16.50,93.50,Credit Card,5
T007486,2026-08-16 08:30,B08,M0187,Silver,App,Coffee,2,60,0.00,120.00,App Wallet,5
T007487,2026-08-16 09:25,B02,M0144,Gold,App,Coffee,1,85,0.00,85.00,Credit Card,
T007487,2026-08-16 09:25,B02,M0144,Gold,App,Coffee,1,85,0.00,85.00,Credit Card,
T007488,2026-08-16 10:05,B08,M0204,Gold,Instore,Bakery,1,105,0.00,105.00,Cash,5
T007489,2026-08-16 10:40,B03,M0272,Silver,In-store,Coffee,1,65,0.00,65.00,Credit Card,
T007490,2026-08-16 10:58,B05,M0165,Bronze,In-store,Merchandise,1,635,0.00,635.00,Cash,5
T007491,2026-08-16 12:36,B08,,,Delivery,Coffee,1,120,0.00,120.00,QR PromptPay,4
T007492,16/08/2026 13:54,B07,M0312,Silver,In-store,Bakery,2,85,0.00,170.00,Cash,
T007493,2026-08-16 14:06,B06,M0094,Silver,Delivery,Coffee,1,85,0.00,85.00,Credit Card,
T007494,2026-08-16 14:53,B03,M0121,Silver,App,Tea,4,70,0.00,280.00,App Wallet,4
T007495,2026-08-16 15:32,B08,M0205,Silver,App,Coffee,1,80,0.00,80.00,Credit Card,
T007496,16/08/2026 15:41,B07,M0017,Bronze,App,Coffee,3,80,0.00,240.00,Credit Card,
T007497,2026-08-16 16:52,B02,M0229,Silver,In-store,Coffee,1,65,9.75,55.25,Credit Card,
T007498,2026-08-16 18:08,B02,M0315,Platinum,App,Bakery,1,85,4.25,80.75,Credit Card,
T007499,2026-08-16 18:39,B02,M0140,Bronze,App,Merchandise,2,765,0.00,1530.00,App Wallet,
T007500,2026-08-16 19:22,B08,M0278,Bronze,App,Tea,2,60,0.00,120.00,App Wallet,3
T007501,16/08/2026 19:54,B07,M0245,gold,App,Bakery,1,65,0.00,65.00,Credit Card,4
T007502,2026-08-16 19:57,B04,M0164,Gold,Delivery,Coffee,4,60,48.00,192.00,Credit Card,
T007503,2026-08-17 07:00,B01,M0302,Bronze,Delivery,Bakery,4,80,0.00,320.00,Credit Card,
T007504,2026-08-17 07:04,B01,M0197,Silver,Delivery,Coffee,1,110,0.00,110.00,Cash,2
T007505,2026-08-17 07:19,B01,,,App,Bakery,4,50,0.00,200.00,Credit Card,5
T007506,2026-08-17 07:50,B03,M0266,Platinum,Deliv.,Merchandise,1,425,63.75,361.25,QR PromptPay,3
T007507,2026-08-17 08:36,B03,M0089,Bronze,In-store,Merchandise,1,750,0.00,750.00,QR PromptPay,5
T007508,17/08/2026 08:39,B07,,,App,Tea,2,60,0.00,120.00,App Wallet,
T007509,2026-08-17 08:39,B03,M0085,Silver,In-store,Coffee,1,70,7.00,63.00,QR PromptPay,
T007510,2026-08-17 08:58,B03,M0312,Silver,In-store,Coffee,1,110,0.00,110.00,QR PromptPay,
T007511,2026-08-17 09:24,B06,,,App,Tea,2,60,0.00,120.00,Credit Card,
T007512,2026-08-17 09:46,B01,M0145,Silver,In-store,Bakery,2,75,0.00,150.00,Cash,5
T007513,2026-08-17 12:01,B01,M0215,Bronze,App,Bakery,4,90,0.00,360.00,App Wallet,
T007513,2026-08-17 12:01,B01,M0215,Bronze,App,Bakery,4,90,0.00,360.00,App Wallet,
T007514,2026-08-17 12:26,B02,,,In-store,Coffee,1,80,0.00,80.00,Credit Card,
T007515,2026-08-17 12:56,B03,M0307,Silver,App,Merchandise,2,440,44.00,886.00,Credit Card,
T007516,2026-08-17 14:12,B05,M9217,Gold,In store,Coffee,1,65,0.00,65.00,Credit Card,3
T007517,17/08/2026 15:01,B07,,,In-store,Tea,2,60,0.00,120.00,QR PromptPay,
T007518,2026-08-17 15:21,B04,M0207,Gold,In-store,Coffee,1,90,0.00,90.00,Credit Card,
T007519,2026-08-17 16:22,B08,,,App,Coffee,2,55,0.00,110.00,Credit Card,
T007520,2026-08-17 16:54,B03,M0266,Platinum,Delivery,Tea,1,50,10.00,40.00,Credit Card,
T007521,2026-08-17 17:11,B04,M0181,Silver,In-store,Coffee,1,95,0.00,95.00,Cash,
T007522,17/08/2026 18:06,B07,M0073,Gold,In-store,Coffee,1,100,0.00,100.00,Cash,3
T007523,2026-08-17 18:11,B08,M0305,Silver,In-store,Tea,1,75,11.25,63.75,Credit Card,
T007524,2026-08-17 23:32,B02,,,Delivery,Coffee,2,110,0.00,220.00,QR PromptPay,
T007525,2026-08-18 08:14,B04,M0207,Gold,In-store,Tea,3,60,0.00,180.00,Credit Card,
T007526,2026-08-18 08:31,B05,M0299,Platinum,Delivery,Coffee,2,80,0.00,160.00,Cash,
T007527,2026-08-18 08:33,B08,,,in-store,Bakery,4,55,0.00,220.00,QR PromptPay,
T007528,18/08/2026 08:57,B07,,,In-store,Tea,1,65,0.00,65.00,Credit Card,
T007529,2026-08-18 11:25,B02,,,In-store,Coffee,2,55,0.00,110.00,QR PromptPay,3
T007530,2026-08-18 12:52,B01,,,In-store,Coffee,1,75,0.00,75.00,Cash,
T007531,2026-08-18 13:04,B01,,,In-store,Bakery,3,100,0.00,300.00,Credit Card,
T007532,2026-08-18 13:18,B03,M0035,Bronze,In-store,Bakery,4,90,0.00,360.00,QR PromptPay,
T007533,18/08/2026 13:30,B7,M0209,Bronze,In store,Merchandise,3,505,0.00,1515.00,QR PromptPay,2
T007534,2026-08-18 13:58,B01,M0225,Silver,In-store,Tea,4,90,0.00,360.00,Cash,
T007535,2026-08-18 14:08,B02,M0111,Bronze,In-store,Coffee,1,90,0.00,90.00,Cash,
T007536,2026-08-18 15:49,B04,M0207,Gold,App,Tea,3,55,33.00,132.00,Credit Card,4
T007537,2026-08-18 16:13,B05,M0314,Gold,App,Coffee,4,105,42.00,378.00,App Wallet,
T007538,2026-08-18 16:16,B05,,,In-store,Bakery,1,70,0.00,70.00,Cash,3
T007539,2026-08-18 16:32,B01,,,In-store,Coffee,4,70,0.00,280.00,Cash,
T007540,2026-08-18 22:22,B02,,,Delivery,Coffee,4,55,0.00,220.00,QR PromptPay,
T007541,2026-08-19 07:43,B01,M0244,Gold,App,Bakery,4,100,40.00,360.00,App Wallet,
T007542,2026-08-19 07:44,B08,,,In-store,Bakery,2,85,0.00,170.00,Cash,
T007543,2026-08-19 08:20,B01,M0168,Silver,In-store,Bakery,1,65,0.00,65.00,QR PromptPay,
T007544,2026-08-19 08:37,B08,M0079,Gold,In-store,Coffee,1,65,0.00,65.00,Credit Card,
T007545,2026-08-19 08:38,B02,M0082,Gold,In-store,Bakery,2,95,0.00,190.00,Cash,
T007546,2026-08-19 08:45,B02,,,Delivery,Coffee,1,85,0.00,85.00,Cash,
T007547,2026-08-19 08:58,B04,M0207,Gold,In-store,Bakery,3,60,0.00,180.00,Credit Card,
T007548,2026-08-19 09:09,B01,,,In-store,Coffee,2,90,0.00,180.00,Cash,
T007549,2026-08-19 09:31,B01,,,In-store,Coffee,4,95,0.00,380.00,Cash,
T007550,2026-08-19 09:36,B08,,,Delivery,Coffee,2,70,0.00,140.00,Credit Card,
T007551,2026-08-19 10:58,B03,M0019,Gold,In-store,Bakery,2,75,7.50,142.50,QR PromptPay,
T007552,2026-08-19 11:26,B05,,,App,Bakery,1,110,0.00,110.00,App Wallet,4
T007553,2026-08-19 11:37,B01,M0319,Bronze,In-store,Coffee,1,100,20.00,80.00,Cash,
T007554,2026-08-19 11:45,B05,M0281,Bronze,In-store,Tea,1,85,0.00,85.00,Credit Card,
T007555,2026-08-19 12:56,B08,M0187,Silver,App,Bakery,1,105,0.00,105.00,App Wallet,3
T007556,2026-08-19 13:37,B08,M0223,Bronze,App,Merchandise,1,865,0.00,865.00,Credit Card,
T007557,2026-08-19 13:53,B08,M9632,Silver,Mobile App,Bakery,1,105,10.50,94.50,App Wallet,4
T007558,2026-08-19 14:03,B01,M0197,Silver,In-store,Coffee,3,115,69.00,276.00,QR PromptPay,
T007559,19/08/2026 15:28,B07,,,In-store,Bakery,1,60,0.00,60.00,QR PromptPay,2
T007560,2026-08-19 15:47,B08,M0260,Gold,In-store,Coffee,3,60,18.00,162.00,Cash,
T007561,2026-08-19 16:09,B02,M0274,Gold,In-store,Bakery,1,80,0.00,80.00,QR PromptPay,5
T007562,2026-08-19 17:51,B06,,,In-store,Tea,2,70,0.00,140.00,QR PromptPay,
T007563,2026-08-19 17:55,B05,M0094,Silver,App,Coffee,1,75,0.00,75.00,Credit Card,3
T007564,2026-08-19 18:52,B03,M0203,Bronze,In-store,Coffee,1,80,0.00,80.00,QR PromptPay,5
T007565,2026-08-19 19:20,B08,M0175,Silver,In-store,Coffee,1,105,0.00,105.00,QR PromptPay,3
T007566,2026-08-19 19:54,B03,,,In-store,Coffee,1,80,0.00,80.00,Credit Card,
T007567,2026-08-19 19:54,B03,M0329,Bronze,In-store,Bakery,1,80,0.00,80.00,Cash,
T007568,2026-08-20 00:39,B02,M0221,SILVER,Delivery,Coffee,1,60,9.00,51.00,QR PromptPay,
T007569,2026-08-20 07:48,B06,M0042,Gold,In store,Merchandise,1,645,32.25,612.75,QR PromptPay,
T007570,2026-08-20 08:05,B06,,,App,Tea,2,95,0.00,190.00,Credit Card,2
T007571,2026-08-20 08:41,B06,,,In-store,Coffee,1,65,0.00,65.00,QR PromptPay,
T007572,2026-08-20 08:42,B01,M0213,Silver,App,Coffee,1,85,0.00,85.00,Credit Card,
T007573,2026-08-20 09:22,B02,M0033,Bronze,App,Tea,1,60,12.00,48.00,Credit Card,
T007574,2026-08-20 09:35,B04,M0264,Platinum,App,Coffee,1,120,24.00,96.00,Credit Card,
T007573,2026-08-20 10:42,B02,M0033,Bronze,App,Tea,-1,60,-12.00,-48.00,Credit Card,
T007575,2026-08-20 12:28,B03,,,In-store,Coffee,3,85,0.00,255.00,Credit Card,3
T007576,2026-08-20 12:33,B06,M0134,Platinum,In-store,Tea,1,60,9.00,51.00,Credit Card,4
T007577,2026-08-20 12:48,B08,,,App,Coffee,1,60,0.00,60.00,App Wallet,2
T007578,2026-08-20 13:04,B04,M0206,Silver,App,Tea,4,90,0.00,360.00,App Wallet,
T007579,2026-08-20 16:04,B08,M0311,Bronze,In-store,Coffee,1,105,0.00,105.00,QR PromptPay,3
T007580,20/08/2026 16:10,B07,M0270,Bronze,In-store,Coffee,1,110,0.00,110.00,Cash,
T007581,2026-08-20 16:35,B05,M0088,Silver,App,Bakery,4,75,0.00,300.00,Credit Card,
T007582,2026-08-20 17:15,B04,,,In-store,Coffee,4,65,0.00,260.00,QR PromptPay,3
T007583,20/08/2026 17:27,B07,,,In-store,Coffee,2,70,0.00,140.00,Credit Card,
T007584,2026-08-20 17:46,B04,M0203,Bronze,App,Coffee,4,55,0.00,220.00,Credit Card,
T007585,2026-08-20 18:27,B01,M0225,SILVER,App,Coffee,1,100,0.00,100.00,Credit Card,
T007586,2026-08-20 19:06,B08,M0104,Gold,In-store,Bakery,1,110,0.00,110.00,Credit Card,
T007587,2026-08-20 19:25,B04,M0256,Silver,In-store,Coffee,1,120,0.00,120.00,Credit Card,5
T007588,2026-08-20 19:33,B04,,,Delivery,Bakery,117,70,0.00,8190.00,Credit Card,4
T007589,2026-08-20 19:51,B03,M0079,Gold,Delivery,Tea,4,80,0.00,320.00,Credit Card,
T007590,2026-08-21 07:41,B01,M0306,bronze,In-store,Coffee,1,90,0.00,90.00,Credit Card,3
T007591,2026-08-21 07:53,B01,,,App,Coffee,2,115,0.00,230.00,Credit Card,4
T007592,2026-08-21 09:14,B03,,,App,Coffee,1,110,0.00,110.00,Credit Card,
T007593,2026-08-21 09:21,B08,M0142,Bronze,In-store,Bakery,1,65,0.00,65.00,QR PromptPay,
T007594,2026-08-21 11:10,B01,,,App,Tea,3,65,0.00,195.00,App Wallet,3
T007595,2026-08-21 12:12,B03,M0254,Bronze,App,Merchandise,1,395,0.00,395.00,App Wallet,4
T007596,2026-08-21 12:25,B03,,,Delivery,Coffee,1,90,0.00,90.00,Cash,3
T007597,2026-08-21 12:27,B03,M0177,Bronze,App,Coffee,1,65,0.00,65.00,Credit Card,3
T007598,21/08/2026 12:34,B07,M0207,Gold,App,Coffee,2,100,10.00,190.00,Credit Card,1
T007599,2026-08-21 12:36,B08,,,Delivery,Coffee,1,105,0.00,105.00,Cash,
T007600,21/08/2026 13:29,B07,,,App,Tea,1,85,0.00,85.00,App Wallet,
T007601,2026-08-21 13:34,B06,,,App,Coffee,1,100,0.00,100.00,Credit Card,
T007602,2026-08-21 14:13,B08,,,Delivery,Coffee,1,115,0.00,115.00,QR PromptPay,
T007603,2026-08-21 15:15,B02,M0325,Platinum,In-store,Tea,3,75,11.25,213.75,Cash,
T007604,2026-08-21 15:40,B06,M0094,Silver,In-store,Bakery,1,75,0.00,75.00,Credit Card,4
T007605,2026-08-21 15:47,B03,,,In-store,Coffee,1,75,0.00,75.00,QR PromptPay,3
T007606,2026-08-21 16:24,B03,M0221,Silver,App,Coffee,2,65,0.00,130.00,Credit Card,4
T007607,2026-08-21 16:45,B03,M0163,Bronze,App,Tea,1,80,0.00,80.00,Credit Card,4
T007608,2026-08-21 17:09,B03,,,App,Coffee,1,75,0.00,75.00,App Wallet,
T007609,2026-08-21 17:25,B02,M0325,Platinum,In-store,Coffee,3,90,27.00,243.00,Cash,
T007610,2026-08-21 17:29,B01,M9403,Bronze,In-store,Coffee,2,55,0.00,110.00,QR PromptPay,
T007611,2026-08-21 17:55,B03,M0249,Silver,App,Tea,1,70,0.00,70.00,App Wallet,
T007612,2026-08-21 18:03,B08,,,In-store,Coffee,1,110,0.00,110.00,Cash,
T007613,2026-08-21 18:06,B04,,,In-store,Bakery,1,60,0.00,60.00,QR PromptPay,
T007614,2026-08-21 18:36,B04,M0085,Silver,In-store,Bakery,4,85,0.00,340.00,QR PromptPay,
T007615,21/08/2026 18:42,B07,M0145,Silver,App,Merchandise,4,585,0.00,2340.00,Credit Card,
T007616,2026-08-21 19:00,B04,M0264,Platinum,APP,Tea,1,85,4.25,80.75,App Wallet,
T007616,2026-08-21 19:59,B04,M0264,Platinum,App,Tea,-1,85,-4.25,-80.75,App Wallet,
T007617,2026-08-22 07:24, B01,M0186,Platinum,APP,Coffee,4,90,0.00,360.00,App Wallet,
T007618,2026-08-22 07:31,B01,M0194,Bronze,In-store,Bakery,1,90,0.00,90.00,QR PromptPay,
T007619,2026-08-22 07:55,B01,M0193,Silver,In-store,Coffee,1,60,12.00,48.00,Credit Card,
T007620,2026-08-22 08:25,B06,,,Delivery,Merchandise,3,520,0.00,1560.00,QR PromptPay,
T007621,2026-08-22 09:37,B06,M0324,Gold,App,Coffee,1,55,0.00,55.00,Credit Card,
T007622,2026-08-22 11:10,B08,,,In-store,Merchandise,1,380,0.00,380.00,QR PromptPay,4
T007623,2026-08-22 11:53,B03,,,In-store,Coffee,4,105,0.00,420.00,Credit Card,
T007624,2026-08-22 12:04,B03,,,delivery,Bakery,1,100,0.00,100.00,QR PromptPay,4
T007625,2026-08-22 13:09,B01,M0302,Bronze,Delivery,Coffee,2,105,0.00,210.00,Cash,
T007626,22/08/2026 13:31,B07,M0013,Silver,App,Bakery,3,90,0.00,270.00,Credit Card,3
T007627,2026-08-22 13:47,B04,M0252,Gold,Delivery,Coffee,1,100,20.00,80.00,QR PromptPay,3
T007628,2026-08-22 16:18,B06,,,Delivery,Coffee,4,85,0.00,340.00,Cash,
T007629,22/08/2026 16:59,B07,M0106,Bronze,In store,Coffee,1,95,0.00,95.00,Credit Card,
T007630,2026-08-22 18:10,B01,M0052,Bronze,In-store,Coffee,1,75,0.00,75.00,Cash,4
T007631,2026-08-22 18:41,B08,M0197,Silver,In-store,Tea,3,65,0.00,105.00,Credit Card,3
T007632,2026-08-23 08:40,B05,M0083,Gold,App,Coffee,1,105,21.00,84.00,Credit Card,5
T007633,2026-08-23 09:11,B02,M0244,Gld,In-store,Coffee,1,120,6.00,114.00,Cash,
T007634,23/08/2026 10:08,B07,M0065,Platinum,Delivery,Coffee,1,95,9.50,85.50,Cash,
T007635,2026-08-23 12:10,B03,M0266,Platinum,In-store,Coffee,2,65,0.00,130.00,Cash,3
T007636,2026-08-23 12:12, B02,M0229,Silver,In-store,Tea,1,70,0.00,70.00,Cash,
T007637,2026-08-23 12:51,B05,M0185,Gold,In-store,Coffee,1,75,7.50,67.50,Credit Card,5
T007638,23/08/2026 12:55,B07,M0270,Bronze,App,Merchandise,3,590,0.00,1770.00,App Wallet,
T007639,2026-08-23 13:07,B08,,,Delivery,Bakery,1,110,0.00,110.00,Cash,
T007640,2026-08-23 13:30,B01,M0197,Silver,In-store,Tea,3,55,24.75,140.25,Credit Card,
T007641,2026-08-23 14:18,B05,,,App,Coffee,2,70,0.00,140.00,App Wallet,
T007642,23/08/2026 14:49,B07,M0032,Silver,In-store,Bakery,1,95,19.00,76.00,QR PromptPay,3
T007643,2026-08-23 15:24,B05,,,In-store,Tea,4,90,0.00,360.00,QR PromptPay,
T007644,23/08/2026 15:28,B07,M0073,Gold,In-store,Merchandise,2,305,0.00,610.00,Cash,1
T007645,2026-08-23 16:14,B01,M0046,Silver,App,Coffee,1,95,14.25,80.75,Credit Card,5
T007646,2026-08-23 16:43,B01,M0251,Bronze,In-store,Coffee,4,85,0.00,340.00,Cash,
T007647,2026-08-23 16:44,B04,,,Delivery,Coffee,1,100,0.00,100.00,QR PromptPay,
T007648,2026-08-23 16:48,B03,M0249,Silver,In-store,Coffee,1,65,0.00,65.00,Credit Card,
T007649,2026-08-23 18:27,B05,,,In-store,Coffee,1,75,0.00,75.00,Cash,5
T007650,2026-08-23 19:23,B01,M0076,Silver,In-store,Coffee,2,100,0.00,200.00,Credit Card,5
T007651,23/08/2026 19:39,B07,M0032,SILVER,Delivery,Merchandise,2,295,0.00,590.00,QR PromptPay,
T007652,2026-08-24 00:42,B02,,,Delivery,Coffee,2,60,0.00,120.00,QR PromptPay,
T007653,2026-08-24 07:02,B08,M0258,Gold,App,Bakery,4,95,38.00,342.00,Credit Card,
T007654,2026-08-24 07:03,B08,M0154,Bronze,In-store,Coffee,2,105,10.50,199.50,Credit Card,
T007655,2026-08-24 07:30,B03,M0150,Bronze,App,Bakery,1,50,0.00,50.00,App Wallet,3
T007656,2026-08-24 08:04,B01,M0253,Silver,In-store,Tea,3,50,0.00,150.00,QR PromptPay,
T007657,2026-08-24 08:05,B01,M0046,Silver,App,Coffee,3,55,0.00,165.00,Credit Card,
T007658,2026-08-24 08:25,B01,M0070,Silver,In-store,Coffee,1,105,0.00,105.00,QR PromptPay,4
T007659,2026-08-24 08:33,B01,,,App,Merchandise,4,525,0.00,2100.00,Credit Card,
T007660,2026-08-24 08:59,B06,M0312,Silver,App,Coffee,1,110,0.00,110.00,Credit Card,
T007661,2026-08-24 09:07,B02,,,In-store,Tea,1,60,0.00,60.00,Cash,
T007662,2026-08-24 09:53,B04,,,In-store,Tea,1,85,0.00,85.00,Credit Card,2
T007663,2026-08-24 10:30,B04,,,App,Coffee,1,105,0.00,105.00,Credit Card,4
T007664,2026-08-24 12:22,B03,M0175,Silver,App,Coffee,1,55,0.00,55.00,App Wallet,
T007665,24/08/2026 12:22,B07,,,App,Bakery,4,90,0.00,360.00,App Wallet,1
T007666,2026-08-24 12:35,B04,M0206,Silver,In-store,Coffee,4,85,0.00,340.00,Cash,
T007667,2026-08-24 13:16,B05,M0197,Silver,In-store,Coffee,2,60,0.00,120.00,Cash,
T007668,2026-08-24 13:22,B04,M0091,Bronze,in-store,Tea,1,65,0.00,65.00,Credit Card,
T007669,2026-08-24 13:57,B03,M0121,Silver,In-store,Coffee,3,80,0.00,240.00,Credit Card,2
T007670,2026-08-24 14:26,B01,M0302,Bronze,Delivery,Coffee,3,55,0.00,165.00,QR PromptPay,
T007671,2026-08-24 14:56,B03,M0108,Gold,App,Tea,1,90,9.00,81.00,Credit Card,
T007672,2026-08-24 16:02,B5,,,App,Coffee,3,65,0.00,195.00,App Wallet,3
T007673,2026-08-24 16:24,B01,M0145,Silver,In-store,Coffee,3,80,0.00,240.00,Credit Card,3
T007674,2026-08-24 16:40,B04,M0286,Gold,In-store,Coffee,1,90,4.50,85.50,Cash,
T007675,2026-08-24 17:23,B01,M0156,Bronze,In-store,Coffee,4,100,0.00,400.00,Cash,5
T007676,2026-08-24 17:31,B05,M0091,Bronze,Delivery,Coffee,2,85,0.00,170.00,Cash,5
T007677,2026-08-24 19:29,B05,M0324,Gold,In-store,Coffee,2,95,19.00,171.00,QR PromptPay,5
T007678,24/08/2026 19:57,B07,M0079,Gold,In-store,Coffee,2,100,30.00,170.00,Cash,
T007679,2026-08-25 07:11,B01,,,In-store,Coffee,1,110,0.00,110.00,QR PromptPay,
T007680,2026-08-25 07:12,B03,M0018,Bronze,App,Coffee,1,110,5.50,104.50,App Wallet,4
T007681,25/08/2026 07:20,B07,M0106,bronze,App,Coffee,1,115,0.00,115.00,Credit Card,
T007682,25/08/2026 09:42,B07,M0053,Bronze,In-store,Bakery,1,100,0.00,100.00,QR PromptPay,
T007683,2026-08-25 11:03,B02,M0286,Gold,In-store,Coffee,1,60,0.00,60.00,QR PromptPay,
T007684,25/08/2026 11:26,B07,M0266,Platinum,In-store,Coffee,1,90,0.00,90.00,Credit Card,
T007684,25/08/2026 11:26,B07,M0266,Platinum,In-store,Coffee,1,90,0.00,90.00,Credit Card,
T007685,2026-08-25 11:56,B05,M0105,Bronze,Delivery,Tea,1,55,0.00,55.00,Cash,4
T007686,2026-08-25 12:41,B01,M0186,Platinum,Delivery,Tea,1,50,0.00,50.00,Credit Card,
T007687,2026-08-25 12:42,B05,,,Mobile App,Coffee,4,55,0.00,220.00,Credit Card,
T007688,2026-08-25 13:32,B06,M0094,Silver,In-store,Coffee,1,95,0.00,95.00,QR PromptPay,
T007689,2026-08-25 15:51,B02,M0054,Silver,In-store,Merchandise,1,680,0.00,680.00,QR PromptPay,
T007690,2026-08-25 16:01,B08,M0039,Silver,In-store,Coffee,1,100,0.00,100.00,Credit Card,
T007691,2026-08-25 16:04,B04,M0079,Gold,In-store,Coffee,4,90,0.00,360.00,QR PromptPay,4
T007692,2026-08-25 17:18,B06,M0134,Platinum,Delivery,Bakery,2,80,24.00,136.00,Cash,3
T007693,2026-08-25 17:24,B01,M0253,Silver,In-store,Coffee,2,55,0.00,110.00,Credit Card,
T007694,2026-08-25 18:06,B04,M0084,Silver,In-store,Merchandise,2,840,0.00,1680.00,QR PromptPay,
T007695,25/08/2026 18:08,B07,M0266,Platinum,In-store,Tea,3,75,0.00,225.00,QR PromptPay,1
T007696,2026-08-26 07:17,B01,,,App,Coffee,2,95,0.00,190.00,Credit Card,
T007697,2026-08-26 08:16,B08,M0104,Gold,In-store,Tea,1,60,6.00,54.00,Cash,3
T007698,2026-08-26 08:28,B04,M0320,Slvr,Delivery,Coffee,2,75,0.00,150.00,QR PromptPay,
T007699,2026-08-26 08:41,B02,M0243,Bronze,In-store,Bakery,2,105,0.00,210.00,QR PromptPay,
T007700,2026-08-26 09:15,B04,M0279,Bronze,In-store,Coffee,2,75,22.50,127.50,Cash,
T007701,2026-08-26 10:15,B06,M0094,Silver,In-store,Coffee,2,70,0.00,140.00,QR PromptPay,
T007702,2026-08-26 10:16,B02,M0286,Gold,App,Bakery,4,110,0.00,440.00,Credit Card,
T007703,2026-08-26 12:25,B01,M9254,Bronze,In-store,Coffee,2,105,0.00,210.00,Credit Card,5
T007704,2026-08-26 12:50,B04,M0024,Silver,In-store,Coffee,2,115,0.00,230.00,Credit Card,3
T007705,2026-08-26 13:03,B06,,,In-store,Coffee,3,80,0.00,240.00,Cash,
T007706,2026-08-26 13:42,B06,M0042,Gold,In-store,Coffee,1,80,0.00,80.00,Cash,4
T007707,2026-08-26 13:51,B02,M0091,Bronze,In-store,Coffee,1,120,0.00,120.00,Cash,3
T007708,2026-08-26 14:07,B06,M0290,Silver,In-store,Coffee,1,85,4.25,80.75,QR PromptPay,
T007709,2026-08-26 14:43,B04,M0006,Gold,App,Merchandise,1,330,0.00,330.00,Credit Card,4
T007710,2026-08-26 16:42,B01,M0197,Silver,In-store,Coffee,1,55,0.00,55.00,QR PromptPay,3
T007711,2026-08-26 17:32,B01,M0151,Bronze,In-store,Bakery,2,55,0.00,110.00,QR PromptPay,
T007712,2026-08-26 19:18,B04,M0076,Silver,App,Coffee,1,110,0.00,110.00,App Wallet,4
T007713,2026-08-26 19:35,B04,,,In-store,Bakery,1,85,0.00,85.00,Credit Card,
T007714,2026-08-26 19:52,B04,,,In-store,Coffee,2,100,0.00,200.00,QR PromptPay,
T007715,2026-08-27 08:43,B05,,,In-store,Merchandise,1,470,0.00,470.00,Cash,
T007716,2026-08-27 10:04,B02,M0049,Platinum,App,Coffee,1,65,9.75,55.25,App Wallet,
T007717,2026-08-27 10:40,B08,M0104,Gold,In-store,Tea,1,95,19.00,76.00,Credit Card,3
T007718,2026-08-27 10:54,B01,M0145,Silver,In-store,Coffee,2,85,17.00,153.00,Cash,
T007719,2026-08-27 11:03,B03,M0019,Gold,In-store,Bakery,3,75,33.75,191.25,QR PromptPay,4
T007720,2026-08-27 12:12,B04,,,App,Tea,3,50,0.00,150.00,Credit Card,
T007721,2026-08-27 12:54,B01,M0052,Bronze,Delivery,Bakery,2,100,20.00,180.00,QR PromptPay,4
T007722,27/08/2026 13:05,B07,,,In-store,Bakery,3,100,0.00,300.00,Cash,
T007723,2026-08-27 13:10,B03,M0266,Platinum,In-store,Tea,1,60,0.00,60.00,Credit Card,3
T007724,2026-08-27 13:14,B05,,,In-store,Coffee,2,105,0.00,210.00,QR PromptPay,
T007725,2026-08-27 13:17,B01,M0240,Gold,In-store,Tea,1,80,0.00,80.00,Credit Card,4
T007726,2026-08-27 13:48,B08,M0162,Bronze,In-store,Bakery,3,110,0.00,330.00,QR PromptPay,3
T007727,2026-08-27 14:12,B04,,,In-store,Coffee,1,75,0.00,75.00,Credit Card,
T007728,2026-08-27 14:28, B08,M0164,Gold,In-store,Coffee,4,55,22.00,198.00,Credit Card,
T007729,2026-08-27 14:48,B04,M9862,Platinum,In-store,Bakery,1,75,11.25,63.75,QR PromptPay,
T007730,27/08/2026 16:02,B07,,,Mobile App,Coffee,4,95,0.00,380.00,App Wallet,
T007731,2026-08-27 16:20,B03,M0108,Gold,In-store,Coffee,2,55,16.50,93.50,QR PromptPay,
T007732,2026-08-27 16:58,B03,M0121,Silver,In-store,Coffee,1,60,0.00,60.00,Cash,2
T007733,2026-08-27 17:01,B01,M0280,Silver,In-store,Coffee,1,110,11.00,99.00,QR PromptPay,
T007734,27/08/2026 18:20,B07,M0028,Bronze,Delivery,Coffee,1,105,0.00,105.00,Cash,
T007735,2026-08-27 18:27,B03,M0221,Silver,App,Coffee,1,110,0.00,110.00,Credit Card,
T007736,2026-08-27 18:28,B04,,,Delivery,Coffee,1,80,0.00,80.00,Cash,3
T007737,2026-08-27 18:47,B06,M0007,Silver,In store,Coffee,1,115,11.50,103.50,Cash,
T007738,2026-08-27 19:16,B02,,,Delivery,Coffee,2,105,0.00,210.00,Credit Card,4
T007739,2026-08-27 22:12,B02,,,Delivery,Coffee,2,115,0.00,230.00,Credit Card,
T007740,2026-08-28 07:28,B01,M0186,Platinum,In-store,Tea,3,85,51.00,204.00,Credit Card,
T007741,28/08/2026 07:41,B07,M0272,Silver,In-store,Merchandise,1,835,0.00,835.00,QR PromptPay,
T007742,2026-08-28 08:27,B05,,,In-store,Coffee,1,95,0.00,95.00,QR PromptPay,
T007743,2026-08-28 08:30,B01,M0193,Silver,App,Tea,1,90,0.00,90.00,App Wallet,
T007744,2026-08-28 08:34,B08,,,In-store,Merchandise,1,455,0.00,455.00,Credit Card,5
T007745,2026-08-28 08:44,B04,M0169,Silver,In-store,Bakery,2,60,0.00,120.00,Credit Card,
T007745,2026-08-28 08:44,B04,M0169,Silver,In-store,Bakery,2,60,0.00,120.00,Credit Card,
T007746,2026-08-28 09:39,B03,M0108,Gold,App,Tea,1,80,12.00,68.00,Credit Card,
T007747,2026-08-28 10:00,B06,M0313,Bronze,App,Coffee,2,55,0.00,110.00,App Wallet,
T007748,2026-08-28 10:11,B01,M0238,Silver,In-store,Merchandise,3,750,0.00,2230.00,QR PromptPay,
T007749,2026-08-28 10:15,B04,,,In-store,Tea,2,80,0.00,160.00,Credit Card,4
T007750,2026-08-28 11:08,B08,,,In-store,Coffee,2,85,0.00,170.00,Credit Card,
T007751,2026-08-28 12:32,B08,,,App,Tea,1,50,0.00,50.00,App Wallet,
T007752,2026-08-28 12:42,B04,,,Delivery,Bakery,2,50,0.00,100.00,Credit Card,
T007753,2026-08-28 12:50,B01,M0197,Silver,App,Coffee,1,55,5.50,49.50,App Wallet,
T007754,2026-08-28 13:28,B05,,,APP,Bakery,1,75,0.00,75.00,App Wallet,3
T007755,2026-08-28 15:47,B03,M0021,Gold,App,Coffee,1,60,9.00,51.00,Credit Card,
T007756,2026-08-28 16:21,B06,M0276,Gold,In-store,Tea,2,55,16.50,93.50,QR PromptPay,
T007757,2026-08-28 17:58,B05,M0227,Bronze,In-store,Bakery,2,100,0.00,200.00,Cash,3
T007758,28/08/2026 18:21,B07,,,App,Coffee,3,85,0.00,255.00,Credit Card,
T007759,2026-08-28 18:54,B05,M0091,Bronze,Delivery,Coffee,1,75,0.00,75.00,QR PromptPay,
T007760,2026-08-28 19:10,B03,,,In-store,Coffee,1,60,0.00,60.00,QR PromptPay,5
T007761,2026-08-28 19:36,B01,M0070,Silver,In-store,Coffee,1,105,0.00,105.00,QR PromptPay,4
T007762,2026-08-29 07:21,B08,M0175,Silver,In-store,Bakery,2,110,0.00,220.00,Cash,
T007763,2026-08-29 07:31,B03,M0249,Silver,In-store,Merchandise,3,755,0.00,2265.00,QR PromptPay,
T007764,2026-08-29 08:14,B04,M0024,Silver,In-store,Coffee,1,115,0.00,115.00,Cash,
T007765,2026-08-29 09:15,B04,M0153,Silver,In-store,Tea,4,90,0.00,360.00,Credit Card,
T007766,2026-08-29 09:17,B01,M0168,Silver,In-store,Coffee,2,55,0.00,110.00,Cash,
T007767,2026-08-29 09:50,B06,M0226,Bronze,App,Tea,3,55,0.00,165.00,Credit Card,
T007768,2026-08-29 10:00,B04,M0090,Platinum,APP,Bakery,1,105,0.00,105.00,App Wallet,
T007769,2026-08-29 11:42,B04,M0181,Silver,In-store,Coffee,1,110,0.00,110.00,QR PromptPay,
T007770,29/08/2026 12:16,B07,,,In-store,Bakery,4,50,0.00,200.00,Credit Card,
T007771,29/08/2026 14:44,B07,,,Delivery,Tea,1,95,0.00,95.00,Cash,3
T007772,2026-08-29 15:08,B03,M0055,Bronze,In-store,Bakery,1,105,0.00,105.00,Credit Card,
T007773,2026-08-29 15:38,B03,M0104,Gold,In-store,Coffee,1,100,15.00,85.00,Cash,
T007774,2026-08-29 15:59,B08,M9799,Gold,App,Coffee,1,110,5.50,104.50,App Wallet,
T007775,2026-08-29 16:15,B02,M0118,Gold,App,Coffee,1,115,0.00,115.00,Credit Card,
T007776,2026-08-29 16:22,B05,M0178,Silver,App,Bakery,1,45,0.00,45.00,Credit Card,
T007777,2026-08-29 16:54,B03,M0266,Platinum,In-store,Bakery,1,45,6.75,38.25,QR PromptPay,3
T007778,2026-08-29 17:55,B04,M0222,Bronze,Delivery,Coffee,1,90,0.00,90.00,Credit Card,
T007779,2026-08-29 18:02,B04,M0264,Platinum,In-store,Coffee,1,60,0.00,60.00,Credit Card,
T007780,2026-08-29 22:48,B02,,,Delivery,Coffee,1,65,0.00,65.00,QR PromptPay,4
T007781,2026-08-30 07:46,B06,M0007,Silver,App,Tea,1,85,0.00,85.00,App Wallet,
T007782,2026-08-30 07:54,B04,,,In-store,Coffee,2,100,0.00,200.00,Credit Card,5
T007783,2026-08-30 08:07,B03,M0121,Silver,In-store,Coffee,2,90,36.00,144.00,QR PromptPay,
T007784,2026-08-30 08:25,B02,M0200,Gold,Instore,Bakery,4,50,0.00,200.00,QR PromptPay,
T007785,2026-08-30 09:10,B01,M0302,Bronze,In-store,Coffee,4,90,0.00,360.00,Credit Card,
T007786,2026-08-30 09:29,B06,,,In-store,Coffee,3,75,0.00,225.00,Cash,
T007787,2026-08-30 10:34,B04,M0018,Bronze,In-store,Coffee,1,60,0.00,60.00,Credit Card,
T007788,2026-08-30 10:48,B02,,,In-store,Coffee,1,55,0.00,55.00,QR PromptPay,
T007789,2026-08-30 11:00,B03,M0108,gold,App,Coffee,1,60,3.00,57.00,App Wallet,
T007790,2026-08-30 11:44,B03,M0031,Silver,Deliv.,Tea,2,90,0.00,180.00,Credit Card,
T007791,2026-08-30 12:09,B06,,,Delivery,Coffee,1,95,0.00,95.00,QR PromptPay,
T007792,2026-08-30 12:34,B01,,,App,Coffee,4,75,0.00,300.00,App Wallet,
T007793,30/08/2026 12:43,B07,M0300,Bronze,App,Coffee,1,60,0.00,60.00,App Wallet,2
T007794,30/08/2026 12:52,B07,M0065,Platinum,In-store,Coffee,1,115,11.50,103.50,QR PromptPay,2
T007795,2026-08-30 12:53,B08,,,In-store,Tea,2,70,0.00,140.00,QR PromptPay,
T007796,2026-08-30 12:56,B03,M0308,Bronze,In-store,Coffee,1,75,0.00,75.00,Credit Card,3
T007797,2026-08-30 13:17,B04,M0291,Bronze,Delivery,Tea,1,85,0.00,85.00,Cash,
T007798,2026-08-30 13:20,B05,M0105,Bronze,App,Bakery,1,85,0.00,85.00,App Wallet,3
T007799,2026-08-30 13:30,B06,,,Delivery,Coffee,1,100,0.00,100.00,QR PromptPay,4
T007800,2026-08-30 13:52,B03,M0019,Gold,In-store,Coffee,2,95,38.00,152.00,QR PromptPay,
T007801,2026-08-30 13:56,B04,M0256,Silver,In-store,Bakery,2,85,0.00,170.00,QR PromptPay,
T007802,2026-08-30 14:37,B08,M0189,Platinum,In-store,Tea,3,95,28.50,256.50,QR PromptPay,4
T007803,2026-08-30 15:39,B04,M0153,Silver,In-store,Bakery,1,50,0.00,50.00,QR PromptPay,
T007804,2026-08-30 16:29,B02,M0054,Silver,App,Coffee,1,115,23.00,92.00,Credit Card,
T007805,2026-08-30 16:43,B06,,,App,Bakery,1,75,0.00,75.00,App Wallet,4
T007806,2026-08-30 16:47,B01,M0082,Gold,App,Tea,3,60,244.95,-64.95,App Wallet,
T007807,2026-08-30 16:51,B03,M0272,Silver,In-store,Coffee,3,80,0.00,240.00,Cash,4
T007808,2026-08-30 17:03,B08,,,Delivery,Coffee,1,55,0.00,55.00,QR PromptPay,3
T007809,2026-08-30 17:30,B05,M0312,Silver,Delivery,Coffee,1,60,0.00,60.00,QR PromptPay,
T007804,2026-08-30 17:51,B02,M0054,Silver,App,Coffee,-1,115,-23.00,-92.00,Credit Card,
T007810,2026-08-30 17:51,B01,,,Delivery,Bakery,2,75,0.00,150.00,Cash,3
T007811,2026-08-30 18:07,B05,M0115,Silver,In-store,Merchandise,1,820,0.00,820.00,QR PromptPay,
T007812,2026-08-30 19:29,B05,M0233,Silver,in-store,Tea,2,85,0.00,170.00,QR PromptPay,
T007813,2026-08-30 19:39,B08,M0187,Silver,In-store,Coffee,1,120,0.00,120.00,QR PromptPay,
T007814,2026-08-30 22:25,B02,,,Delivery,Coffee,1,100,0.00,100.00,Credit Card,
T007815,2026-08-31 07:51,B08,M0305,Silver,in-store,Bakery,4,90,0.00,360.00,QR PromptPay,
T007816,2026-08-31 08:13,B06,M0324,Gold,Delivery,Bakery,1,55,0.00,55.00,QR PromptPay,
T007817,2026-08-31 08:30,B04,M0250,Bronze,In-store,Coffee,4,120,48.00,432.00,QR PromptPay,3
T007818,2026-08-31 08:33,B06,M0049,Platinum,In-store,Coffee,1,80,4.00,76.00,QR PromptPay,
T007819,2026-08-31 09:08,B05,M0091,Bronze,App,Coffee,2,90,36.00,144.00,App Wallet,5
T007820,2026-08-31 09:53,B03,M0010,Silver,App,Bakery,3,110,66.00,264.00,Credit Card,
T007821,2026-08-31 10:11,B08,M0223,Bronze,App,Bakery,1,60,0.00,60.00,Credit Card,
T007822,2026-08-31 11:31,B04,M0046,Silver,In store,Coffee,1,65,0.00,65.00,QR PromptPay,
T007823,2026-08-31 12:00,B04,M0189,Platinum,In-store,Tea,1,95,19.00,76.00,Cash,
T007824,31/08/2026 12:52,B07,M0066,Silver,Delivery,Merchandise,2,490,98.00,882.00,QR PromptPay,
T007825,2026-08-31 13:31,B04,M0090,Platinum,In-store,Tea,2,70,7.00,133.00,Cash,5
T007826,2026-08-31 14:12,B08,M0312,SILVER,App,Merchandise,1,335,0.00,335.00,Credit Card,
T007827,31/08/2026 14:31,B07,M0154,Bronze,App,Tea,1,50,2.50,47.50,App Wallet,
T007828,2026-08-31 14:58,B08,M0280,Silver,App,Merchandise,1,395,0.00,395.00,App Wallet,
T007829,2026-08-31 15:16,B03,M0150,Bronze,In-store,Coffee,2,60,0.00,120.00,Credit Card,
T007830,2026-08-31 16:25,B03,M0175,Silver,In-store,Tea,3,95,42.75,242.25,Cash,
T007831,2026-08-31 16:37,B03,M0019,Gold,In-store,Tea,2,70,0.00,140.00,QR PromptPay,
T007832,2026-08-31 17:18,B03,M0027,Bronze,In-store,Merchandise,1,450,22.50,427.50,QR PromptPay,
T007833,2026-08-31 17:57,B02,M0081,Bronze,In-store,Coffee,1,105,0.00,105.00,Cash,
T007834,31/08/2026 19:08,B07,M0079,Gold,In-store,Coffee,1,120,0.00,120.00,Credit Card,1
T007835,2026-08-31 19:08,B03,M0082,Gold,In-store,Tea,1,50,5.00,45.00,Credit Card,
T007836,2026-08-31 19:22,B02,M0302,Bronze,App,Bakery,1,60,0.00,60.00,Credit Card,
T007837,2026-08-31 19:26,B03,M0085,Silver,Instore,Bakery,1,60,3.00,57.00,QR PromptPay,
T007838,2026-08-31 19:51,B01,M0029,Bronze,In-store,Coffee,1,60,0.00,60.00,Cash,
T007839,2026-08-31 19:56,B04,M0311,Bronze,In-store,Coffee,2,70,0.00,140.00,Cash,1
T007840,2026-09-01 07:36,B02,M0049,Platinum,In-store,Coffee,2,70,14.00,126.00,Cash,2
T007841,2026-09-01 08:00,B04,M0206,Silver,APP,Coffee,1,95,0.00,95.00,App Wallet,
T007842,2026-09-01 08:00,B05,,,In-store,Coffee,1,95,0.00,95.00,Credit Card,
T007843,2026-09-01 08:30,B05,,,In-store,Coffee,2,95,0.00,190.00,Credit Card,
T007844,01/09/2026 08:31,B07,M0120,Gold,In-store,Coffee,1,115,0.00,115.00,QR PromptPay,
T007845,2026-09-01 08:47,B03,M0027,Bronze,In-store,Coffee,2,65,0.00,130.00,Credit Card,5
T007846,2026-09-01 09:15,B05,,,In-store,Coffee,3,90,0.00,270.00,QR PromptPay,
T007847,2026-09-01 09:17,B05,M0281,Bronze,Delivery,Coffee,1,75,0.00,75.00,QR PromptPay,
T007848,2026-09-01 10:07,B05,M0193,Silver,In-store,Coffee,1,80,0.00,80.00,Credit Card,
T007849,2026-09-01 10:38,B03,,,In-store,Coffee,2,105,0.00,210.00,QR PromptPay,
T007850,2026-09-01 10:40,B03,M0307,Silver,App,Coffee,1,95,0.00,95.00,App Wallet,
T007851,01/09/2026 10:53,B07,M0026,Bronze,Delivery,Coffee,1,100,0.00,100.00,Cash,
T007852,01/09/2026 11:43,B07,M0028,Bronze,App,Coffee,2,60,0.00,120.00,App Wallet,
T007853,2026-09-01 11:59,B06,,,In-store,Coffee,4,120,0.00,480.00,Cash,5
T007854,2026-09-01 12:13,B04,,,Delivery,Coffee,4,105,0.00,420.00,Cash,
T007855,2026-09-01 12:34,B06,M0268,Silver,In-store,Coffee,1,85,4.25,80.75,Cash,4
T007856,2026-09-01 12:57,B01,M0186,Platinum,Delivery,Bakery,1,50,0.00,50.00,QR PromptPay,5
T007857,2026-09-01 13:03,B01,M0186,Platinum,In-store,Coffee,1,100,15.00,85.00,Cash,
T007858,2026-09-01 13:55,B01,M0229,Silver,In-store,Coffee,1,75,0.00,75.00,Cash,
T007859,2026-09-01 13:58,B02,,,In-store,Coffee,1,110,0.00,110.00,QR PromptPay,4
T007860,2026-09-01 14:19,B01,,,App,Merchandise,2,610,0.00,1220.00,Credit Card,4
T007861,2026-09-01 14:34,B05,M0077,Silver,In-store,Coffee,3,110,0.00,330.00,QR PromptPay,
T007862,2026-09-01 15:07,B01,M0145,Silver,In-store,Coffee,1,95,0.00,95.00,QR PromptPay,
T007863,2026-09-01 16:51,B01,M0193,Silver,App,Coffee,4,85,0.00,340.00,Credit Card,
T007864,2026-09-01 17:23,B02,,,App,Merchandise,1,805,0.00,805.00,App Wallet,3
T007865,2026-09-01 18:25,B01,,,In-store,Coffee,1,80,0.00,80.00,QR PromptPay,3
T007866,2026-09-01 19:03,B03,M0175,Silver,App,Merchandise,1,785,0.00,785.00,App Wallet,3
T007867,2026-09-01 19:16,B04,M0264,Platinum,In-store,Coffee,3,90,13.50,256.50,Credit Card,
T007868,2026-09-02 07:13,B02,M0245,Gold,In-store,Bakery,1,45,0.00,45.00,Cash,4
T007869,02/09/2026 07:46,B07,,,App,Tea,2,75,0.00,150.00,App Wallet,2
T007870,2026-09-02 08:15,B01,M0046,Silver,In store,Merchandise,4,725,0.00,2900.00,QR PromptPay,
T007871,2026-09-02 08:24,B06,,,In-store,Bakery,4,110,0.00,440.00,QR PromptPay,4
T007872,2026-09-02 09:01,B05,M0149,Silver,App,Coffee,1,120,0.00,120.00,App Wallet,4
T007873,2026-09-02 09:15,B02,M0171,Silver,App,Bakery,3,85,0.00,255.00,App Wallet,
T007874,2026-09-02 09:16,B08,M0187,Silver,In-store,Coffee,3,100,0.00,300.00,Cash,
T007875,2026-09-02 09:27,B01,M0317,Silver,In-store,Tea,1,80,0.00,80.00,QR PromptPay,
T007876,2026-09-02 09:49,B08,,,In-store,Tea,1,80,0.00,80.00,QR PromptPay,
T007877,2026-09-02 12:03,B05,M0083,Gold,In-store,Bakery,1,45,2.25,-17.25,Cash,
T007878,2026-09-02 12:21,B08,M0268,Silver,Delivery,Tea,3,70,0.00,210.00,Cash,
T007879,2026-09-02 12:26,B08,M0257,Platinum,In-store,Coffee,1,110,22.00,88.00,QR PromptPay,
T007880,2026-09-02 12:41,B06,M0094,Silver,App,Merchandise,1,480,0.00,480.00,App Wallet,3
T007881,2026-09-02 12:44,B01,,,App,Bakery,4,100,0.00,400.00,App Wallet,
T007882,2026-09-02 13:03,B04,M0094,Silver,App,Bakery,1,110,0.00,110.00,App Wallet,
T007883,2026-09-02 13:50,B01,M0137,Bronze,App,Tea,3,80,0.00,240.00,App Wallet,
T007884,2026-09-02 16:39,B04,,,In-store,Bakery,2,105,0.00,210.00,Credit Card,
T007885,2026-09-02 16:41,B06,,,In-store,Tea,4,70,0.00,280.00,Cash,
T007886,2026-09-02 17:40,B03,M0066,SILVER,In-store,Coffee,1,100,0.00,190.00,QR PromptPay,
T007887,2026-09-02 18:13,B03,M0221,Silver,In-store,Bakery,2,55,11.00,99.00,QR PromptPay,4
T007888,2026-09-02 18:24,B06,,,In-store,Coffee,1,105,0.00,105.00,QR PromptPay,
T007889,2026-09-02 18:26,B08,M0067,Bronze,In-store,Merchandise,1,270,0.00,270.00,QR PromptPay,
T007890,2026-09-02 18:26,B05,,,In-store,Coffee,1,65,0.00,65.00,QR PromptPay,4
T007891,2026-09-03 07:07,B08,M0189,Platinum,App,Coffee,4,115,0.00,460.00,Credit Card,5
T007892,03/09/2026 07:47,b07,,,Delivery,Coffee,1,95,0.00,95.00,QR PromptPay,
T007893,2026-09-03 08:30,B03,M0266,Platinum,App,Coffee,1,65,0.00,65.00,Credit Card,3
T007894,2026-09-03 09:05,B03,,,App,Coffee,2,85,0.00,170.00,App Wallet,
T007895,2026-09-03 09:34,B08,,,App,Bakery,2,100,0.00,200.00,App Wallet,
T007896,2026-09-03 09:59,B08,M0144,Gold,App,Bakery,3,95,0.00,285.00,Credit Card,2
T007897,2026-09-03 10:21,B08,,,In-store,Coffee,1,60,0.00,60.00,Credit Card,
T007898,2026-09-03 11:35,B05,,,In-store,Coffee,3,55,0.00,165.00,Cash,
T007899,2026-09-03 11:44,B06,M0134,Platinum,Delivery,Coffee,2,110,11.00,209.00,QR PromptPay,
T007900,2026-09-03 12:02,B01,M0137,Bronze,App,Coffee,1,115,0.00,115.00,Credit Card,
T007901,2026-09-03 12:57,B01,M0319,Bronze,In-store,Coffee,1,115,0.00,115.00,Cash,
T007902,03/09/2026 13:12,B07,M0021,Gold,In-store,Merchandise,2,380,0.00,760.00,QR PromptPay,
T007903,03/09/2026 14:43,B07,M0106,Bronze,In-store,Coffee,2,90,0.00,180.00,Cash,
T007904,2026-09-03 16:15,B02,M0023,Bronze,App,Bakery,1,70,0.00,70.00,App Wallet,4
T007905,2026-09-03 17:38,B06,M0313,Bronze,In-store,Tea,2,60,0.00,120.00,Credit Card,
T007906,2026-09-03 17:56,B05,,,App,Coffee,4,60,0.00,240.00,App Wallet,
T007907,2026-09-03 21:12,B02,,,Delivery,Tea,2,95,0.00,190.00,QR PromptPay,
T007908,2026-09-04 02:17,B02,,,Deliv.,Merchandise,3,795,0.00,2385.00,Credit Card,
T007909,2026-09-04 07:20,B04,M0093,Bronze,In-store,Bakery,2,45,0.00,90.00,Cash,
T007910,2026-09-04 08:20,B05,M0330,Gold,App,Coffee,1,90,0.00,90.00,App Wallet,
T007911,2026-09-04 08:25,B08,M0005,Platinum,App,Coffee,1,115,23.00,92.00,App Wallet,
T007912,2026-09-04 08:58,B02,,,In-store,Coffee,1,95,0.00,95.00,Cash,
T007913,2026-09-04 10:05,B08,M0221,Silver,In-store,Bakery,4,60,0.00,240.00,QR PromptPay,
T007914,2026-09-04 10:20,B04,M0217,Silver,App,Merchandise,1,535,0.00,535.00,App Wallet,
T007915,2026-09-04 10:37,B04,M0304,Platinum,In-store,Bakery,2,80,16.00,144.00,Cash,
T007916,2026-09-04 12:19,B03,,,In-store,Coffee,1,9999,0.00,9999.00,QR PromptPay,
T007917,2026-09-04 12:20,B04,,,In-store,Merchandise,1,575,0.00,575.00,Credit Card,
T007918,2026-09-04 12:58,B08,M0067,bronze,App,Coffee,3,120,0.00,360.00,App Wallet,
T007919,2026-09-04 13:26,B01,M0145,Silver,In-store,Tea,1,85,0.00,85.00,Cash,
T007920,2026-09-04 13:57,B03,M0089,Bronze,App,Coffee,2,95,0.00,190.00,Credit Card,4
T007921,2026-09-04 13:57,B04,M0093,Bronze,In-store,Merchandise,1,690,0.00,690.00,QR PromptPay,4
T007922,2026-09-04 14:44,B01,M0062,Gold,In-store,Merchandise,1,355,0.00,355.00,QR PromptPay,
T007923,2026-09-04 15:15,B05,M0149,Silver,App,Coffee,2,110,0.00,220.00,Credit Card,4
T007924,2026-09-04 15:30,B08,M0223,Bronze,In-store,Merchandise,4,465,0.00,1860.00,Credit Card,
T007925,2026-09-04 18:19,B01,M0197,Silver,in-store,Coffee,2,75,0.00,150.00,Credit Card,3
T007926,2026-09-04 18:40,B08,,,In-store,Merchandise,4,755,0.00,3020.00,Credit Card,
T007927,2026-09-04 18:51,B02,M0284,Platinum,In-store,Coffee,1,55,2.75,52.25,QR PromptPay,
T007928,2026-09-04 19:01,B02,,,In-store,Tea,2,60,0.00,120.00,Cash,
T007929,2026-09-05 07:38,B01,M0235,Silver,delivery,Coffee,3,105,47.25,267.75,Credit Card,
T007930,2026-09-05 09:09,B08,,,App,Coffee,4,55,0.00,220.00,App Wallet,4
T007931,2026-09-05 09:25,B01,M0314,Gold,App,Coffee,1,120,12.00,108.00,App Wallet,5
T007932,2026-09-05 10:08,B01,M0302,Bronze,In-store,Coffee,1,95,0.00,95.00,Credit Card,5
T007933,2026-09-05 10:16,B6,,,In-store,Bakery,1,80,0.00,80.00,QR PromptPay,
T007934,2026-09-05 11:17,B08,M0005,Platinum,In-store,Tea,2,80,0.00,160.00,QR PromptPay,
T007935,2026-09-05 11:19,B05,M9826,Silver,In-store,Coffee,1,80,0.00,80.00,Cash,
T007936,2026-09-05 11:35,B05,M0054,Silver,Delivery,Coffee,2,115,0.00,230.00,Credit Card,4
T007937,2026-09-05 12:12,B05,M0088,Slvr,In-store,Bakery,1,55,0.00,55.00,Credit Card,5
T007938,2026-09-05 12:15,B06,M0094,Silver,In-store,Coffee,2,120,0.00,240.00,Cash,
T007939,2026-09-05 12:18,B03,M0266,Platinum,In-store,Bakery,1,105,10.50,94.50,Credit Card,3
T007940,2026-09-05 12:19,B04,,,In-store,Merchandise,1,530,0.00,530.00,Cash,5
T007941,2026-09-05 12:46,B05,M0094,Silver,App,Coffee,3,55,0.00,165.00,Credit Card,4
T007942,2026-09-05 12:48,B03,,,In-store,Coffee,1,120,0.00,120.00,Cash,
T007943,2026-09-05 12:57,B03,,,App,Tea,4,60,0.00,240.00,App Wallet,
T007944,2026-09-05 13:50,B05,,,In-store,Bakery,4,105,0.00,420.00,Credit Card,
T007945,2026-09-05 13:52,B02,,,App,Bakery,2,70,0.00,140.00,App Wallet,
T007946,05/09/2026 13:54,B07,M0100,Bronze,In-store,Tea,2,70,0.00,140.00,Cash,
T007947,05/09/2026 15:04,B07,,,In-store,Bakery,3,65,0.00,195.00,QR PromptPay,
T007948,2026-09-05 16:03,B05,M0083,Gold,In-store,Bakery,1,100,20.00,80.00,Credit Card,3
T007949,2026-09-05 16:09,B01,,,App,Coffee,2,110,0.00,220.00,App Wallet,
T007950,2026-09-05 16:17,B04,M0315,Platinum,In-store,Bakery,1,45,0.00,45.00,Credit Card,
T007951,2026-09-05 16:19,B04,,,In-store,Bakery,2,95,0.00,190.00,Credit Card,
T007952,2026-09-05 16:54,B08,M0174,Bronze,App,Coffee,1,60,0.00,60.00,Credit Card,3
T007953,2026-09-05 17:37,B04,,,App,Coffee,2,120,0.00,240.00,Credit Card,
T007954,2026-09-05 18:36,B06,M0134,Platinum,Delivery,Coffee,3,100,15.00,285.00,QR PromptPay,
T007955,2026-09-05 18:45,B01,,,In-store,Coffee,1,105,0.00,105.00,Credit Card,
T007956,2026-09-05 19:31,B06,,,In-store,Coffee,1,55,0.00,55.00,Credit Card,
T007957,2026-09-05 19:47,B04,M0252,Gold,In-store,Coffee,3,80,0.00,240.00,QR PromptPay,
T007958,2026-09-06 01:39,B02,,,Delivery,Coffee,2,120,0.00,240.00,QR PromptPay,
T007959,2026-09-06 08:40,B03,M0329,Bronze,In-store,Coffee,1,90,0.00,90.00,Credit Card,
T007960,2026-09-06 09:13,B08,M0039,Silver,In-store,Coffee,2,90,36.00,144.00,QR PromptPay,4
T007961,06/09/2026 10:14,B07,M0137,Bronze,In-store,Coffee,1,70,0.00,70.00,Credit Card,1
T007962,2026-09-06 10:43,B04,M0153,Silver,In-store,Coffee,2,110,44.00,176.00,QR PromptPay,
T007963,06/09/2026 12:07,B07,M0074,Gold,Delivery,Bakery,2,65,19.50,110.50,Credit Card,
T007964,2026-09-06 12:14,B01,,,App,Coffee,4,80,0.00,320.00,App Wallet,3
T007965,2026-09-06 12:44,B04,,,In-store,Bakery,1,85,0.00,85.00,QR PromptPay,
T007966,2026-09-06 15:07,B02,M0325,Platinum,app,Tea,1,80,0.00,80.00,App Wallet,
T007967,06/09/2026 15:36,B07,M0189,Platinum,Delivery,Coffee,1,80,0.00,80.00,Cash,
T007968,06/09/2026 15:57,B07,,,Delivery,Merchandise,3,700,0.00,2100.00,Cash,
T007969,2026-09-06 16:17,B01,,,App,Tea,1,75,0.00,75.00,Credit Card,
T007970,2026-09-06 16:55,B05,,,Delivery,Bakery,2,105,0.00,210.00,Cash,
T007971,2026-09-06 16:57,B06,M0132,BRONZE,App,Coffee,1,65,0.00,65.00,Credit Card,5
T007972,2026-09-06 18:23,B06,M0146,Silver,Delivery,Coffee,2,105,0.00,210.00,QR PromptPay,3
T007973,2026-09-06 18:53,B05,M0039,Silver,App,Tea,2,65,0.00,130.00,App Wallet,
T007974,2026-09-06 19:37,B05,,,In store,Coffee,1,120,0.00,120.00,QR PromptPay,
T007975,2026-09-06 23:50,B02,,,Delivery,Merchandise,4,685,0.00,2740.00,Credit Card,
T007976,2026-09-07 07:32,B02,M0054,Silver,In-store,Coffee,1,95,0.00,95.00,Cash,
T007977,2026-09-07 08:01,B05,M0117,Silver,In-store,Bakery,1,60,0.00,60.00,QR PromptPay,2
T007978,2026-09-07 08:30,B01,M0193,Silver,In-store,Coffee,1,115,11.50,103.50,Cash,4
T007979,2026-09-07 08:36,B01,M0325,Platinum,In-store,Coffee,1,115,11.50,103.50,Cash,4
T007980,2026-09-07 08:56,B02,,,Delivery,Bakery,1,105,0.00,105.00,QR PromptPay,
T007981,2026-09-07 10:00,B01,M9357,Gold,In store,Coffee,1,100,5.00,95.00,Credit Card,
T007982,2026-09-07 10:07,B04,M0259,Silver,Delivery,Bakery,1,55,2.75,52.25,Cash,
T007983,2026-09-07 10:39,B02,M0325,Platinum,In-store,Coffee,1,115,5.75,109.25,QR PromptPay,
T007984,2026-09-07 12:18,B02,M0144,Gold,App,Bakery,4,105,0.00,420.00,Credit Card,2
T007985,2026-09-07 12:32,B01,,,Delivery,Coffee,2,100,0.00,200.00,QR PromptPay,3
T007986,2026-09-07 12:56,B01,M0253,Silver,App,Tea,2,60,0.00,120.00,Credit Card,5
T007987,2026-09-07 13:10,B05,M0089,Bronze,Delivery,Bakery,3,55,0.00,165.00,Cash,
T007988,2026-09-07 13:18,B05,,,App,Coffee,1,120,0.00,120.00,App Wallet,
T007989,2026-09-07 13:23,B04,M0153,Silver,APP,Bakery,2,75,0.00,150.00,Credit Card,
T007990,2026-09-07 13:51,B06,,,In-store,Coffee,1,115,0.00,115.00,QR PromptPay,3
T007991,2026-09-07 14:35,B05,M0091,Bronze,In-store,Bakery,1,110,0.00,110.00,QR PromptPay,
T007992,2026-09-07 14:35,b03,,,In-store,Tea,1,90,0.00,90.00,Cash,3
T007993,2026-09-07 16:49,B02,,,App,Bakery,4,90,0.00,360.00,Credit Card,
T007994,2026-09-07 16:52,B08,M0305,Silver,In-store,Coffee,1,120,0.00,120.00,Credit Card,
T007995,2026-09-07 17:49,B04,,,In-store,Coffee,1,120,0.00,120.00,QR PromptPay,3
T007996,2026-09-07 18:54,B01,M0302,Bronze,In-store,Coffee,1,120,0.00,120.00,Credit Card,
T007997,07/09/2026 19:04,B07,,,In-store,Coffee,1,95,0.00,95.00,Cash,
T007998,2026-09-07 19:27,B02,M0286,Gold,Delivery,Coffee,4,120,24.00,456.00,Cash,2
T007999,2026-09-08 07:10,B05,M0019,Gold,Delivery,Coffee,4,105,42.00,378.00,Cash,
T008000,08/09/2026 07:27,B07,M0014,Bronze,In-store,Bakery,1,90,0.00,90.00,Credit Card,
T008001,2026-09-08 07:52,B01,M0319,Bronze,In-store,Coffee,3,55,0.00,165.00,QR PromptPay,
T008002,08/09/2026 08:00,B07,M0079,Gold,Delivery,Bakery,2,110,0.00,220.00,Cash,1
T008003,2026-09-08 08:29,B06,M0049,Platinum,In-store,Coffee,1,80,0.00,80.00,Credit Card,
T008004,2026-09-08 08:49,B06,,,In-store,Bakery,1,60,0.00,60.00,QR PromptPay,
T008005,2026-09-08 08:52,B06,M0117,Silver,in-store,Coffee,1,90,0.00,90.00,Cash,
T008006,2026-09-08 09:03,B02,,,In-store,Coffee,1,85,0.00,85.00,QR PromptPay,
T008007,2026-09-08 10:12,B05,M0091,Bronze,App,Bakery,1,70,10.50,59.50,App Wallet,
T008008,2026-09-08 10:34,B02,,,In-store,Coffee,3,65,0.00,195.00,Credit Card,
T008009,2026-09-08 10:40,B06,,,App,Coffee,2,75,0.00,150.00,Credit Card,4
T008010,2026-09-08 12:16,B01,M0235,Silver,Mobile App,Bakery,1,55,0.00,55.00,Credit Card,4
T008011,2026-09-08 13:21,B03,M0121,Silver,In-store,Tea,1,75,0.00,75.00,QR PromptPay,
T008012,2026-09-08 13:44,B02,,,App,Bakery,1,45,0.00,45.00,App Wallet,3
T008013,08/09/2026 13:46,B07,M0245,Gold,In-store,Coffee,1,65,13.00,52.00,Cash,
T008014,2026-09-08 13:50,B08,,,In-store,Coffee,1,75,0.00,75.00,Cash,
T008015,2026-09-08 17:12,B04,,,In-store,Coffee,1,90,0.00,90.00,Cash,
T008016,2026-09-08 18:52,B02,M0011,Gold,In-store,Merchandise,4,810,324.00,2916.00,Credit Card,
T008017,09/09/2026 07:13,B07,,,In-store,Coffee,1,95,0.00,95.00,QR PromptPay,
T008018,2026-09-09 08:13,B05,M0157,Gold,In-store,Bakery,1,110,0.00,110.00,Cash,
T008019,2026-09-09 08:38,B06,M0191,Bronze,In-store,Coffee,1,110,5.50,104.50,Cash,5
T008020,2026-09-09 08:51,B06,M0276,Gold,In-store,Tea,1,80,8.00,72.00,Cash,4
T008021,2026-09-09 08:58,B03,,,In-store,Coffee,1,55,0.00,55.00,QR PromptPay,4
T008022,2026-09-09 09:17,B06,M0276,gold,In-store,Merchandise,4,510,0.00,2040.00,Credit Card,3
T008023,2026-09-09 10:00,B03,M0089,Bronze,Instore,Tea,2,75,0.00,150.00,Cash,5
T008024,2026-09-09 10:24,B04,M0209,Bronze,In-store,Coffee,3,80,0.00,240.00,Credit Card,
T008024,2026-09-09 10:24,B04,M0209,Bronze,In-store,Coffee,3,80,0.00,240.00,Credit Card,
T008025,2026-09-09 10:33,B08,M0325,Platinum,In-store,Coffee,1,75,15.00,60.00,Cash,4
T008026,2026-09-09 11:25,B03,,,In-store,Coffee,2,75,0.00,150.00,Cash,3
T008027,2026-09-09 11:58,B04,,,In-store,Bakery,3,85,0.00,255.00,Credit Card,
T008028,2026-09-09 12:43,B02,M0286,Gold,In-store,Tea,2,95,0.00,190.00,Cash,
T008029,2026-09-09 12:45,B03,M0027,Bronze,Delivery,Bakery,2,45,0.00,90.00,Credit Card,
T008030,2026-09-09 12:53,B08,M0305,Silver,In-store,Coffee,1,75,0.00,75.00,QR PromptPay,
T008031,2026-09-09 13:04,B06,,,Delivery,Bakery,1,90,0.00,90.00,Cash,
T008032,2026-09-09 13:06,B04,M0029,Bronze,In-store,Coffee,1,80,0.00,80.00,Credit Card,
T008033,09/09/2026 13:08,B07,,,Delivery,Coffee,1,75,0.00,75.00,QR PromptPay,2
T008034,2026-09-09 13:33,B01,M0264,Platinum,Delivery,Coffee,4,90,0.00,360.00,Cash,
T008035,2026-09-09 13:51,B02,M0118,Gold,In-store,Coffee,2,120,0.00,240.00,Cash,
T008036,2026-09-09 15:39,B08,M0171,Silver,In-store,Coffee,3,95,57.00,228.00,QR PromptPay,
T008037,2026-09-09 16:11,B06,M0206,Silver,In-store,Bakery,1,75,0.00,75.00,Cash,
T008038,2026-09-09 16:18,B03,M0249,Silver,App,Coffee,1,65,3.25,61.75,Credit Card,
T008039,2026-09-09 16:29,B01,M0253,Silver,In-store,Coffee,1,75,0.00,75.00,Cash,
T008040,2026-09-09 16:51,B04,M0206,Silver,App,Coffee,2,65,0.00,130.00,App Wallet,3
T008041,2026-09-09 17:37,B05,,,In-store,Coffee,1,95,0.00,95.00,Cash,
T008042,2026-09-09 17:45,B06,M0008,Bronze,Delivery,Merchandise,1,890,0.00,890.00,Credit Card,5
T008043,2026-09-09 18:18,B03,M0280,Silver,Delivery,Bakery,1,55,0.00,55.00,QR PromptPay,
T008044,2026-09-09 19:52,B04,M0326,Bronze,In-store,Coffee,1,115,0.00,115.00,QR PromptPay,5
T008045,2026-09-10 08:02,B05,M0233,Silver,In-store,Bakery,3,75,0.00,225.00,QR PromptPay,
T008045,2026-09-10 08:02,B05,M0233,Silver,In-store,Bakery,3,75,0.00,225.00,QR PromptPay,
T008046,2026-09-10 08:48,B05,M0083,Gold,App,Coffee,1,55,5.50,49.50,Credit Card,
T008047,2026-09-10 09:17,B05,M0325,Platinum,In-store,Merchandise,3,300,0.00,900.00,Credit Card,
T008048,2026-09-10 09:45,B03,M0110,Silver,In-store,Coffee,4,65,0.00,260.00,Cash,4
T008049,2026-09-10 10:27,B02,M0054,Silver,App,Merchandise,3,345,0.00,1035.00,Credit Card,
T008050,2026-09-10 11:06,B04,M0181,Silver,In-store,Bakery,4,45,0.00,180.00,Cash,
T008050,2026-09-10 11:06,B04,M0181,Silver,In-store,Bakery,4,45,0.00,180.00,Cash,
T008051,2026-09-10 11:11,B06,M0094,Silver,Delivery,Coffee,2,70,0.00,140.00,QR PromptPay,
T008052,2026-09-10 11:55,B08,M0006,Gold,In-store,Merchandise,2,370,0.00,740.00,Credit Card,
T008053,2026-09-10 12:45,B01,M0186,Platinum,In-store,Tea,3,60,0.00,180.00,QR PromptPay,
T008054,2026-09-10 13:07,B08,M0257,Platinum,App,Coffee,2,110,0.00,220.00,Credit Card,5
T008055,2026-09-10 13:14,B02,,,In-store,Merchandise,1,505,0.00,505.00,QR PromptPay,4
T008056,2026-09-10 13:26,B01,,,Delivery,Tea,1,50,0.00,50.00,Credit Card,
T008057,2026-09-10 13:26,B03,M0117,Silver,In-store,Merchandise,2,490,0.00,980.00,QR PromptPay,
T008058,2026-09-10 13:30,B04,M0181,Silver,In-store,Bakery,2,45,4.50,85.50,QR PromptPay,
T008059,2026-09-10 13:33,B08,M0005,Platinum,App,Tea,4,70,0.00,280.00,App Wallet,
T008060,2026-09-10 13:52,B05,,,App,Coffee,1,70,0.00,70.00,Credit Card,
T008061,2026-09-10 13:57,B04,M0274,Gold,App,Tea,1,50,0.00,50.00,Credit Card,
T008062,2026-09-10 13:58,B06,M0313,Bronze,Delivery,Merchandise,1,630,0.00,630.00,Credit Card,
T008063,2026-09-10 15:19,B05,M0290,Silver,In-store,Coffee,2,95,0.00,190.00,QR PromptPay,
T008064,2026-09-10 16:00,B01,M0244,Gold,App,Coffee,1,65,3.25,61.75,Credit Card,
T008065,10/09/2026 16:01,B07,M0194,Bronze,In-store,Coffee,1,55,11.00,44.00,Credit Card,1
T008066,2026-09-10 16:08,B02,M9357,Gold,In-store,Coffee,1,110,5.50,104.50,QR PromptPay,
T008067,2026-09-10 16:24,B04,M0046,Silver,Delivery,Merchandise,1,490,0.00,490.00,Cash,5
T008068,2026-09-10 17:28,B04,M0291,Bronze,In-store,Bakery,4,85,34.00,306.00,Credit Card,
T008069,2026-09-10 19:39,B06,,,App,Coffee,1,60,0.00,60.00,App Wallet,
T008070,2026-09-10 23:56,B02,M0074,Gold,Delivery,Coffee,1,110,0.00,110.00,Credit Card,
T008071,2026-09-11 07:30,B02,M0011,Gold,App,Coffee,1,115,0.00,115.00,App Wallet,
T008072,2026-09-11 07:58,B03,M0121,Silver,In-store,Bakery,1,50,0.00,50.00,QR PromptPay,
T008073,2026-09-11 08:33,B01,M0222,Bronze,In-store,Coffee,3,95,0.00,285.00,Cash,4
T008074,2026-09-11 08:43,B03,M0249,Silver,In-store,Coffee,1,110,0.00,110.00,Cash,3
T008075,2026-09-11 08:45,B01,M0193,Silver,Instore,Coffee,3,80,0.00,240.00,Credit Card,
T008076,2026-09-11 08:59,B03,M0266,Platinum,App,Bakery,3,105,0.00,315.00,Credit Card,
T008077,2026-09-11 09:06,B06,M0179,Platinum,App,Coffee,1,120,24.00,96.00,App Wallet,
T008073,2026-09-11 09:07,B01,M0222,Bronze,In-store,Coffee,-3,95,-0.00,-285.00,Cash,
T008078,2026-09-11 09:40,B5,M0203,Bronze,Delivery,Coffee,2,110,33.00,187.00,Cash,
T008079,2026-09-11 10:12,B01,M0084,Silver,In-store,Coffee,1,65,0.00,65.00,QR PromptPay,
T008080,2026-09-11 11:07,B03,,,In-store,Coffee,1,85,0.00,85.00,QR PromptPay,
T008081,2026-09-11 11:44,B08,M0050,Bronze,In-store,Coffee,1,80,0.00,80.00,Credit Card,3
T008082,2026-09-11 12:22,B05,M0314,Gold,In-store,Tea,2,85,0.00,170.00,QR PromptPay,5
T008083,2026-09-11 12:50,B02,M0197,Silver,App,Coffee,3,65,0.00,195.00,App Wallet,
T008084,2026-09-11 13:19,B04,M0264,Platinum,In-store,Coffee,4,110,0.00,440.00,Credit Card,4
T008085,2026-09-11 13:20,B06,M0191,Bronze,Delivery,Coffee,1,120,6.00,114.00,Cash,
T008086,2026-09-11 13:21,B06,,,In-store,Coffee,2,105,0.00,210.00,QR PromptPay,
T008087,2026-09-11 13:36,B02,M0284,Platinum,In store,Bakery,2,100,0.00,200.00,Cash,3
T008088,11/09/2026 13:41,B07,M0100,Bronze,Delivery,Bakery,1,55,0.00,55.00,Cash,1
T008089,11/09/2026 14:26,B07,M0091,Bronze,In-store,Bakery,3,105,0.00,315.00,QR PromptPay,
T008090,2026-09-11 15:11,B03,M0089,bronze,In-store,Coffee,2,120,0.00,240.00,Cash,
T008091,2026-09-11 16:13,B05,M0031,SILVER,In-store,Coffee,2,95,28.50,161.50,QR PromptPay,
T008092,11/09/2026 16:37,B07,M0104,Gold,App,Coffee,1,115,23.00,92.00,App Wallet,
T008093,2026-09-11 16:46,B04,,,App,Coffee,1,75,0.00,75.00,App Wallet,
T008094,2026-09-11 17:06,B05,M0281,Bronze,In-store,Bakery,4,70,28.00,252.00,QR PromptPay,
T008095,2026-09-11 17:10,B01,M0194,Bronze,App,Coffee,1,65,0.00,65.00,Credit Card,
T008096,2026-09-11 18:05,B01,M0251,Bronze,Delivery,Coffee,4,100,0.00,400.00,Cash,5
T008097,2026-09-11 18:28,B04,M0181,silver,In-store,Tea,1,65,0.00,65.00,QR PromptPay,
T008098,2026-09-12 07:03,B02,M0143,Bronze,App,Coffee,1,115,0.00,115.00,Credit Card,3
T008099,2026-09-12 08:08,B06,M0324,Gold,In-store,Tea,1,95,0.00,95.00,Credit Card,3
T008100,2026-09-12 08:39,B03,M0244,Gold,App,Merchandise,1,775,0.00,775.00,Credit Card,4
T008101,2026-09-12 08:50,B01,M0244,Gold,In-store,Coffee,1,70,14.00,56.00,Cash,
T008102,2026-09-12 08:55,B01,M0011,Gold,Deliv.,Tea,1,60,0.00,60.00,QR PromptPay,
T008103,2026-09-12 08:59,B03,M0163,Bronze,In-store,Coffee,1,55,0.00,55.00,Credit Card,
T008104,12/09/2026 09:18,B07,,,Delivery,Coffee,1,120,0.00,120.00,Cash,2
T008100,2026-09-12 09:32,B03,M0244,Gold,App,Merchandise,-1,775,-0.00,-775.00,Credit Card,
T008105,2026-09-12 12:21, B03,M0266,Platinum,App,Coffee,3,80,0.00,240.00,Credit Card,
T008106,2026-09-12 12:24,B04,M0040,Bronze,In-store,Bakery,1,45,0.00,45.00,QR PromptPay,
T008107,2026-09-12 12:37,B03,M0312,SILVER,In-store,Bakery,3,90,0.00,270.00,Credit Card,
T008108,12/09/2026 12:40,B07,M0168,Silver,App,Coffee,1,85,0.00,85.00,App Wallet,2
T008109,2026-09-12 12:58,B05,M0077,Silver,App,Merchandise,4,540,0.00,2160.00,App Wallet,2
T008110,2026-09-12 13:07,B01,M0215,Bronze,App,Tea,1,95,0.00,95.00,Credit Card,3
T008111,2026-09-12 13:25,B02,M0266,Platinum,In-store,Merchandise,2,310,62.00,558.00,Credit Card,
T008112,2026-09-12 13:32,B05,M0083,Gold,Delivery,Bakery,1,65,9.75,55.25,Credit Card,
T008113,2026-09-12 13:41,B01,,,In-store,Coffee,4,90,0.00,360.00,Cash,
T008109,2026-09-12 13:50,B05,M0077,Silver,App,Merchandise,-4,540,-0.00,-2160.00,App Wallet,
T008114,2026-09-12 13:54,B08,,,Delivery,Coffee,1,120,0.00,120.00,QR PromptPay,
T008115,2026-09-12 14:17,B05,,,Delivery,Merchandise,1,625,0.00,625.00,Credit Card,4
T008116,2026-09-12 16:47,B02,M0325,Platinum,Delivery,Coffee,3,120,0.00,360.00,Credit Card,4
T008117,2026-09-12 17:36,B03,M0121,Silver,App,Coffee,1,110,0.00,110.00,App Wallet,
T008118,2026-09-12 18:52,B03,M0175,Silver,In-store,Coffee,1,90,0.00,90.00,Cash,3
T008119,2026-09-12 18:54,B01,M0069,Silver,Delivery,Coffee,1,75,0.00,75.00,Cash,
T008120,2026-09-12 23:24,B02,,,Delivery,Coffee,2,100,0.00,200.00,QR PromptPay,
T008121,2026-09-13 00:19,B02,,,Delivery,Coffee,4,70,0.00,280.00,QR PromptPay,3
T008122,2026-09-13 01:46,B02,,,Delivery,Merchandise,3,475,0.00,1425.00,QR PromptPay,
T008123,2026-09-13 07:09,B05,M0178,Silver,In-store,Tea,1,50,0.00,50.00,QR PromptPay,
T008124,2026-09-13 07:36,B05,M0178,Silver,In-store,Coffee,1,120,0.00,120.00,Cash,
T008125,13/09/2026 08:13,B07,M0245,Gold,In-store,Coffee,1,115,11.50,103.50,Credit Card,2
T008126,2026-09-13 08:32,B03,M0085,Silver,Delivery,Coffee,1,85,8.50,76.50,Credit Card,
T008127,2026-09-13 08:39,B04,M0291,Bronze,In-store,Coffee,1,80,0.00,80.00,Credit Card,
T008128,2026-09-13 09:46,B05,M0149,Silver,In-store,Bakery,1,85,17.00,68.00,Credit Card,
T008129,2026-09-13 10:14,B06,,,In-store,Bakery,1,90,0.00,90.00,Credit Card,5
T008130,2026-09-13 10:15,B05,M0157,Gold,App,Bakery,1,70,0.00,70.00,Credit Card,
T008131,2026-09-13 10:45,B04,,,In-store,Coffee,1,90,0.00,90.00,QR PromptPay,3
T008132,2026-09-13 12:19,B08,M0006,Gold,In-store,Bakery,2,45,0.00,90.00,QR PromptPay,
T008133,2026-09-13 12:51,B01,M0251,Bronze,in-store,Coffee,1,65,0.00,65.00,QR PromptPay,
T008134,2026-09-13 12:53,B06,M0313,Bronze,App,Coffee,1,105,0.00,105.00,Credit Card,
T008135,2026-09-13 13:40,B05,,,In-store,Bakery,1,45,0.00,5.00,QR PromptPay,
T008136,2026-09-13 13:53,B08,M9632,Silver,In-store,Coffee,1,105,0.00,105.00,QR PromptPay,
T008137,2026-09-13 14:03,B08,M0002,Bronze,In-store,Merchandise,3,740,0.00,2220.00,QR PromptPay,
T008138,2026-09-13 14:30,B05,M0227,Bronze,In-store,Tea,2,70,7.00,133.00,QR PromptPay,
T008139,2026-09-13 14:34,B04,M0048,Bronze,In-store,Coffee,1,85,0.00,85.00,Cash,4
T008140,2026-09-13 15:02,B05,,,App,Bakery,1,50,0.00,50.00,App Wallet,
T008141,2026-09-13 15:26,B04,M0024,Silver,In-store,Tea,2,80,0.00,160.00,Credit Card,4
T008142,2026-09-13 16:14,B01,M0137,Bronze,App,Merchandise,1,760,0.00,760.00,App Wallet,
T008143,2026-09-13 16:23,B08,,,App,Coffee,1,95,0.00,95.00,App Wallet,
T008144,2026-09-13 17:28,B06,,,App,Bakery,1,80,0.00,80.00,Credit Card,
T008145,2026-09-13 17:56,B02,M0286,Gold,App,Merchandise,2,830,0.00,1660.00,App Wallet,
T008146,2026-09-13 18:08,B05,,,Delivery ,Coffee,2,60,0.00,120.00,Cash,3
T008147,13/09/2026 18:39,B07,M0066,Silver,App,Coffee,3,100,0.00,300.00,App Wallet,
T008148,2026-09-13 18:42,B03,M0150,Bronze,In-store,Coffee,1,80,0.00,80.00,Credit Card,3
T008149,2026-09-13 23:31,B02,M0008,Bronze,Delivery,Coffee,1,95,0.00,95.00,QR PromptPay,4
T008150,2026-09-14 07:27,B01,M0084,Silver,App,Coffee,3,55,0.00,165.00,Credit Card,5
T008151,2026-09-14 08:48,B03,M0221,Silver,In-store,Coffee,2,105,0.00,210.00,Credit Card,5
T008152,2026-09-14 09:20,B03,M0091,Bronze,App,Tea,1,75,0.00,75.00,Credit Card,
T008153,2026-09-14 10:41,B05,M0315,Platinum,App,Coffee,2,105,42.00,168.00,Credit Card,2
T008154,2026-09-14 10:44,B03,M0221,Silver,in-store,Bakery,1,55,0.00,55.00,QR PromptPay,
T008155,2026-09-14 11:10,B02,M0054,Silver,App,Coffee,1,95,0.00,95.00,App Wallet,3
T008156,2026-09-14 12:10,B01,M0062,Gld,delivery,Coffee,2,85,0.00,170.00,Credit Card,4
T008157,14/09/2026 13:32,B07,M0179,Platinum,In-store,Tea,2,70,0.00,140.00,QR PromptPay,3
T008158,14/09/2026 13:48,B07,M0270,Bronze,In-store,Bakery,1,95,0.00,95.00,Cash,
T008159,14/09/2026 14:11,B07,,,In-store,Coffee,4,80,0.00,320.00,Cash,3
T008160,2026-09-14 15:26,B04,,,Delivery,Coffee,4,120,0.00,480.00,QR PromptPay,
T008161,2026-09-14 16:12,B05,M0083,Gold,App,Tea,1,60,0.00,60.00,App Wallet,
T008162,2026-09-14 16:42,B01,M0291,Bronze,Delivery,Merchandise,3,265,0.00,795.00,Credit Card,
T008163,2026-09-14 17:26,B05,M0144,Gold,Delivery,Merchandise,2,755,151.00,1359.00,QR PromptPay,
T008164,2026-09-14 17:47,B04,M0090,Platinum,App,Bakery,1,60,0.00,60.00,Credit Card,
T008165,2026-09-14 19:07,B05,M0299,Platinum,In-store,Tea,1,75,0.00,75.00,QR PromptPay,3
T008166,2026-09-14 19:34,B03,M9826,Bronze,Delivery,Tea,4,85,0.00,340.00,QR PromptPay,
T008167,2026-09-15 00:04,B02,,,Delivery,Bakery,4,70,0.00,280.00,Credit Card,
T008168,2026-09-15 07:11,B04,,,In store,Coffee,1,100,0.00,100.00,QR PromptPay,5
T008169,15/09/2026 07:43,B07,M0069,Silver,In-store,Bakery,1,50,0.00,50.00,Credit Card,
T008170,2026-09-15 08:13,B06,,,Delivery,Coffee,1,85,0.00,85.00,Cash,4
T008171,2026-09-15 08:25,B03,M0150,Bronze,In-store,Coffee,1,115,0.00,115.00,QR PromptPay,
T008172,2026-09-15 08:43,B05,M0178,Silver,In-store,Merchandise,2,570,0.00,1140.00,QR PromptPay,
T008173,15/09/2026 09:04,B07,,,In-store,Bakery,1,55,0.00,55.00,Cash,
T008174,2026-09-15 10:06,B08,M0268,Silver,Delivery,Coffee,3,115,17.25,327.75,Credit Card,
T008175,2026-09-15 10:41,B04,M0264,Platinum,In-store,Tea,2,75,7.50,142.50,Credit Card,3
T008176,2026-09-15 10:42,B02,M0274,gold,In-store,Coffee,3,110,0.00,330.00,Credit Card,4
T008177,2026-09-15 11:00,B03,M0266,Platinum,Mobile App,Coffee,2,95,0.00,190.00,Credit Card,
T008178,2026-09-15 12:20,B01,M0197,Silver,In-store,Bakery,1,60,0.00,60.00,Credit Card,
T008179,2026-09-15 12:23,B01,M9823,Platinum,In-store,Tea,1,60,0.00,60.00,Cash,
T008180,2026-09-15 12:30,B08,M0104,Gold,App,Coffee,2,110,33.00,187.00,App Wallet,5
T008181,2026-09-15 13:35,B05,M0046,Silver,In-store,Bakery,1,75,0.00,75.00,QR PromptPay,5
T008178,2026-09-15 13:36,B01,M0197,Silver,In-store,Bakery,-1,60,-0.00,-60.00,Credit Card,
T008182,2026-09-15 13:37,B04,M0304,Platinum,In-store,Coffee,1,95,0.00,95.00,QR PromptPay,4
T008183,2026-09-15 14:29,B03,M0031,Silver,In-store,Merchandise,1,595,0.00,595.00,QR PromptPay,
T008184,2026-09-15 14:59,B03,,,In store,Coffee,3,120,0.00,360.00,QR PromptPay,
T008185,2026-09-15 15:14,B04,M0153,Silver,In-store,Bakery,2,100,0.00,200.00,Cash,2
T008186,2026-09-15 15:20,B08,M0200,Gld,In-store,Coffee,3,105,0.00,315.00,QR PromptPay,4
T008187,2026-09-15 17:32,B03,M0138,Silver,In-store,Coffee,1,115,0.00,115.00,Cash,5
T008188,2026-09-15 17:57,B06,,,App,Coffee,1,90,0.00,90.00,Credit Card,
T008189,2026-09-15 18:04,B04,M0238,Silver,In-store,Bakery,1,75,0.00,75.00,Credit Card,
T008190,2026-09-15 18:21,B02,,,In-store,Merchandise,4,465,0.00,1860.00,Credit Card,5
T008191,2026-09-15 18:23,B04,M0250,Bronze,In-store,Merchandise,3,325,0.00,975.00,Credit Card,4
